Vnum	Name	Rank	Type	BattleType	Level	ScalePct	Size	AiFlags	MountCapacity	RaceFlags	ImmuneFlags	Empire	Folder	OnClick	St	Dx	Ht	Iq	SungMaSt	SungMaDx	SungMaHt	SungMaIq	MinDamage	MaxDamage	MaxHp	RegenCycle	RegenPercent	MinGold	MaxGold	Exp	SungMaExp	Def	AttackSpeed	MoveSpeed	AggressiveHpPct	AggressiveSight	AttackRange	DropItemGroup	ResurrectionVnum	EnchantCurse	EnchantSlow	EnchantPoison	EnchantStun	EnchantCritical	EnchantPenetrate	ResistFist	ResistSword	ResistTwoHanded	ResistDagger	ResistBell	ResistFan	ResistBow	ResistClaw	ResistFire	ResistElect	ResistMagic	ResistWind	ResistPoison	ResistBleeding	AttElec	AttFire	AttIce	AttWind	AttEarth	AttDark	ResistDark	ResistIce	ResistEarth	DamMultiply	SummonVnum	DrainSp	MobColor	PolymorphItem	SkillLevel0	SkillVnum0	SkillLevel1	SkillVnum1	SkillLevel2	SkillVnum2	SkillLevel3	SkillVnum3	SkillLevel4	SkillVnum4	SpBerserk	SpStoneSkin	SpGodSpeed	SpDeathBlow	SpRevive	SpHeal	RAtkSpeed	RCastSpeed	RHPRegen	HitRange
101	yabani_kopek	PAWN	MONSTER	MELEE	1	100			0	ANIMAL		0	stray_dog	0	3	6	5	2	0	0	0	0	20	24	126	6	7	18	27	15	0	4	100	100	0	2000	175	0	0	0	0	0	0	0	0	0	0	0	0	0	0	0	0	0	0	0	0	0	0	0	0	0	0	0	0	0	0	0	1.0	0	0	0	70104	0	0	0	0	0	0	0	0	0	0	0	0	0	0	0	0	0	0	0	0.0
102	kurt	PAWN	MONSTER	MELEE	3	100			0	ANIMAL		0	wolf	0	4	9	7	2	0	0	0	0	23	28	162	6	7	23	34	39	0	6	100	100	25	2000	175	30028	0	0	0	0	0	0	0	0	0	0	0	0	0	0	0	0	0	0	0	0	0	0	0	0	0	0	0	0	0	0	1.0	0	0	0	70104	0	0	0	0	0	0	0	0	0	0	0	0	0	0	0	0	0	0	0	0.0
103	alfa_kurt	PAWN	MONSTER	MELEE	4	100			0	ANIMAL		0	wolf	0	8	5	10	3	0	0	0	0	25	30	182	6	7	25	38	51	0	7	100	130	25	2000	175	30069	0	0	0	0	0	0	0	0	0	0	0	0	0	0	0	0	0	0	0	0	0	0	0	0	0	0	0	0	0	0	1.0	0	0	0	70104	0	0	0	0	0	0	0	0	0	0	0	0	0	0	0	0	0	0	0	0.0
104	mavi_kurt	PAWN	MONSTER	MELEE	6	100			0	ANIMAL		0	wolf	0	9	12	6	3	0	0	0	0	25	38	225	6	7	30	45	75	0	9	100	100	25	2000	175	0	0	0	0	0	0	0	0	0	0	0	0	0	0	0	0	0	0	0	0	0	0	0	0	0	0	0	0	0	0	0	1.0	0	0	0	70104	0	0	0	0	0	0	0	0	0	0	0	0	0	0	0	0	0	0	0	0.0
105	alfa_mavi_kurt	PAWN	MONSTER	MELEE	9	100			0	ANIMAL		0	wolf	0	14	8	16	4	0	0	0	0	33	41	297	6	7	37	56	111	0	13	80	100	25	2000	175	30027	0	0	0	0	0	0	0	0	0	0	0	0	0	0	0	0	0	0	0	0	0	0	0	0	0	0	0	0	0	0	1.0	0	0	0	70104	0	0	0	0	0	0	0	0	0	0	0	0	0	0	0	0	0	0	0	0.0
106	gri_kurt	PAWN	MONSTER	MELEE	13	100			0	ANIMAL		0	wolf	0	21	21	10	5	0	0	0	0	40	49	412	6	7	47	70	159	0	17	100	100	25	2000	175	30070	0	0	0	0	0	0	0	0	0	0	0	0	0	0	0	0	0	0	0	0	0	0	0	0	0	0	0	0	0	0	1.0	0	0	0	70104	0	0	0	0	0	0	0	0	0	0	0	0	0	0	0	0	0	0	0	0.0
107	alfa_gri_kurt	S_PAWN	MONSTER	MELEE	16	100			0	ANIMAL		0	wolf	0	23	24	12	6	0	0	0	0	45	55	614	6	12	80	120	234	0	20	80	130	25	2000	175	0	0	0	0	0	0	5	0	0	0	0	0	0	0	0	0	0	0	0	0	0	0	0	0	0	0	0	0	0	0	0	1.0	0	0	0	70105	0	0	0	0	0	0	0	0	0	0	0	0	0	0	0	0	0	0	0	0.0
108	yaban_domuzu	PAWN	MONSTER	MELEE	7	100			0	ANIMAL		0	wild_boar	0	14	7	10	3	0	0	0	0	30	37	248	6	7	32	49	87	0	11	80	100	30	2000	175	30004	0	0	0	0	0	5	0	0	0	0	0	0	0	0	0	0	0	0	0	0	0	0	0	0	0	0	0	0	0	0	1.0	0	0	0	70104	0	0	0	0	0	0	0	0	0	0	0	0	0	0	0	0	0	0	0	0.0
109	kirmizi_yaban_domuzu	S_PAWN	MONSTER	MELEE	10	100			0	ANIMAL		0	wild_boar	0	22	9	13	4	0	0	0	0	35	43	389	3	7	56	84	148	0	14	80	100	30	2000	175	30003	0	0	0	0	0	5	0	0	0	0	0	0	0	0	0	0	0	0	0	0	0	0	0	0	0	0	0	0	0	0	1.0	0	0	0	70105	0	0	0	0	0	0	0	0	0	0	0	0	0	0	0	0	0	0	0	0.0
110	ayi	PAWN	MONSTER	POWER	12	100			0	ANIMAL		0	bear	0	20	10	20	5	0	0	0	0	39	47	381	6	7	44	67	147	0	16	100	70	40	2000	175	30010	0	0	0	0	0	0	0	0	0	0	0	0	0	0	0	0	0	0	0	0	0	0	0	0	0	0	0	0	0	0	1.0	0	0	0	70104	0	0	0	0	0	0	0	0	0	0	0	0	0	0	0	0	0	0	0	0.0
111	boz_ayi	S_PAWN	MONSTER	TANKER	15	100			0	ANIMAL		0	bear	0	14	17	34	6	0	0	0	0	44	53	572	6	7	76	114	220	0	19	100	100	40	2000	175	30071	0	0	0	0	0	0	0	0	0	0	0	0	0	0	0	0	0	0	0	0	0	0	0	0	0	0	0	0	0	0	1.0	0	0	0	70105	0	0	0	0	0	0	0	0	0	0	0	0	0	0	0	0	0	0	0	0.0
112	siyah_ayi	PAWN	MONSTER	POWER	19	100			0	ANIMAL		0	bear	0	36	14	21	7	0	0	0	0	50	62	624	6	7	61	92	385	0	24	100	100	40	2000	175	30053	0	0	0	0	0	0	0	0	0	0	0	0	0	0	0	0	0	0	0	0	0	0	0	0	0	0	0	0	0	0	1.0	0	0	0	70104	0	0	0	0	0	0	0	0	0	0	0	0	0	0	0	0	0	0	0	0.0
113	kahverengi_ayi	S_PAWN	MONSTER	POWER	21	100			0	ANIMAL		0	bear	0	35	15	23	8	0	0	0	0	54	66	845	6	12	100	150	510	0	26	100	100	40	2000	175	30072	0	0	0	0	0	0	0	0	0	0	0	0	0	0	0	0	0	0	0	0	0	0	0	0	0	0	0	0	0	0	1.0	0	0	0	70105	0	0	0	0	0	0	0	0	0	0	0	0	0	0	0	0	0	0	0	0.0
114	kaplan	PAWN	MONSTER	POWER	18	100			0	ANIMAL		0	tiger	0	18	20	27	7	0	0	0	0	49	60	585	6	12	59	88	365	0	22	100	100	50	2000	175	30038	0	0	0	0	0	0	0	0	0	0	0	0	0	0	0	0	0	0	0	0	0	0	0	0	0	0	0	0	0	0	1.0	0	0	0	70104	0	0	0	0	0	0	0	0	0	0	0	0	0	0	0	0	0	0	0	0.0
115	beyaz_kaplan	S_PAWN	MONSTER	POWER	24	100		AGGR	0	ANIMAL		0	tiger	0	25	17	45	9	0	0	0	0	59	72	1007	10	22	112	168	582	0	29	100	130	50	2000	175	30023	0	0	0	0	0	0	0	0	0	0	0	0	0	0	0	0	0	0	0	0	0	0	0	0	0	0	0	0	0	0	1.0	0	0	0	70105	0	0	0	0	0	0	0	0	0	0	0	0	0	0	0	0	0	0	0	0.0
131	lanetli_kurt	KNIGHT	MONSTER	MELEE	8	100		AGGR	0	ANIMAL	CURSE	0	wolf	0	16	16	31	8	0	0	0	0	32	39	435	6	7	60	91	198	0	12	100	120	100	2000	175	30028	0	10	0	0	0	0	0	0	0	0	0	0	0	0	0	0	0	0	0	0	0	0	0	0	0	0	0	0	0	0	1.0	0	0	16764159	70106	0	0	0	0	0	0	0	0	0	0	0	0	0	0	0	0	0	0	0	0.0
132	lanetli_alfa_kurt	S_KNIGHT	MONSTER	MELEE	9	100		AGGR	0	ANIMAL	CURSE	0	wolf	0	23	24	31	8	0	0	0	0	33	41	743	6	7	80	121	444	0	13	100	120	100	2000	175	30069	0	10	0	0	0	0	0	0	0	0	0	0	0	0	0	0	0	0	0	0	0	0	0	0	0	0	0	0	0	0	2.0	0	0	16764159	70107	0	0	0	0	0	0	0	0	0	0	0	0	0	0	0	0	0	0	0	0.0
133	lanetli_mavi_kurt	KNIGHT	MONSTER	MELEE	11	100		AGGR	0	ANIMAL	CURSE	0	wolf	0	16	16	32	8	0	0	0	0	37	45	564	6	7	77	116	270	0	15	100	120	100	2000	175	0	0	10	0	0	0	0	0	0	0	0	0	0	0	0	0	0	0	0	0	0	0	0	0	0	0	0	0	0	0	0	1.0	0	0	16764159	70106	0	0	0	0	0	0	0	0	0	0	0	0	0	0	0	0	0	0	0	0.0
134	lanetli_alfa_mavi_kurt	S_KNIGHT	MONSTER	MELEE	14	100		AGGR	0	ANIMAL	CURSE	0	wolf	0	24	33	32	8	0	0	0	0	42	51	1110	6	7	116	175	684	0	18	100	120	100	2000	175	30027	0	10	0	0	0	0	0	0	0	0	0	0	0	0	0	0	0	0	0	0	0	0	0	0	0	0	0	0	0	0	2.0	0	0	16764159	70107	0	0	0	0	0	0	0	0	0	0	0	0	0	0	0	0	0	0	0	0.0
135	lanetli_gri_kurt	KNIGHT	MONSTER	MELEE	18	100		AGGR	0	ANIMAL	CURSE	0	wolf	0	17	25	25	8	0	0	0	0	49	60	936	6	7	116	175	438	0	22	100	120	100	2000	175	30070	0	10	0	0	0	0	0	0	0	0	0	0	0	0	0	0	0	0	0	0	0	0	0	0	0	0	0	0	0	0	1.0	0	0	16764159	70106	0	0	0	0	0	0	0	0	0	0	0	0	0	0	0	0	0	0	0	0.0
136	lanetli_alfa_gri_kurt	S_KNIGHT	MONSTER	MELEE	21	100		AGGR	0	ANIMAL	CURSE	0	wolf	0	33	17	17	8	0	0	0	0	42	78	1761	6	12	167	250	1020	0	26	100	120	100	2000	175	0	0	10	0	0	0	0	0	0	0	0	0	0	0	0	0	0	0	0	0	0	0	0	0	0	0	0	0	0	0	0	2.0	0	0	16764159	70107	0	0	0	0	0	0	0	0	0	0	0	0	0	0	0	0	0	0	0	0.0
137	lanetli_yaban_domuzu	KNIGHT	MONSTER	MELEE	12	100		AGGR	0	ANIMAL	CURSE	0	wild_boar	0	35	17	26	9	0	0	0	0	30	56	610	6	7	83	124	294	0	16	100	120	100	2000	175	30004	0	10	0	0	0	0	0	0	0	0	0	0	0	0	0	0	0	0	0	0	0	0	0	0	0	0	0	0	0	0	1.0	0	0	16764159	70106	0	0	0	0	0	0	0	0	0	0	0	0	0	0	0	0	0	0	0	0.0
138	lan.kirmizi_yaban_domuzu	S_KNIGHT	MONSTER	MELEE	15	100		AGGR	0	ANIMAL	CURSE	0	wild_boar	0	35	18	26	9	0	0	0	0	44	53	1192	6	7	124	186	732	0	19	100	120	100	2000	175	30003	0	10	0	0	0	0	0	0	0	0	0	0	0	0	0	0	0	0	0	0	0	0	0	0	0	0	0	0	0	0	2.0	0	0	16764159	70107	0	0	0	0	0	0	0	0	0	0	0	0	0	0	0	0	0	0	0	0.0
139	lanetli_ayi	KNIGHT	MONSTER	MELEE	17	100		AGGR	0	ANIMAL	CURSE	0	bear	0	36	18	27	9	0	0	0	0	37	68	875	6	7	111	166	414	0	21	100	120	100	2000	175	30010	0	10	0	0	0	0	0	0	0	0	0	0	0	0	0	0	0	0	0	0	0	0	0	0	0	0	0	0	0	0	1.0	0	0	16764159	70106	0	0	0	0	0	0	0	0	0	0	0	0	0	0	0	0	0	0	0	0.0
140	lanetli_gri_ayi	S_KNIGHT	MONSTER	TANKER	20	100		AGGR	0	ANIMAL	CURSE	0	bear	0	36	19	27	9	0	0	0	0	52	64	1659	6	7	160	240	972	0	25	100	120	100	2000	175	30071	0	10	0	0	0	0	0	0	0	0	0	0	0	0	0	0	0	0	0	0	0	0	0	0	0	0	0	0	0	0	2.0	0	0	16764159	70107	0	0	0	0	0	0	0	0	0	0	0	0	0	0	0	0	0	0	0	0.0
141	lanetli_siyah_ayi	KNIGHT	MONSTER	TANKER	24	100		AGGR	0	ANIMAL	CURSE	0	bear	0	37	19	28	9	0	0	0	0	46	85	1342	6	7	150	225	582	0	29	100	120	100	2000	175	30053	0	10	0	0	0	0	0	0	0	0	0	0	0	0	0	0	0	0	0	0	0	0	0	0	0	0	0	0	0	0	1.0	0	0	16764159	70106	0	0	0	0	0	0	0	0	0	0	0	0	0	0	0	0	0	0	0	0.0
142	lanetli_kahverengi_ayi	S_KNIGHT	MONSTER	TANKER	26	100		AGGR	0	ANIMAL	CURSE	0	bear	0	37	19	28	9	0	0	0	0	62	76	2342	4	12	203	304	1260	0	31	100	120	100	2000	175	30072	0	10	0	0	0	0	0	0	0	0	0	0	0	0	0	0	0	0	0	0	0	0	0	0	0	0	0	0	0	0	2.0	0	0	16764159	70107	0	0	0	0	0	0	0	0	0	0	0	0	0	0	0	0	0	0	0	0.0
143	lanetli_kaplan	KNIGHT	MONSTER	POWER	24	100		AGGR	0	ANIMAL	CURSE	0	tiger	0	28	38	19	9	0	0	0	0	52	79	1342	6	12	150	225	582	0	29	100	120	100	2000	175	30038	0	10	0	0	0	0	0	0	0	0	0	0	0	0	0	0	0	0	0	0	0	0	0	0	0	0	0	0	0	0	1.0	0	0	16764159	70106	0	0	0	0	0	0	0	0	0	0	0	0	0	0	0	0	0	0	0	0.0
144	lanetli_beyaz_kaplan	S_KNIGHT	MONSTER	POWER	29	100		AGGR	0	ANIMAL	CURSE	0	tiger	0	39	30	20	10	0	0	0	0	53	98	2685	9	22	224	337	1404	0	34	100	120	100	2000	175	30023	0	10	0	0	0	0	0	0	0	0	0	0	0	0	0	0	0	0	0	0	0	0	0	0	0	0	0	0	0	0	2.0	0	0	16764159	70107	0	0	0	0	0	0	0	0	0	0	0	0	0	0	0	0	0	0	0	0.0
151	cung_mok	S_KNIGHT	MONSTER	MELEE	9	100			0	ANIMAL		0	wolf	0	14	8	16	4	0	0	0	0	33	41	450	6	5	50	100	100	0	15	80	100	25	2000	175	0	0	0	0	0	0	20	20	0	0	0	0	0	0	0	0	0	0	0	0	0	0	0	0	0	0	0	0	0	0	0	2.0	0	0	13434828	0	0	0	0	0	0	0	0	0	0	0	0	0	0	0	0	0	0	0	0	0.0
152	mu_rang	S_KNIGHT	MONSTER	MELEE	16	100			0	ANIMAL		0	wolf	0	23	24	12	6	0	0	0	0	45	55	800	8	10	100	150	200	0	25	80	130	25	2000	175	0	0	0	0	0	0	20	20	0	0	0	0	0	0	0	0	0	0	0	0	0	0	0	0	0	0	0	0	0	0	0	2.0	0	0	13434828	0	0	0	0	0	0	0	0	0	0	0	0	0	0	0	0	0	0	0	0	0.0
153	jug_hyul	S_KNIGHT	MONSTER	MELEE	10	100			0	ANIMAL		0	wild_boar	0	22	9	13	4	0	0	0	0	35	43	600	6	5	60	140	120	0	15	80	100	30	2000	175	0	0	0	0	0	0	20	20	0	0	0	0	0	0	0	0	0	0	0	0	0	0	0	0	0	0	0	0	0	0	0	2.0	0	0	13434828	0	0	0	0	0	0	0	0	0	0	0	0	0	0	0	0	0	0	0	0	0.0
154	young_ji	S_KNIGHT	MONSTER	POWER	21	100			0	ANIMAL		0	bear	0	35	15	23	8	0	0	0	0	54	66	1000	8	10	150	200	220	0	26	100	100	40	2000	175	0	0	0	0	0	0	20	20	0	0	0	0	0	0	0	0	0	0	0	0	0	0	0	0	0	0	0	0	0	0	0	2.0	0	0	13434828	0	0	0	0	0	0	0	0	0	0	0	0	0	0	0	0	0	0	0	0	0.0
155	li_an	S_KNIGHT	MONSTER	POWER	24	100		AGGR	0	ANIMAL		0	tiger	0	25	17	45	9	0	0	0	0	59	72	1200	15	20	150	220	250	0	29	100	130	50	2000	175	0	0	0	0	0	0	20	20	0	0	0	0	0	0	0	0	0	0	0	0	0	0	0	0	0	0	0	0	0	0	0	2.0	0	0	13434828	0	0	0	0	0	0	0	0	0	0	0	0	0	0	0	0	0	0	0	0	0.0
171	ac_yabani_kopek	PAWN	MONSTER	MELEE	1	100			0	ANIMAL		0	stray_dog	0	3	6	5	2	0	0	0	0	24	29	101	6	7	18	27	11	0	4	100	100	0	2000	175	0	0	0	0	0	0	0	0	0	0	0	0	0	0	0	0	0	0	0	0	0	0	0	0	0	0	0	0	0	0	0	1.0	0	0	16764108	70104	0	0	0	0	0	0	0	0	0	0	0	0	0	0	0	0	0	0	0	0.0
172	ac_kurt	PAWN	MONSTER	MELEE	3	100			0	ANIMAL		0	wolf	0	4	9	7	2	0	0	0	0	28	34	129	6	7	23	34	27	0	6	100	100	25	2000	175	30028	0	0	0	0	0	0	0	0	0	0	0	0	0	0	0	0	0	0	0	1	0	0	0	0	0	0	0	0	0	0	1.0	0	0	16764108	70104	0	0	0	0	0	0	0	0	0	0	0	0	0	0	0	0	0	0	0	0.0
173	ac_alfa_kurt	PAWN	MONSTER	MELEE	4	100			0	ANIMAL		0	wolf	0	8	5	10	3	0	0	0	0	30	36	145	6	7	25	38	36	0	7	100	130	25	2000	175	30069	0	0	0	0	0	0	0	0	0	0	0	0	0	0	0	0	0	0	0	2	0	0	0	0	0	0	0	0	0	0	1.0	0	0	16764108	70104	0	0	0	0	0	0	0	0	0	0	0	0	0	0	0	0	0	0	0	0.0
174	ac_mavi_kurt	PAWN	MONSTER	MELEE	6	100			0	ANIMAL		0	wolf	0	9	12	6	3	0	0	0	0	30	46	180	6	7	30	45	53	0	9	100	100	25	2000	175	0	0	0	0	0	0	0	0	0	0	0	0	0	0	0	0	0	0	0	0	3	0	0	0	0	0	0	0	0	0	0	1.0	0	0	16764108	70104	0	0	0	0	0	0	0	0	0	0	0	0	0	0	0	0	0	0	0	0.0
175	ac_alfa_mavi_kurt	PAWN	MONSTER	MELEE	9	100			0	ANIMAL		0	wolf	0	14	8	16	4	0	0	0	0	40	49	238	6	7	37	56	78	0	13	80	100	25	2000	175	30027	0	0	0	0	0	0	0	0	0	0	0	0	0	0	0	0	0	0	0	4	0	0	0	0	0	0	0	0	0	0	1.0	0	0	16764108	70104	0	0	0	0	0	0	0	0	0	0	0	0	0	0	0	0	0	0	0	0.0
176	ac_gri_kurt	PAWN	MONSTER	MELEE	13	100			0	ANIMAL		0	wolf	0	21	21	10	5	0	0	0	0	48	59	329	6	7	47	70	111	0	17	100	100	25	2000	175	30070	0	0	0	0	0	0	0	0	0	0	0	0	0	0	0	0	0	0	0	5	0	0	0	0	0	0	0	0	0	0	1.0	0	0	16764108	70104	0	0	0	0	0	0	0	0	0	0	0	0	0	0	0	0	0	0	0	0.0
177	ac_alfa_gri_kurt	S_PAWN	MONSTER	MELEE	16	100			0	ANIMAL		0	wolf	0	23	24	12	6	0	0	0	0	54	66	491	6	12	80	120	164	0	20	80	130	25	2000	175	0	0	0	0	0	0	5	0	0	0	0	0	0	0	0	0	0	0	0	0	6	0	0	0	0	0	0	0	0	0	0	1.0	0	0	16764108	70105	0	0	0	0	0	0	0	0	0	0	0	0	0	0	0	0	0	0	0	0.0
178	ac_yaban_domuzu	PAWN	MONSTER	MELEE	7	100			0	ANIMAL		0	wild_boar	0	14	7	10	3	0	0	0	0	36	44	198	6	7	32	49	61	0	11	80	100	30	2000	175	30004	0	0	0	0	0	5	0	0	0	0	0	0	0	0	0	0	0	0	0	7	0	0	0	0	0	0	0	0	0	0	1.0	0	0	16764108	70104	0	0	0	0	0	0	0	0	0	0	0	0	0	0	0	0	0	0	0	0.0
179	ac_kirmizi_yaban_domuzu	S_PAWN	MONSTER	MELEE	10	100			0	ANIMAL		0	wild_boar	0	22	9	13	4	0	0	0	0	42	52	311	3	7	56	84	103	0	14	80	100	30	2000	175	30003	0	0	0	0	0	5	0	0	0	0	0	0	0	0	0	0	0	0	0	8	0	0	0	0	0	0	0	0	0	0	1.0	0	0	16764108	70105	0	0	0	0	0	0	0	0	0	0	0	0	0	0	0	0	0	0	0	0.0
180	ac_ayi	PAWN	MONSTER	POWER	12	100			0	ANIMAL		0	bear	0	20	10	20	5	0	0	0	0	47	56	305	6	7	44	67	103	0	16	100	70	40	2000	175	30010	0	0	0	0	0	0	0	0	0	0	0	0	0	0	0	0	0	0	0	9	0	0	0	0	0	0	0	0	0	0	1.0	0	0	16764108	70104	0	0	0	0	0	0	0	0	0	0	0	0	0	0	0	0	0	0	0	0.0
181	ac_boz_ayi	S_PAWN	MONSTER	TANKER	15	100			0	ANIMAL		0	bear	0	14	17	34	6	0	0	0	0	53	64	458	6	7	76	114	154	0	19	100	100	40	2000	175	30071	0	0	0	0	0	0	0	0	0	0	0	0	0	0	0	0	0	0	0	10	0	0	0	0	0	0	0	0	0	0	1.0	0	0	16764108	70105	0	0	0	0	0	0	0	0	0	0	0	0	0	0	0	0	0	0	0	0.0
182	ac_siyah_ayi	PAWN	MONSTER	POWER	19	100			0	ANIMAL		0	bear	0	36	14	21	7	0	0	0	0	60	74	499	6	7	61	92	270	0	24	100	100	40	2000	175	30053	0	0	0	0	0	0	0	0	0	0	0	0	0	0	0	0	0	0	0	11	0	0	0	0	0	0	0	0	0	0	1.0	0	0	16764108	70104	0	0	0	0	0	0	0	0	0	0	0	0	0	0	0	0	0	0	0	0.0
183	ac_kahverengi_ayi	S_PAWN	MONSTER	POWER	21	100			0	ANIMAL		0	bear	0	35	15	23	8	0	0	0	0	65	79	676	6	12	100	150	357	0	26	100	100	40	2000	175	30072	0	0	0	0	0	0	0	0	0	0	0	0	0	0	0	0	0	0	0	12	0	0	0	0	0	0	0	0	0	0	1.0	0	0	16764108	70105	0	0	0	0	0	0	0	0	0	0	0	0	0	0	0	0	0	0	0	0.0
184	ac_kaplan	PAWN	MONSTER	POWER	18	100			0	ANIMAL		0	tiger	0	18	20	27	7	0	0	0	0	59	72	468	6	12	59	88	256	0	22	100	100	50	2000	175	30038	0	0	0	0	0	0	0	0	0	0	0	0	0	0	0	0	0	0	0	13	0	0	0	0	0	0	0	0	0	0	1.0	0	0	16764108	70104	0	0	0	0	0	0	0	0	0	0	0	0	0	0	0	0	0	0	0	0.0
185	ac_beyaz_kaplan	S_PAWN	MONSTER	POWER	24	100		AGGR	0	ANIMAL		0	tiger	0	25	17	45	9	0	0	0	0	71	86	805	10	22	112	168	407	0	29	100	130	50	2000	175	30023	0	0	0	0	0	0	0	0	0	0	0	0	0	0	0	0	0	0	0	14	0	0	0	0	0	0	0	0	0	0	1.0	0	0	16764108	70105	0	0	0	0	0	0	0	0	0	0	0	0	0	0	0	0	0	0	0	0.0
191	lykos	S_KNIGHT	MONSTER	MELEE	30	100			0	ANIMAL	STUN,SLOW,CURSE,TERROR	0	mountain_dog_god	0	39	20	30	10	0	0	0	0	52	96	2940	4	12	232	348	2420	0	35	100	140	100	2000	175	0	0	0	0	0	3	5	20	0	0	0	0	0	0	0	0	0	0	0	0	0	0	0	0	0	0	0	0	0	0	0	2.0	0	0	0	70107	0	0	0	0	0	0	0	0	0	0	0	0	0	0	0	0	0	0	0	0.0
192	scrofa	S_KNIGHT	MONSTER	MELEE	31	100			0	ANIMAL	STUN,SLOW,CURSE,TERROR	0	wild_boar_god	0	30	20	41	10	0	0	0	0	68	84	3069	14	17	239	358	2500	0	37	100	140	100	2000	175	0	0	0	0	0	3	5	20	0	0	0	0	0	0	0	0	0	0	0	0	0	0	0	0	0	0	0	0	0	0	0	2.0	0	0	0	70107	0	0	0	0	0	0	0	0	0	0	0	0	0	0	0	0	0	0	0	0.0
193	bera	S_KNIGHT	MONSTER	TANKER	33	100			0	ANIMAL	STUN,SLOW,CURSE,TERROR	0	bear	0	32	22	43	11	0	0	0	0	72	88	3385	19	22	253	380	2660	0	39	100	140	100	2000	175	0	0	0	0	0	3	5	20	0	0	0	0	0	0	0	0	0	0	0	0	0	0	0	0	0	0	0	0	0	0	0	2.0	0	0	0	70107	0	0	0	0	0	0	0	0	0	0	0	0	0	0	0	0	0	0	0	0.0
194	tigris	S_KNIGHT	MONSTER	POWER	35	100			0	ANIMAL	STUN,SLOW,CURSE,TERROR	0	tiger	0	23	45	34	11	0	0	0	0	67	100	3616	24	27	268	402	2820	0	41	100	140	100	2000	175	0	0	0	0	0	3	5	20	0	0	0	0	0	0	0	0	0	0	0	0	0	0	0	0	0	0	0	0	0	0	0	2.0	0	0	0	70107	0	0	0	0	0	0	0	0	0	0	0	0	0	0	0	0	0	0	0	0.0
301	beyaz_yeminli_asker	PAWN	MONSTER	MELEE	18	100			0	HUMAN	SLOW	0	bksoldier	0	27	20	13	7	0	0	0	0	49	60	613	6	5	64	97	365	0	22	100	120	35	2000	175	30034	0	0	0	0	0	0	0	0	0	0	0	0	0	0	0	0	0	0	0	0	0	0	0	0	0	0	0	0	0	0	1.0	0	0	0	70105	0	0	0	0	0	0	0	0	0	0	0	0	0	0	0	0	0	0	0	0.0
302	beyaz_yeminli_okcu	PAWN	MONSTER	RANGE	20	100			0	HUMAN	SLOW	0	bkarcher	0	22	29	15	7	0	0	0	0	46	70	506	6	7	128	192	405	0	25	60	130	35	2000	650	30031	0	0	0	0	0	1	0	0	0	0	0	0	0	0	0	0	0	0	0	0	0	0	0	0	0	0	0	0	0	0	1.0	0	0	0	0	0	0	0	0	0	0	0	0	0	0	0	0	0	0	0	0	0	0	0	0.0
303	beyaz_yeminli_general	S_PAWN	MONSTER	MELEE	25	100			0	HUMAN	SLOW	0	bkknight	0	35	26	18	9	0	0	0	0	47	88	1115	8	12	127	190	848	0	30	100	120	35	2000	175	30011	0	0	0	0	0	0	0	0	0	0	0	0	0	0	0	0	0	0	0	0	0	0	0	0	0	0	0	0	0	0	1.0	0	0	0	0	0	0	0	0	0	0	0	0	0	0	0	0	0	0	0	0	0	0	0	0.0
304	beyaz_yeminli_komutan	S_PAWN	MONSTER	MELEE	25	100		AGGR	0	HUMAN	SLOW	0	bkknight	0	35	26	18	9	0	0	0	0	61	74	1115	8	12	127	190	848	0	30	100	120	35	2000	175	30073	0	0	0	0	0	0	0	0	0	0	0	0	0	0	0	0	0	0	0	0	0	0	0	0	0	0	0	0	0	0	1.0	0	0	0	0	0	0	0	0	0	0	0	0	0	0	0	0	0	0	0	0	0	0	0	0.0
331	beyaz_yeminli_asker	S_PAWN	MONSTER	MELEE	18	100		AGGR	0	HUMAN	SLOW	0	bksoldier	0	27	20	13	7	0	0	0	0	56	69	1450	12	7	300	450	558	0	22	110	120	35	2000	150	30034	0	0	0	0	0	10	10	0	0	-5	0	0	0	0	0	0	0	0	0	0	0	0	0	0	0	0	0	0	0	0	2.0	0	0	13434828	0	0	0	0	0	0	0	0	0	0	0	0	0	0	0	0	0	0	0	0	0.0
332	beyaz_yeminli_okcu	S_PAWN	MONSTER	RANGE	20	100		AGGR	0	HUMAN	SLOW	0	bkarcher	0	22	29	15	7	0	0	0	0	53	80	1622	12	7	324	486	606	0	25	70	130	35	2000	650	30031	0	0	0	0	0	10	10	0	0	-5	0	0	0	0	0	0	0	0	0	0	0	0	0	0	0	0	0	0	0	0	2.0	0	0	13434828	0	0	0	0	0	0	0	0	0	0	0	0	0	0	0	0	0	0	0	0	0.0
333	beyaz_yeminli_general	KNIGHT	MONSTER	MELEE	25	100		AGGR	0	HUMAN	SLOW	0	bkknight	0	35	26	18	9	0	0	0	0	53	99	3207	10	7	384	576	1452	0	30	110	120	35	2000	150	30011	0	0	0	0	0	10	10	0	0	-5	0	0	0	0	0	0	0	0	0	0	0	0	0	0	0	0	0	0	0	0	2.0	0	0	13434828	0	0	0	0	0	0	0	0	0	0	0	0	0	0	0	0	0	0	0	0	0.0
334	beyaz_yeminli_komutan	KNIGHT	MONSTER	MELEE	25	100		AGGR	0	HUMAN	SLOW	0	bkknight	0	35	26	18	9	0	0	0	0	53	99	3207	10	7	384	576	1452	0	30	110	120	35	2000	150	30073	0	0	0	0	0	10	10	0	0	-5	0	0	0	0	0	0	0	0	0	0	0	0	0	0	0	0	0	0	0	0	2.0	0	0	13434828	0	0	0	0	0	0	0	0	0	0	0	0	0	0	0	0	0	0	0	0	0.0
351	korkak_beyaz_yeminli_askekorkak_beyaz_yeminli_aske	S_PAWN	MONSTER	MELEE	18	100			0	HUMAN	SLOW	0	bksoldier	0	27	20	13	7	0	0	0	0	59	72	490	6	5	64	97	256	0	22	100	120	35	2000	175	30034	0	0	0	0	0	0	0	0	0	0	0	0	0	0	0	0	0	0	0	0	0	0	0	0	0	0	0	0	0	0	1.0	0	0	16764108	70105	0	0	0	0	0	0	0	0	0	0	0	0	0	0	0	0	0	0	0	0.0
352	korkak_beyaz_yeminli_okcukorkak_beyaz_yeminli_okcu	S_PAWN	MONSTER	RANGE	20	100			0	HUMAN	SLOW	0	bkarcher	0	22	29	15	7	0	0	0	0	55	84	404	6	7	128	192	284	0	25	60	130	35	2000	650	30031	0	0	0	0	0	1	0	0	0	0	0	0	0	0	0	0	0	0	0	0	0	0	0	0	0	0	0	0	0	0	1.0	0	0	16764108	0	0	0	0	0	0	0	0	0	0	0	0	0	0	0	0	0	0	0	0	0.0
353	korkak_beyaz_yeminli_genekorkak_beyaz_yeminli_gene	KNIGHT	MONSTER	MELEE	25	100			0	HUMAN	SLOW	0	bkknight	0	35	26	18	9	0	0	0	0	56	106	892	8	12	127	190	594	0	30	100	120	35	2000	175	30011	0	0	0	0	0	0	0	0	0	0	0	0	0	0	0	0	0	0	0	0	0	0	0	0	0	0	0	0	0	0	1.0	0	0	16764108	0	0	0	0	0	0	0	0	0	0	0	0	0	0	0	0	0	0	0	0	0.0
354	korkak_beyaz_yeminli_komukorkak_beyaz_yeminli_komu	KNIGHT	MONSTER	MELEE	25	100			0	HUMAN	SLOW	0	bkknight	0	35	26	18	9	0	0	0	0	73	89	892	8	12	127	190	594	0	30	100	120	35	2000	175	30073	0	0	0	0	0	0	0	0	0	0	0	0	0	0	0	0	0	0	0	0	0	0	0	0	0	0	0	0	0	0	1.0	0	0	16764108	0	0	0	0	0	0	0	0	0	0	0	0	0	0	0	0	0	0	0	0	0.0
391	mi_jung	S_KNIGHT	MONSTER	MAGIC	23	100			0	HUMAN	SLOW	0	bksecond	0	32	16	24	8	0	0	0	0	44	82	2076	9	17	199	298	2604	0	28	100	150	100	2000	175	30018	0	0	0	0	0	1	1	0	0	0	0	0	0	0	0	0	0	0	0	0	0	0	0	0	0	0	0	0	0	0	2.0	0	0	0	70107	0	0	0	0	0	0	0	0	0	0	0	0	0	0	0	0	0	0	0	0.0
392	eun_jung	S_KNIGHT	MONSTER	MAGIC	26	100			0	HUMAN	SLOW	0	bkthird	0	36	18	27	9	0	0	0	0	48	89	2453	14	22	223	334	2940	0	31	100	150	100	2000	175	30017	0	0	0	0	0	1	1	0	0	0	0	0	0	0	0	0	0	0	0	0	0	0	0	0	0	0	0	0	0	0	2.0	0	0	0	70107	0	0	0	0	0	0	0	0	0	0	0	0	0	0	0	0	0	0	0	0.0
393	se_rang	S_KNIGHT	MONSTER	MAGIC	28	100			0	HUMAN	SLOW	0	bkfourth	0	38	19	29	10	0	0	0	0	51	94	2692	19	27	239	358	3164	0	33	100	150	100	2000	175	30035	0	0	0	0	0	1	1	0	0	0	0	0	0	0	0	0	0	0	0	0	0	0	0	0	0	0	0	0	0	0	2.0	0	0	0	70107	0	0	0	0	0	0	0	0	0	0	0	0	0	0	0	0	0	0	0	0.0
394	jin_hee	S_KNIGHT	MONSTER	MAGIC	31	100			0	HUMAN	SLOW	0	bkboss	0	42	21	31	10	0	0	0	0	55	101	3069	19	32	262	393	3500	0	37	100	150	100	2000	175	30073	0	0	0	0	0	1	1	0	0	0	0	0	0	0	0	0	0	0	0	0	0	0	0	0	0	0	0	0	0	0	2.0	0	0	0	70107	0	0	0	0	0	0	0	0	0	0	0	0	0	0	0	0	0	0	0	0.0
395	moralsiz_mi_jung	S_KNIGHT	MONSTER	MAGIC	23	100			0	HUMAN	SLOW	0	bksecond	0	32	16	24	8	0	0	0	0	71	86	392	9	17	199	298	1823	0	28	100	150	100	2000	175	30018	0	0	0	0	0	1	1	0	0	0	0	0	0	0	0	0	0	0	0	0	0	0	0	0	0	0	0	0	0	0	2.0	0	0	0	70107	0	0	0	0	0	0	0	0	0	0	0	0	0	0	0	0	0	0	0	0.0
396	moralsiz_eun_jung	S_KNIGHT	MONSTER	MAGIC	26	100			0	HUMAN	SLOW	0	bkthird	0	36	18	27	9	0	0	0	0	66	101	324	14	22	223	334	2058	0	31	100	150	100	2000	175	30017	0	0	0	0	0	1	1	0	0	0	0	0	0	0	0	0	0	0	0	0	0	0	0	0	0	0	0	0	0	0	2.0	0	0	0	70107	0	0	0	0	0	0	0	0	0	0	0	0	0	0	0	0	0	0	0	0.0
397	moralsiz_se_rang	S_KNIGHT	MONSTER	MAGIC	28	100			0	HUMAN	SLOW	0	bkfourth	0	38	19	29	10	0	0	0	0	68	127	714	19	27	239	358	2215	0	33	100	150	100	2000	175	30035	0	0	0	0	0	1	1	0	0	0	0	0	0	0	0	0	0	0	0	0	0	0	0	0	0	0	0	0	0	0	2.0	0	0	0	70107	0	0	0	0	0	0	0	0	0	0	0	0	0	0	0	0	0	0	0	0.0
398	moralsiz_jin_hee	S_KNIGHT	MONSTER	MAGIC	31	100			0	HUMAN	SLOW	0	bkboss	0	42	21	31	10	0	0	0	0	88	107	714	19	32	262	393	2450	0	37	100	150	100	2000	175	30073	0	0	0	0	0	1	1	0	0	0	0	0	0	0	0	0	0	0	0	0	0	0	0	0	0	0	0	0	0	0	2.0	0	0	0	70107	0	0	0	0	0	0	0	0	0	0	0	0	0	0	0	0	0	0	0	0.0
401	siyah_ruzgar_askeri	PAWN	MONSTER	MELEE	26	100			0	HUMAN		0	thief1	0	36	18	27	9	0	0	0	0	62	75	981	6	5	78	117	735	0	31	100	110	50	2000	175	30032	0	0	0	0	0	0	0	0	0	0	0	0	0	0	0	0	0	0	-70	0	0	0	0	0	1	0	0	0	0	0	1.0	0	0	0	70104	0	0	0	0	0	0	0	0	0	0	0	0	0	0	0	0	0	0	0	0.0
402	siyah_ruzgar_delisi	PAWN	MONSTER	MELEE	27	100			0	HUMAN		0	thief2	0	37	19	28	9	0	0	0	0	70	100	1027	8	10	80	121	763	0	32	80	150	50	2000	175	30074	0	0	0	0	0	1	0	0	0	0	0	0	0	0	0	0	0	0	-70	0	0	0	0	0	1	0	0	0	0	0	1.0	0	0	0	70104	0	0	0	0	0	0	0	0	0	0	0	0	0	0	0	0	0	0	0	0.0
403	siyah_ruzgar_okcusu	PAWN	MONSTER	RANGE	29	100			0	HUMAN		0	thief3	0	30	39	10	10	0	0	0	0	67	82	818	6	7	171	256	819	0	34	60	150	50	2000	850	0	0	0	0	0	0	5	0	0	0	0	0	0	0	0	0	0	0	0	-70	0	0	0	0	0	1	0	0	0	0	0	1.0	0	0	0	0	0	0	0	0	0	0	0	0	0	0	0	0	0	0	0	0	0	0	0	0.0
404	siyah_ruzgar_jak_to	S_PAWN	MONSTER	POWER	30	100			0	HUMAN		0	thiefboss1	0	30	20	45	10	0	0	0	0	65	110	1411	8	12	136	204	1016	0	35	100	100	50	2000	175	30021	0	0	0	0	0	1	0	0	0	0	0	0	0	0	0	0	0	0	-60	0	0	0	0	0	1	0	0	0	0	0	1.0	0	0	0	70105	0	0	0	0	0	0	0	0	0	0	0	0	0	0	0	0	0	0	0	0.0
405	siyah_ruzgar_to_su	S_PAWN	MONSTER	MELEE	33	100			0	HUMAN		0	thiefboss2	0	33	22	33	11	0	0	0	0	57	105	1625	6	7	148	222	1117	0	39	120	150	50	2000	175	30005	0	0	0	0	0	1	0	0	0	0	0	0	0	0	0	0	0	0	-60	0	0	0	0	0	1	0	0	0	0	0	1.0	0	0	0	70105	0	0	0	0	0	0	0	0	0	0	0	0	0	0	0	0	0	0	0	0.0
406	siyah_ruzgar_gu_ryung	S_PAWN	MONSTER	MELEE	35	100			0	HUMAN		0	thiefboss3	0	35	23	42	12	0	0	0	0	59	110	1736	8	12	156	234	1184	0	41	100	100	50	2000	175	30030	0	0	0	0	0	0	0	0	0	0	0	0	0	0	0	0	0	0	-60	0	0	0	0	0	1	0	0	0	0	0	1.0	0	0	0	70105	0	0	0	0	0	0	0	0	0	0	0	0	0	0	0	0	0	0	0	0.0
431	siyah_firtina_askeri	KNIGHT	MONSTER	MELEE	31	100			0	HUMAN	SLOW	0	thief1	0	37	25	49	12	0	0	0	0	55	101	1571	12	9	528	792	750	0	37	110	100	100	2000	150	0	0	0	0	0	5	15	15	0	0	-5	0	0	0	0	0	0	0	0	-50	0	0	0	0	0	1	0	0	0	0	0	2.0	0	0	0	0	0	0	0	0	0	0	0	0	0	0	0	0	0	0	0	0	0	0	0	0.0
432	siyah_firtina_delisi	KNIGHT	MONSTER	MELEE	33	100			0	HUMAN	SLOW	0	thief2	0	37	49	25	12	0	0	0	0	73	89	1733	12	9	560	840	798	0	39	110	150	100	2000	150	0	0	0	0	5	0	15	15	0	0	-5	0	0	0	0	0	0	0	0	-50	0	0	0	0	0	1	0	0	0	0	0	2.0	0	0	0	0	0	0	0	0	0	0	0	0	0	0	0	0	0	0	0	0	0	0	0	0.0
433	siyah_firtina_okcusu	KNIGHT	MONSTER	RANGE	35	100			0	HUMAN	SLOW	0	thief3	0	38	25	50	13	0	0	0	0	59	110	1852	12	9	592	888	846	0	41	70	120	100	2000	850	0	0	0	0	5	5	15	15	0	0	-5	0	0	0	0	0	0	0	0	-50	0	0	0	0	0	1	0	0	0	0	0	2.0	0	0	0	0	0	0	0	0	0	0	0	0	0	0	0	0	0	0	0	0	0	0	0	0.0
434	siyah_firtina_joh_hwan	S_KNIGHT	MONSTER	MELEE	36	100			0	HUMAN	SLOW	0	thiefboss1	0	38	50	25	13	0	0	0	0	78	95	3010	8	9	608	912	1740	0	42	110	120	100	2000	150	0	0	0	0	5	0	15	15	0	0	-5	0	0	0	0	0	0	0	0	-50	0	0	0	0	0	1	0	0	0	0	0	2.0	0	0	0	0	0	0	0	0	0	0	0	0	0	0	0	0	0	0	0	0	0	0	0	0.0
435	siyah_firtina_kyuk_jan	S_KNIGHT	MONSTER	MELEE	38	100			0	HUMAN	SLOW	0	thiefboss2	0	26	39	51	13	0	0	0	0	63	117	3249	8	9	640	960	1836	0	44	110	120	100	2000	150	0	0	0	0	0	5	15	15	0	0	-5	0	0	0	0	0	0	0	0	-50	0	0	0	0	0	1	0	0	0	0	0	2.0	0	0	0	0	0	0	0	0	0	0	0	0	0	0	0	0	0	0	0	0	0	0	0	0.0
436	siyah_firtina_pho_hwan	S_KNIGHT	MONSTER	MELEE	40	100			0	HUMAN	SLOW	0	thiefboss3	0	51	26	39	13	0	0	0	0	66	122	3500	8	9	672	1008	1932	0	46	110	120	100	2000	150	0	0	0	0	5	0	15	15	0	0	-5	0	0	0	0	0	0	0	0	-50	0	0	0	0	0	1	0	0	0	0	0	2.0	0	0	0	0	0	0	0	0	0	0	0	0	0	0	0	0	0	0	0	0	0	0	0	0.0
451	kotu_siy._firtina_askeri	PAWN	MONSTER	MELEE	26	100			0	HUMAN		0	thief1	0	36	18	27	9	0	0	0	0	74	90	785	6	5	78	117	515	0	31	100	110	50	2000	175	30032	0	0	0	0	0	0	0	0	0	0	0	0	0	0	0	0	0	0	-70	0	0	0	0	0	1	0	0	0	0	0	1.0	0	0	16764108	70104	0	0	0	0	0	0	0	0	0	0	0	0	0	0	0	0	0	0	0	0.0
452	kotu_siy._firtina_delisi	PAWN	MONSTER	MELEE	27	100			0	HUMAN		0	thief2	0	37	19	28	9	0	0	0	0	84	120	822	8	10	80	121	534	0	32	80	150	50	2000	175	30074	0	0	0	0	0	1	0	0	0	0	0	0	0	0	0	0	0	0	-70	0	0	0	0	0	1	0	0	0	0	0	1.0	0	0	16764108	70104	0	0	0	0	0	0	0	0	0	0	0	0	0	0	0	0	0	0	0	0.0
453	kotu_siy.firtina_okcusu	PAWN	MONSTER	RANGE	29	100			0	HUMAN		0	thief3	0	30	39	10	10	0	0	0	0	80	98	655	6	7	171	256	573	0	34	60	150	50	2000	850	0	0	0	0	0	0	5	0	0	0	0	0	0	0	0	0	0	0	0	-70	0	0	0	0	0	1	0	0	0	0	0	1.0	0	0	16764108	0	0	0	0	0	0	0	0	0	0	0	0	0	0	0	0	0	0	0	0	0.0
454	kotusiy.firtina_joh_hwan	S_PAWN	MONSTER	POWER	30	100			0	HUMAN		0	thiefboss1	0	30	20	45	10	0	0	0	0	78	132	1129	8	12	136	204	711	0	35	100	100	50	2000	175	30021	0	0	0	0	0	1	0	0	0	0	0	0	0	0	0	0	0	0	-60	0	0	0	0	0	1	0	0	0	0	0	1.0	0	0	16764108	70105	0	0	0	0	0	0	0	0	0	0	0	0	0	0	0	0	0	0	0	0.0
455	kotusiy.firtina_kyuk_jan	S_PAWN	MONSTER	MELEE	33	100			0	HUMAN		0	thiefboss2	0	33	22	33	11	0	0	0	0	68	126	1300	6	7	148	222	782	0	39	120	150	50	2000	175	30005	0	0	0	0	0	1	0	0	0	0	0	0	0	0	0	0	0	0	-60	0	0	0	0	0	1	0	0	0	0	0	1.0	0	0	16764108	70105	0	0	0	0	0	0	0	0	0	0	0	0	0	0	0	0	0	0	0	0.0
456	kotusiy.firtina_pha_hwan	S_PAWN	MONSTER	MELEE	35	100			0	HUMAN		0	thiefboss3	0	35	23	42	12	0	0	0	0	71	132	1389	8	12	156	234	829	0	41	100	100	50	2000	175	30030	0	0	0	0	0	0	0	0	0	0	0	0	0	0	0	0	0	0	-60	0	0	0	0	0	1	0	0	0	0	0	1.0	0	0	16764108	70105	0	0	0	0	0	0	0	0	0	0	0	0	0	0	0	0	0	0	0	0.0
491	mahon	S_KNIGHT	MONSTER	TANKER	32	100			0	HUMAN	STUN,SLOW,CURSE,TERROR	0	maenghwan	0	42	21	32	11	0	0	0	0	75	110	3201	9	22	246	369	3612	0	38	100	130	100	2000	175	0	0	0	0	0	0	5	20	0	0	0	0	0	0	0	0	0	0	0	-50	0	0	0	0	0	1	0	0	0	0	0	2.0	0	0	0	70107	0	0	0	0	0	0	0	0	0	0	0	0	0	0	0	0	0	0	0	0.0
492	bo	S_KNIGHT	MONSTER	MELEE	37	100			0	HUMAN	STUN,SLOW,CURSE,TERROR	0	bou	0	48	24	36	12	0	0	0	0	62	115	3911	14	17	282	423	4172	0	43	100	130	100	2000	175	0	0	0	0	0	0	5	20	0	0	0	0	0	0	0	0	0	0	0	-50	0	0	0	0	0	1	0	0	0	0	0	2.0	0	0	0	70107	0	0	0	0	0	0	0	0	0	0	0	0	0	0	0	0	0	0	0	0.0
493	goo_pae	S_KNIGHT	MONSTER	POWER	39	100			0	HUMAN	STUN,SLOW,CURSE,TERROR	0	gupae	0	51	25	38	13	0	0	0	0	65	120	4219	4	12	296	445	4396	0	45	100	130	100	2000	175	0	0	0	0	0	0	5	20	0	0	0	0	0	0	0	0	0	0	0	-50	0	0	0	0	0	1	0	0	0	0	0	2.0	0	0	0	70107	0	0	0	0	0	0	0	0	0	0	0	0	0	0	0	0	0	0	0	0.0
494	chuong	S_KNIGHT	MONSTER	MELEE	45	100			0	HUMAN	STUN,SLOW,CURSE,TERROR	0	chuhen	0	57	43	29	14	0	0	0	0	72	133	5220	19	27	340	510	5068	0	52	100	150	100	2000	300	0	0	0	0	0	0	5	30	0	0	0	0	0	0	0	0	0	0	0	-50	0	0	0	0	0	1	0	0	0	0	0	2.0	0	0	0	70107	0	0	0	0	0	0	0	0	0	0	0	0	0	0	0	0	0	0	0	0.0
501	yabani_piyade	PAWN	MONSTER	MELEE	29	100			0	HUMAN	STUN	0	barbarian_infantry	0	20	39	30	10	0	0	0	0	67	82	1404	6	5	102	153	819	0	36	108	150	50	2000	175	30033	0	0	0	0	0	1	2	0	0	0	0	0	0	0	0	0	0	0	0	0	0	0	0	0	0	0	0	0	0	0	1.0	0	0	0	70104	0	0	0	0	0	0	0	0	0	0	0	0	0	0	0	0	0	0	0	0.0
502	yabani_usak	PAWN	MONSTER	MELEE	32	100			0	HUMAN	STUN	0	barbarian_soldier	0	32	21	42	11	0	0	0	0	71	87	1625	8	12	111	166	903	0	40	108	110	50	2000	175	30041	0	0	0	0	0	1	2	0	0	0	0	0	0	0	0	0	0	0	0	0	0	0	0	0	0	0	0	0	0	0	1.0	0	0	0	70104	0	0	0	0	0	0	0	0	0	0	0	0	0	0	0	0	0	0	0	0.0
503	yabani_okcu	S_PAWN	MONSTER	RANGE	35	100			0	HUMAN	STUN	0	barbarian_bow	0	23	46	17	12	0	0	0	0	68	102	1262	6	7	312	468	1184	0	43	60	120	50	2000	850	30052	0	0	0	0	0	1	2	0	0	0	0	0	0	0	0	0	0	0	0	0	0	0	0	0	0	0	0	0	0	0	1.0	0	0	0	0	0	0	0	0	0	0	0	0	0	0	0	0	0	0	0	0	0	0	0	0.0
504	yabani_general	KNIGHT	MONSTER	MELEE	36	100			0	HUMAN	STUN	0	barbarian_knight	0	47	24	35	12	0	0	0	0	78	95	2240	8	17	260	391	2030	0	44	108	130	50	2000	175	30092	0	0	0	0	0	3	2	0	0	0	0	0	0	0	0	0	0	0	0	0	0	0	0	0	0	0	0	0	0	0	1.0	0	0	0	70106	0	0	0	0	0	0	0	0	0	0	0	0	0	0	0	0	0	0	0	0.0
531	vahsi_asker	KNIGHT	MONSTER	MELEE	35	100		AGGR	0	HUMAN	STUN	0	barbarian_infantry	0	41	55	28	14	0	0	0	0	76	93	1852	12	7	592	888	513	0	41	110	100	100	2000	150	30075	0	0	0	0	0	15	15	0	0	-5	0	0	0	0	0	0	0	0	0	0	0	0	0	0	0	0	0	0	0	0	2.0	0	0	0	0	0	0	0	0	0	0	0	0	0	0	0	0	0	0	0	0	0	0	0	0.0
532	vahsi_deli	KNIGHT	MONSTER	MELEE	37	100		AGGR	0	HUMAN	STUN	0	barbarian_soldier	0	42	56	28	14	0	0	0	0	71	106	2002	12	7	624	936	542	0	43	110	100	100	2000	150	0	0	0	5	0	0	15	15	0	0	-5	0	0	0	0	0	0	0	0	0	0	0	0	0	0	0	0	0	0	0	0	2.0	0	0	0	0	0	0	0	0	0	0	0	0	0	0	0	0	0	0	0	0	0	0	0	0.0
533	vahsi_okcu	BOSS	MONSTER	RANGE	40	100		AGGR	0	HUMAN	STUN	0	barbarian_bow	0	43	57	15	14	0	0	0	0	75	113	3500	8	7	672	1008	1172	0	46	70	100	100	2000	850	30075	0	0	0	0	5	15	15	0	0	-5	0	0	0	0	0	0	0	0	0	0	0	0	0	0	0	0	0	0	0	0	2.0	0	0	0	0	0	0	0	0	0	0	0	0	0	0	0	0	0	0	0	0	0	0	0	0.0
534	vahsi_uzman	BOSS	MONSTER	MELEE	42	100		AGGR	0	HUMAN	STUN	0	barbarian_knight	0	59	29	44	15	0	0	0	0	68	126	3762	8	7	704	1056	1230	0	49	110	100	100	2000	150	0	0	0	0	0	0	15	15	0	0	-5	0	0	0	0	0	0	0	0	0	0	0	0	0	0	0	0	0	0	0	0	2.0	0	0	0	0	0	0	0	0	0	0	0	0	0	0	0	0	0	0	0	0	0	0	0	0.0
551	guclu_yabani_asker	PAWN	MONSTER	MELEE	29	100			0	HUMAN	STUN	0	barbarian_infantry	0	20	39	30	10	0	0	0	0	80	98	1123	6	5	102	153	819	0	36	108	150	50	2000	175	30033	0	0	0	0	0	1	2	0	0	0	0	0	0	0	0	0	0	0	0	0	0	0	0	0	0	0	0	0	0	0	1.0	0	0	16764108	70104	0	0	0	0	0	0	0	0	0	0	0	0	0	0	0	0	0	0	0	0.0
552	guclu_yabani_deli	PAWN	MONSTER	MELEE	32	100			0	HUMAN	STUN	0	barbarian_soldier	0	20	21	42	11	0	0	0	0	85	104	1300	8	12	111	166	903	0	40	108	110	50	2000	175	30041	0	0	0	0	0	1	2	0	0	0	0	0	0	0	0	0	0	0	0	0	0	0	0	0	0	0	0	0	0	0	1.0	0	0	16764108	70104	0	0	0	0	0	0	0	0	0	0	0	0	0	0	0	0	0	0	0	0.0
553	guclu_yabani_okcu	S_PAWN	MONSTER	RANGE	35	100			0	HUMAN	STUN	0	barbarian_bow	0	32	46	17	12	0	0	0	0	82	122	1010	6	7	312	468	1184	0	43	60	120	50	2000	850	30052	0	0	0	0	0	1	2	0	0	0	0	0	0	0	0	0	0	0	0	0	0	0	0	0	0	0	0	0	0	0	1.0	0	0	16764108	0	0	0	0	0	0	0	0	0	0	0	0	0	0	0	0	0	0	0	0	0.0
554	guclu_yabani_general	KNIGHT	MONSTER	MELEE	36	100			0	HUMAN	STUN	0	barbarian_knight	0	23	24	35	12	0	0	0	0	94	114	1792	8	17	260	391	2030	0	44	108	130	50	2000	175	30092	0	0	0	0	0	3	2	0	0	0	0	0	0	0	0	0	0	0	0	0	0	0	0	0	0	0	0	0	0	0	1.0	0	0	16764108	70106	0	0	0	0	0	0	0	0	0	0	0	0	0	0	0	0	0	0	0	0.0
591	vahsi_yuzbasi	KNIGHT	MONSTER	MELEE	42	100		AGGR	0	HUMAN	STUN,SLOW,CURSE,TERROR	0	barbarian_boss	0	40	27	54	13	0	0	0	0	68	126	18810	29	32	520	780	20280	0	49	100	100	100	2000	175	30075	0	0	0	0	0	50	15	0	0	0	0	0	0	0	0	0	0	0	0	0	0	0	0	0	0	0	0	0	0	0	2.0	0	0	0	0	0	0	0	0	0	0	0	0	0	0	0	0	0	0	0	0	0	0	0	0.0
595	vahsi_geum_chul	KNIGHT	MONSTER	RANGE	42	100		AGGR	0	HUMAN	STUN,SLOW,CURSE,TERROR	0	barbarian_bow	0	40	27	54	13	0	0	0	0	68	126	4703	30	30	520	780	6422	0	49	100	100	100	2000	175	30075	0	0	0	0	0	50	15	0	0	0	0	0	0	0	0	0	0	0	0	0	0	0	0	0	0	0	0	0	0	0	2.0	0	0	13421823	0	0	0	0	0	0	0	0	0	0	0	0	0	0	0	0	0	0	0	0	0.0
601	ork	PAWN	MONSTER	MELEE	26	100			0	ORC		0	orc_soldier	0	42	28	56	14	0	0	0	0	91	111	2268	6	2	720	1080	1038	0	50	110	100	35	2000	150	0	0	0	0	0	5	15	15	0	0	-5	0	0	0	0	0	0	0	0	0	0	0	0	0	0	0	0	0	0	0	0	2.0	0	0	13421823	0	0	0	0	0	0	0	0	0	0	0	0	0	0	0	0	0	0	0	0	0.0
602	ork_gozcusu	S_PAWN	MONSTER	MELEE	29	100			0	ORC		0	orc_scouter	0	43	29	57	14	0	0	0	0	92	113	2348	6	2	736	1104	1062	0	51	110	100	35	2000	150	0	0	0	0	0	0	15	15	0	0	-5	0	0	0	0	0	0	0	0	0	0	0	0	0	0	0	0	0	0	0	0	2.0	0	0	13421823	70105	0	0	0	0	0	0	0	0	0	0	0	0	0	0	0	0	0	0	0	0.0
603	ork_savascisi	S_PAWN	MONSTER	MELEE	31	100			0	ORC		0	orc_knight	0	44	29	59	14	0	0	0	0	94	115	2429	6	2	752	1128	1086	0	52	110	100	35	2000	150	0	0	0	0	0	5	15	15	0	0	-5	0	0	0	0	0	0	0	0	0	0	0	0	0	0	0	0	0	0	0	0	2.0	0	0	13421823	70105	0	0	0	0	0	0	0	0	0	0	0	0	0	0	0	0	0	0	0	0.0
604	ork_buyucusu	KNIGHT	MONSTER	MAGIC	33	100			0	ORC		0	orc_magician	0	45	60	30	15	0	0	0	0	96	117	2514	6	2	768	1152	1110	0	53	110	100	35	2000	150	0	0	0	0	0	0	15	15	0	0	-5	0	0	0	0	0	0	0	0	0	0	0	0	0	0	0	0	0	0	0	0	2.0	0	0	13421823	0	0	0	0	0	0	0	0	0	0	0	0	0	0	0	0	0	0	0	0	0.0
631	elit_ork	PAWN	MONSTER	MELEE	34	100			0	ORC		0	orc_soldier	0	32	21	42	11	0	0	0	0	44	66	1390	6	5	97	146	959	0	40	120	150	100	2000	175	30007	0	0	0	0	1	0	1	0	0	0	0	0	0	0	0	0	0	0	0	0	0	0	0	0	0	0	0	0	0	0	1.0	0	0	0	70104	0	0	0	0	0	0	0	0	0	0	0	0	0	0	0	0	0	0	0	0.0
632	elit_ork_gozcusu	S_PAWN	MONSTER	MELEE	36	100			0	ORC		0	orc_scouter	0	28	22	45	11	0	0	0	0	80	120	1806	8	10	160	240	1218	0	42	100	150	100	2000	175	30076	0	0	0	0	1	0	1	0	0	0	0	0	0	0	0	0	0	0	0	0	0	0	0	0	0	0	0	0	0	0	1.0	0	0	0	70105	0	0	0	0	0	0	0	0	0	0	0	0	0	0	0	0	0	0	0	0.0
633	elit_ork_savascisi	S_PAWN	MONSTER	MELEE	39	100			0	ORC		0	orc_knight	0	25	48	43	12	0	0	0	0	80	97	2025	6	7	172	258	1319	0	45	100	100	100	2000	175	0	0	0	0	0	1	5	0	0	0	0	0	0	0	0	0	0	0	0	0	0	0	0	0	0	0	0	0	0	0	0	1.0	0	0	0	70105	0	0	0	0	0	0	0	0	0	0	0	0	0	0	0	0	0	0	0	0.0
634	elit_ork_buyucusu	KNIGHT	MONSTER	MAGIC	40	100			0	ORC		0	orc_magician	0	37	25	50	12	0	0	0	0	81	99	2800	8	12	240	360	2254	0	46	100	100	100	2000	175	0	0	0	0	0	1	0	1	0	0	0	0	0	0	0	0	0	0	0	0	0	0	0	0	0	0	0	0	0	0	0	1.0	0	0	0	70106	0	0	0	0	0	0	0	0	0	0	0	0	0	0	0	0	0	0	0	0.0
635	elit_ork_generali	KNIGHT	MONSTER	MELEE	44	100			0	ORC		0	orc_general	0	40	53	27	13	0	0	0	0	86	106	3228	8	12	262	393	2478	0	51	100	100	100	2000	175	30076	0	0	0	0	1	0	1	0	0	0	0	0	0	0	0	0	0	0	0	0	0	0	0	0	0	0	0	0	0	0	1.0	0	0	0	70106	0	0	0	0	0	0	0	0	0	0	0	0	0	0	0	0	0	0	0	0.0
636	siyah_ork	S_KNIGHT	MONSTER	MELEE	46	100			0	ORC		0	orc_black	0	20	28	75	14	0	0	0	0	54	99	5401	9	17	347	520	5180	0	53	100	100	100	2000	175	30006	0	0	0	0	1	0	1	0	0	0	0	0	0	0	0	0	0	0	0	0	0	0	0	0	0	0	0	0	0	0	2.0	0	0	0	70107	0	0	0	0	0	0	0	0	0	0	0	0	0	0	0	0	0	0	0	0.0
637	siyah_ork_devi	S_KNIGHT	MONSTER	MELEE	49	100			0	ORC		0	orc_bigblack	0	45	30	60	15	0	0	0	0	75	138	5959	8	12	368	553	5516	0	56	100	100	100	2000	175	30077	0	0	0	0	1	0	1	0	0	0	0	0	0	0	0	0	0	0	0	0	0	0	0	0	0	0	0	0	0	0	2.0	0	0	0	70107	0	0	0	0	0	0	0	0	0	0	0	0	0	0	0	0	0	0	0	0.0
651	cesur_buyuk_ork	PAWN	MONSTER	MELEE	34	100			0	ORC		0	orc_soldier	0	32	21	42	11	0	0	0	0	53	79	1112	6	5	97	146	671	0	40	120	150	100	2000	175	30007	0	0	0	0	1	0	1	0	0	0	0	0	0	0	0	0	0	0	0	0	0	0	0	0	0	0	0	0	0	0	1.0	0	0	16764108	70104	0	0	0	0	0	0	0	0	0	0	0	0	0	0	0	0	0	0	0	0.0
652	cesur_buyuk_ork_gozcusu	S_PAWN	MONSTER	MELEE	36	100			0	ORC		0	orc_scouter	0	28	22	45	11	0	0	0	0	96	144	1445	8	10	160	240	853	0	42	100	150	100	2000	175	30076	0	0	0	0	1	0	1	0	0	0	0	0	0	0	0	0	0	0	0	0	0	0	0	0	0	0	0	0	0	0	1.0	0	0	16764108	70105	0	0	0	0	0	0	0	0	0	0	0	0	0	0	0	0	0	0	0	0.0
653	cesur_buyuk_orksavascisi	S_PAWN	MONSTER	MELEE	39	100			0	ORC		0	orc_knight	0	25	48	43	12	0	0	0	0	96	116	1620	6	7	172	258	923	0	45	100	100	100	2000	175	0	0	0	0	0	1	5	0	0	0	0	0	0	0	0	0	0	0	0	0	0	0	0	0	0	0	0	0	0	0	0	1.0	0	0	16764108	70105	0	0	0	0	0	0	0	0	0	0	0	0	0	0	0	0	0	0	0	0.0
654	cesur_buyuk_ork_buyucusu	KNIGHT	MONSTER	MAGIC	40	100			0	ORC		0	orc_magician	0	37	25	50	12	0	0	0	0	97	119	2240	8	12	240	360	1578	0	46	100	100	100	2000	175	0	0	0	0	0	1	0	1	0	0	0	0	0	0	0	0	0	0	0	0	0	0	0	0	0	0	0	0	0	0	0	1.0	0	0	16764108	70106	0	0	0	0	0	0	0	0	0	0	0	0	0	0	0	0	0	0	0	0.0
655	cesur_buyuk_ork_generali	KNIGHT	MONSTER	MELEE	44	100			0	ORC		0	orc_general	0	40	53	27	13	0	0	0	0	103	127	2582	8	12	262	393	1735	0	51	100	100	100	2000	175	30076	0	0	0	0	1	0	1	0	0	0	0	0	0	0	0	0	0	0	0	0	0	0	0	0	0	0	0	0	0	0	1.0	0	0	16764108	70106	0	0	0	0	0	0	0	0	0	0	0	0	0	0	0	0	0	0	0	0.0
656	cesur_siyah_ork	S_KNIGHT	MONSTER	MELEE	46	100			0	ORC		0	orc_black	0	20	28	75	14	0	0	0	0	65	119	4321	9	17	347	520	3626	0	53	100	100	100	2000	175	30006	0	0	0	0	1	0	1	0	0	0	0	0	0	0	0	0	0	0	0	0	0	0	0	0	0	0	0	0	0	0	2.0	0	0	16764108	70107	0	0	0	0	0	0	0	0	0	0	0	0	0	0	0	0	0	0	0	0.0
657	cesur_siyah_ork_devi	S_KNIGHT	MONSTER	MELEE	49	100			0	ORC		0	orc_bigblack	0	45	30	60	15	0	0	0	0	90	166	4767	8	12	368	553	3861	0	56	100	100	100	2000	175	30077	0	0	0	0	1	0	1	0	0	0	0	0	0	0	0	0	0	0	0	0	0	0	0	0	0	0	0	0	0	0	2.0	0	0	16764108	70107	0	0	0	0	0	0	0	0	0	0	0	0	0	0	0	0	0	0	0	0.0
691	ork_reisi	BOSS	MONSTER	MELEE	75	100		STONESKIN	0	ORC	STUN,SLOW,CURSE,TERROR	0	orc_lord	0	48	32	63	16	0	0	0	0	79	146	100000	10	10	616	924	20422	0	57	100	100	100	2000	175	0	0	0	0	0	10	0	0	0	0	0	0	0	0	0	0	0	0	0	0	0	0	0	0	0	0	0	0	0	0	0	2.0	0	0	0	0	30	256	0	0	0	0	0	0	0	0	0	0	0	0	0	0	0	0	0	0.0
692	elit_ork_reisi	BOSS	MONSTER	MELEE	50	100		AGGR	0	ORC	STUN,SLOW,CURSE,TERROR	0	orc_lord	0	48	32	63	16	0	0	0	0	79	146	24618	20	20	616	924	7558	0	57	100	100	100	2000	175	0	0	0	0	0	10	0	0	0	0	0	0	0	0	0	0	0	0	0	0	0	0	0	0	0	0	0	0	0	0	0	0.0	0	0	0	0	30	256	0	0	0	0	0	0	0	0	0	0	0	0	0	0	0	0	0	0.0
693	dirilmis_ork_reisi	KING	MONSTER	MELEE	97	100		AGGR,BERSERK,STONESKIN,DEATHBLOW,REVIVE	0	ORC	STUN,SLOW,CURSE,TERROR	0	orc_lord	0	122	91	61	30	0	0	0	0	150	278	2568600	30	20	23400	35100	356400	0	90	150	160	100	2000	350	0	0	0	0	0	0	15	20	50	30	25	30	30	30	50	25	0	0	50	0	20	10	0	0	0	0	0	0	0	0	0	2.0	2414	10	0	0	35	256	0	0	0	0	0	0	0	0	0	0	0	0	0	0	0	0	0	0.0
701	karanlik_fanatik	PAWN	MONSTER	MELEE	35	100			0	MILGYO		0	milgyo_religionist	0	46	35	23	12	0	0	0	0	76	93	1447	8	7	109	164	987	0	41	100	120	70	2000	175	30008	0	0	0	0	0	0	1	0	0	0	1	0	0	-10	0	0	0	0	-70	0	0	0	0	0	1	0	0	0	0	0	1.0	0	0	13434828	70104	0	0	0	0	0	0	0	0	0	0	0	0	0	0	0	0	0	0	0	0.0
702	karanlik_arahan	S_PAWN	MONSTER	MELEE	38	100			0	MILGYO		0	milgyo_nahan1	0	50	37	25	12	0	0	0	0	72	108	1950	8	7	184	277	1102	0	44	100	120	70	2000	175	30078	0	0	0	0	0	0	1	0	0	1	0	0	0	0	0	0	0	0	-60	0	0	0	0	0	1	0	0	0	0	0	1.0	0	0	13434828	70105	0	0	0	0	0	0	0	0	0	0	0	0	0	0	0	0	0	0	0	0.0
703	mistik_arahan_savascisi	S_PAWN	MONSTER	MELEE	41	100			0	MILGYO		0	milgyo_nahan2	0	53	40	27	13	0	0	0	0	100	115	2178	8	7	197	296	1188	0	47	100	100	70	2000	175	0	0	0	0	0	0	5	1	0	0	0	1	0	0	-10	0	0	0	0	-60	0	0	0	0	0	1	0	0	0	0	0	1.0	0	0	13434828	70105	0	0	0	0	0	0	0	0	0	0	0	0	0	0	0	0	0	0	0	0.0
704	mistik_arahan_reisi	KNIGHT	MONSTER	TANKER	44	100			0	MILGYO		0	milgyo_nahan_general	0	50	42	30	14	0	0	0	0	81	121	3228	12	12	288	432	1770	0	51	100	120	70	2000	175	30051	0	0	0	0	0	0	1	0	0	1	0	0	0	-10	0	0	0	0	-50	0	0	0	0	0	1	0	0	0	0	0	1.0	0	0	13434828	70106	0	0	0	0	0	0	0	0	0	0	0	0	0	0	0	0	0	0	0	0.0
705	mistik_cellat	S_PAWN	MONSTER	POWER	48	100			0	MILGYO		0	milgyo_executor	0	61	31	46	15	0	0	0	0	76	141	2769	8	7	228	343	1158	0	55	100	120	70	2000	175	30079	0	0	0	0	0	0	1	0	0	-5	0	1	1	0	0	0	0	0	-60	0	0	0	0	0	1	0	0	0	0	0	1.0	0	0	13434828	70105	0	0	0	0	0	0	0	0	0	0	0	0	0	0	0	0	0	0	0	0.0
706	karanlik_iskenceci	S_KNIGHT	MONSTER	MELEE	49	100			0	MILGYO		0	milgyo_monster1	0	62	47	31	16	0	0	0	0	99	121	5959	8	12	349	524	3940	0	56	100	100	70	2000	175	30047	0	0	0	0	0	0	1	1	0	-15	0	0	0	1	0	0	0	1	-40	0	0	0	0	0	1	0	0	0	0	0	2.0	0	0	13434828	0	0	0	0	0	0	0	0	0	0	0	0	0	0	0	0	0	0	0	0	0.0
707	karanlik_haberci	S_KNIGHT	MONSTER	MAGIC	51	100			0	MILGYO		0	milgyo_monster2	0	65	48	32	16	0	0	0	0	103	125	6353	8	12	364	546	4100	0	58	100	100	70	2000	175	30078	0	0	0	0	0	0	1	1	-5	0	-5	0	0	1	0	0	0	1	-40	0	0	0	0	0	1	0	0	0	0	0	2.0	0	0	13434828	0	0	0	0	0	0	0	0	0	0	0	0	0	0	0	0	0	0	0	0	0.0
731	kibirli_karanlik_fanatik	PAWN	MONSTER	MELEE	52	100			0	MILGYO	TERROR	0	milgyo_religionist	0	67	50	34	17	0	0	0	0	106	130	2621	8	7	154	231	1045	0	59	100	120	100	2000	175	0	0	0	0	0	0	5	5	0	0	0	1	0	0	-10	0	0	0	0	-70	0	0	0	0	0	1	0	0	0	0	0	1.0	0	0	16764159	70104	0	0	0	0	0	0	0	0	0	0	0	0	0	0	0	0	0	0	0	0.0
732	kibirli_karanlik_arahan	S_PAWN	MONSTER	MELEE	53	100			0	MILGYO	TERROR	0	milgyo_nahan1	0	68	50	34	17	0	0	0	0	107	144	3245	8	7	250	375	1278	0	60	100	120	100	2000	175	0	0	0	0	0	0	5	5	0	0	1	0	0	0	0	0	0	0	0	-60	0	0	0	0	0	1	0	0	0	0	0	1.0	0	0	16764159	70105	0	0	0	0	0	0	0	0	0	0	0	0	0	0	0	0	0	0	0	0.0
733	kibirli_karanlik_savasci	S_PAWN	MONSTER	MELEE	54	100			0	MILGYO	TERROR	0	milgyo_nahan2	0	69	52	35	17	0	0	0	0	109	134	3345	8	7	255	382	1302	0	62	100	120	100	2000	175	30079	0	0	0	0	0	5	5	0	0	0	1	0	0	-10	0	0	0	0	-60	0	0	0	0	0	1	0	0	0	0	0	1.0	0	0	16764159	70105	0	0	0	0	0	0	0	0	0	0	0	0	0	0	0	0	0	0	0	0.0
734	kibirli_karanlik_albay	KNIGHT	MONSTER	TANKER	54	100			0	MILGYO	TERROR	0	milgyo_nahan_general	0	69	52	35	17	0	0	0	0	110	146	4460	12	12	349	524	2170	0	62	100	120	100	2000	175	30079	0	0	0	0	0	5	5	0	0	1	0	0	0	-10	0	0	0	0	-50	0	0	0	0	0	1	0	0	0	0	0	1.0	0	0	16764159	70106	0	0	0	0	0	0	0	0	0	0	0	0	0	0	0	0	0	0	0	0.0
735	kibirli_karanlik_nisanci	S_PAWN	MONSTER	POWER	55	100			0	MILGYO	TERROR	0	milgyo_executor	0	71	53	35	18	0	0	0	0	112	161	3448	8	7	259	388	1326	0	63	100	120	100	2000	175	30080	0	0	0	0	0	5	5	0	0	-5	0	1	1	0	0	0	0	0	-60	0	0	0	0	0	1	0	0	0	0	0	1.0	0	0	16764159	70105	0	0	0	0	0	0	0	0	0	0	0	0	0	0	0	0	0	0	0	0.0
736	elit_mistik_iskenceci	S_KNIGHT	MONSTER	MELEE	56	100			0	MILGYO	TERROR	0	milgyo_monster1	0	72	54	36	18	0	0	0	0	113	138	7400	8	12	397	596	4500	0	64	100	120	100	2000	175	30080	0	0	0	0	0	5	5	1	0	-15	0	0	0	1	0	0	0	1	-40	0	0	0	0	0	1	0	0	0	0	0	2.0	0	0	16764159	0	0	0	0	0	0	0	0	0	0	0	0	0	0	0	0	0	0	0	0	0.0
737	elit_mistik_haberci	S_KNIGHT	MONSTER	MAGIC	57	100			0	MILGYO	TERROR	0	milgyo_monster2	0	73	55	37	18	0	0	0	0	115	140	7620	8	12	404	607	4580	0	65	100	120	100	2000	175	0	0	0	0	0	0	5	5	1	-5	0	-5	0	0	1	0	0	0	1	-40	0	0	0	0	0	1	0	0	0	0	0	2.0	0	0	16764159	0	0	0	0	0	0	0	0	0	0	0	0	0	0	0	0	0	0	0	0	0.0
751	buyuk_fanatik	PAWN	MONSTER	MELEE	35	100			0	MILGYO		0	milgyo_religionist	0	46	35	23	12	0	0	0	0	91	112	1157	8	7	109	164	691	0	41	100	120	70	2000	175	30008	0	0	0	0	0	0	1	0	0	0	1	0	0	-10	0	0	0	0	-70	0	0	0	0	0	1	0	0	0	0	0	1.0	0	0	16764108	70104	0	0	0	0	0	0	0	0	0	0	0	0	0	0	0	0	0	0	0	0.0
752	buyuk_arahan	S_PAWN	MONSTER	MELEE	38	100			0	MILGYO		0	milgyo_nahan1	0	50	37	25	12	0	0	0	0	86	130	1560	8	7	184	277	771	0	44	100	120	70	2000	175	30078	0	0	0	0	0	0	1	0	0	1	0	0	0	0	0	0	0	0	-60	0	0	0	0	0	1	0	0	0	0	0	1.0	0	0	16764108	70105	0	0	0	0	0	0	0	0	0	0	0	0	0	0	0	0	0	0	0	0.0
753	buyuk_arahan_savascisi	S_PAWN	MONSTER	MELEE	41	100			0	MILGYO		0	milgyo_nahan2	0	53	40	27	13	0	0	0	0	120	138	1742	8	7	197	296	832	0	47	100	100	70	2000	175	0	0	0	0	0	0	5	1	0	0	0	1	0	0	-10	0	0	0	0	-60	0	0	0	0	0	1	0	0	0	0	0	1.0	0	0	16764108	70105	0	0	0	0	0	0	0	0	0	0	0	0	0	0	0	0	0	0	0	0.0
754	buyuk_elit_arahan	KNIGHT	MONSTER	TANKER	44	100			0	MILGYO		0	milgyo_nahan_general	0	50	42	30	14	0	0	0	0	97	145	2582	12	12	288	432	1239	0	51	100	120	70	2000	175	30051	0	0	0	0	0	0	1	0	0	1	0	0	0	-10	0	0	0	0	-50	0	0	0	0	0	1	0	0	0	0	0	1.0	0	0	16764108	70106	0	0	0	0	0	0	0	0	0	0	0	0	0	0	0	0	0	0	0	0.0
755	buyuk_cellat	S_PAWN	MONSTER	POWER	48	100			0	MILGYO		0	milgyo_executor	0	61	31	46	15	0	0	0	0	91	169	2215	8	7	228	343	811	0	55	100	120	70	2000	175	30079	0	0	0	0	0	0	1	0	0	-5	0	1	1	0	0	0	0	0	-60	0	0	0	0	0	1	0	0	0	0	0	1.0	0	0	16764108	70105	0	0	0	0	0	0	0	0	0	0	0	0	0	0	0	0	0	0	0	0.0
756	buyuk_iskenceci	S_KNIGHT	MONSTER	MELEE	49	100			0	MILGYO		0	milgyo_monster1	0	62	47	31	16	0	0	0	0	119	145	4767	8	12	349	524	2758	0	56	100	100	70	2000	175	30047	0	0	0	0	0	0	1	1	0	-15	0	0	0	1	0	0	0	1	-40	0	0	0	0	0	1	0	0	0	0	0	2.0	0	0	16764108	0	0	0	0	0	0	0	0	0	0	0	0	0	0	0	0	0	0	0	0	0.0
757	buyuk_haberci	S_KNIGHT	MONSTER	MAGIC	51	100			0	MILGYO		0	milgyo_monster2	0	65	48	32	16	0	0	0	0	124	150	5082	8	12	364	546	2870	0	58	100	100	70	2000	175	30078	0	0	0	0	0	0	1	1	-5	0	-5	0	0	1	0	0	0	1	-40	0	0	0	0	0	1	0	0	0	0	0	2.0	0	0	16764108	0	0	0	0	0	0	0	0	0	0	0	0	0	0	0	0	0	0	0	0	0.0
771	vahsi_fanatik	PAWN	MONSTER	MELEE	52	100			0	MILGYO	TERROR	0	milgyo_religionist	0	67	50	34	17	0	0	0	0	106	130	2621	8	7	154	231	732	0	59	100	120	100	2000	175	0	0	0	0	0	0	5	5	0	0	0	1	0	0	-10	0	0	0	0	-70	0	0	0	0	0	1	0	0	0	0	0	1.0	0	0	16764108	70104	0	0	0	0	0	0	0	0	0	0	0	0	0	0	0	0	0	0	0	0.0
772	vahsi_arahan	S_PAWN	MONSTER	MELEE	53	100			0	MILGYO	TERROR	0	milgyo_nahan1	0	68	50	34	17	0	0	0	0	107	144	3245	8	7	250	375	895	0	60	100	120	100	2000	175	0	0	0	0	0	0	5	5	0	0	1	0	0	0	0	0	0	0	0	-60	0	0	0	0	0	1	0	0	0	0	0	1.0	0	0	16764108	70105	0	0	0	0	0	0	0	0	0	0	0	0	0	0	0	0	0	0	0	0.0
773	vahsi_arahan_savascisi	S_PAWN	MONSTER	MELEE	54	100			0	MILGYO	TERROR	0	milgyo_nahan2	0	69	52	35	17	0	0	0	0	109	134	3345	8	7	255	382	911	0	62	100	120	100	2000	175	30079	0	0	0	0	0	5	5	0	0	0	1	0	0	-10	0	0	0	0	-60	0	0	0	0	0	1	0	0	0	0	0	1.0	0	0	16764108	70105	0	0	0	0	0	0	0	0	0	0	0	0	0	0	0	0	0	0	0	0.0
774	vahsi_arahan_reisi	KNIGHT	MONSTER	TANKER	54	100			0	MILGYO	TERROR	0	milgyo_nahan_general	0	69	52	35	17	0	0	0	0	110	146	4460	12	12	349	524	1519	0	62	100	120	100	2000	175	30079	0	0	0	0	0	5	5	0	0	1	0	0	0	-10	0	0	0	0	-50	0	0	0	0	0	1	0	0	0	0	0	1.0	0	0	16764108	70106	0	0	0	0	0	0	0	0	0	0	0	0	0	0	0	0	0	0	0	0.0
775	vahsi_cellat	S_PAWN	MONSTER	POWER	55	100			0	MILGYO	TERROR	0	milgyo_executor	0	71	53	35	18	0	0	0	0	112	161	3448	8	7	259	388	928	0	63	100	120	100	2000	175	30080	0	0	0	0	0	5	5	0	0	-5	0	1	1	0	0	0	0	0	-60	0	0	0	0	0	1	0	0	0	0	0	1.0	0	0	16764108	70105	0	0	0	0	0	0	0	0	0	0	0	0	0	0	0	0	0	0	0	0.0
776	vahsi_iskenceci	S_KNIGHT	MONSTER	MELEE	56	100			0	MILGYO	TERROR	0	milgyo_monster1	0	72	54	36	18	0	0	0	0	113	138	7400	8	12	397	596	3150	0	64	100	120	100	2000	175	30080	0	0	0	0	0	5	5	1	0	-15	0	0	0	1	0	0	0	1	-40	0	0	0	0	0	1	0	0	0	0	0	2.0	0	0	16764108	0	0	0	0	0	0	0	0	0	0	0	0	0	0	0	0	0	0	0	0	0.0
777	vahsi_haberci	S_KNIGHT	MONSTER	MAGIC	57	100			0	MILGYO	TERROR	0	milgyo_monster2	0	73	55	37	18	0	0	0	0	115	140	7620	8	12	404	607	3206	0	65	100	120	100	2000	175	0	0	0	0	0	0	5	5	1	-5	0	-5	0	0	1	0	0	0	1	-40	0	0	0	0	0	1	0	0	0	0	0	2.0	0	0	16764108	0	0	0	0	0	0	0	0	0	0	0	0	0	0	0	0	0	0	0	0	0.0
791	karanlik_lider	BOSS	MONSTER	MELEE	54	100		STONESKIN	0	MILGYO	STUN,SLOW,CURSE,TERROR	0	milgyo_founder	0	54	34	51	17	0	0	0	0	83	154	101360	19	22	664	996	17360	0	62	150	170	100	2000	175	0	792	0	0	0	0	0	0	0	0	0	0	0	0	0	0	0	0	50	-30	0	0	0	0	0	1	0	0	0	0	0	2.0	0	0	0	0	20	257	20	258	0	0	0	0	0	0	0	0	0	0	0	0	0	0	0	0.0
792	karanlik_hayalet_lider	KING	MONSTER	MELEE	62	100		AGGR	0	MILGYO	STUN,SLOW,CURSE,TERROR	0	milgyo_founder	0	77	38	57	19	0	0	0	0	93	173	319600	19	27	760	1140	149400	0	70	100	120	100	2000	175	0	0	0	0	0	0	0	0	0	0	0	0	0	0	0	0	0	0	90	-20	0	0	0	0	0	1	0	0	0	0	0	2.0	0	0	16756141	0	35	257	35	258	0	0	0	0	0	0	0	0	0	0	0	0	0	0	0	0.0
793	elit_karanlik_lider	BOSS	MONSTER	RANGE	54	100		AGGR	0	MILGYO	STUN,SLOW,CURSE,TERROR	0	milgyo_founder	0	69	52	35	17	0	0	0	0	83	154	101360	20	20	664	996	8680	0	62	160	200	100	2000	650	0	0	0	0	0	0	10	5	40	40	35	40	40	40	40	35	0	0	60	-30	0	0	0	0	0	1	0	0	0	0	0	0.0	736	0	0	0	35	257	35	258	0	0	0	0	0	0	0	0	0	0	0	0	0	0	0	0.0
794	elit_karan.hayalet_lider	KING	MONSTER	RANGE	62	100		AGGR	0	MILGYO	STUN,SLOW,CURSE,TERROR	0	milgyo_founder	0	77	38	57	19	0	0	0	0	93	173	319600	20	25	760	1140	74700	0	70	110	200	100	2000	650	0	0	0	0	0	0	10	5	40	40	35	40	40	40	40	35	0	0	60	-20	0	0	0	0	0	1	0	0	0	0	0	0.0	737	0	16756141	0	40	257	40	258	0	0	0	0	0	0	0	0	0	0	0	0	0	0	0	0.0
795	elit_savasci	KING	MONSTER	MELEE	97	100		AGGR,BERSERK,STONESKIN,DEATHBLOW,REVIVE	0	MILGYO	STUN,SLOW,CURSE,TERROR	0	milgyo_founder	0	122	91	61	30	0	0	0	0	150	278	2568600	30	20	23400	35100	356400	0	90	150	160	100	2000	350	0	0	0	0	0	0	15	20	50	30	25	30	30	30	50	25	0	0	50	-20	20	20	0	0	0	1	0	0	0	0	0	2.0	2414	10	0	0	35	257	35	258	0	0	0	0	0	0	0	0	0	0	0	0	0	0	0	0.0
796	elit_mistik_savasci	KING	MONSTER	MELEE	97	100		AGGR,BERSERK,STONESKIN,DEATHBLOW,REVIVE	0	MILGYO	STUN,SLOW,CURSE,TERROR	0	milgyo_founder	0	122	91	61	30	0	0	0	0	150	278	2568600	30	20	23400	35100	356400	0	90	150	160	100	2000	350	0	0	0	0	0	0	15	20	50	30	25	30	30	30	50	25	0	0	50	-20	20	20	0	0	0	1	0	0	0	0	0	2.0	2414	10	16756141	0	40	257	40	258	0	0	0	0	0	0	0	0	0	0	0	0	0	0	0	0.0
901	zombi	S_PAWN	MONSTER	MELEE	49	100			0	UNDEAD	CURSE	0	misterious_diseased_kid	0	62	31	46	15	0	0	0	0	93	113	2860	8	5	212	318	946	0	56	100	100	90	2000	175	0	0	1	1	1	1	0	5	0	0	0	0	0	0	-20	0	0	0	0	0	10	0	0	0	0	0	0	0	0	0	0	1.0	0	0	0	70105	0	0	0	0	0	0	0	0	0	0	0	0	0	0	0	0	0	0	0	0.0
902	hastalikli_kopek	S_PAWN	MONSTER	MELEE	51	100			0	UNDEAD	CURSE	0	misterious_diseased_dog	0	65	32	48	16	0	0	0	0	95	117	3049	8	7	220	330	984	0	58	100	100	100	2000	175	30009	0	1	1	1	1	0	10	0	0	0	1	0	0	0	0	0	0	0	0	10	0	0	0	0	0	0	0	0	0	0	1.0	0	0	0	70105	0	0	0	0	0	0	0	0	0	0	0	0	0	0	0	0	0	0	0	0.0
903	hastalikli_adam	S_PAWN	MONSTER	MELEE	53	100			0	UNDEAD	CURSE	0	misterious_diseased_infector	0	67	34	50	17	0	0	0	0	97	119	3245	8	7	228	342	1022	0	60	100	100	100	2000	175	30083	0	1	1	1	1	0	5	0	0	0	0	0	0	-15	0	0	0	0	0	10	0	0	0	0	0	0	0	0	0	0	1.0	0	0	0	70105	0	0	0	0	0	0	0	0	0	0	0	0	0	0	0	0	0	0	0	0.0
904	hast._kilic_savascisi	KNIGHT	MONSTER	MELEE	55	100			0	UNDEAD	CURSE	0	misterious_diseased_sword	0	69	35	52	17	0	0	0	0	100	123	4597	9	12	324	486	1768	0	63	100	100	100	2000	175	30039	0	1	1	1	1	0	5	0	0	0	0	0	0	-20	0	0	0	0	0	10	0	0	0	0	0	0	0	0	0	0	1.0	0	0	0	70106	0	0	0	0	0	0	0	0	0	0	0	0	0	0	0	0	0	0	0	0.0
905	hastalikli_mizrakci	KNIGHT	MONSTER	MELEE	58	100			0	UNDEAD	CURSE	0	misterious_diseased_spear	0	71	35	53	18	0	0	0	0	105	127	5021	8	7	340	511	1864	0	66	100	100	100	2000	175	30085	0	1	1	1	1	0	10	0	-5	0	-15	0	0	0	0	0	0	0	0	10	0	0	0	0	0	0	0	0	0	0	1.0	0	0	0	70106	0	0	0	0	0	0	0	0	0	0	0	0	0	0	0	0	0	0	0	0.0
906	hastalikli_okcu	KNIGHT	MONSTER	RANGE	58	100			0	UNDEAD	CURSE	0	misterious_diseased_bow	0	72	36	26	18	0	0	0	0	96	144	3652	9	12	681	1022	2330	0	66	80	100	100	2000	850	0	0	1	1	1	1	0	10	2	-5	-15	0	0	0	2	0	0	0	0	0	10	0	0	0	0	0	0	0	0	0	0	1.0	0	0	0	0	0	0	0	0	0	0	0	0	0	0	0	0	0	0	0	0	0	0	0	0.0
907	hastalikli_lider	S_KNIGHT	MONSTER	MELEE	59	100			0	UNDEAD	CURSE	0	misterious_diseased_boss	0	72	52	36	18	0	0	0	0	90	158	8077	8	12	396	594	3792	0	67	100	100	100	2000	175	0	0	1	1	1	1	0	10	0	-5	0	-5	-5	-5	-10	0	0	0	0	0	10	0	0	0	0	0	0	0	0	0	0	2.0	0	0	0	70107	0	0	0	0	0	0	0	0	0	0	0	0	0	0	0	0	0	0	0	0.0
931	kizgin_zombi	S_PAWN	MONSTER	MELEE	49	100		AGGR	0	UNDEAD	CURSE	0	misterious_diseased_kid	0	62	31	46	15	0	0	0	0	112	136	2288	8	5	212	318	662	0	56	100	100	90	2000	175	0	0	1	1	1	1	0	5	0	0	0	0	0	0	-20	0	0	0	0	0	10	0	0	0	0	0	0	0	0	0	0	1.0	0	0	16764108	70105	0	0	0	0	0	0	0	0	0	0	0	0	0	0	0	0	0	0	0	0.0
932	kizgin_hastalikli_kopek	S_PAWN	MONSTER	MELEE	51	100		AGGR	0	UNDEAD	CURSE	0	misterious_diseased_dog	0	65	32	48	16	0	0	0	0	114	140	2439	8	7	220	330	689	0	58	100	100	100	2000	175	30009	0	1	1	1	1	0	10	0	0	0	1	0	0	0	0	0	0	0	0	10	0	0	0	0	0	0	0	0	0	0	1.0	0	0	16764108	70105	0	0	0	0	0	0	0	0	0	0	0	0	0	0	0	0	0	0	0	0.0
933	kizgin_hastalikli_adam	S_PAWN	MONSTER	MELEE	53	100		AGGR	0	UNDEAD	CURSE	0	misterious_diseased_infector	0	67	34	50	17	0	0	0	0	116	143	2596	8	7	228	342	716	0	60	100	100	100	2000	175	30083	0	1	1	1	1	0	5	0	0	0	0	0	0	-15	0	0	0	0	0	10	0	0	0	0	0	0	0	0	0	0	1.0	0	0	16764108	70105	0	0	0	0	0	0	0	0	0	0	0	0	0	0	0	0	0	0	0	0.0
934	kizg.hast.kilicsavascisi	KNIGHT	MONSTER	MELEE	55	100		AGGR	0	UNDEAD	CURSE	0	misterious_diseased_sword	0	69	35	52	17	0	0	0	0	120	148	3678	9	12	324	486	1238	0	63	100	100	100	2000	175	30039	0	1	1	1	1	0	5	0	0	0	0	0	0	-20	0	0	0	0	0	10	0	0	0	0	0	0	0	0	0	0	1.0	0	0	16764108	70106	0	0	0	0	0	0	0	0	0	0	0	0	0	0	0	0	0	0	0	0.0
935	kizgin_hastal._mizrakci	KNIGHT	MONSTER	MELEE	58	100		AGGR	0	UNDEAD	CURSE	0	misterious_diseased_spear	0	71	35	53	18	0	0	0	0	126	152	4017	8	7	340	511	1305	0	66	100	100	100	2000	175	30085	0	1	1	1	1	0	10	0	-5	0	-15	0	0	0	0	0	0	0	0	10	0	0	0	0	0	0	0	0	0	0	1.0	0	0	16764108	70106	0	0	0	0	0	0	0	0	0	0	0	0	0	0	0	0	0	0	0	0.0
936	kizgin_hastalikli_okcu	KNIGHT	MONSTER	RANGE	58	100		AGGR	0	UNDEAD	CURSE	0	misterious_diseased_bow	0	72	36	26	18	0	0	0	0	115	173	2921	9	12	681	1022	1631	0	66	80	100	100	2000	850	0	0	1	1	1	1	0	10	2	-5	-15	0	0	0	2	0	0	0	0	0	10	0	0	0	0	0	0	0	0	0	0	1.0	0	0	16764108	0	0	0	0	0	0	0	0	0	0	0	0	0	0	0	0	0	0	0	0	0.0
937	kizgin_hastalikli_lider	S_KNIGHT	MONSTER	MELEE	59	100		AGGR	0	UNDEAD	CURSE	0	misterious_diseased_boss	0	72	52	36	18	0	0	0	0	108	190	6461	8	12	396	594	2654	0	67	100	100	100	2000	175	0	0	1	1	1	1	0	10	0	-5	0	-5	-5	-5	-10	0	0	0	0	0	10	0	0	0	0	0	0	0	0	0	0	2.0	0	0	16764108	70107	0	0	0	0	0	0	0	0	0	0	0	0	0	0	0	0	0	0	0	0.0
991	hastalikli_yumurta	S_KNIGHT	MONSTER	MELEE	59	100		AGGR,NOMOVE	0	UNDEAD	STUN,SLOW,CURSE,TERROR	0	misterious_diseased_egg	0	74	37	55	18	0	0	0	0	115	141	32307	14	22	724	1086	18960	0	67	100	100	100	2000	175	0	992	30	30	3	0	0	0	0	0	0	0	0	0	0	0	0	0	0	0	10	0	0	0	0	0	0	0	0	0	0	2.0	992	0	0	0	0	0	0	0	0	0	0	0	0	0	0	0	0	0	0	0	0	0	0	0.0
992	hastalik_tasiyicisi	S_KNIGHT	MONSTER	MELEE	60	100		AGGR,NOMOVE	0	UNDEAD	STUN,SLOW,CURSE,TERROR	0	misterious_diseased_host	0	75	37	56	19	0	0	0	0	117	143	33242	19	27	736	1104	19280	0	68	100	100	100	2000	175	0	0	30	30	3	0	0	0	0	0	0	0	0	0	0	0	0	0	0	0	10	0	0	0	0	0	0	0	0	0	0	2.0	0	0	0	0	0	0	0	0	0	0	0	0	0	0	0	0	0	0	0	0	0	0	0	0.0
993	dev_hastalik_tasiyicisi	KING	MONSTER	MELEE	61	100		AGGR,NOMOVE	0	UNDEAD	STUN,SLOW,CURSE,TERROR	0	misterious_diseased_bosshost	0	75	38	57	19	0	0	0	0	118	144	341880	24	27	748	1122	147000	0	69	100	100	100	2000	175	0	0	50	50	5	0	0	0	0	0	0	0	0	0	0	0	0	0	0	0	10	10	0	0	0	0	0	0	0	0	0	2.0	991	0	0	0	0	0	0	0	0	0	0	0	0	0	0	0	0	0	0	0	0	0	0	0.0
1001	seytan_askeri	S_PAWN	MONSTER	MELEE	57	100			0	UNDEAD		0	skeleton_soldier_scythe	0	39	75	56	19	0	0	0	0	83	101	2025	4	12	244	366	961	0	45	100	100	99	2000	175	30015	0	3	0	0	0	0	1	0	0	0	0	0	0	-20	0	0	0	0	0	10	0	0	0	0	0	0	1	-60	0	0	1.0	0	0	0	70105	0	0	0	0	0	0	0	0	0	0	0	0	0	0	0	0	0	0	0	0.0
1002	seytan_okcusu	S_PAWN	MONSTER	RANGE	58	100			0	UNDEAD		0	skeleton_soldier_bow	0	44	37	74	19	0	0	0	0	91	111	1761	5	7	496	744	1083	0	51	100	100	99	2000	850	30087	0	3	0	0	0	0	1	20	-5	-20	0	0	0	20	0	0	0	5	0	10	0	0	0	0	0	0	1	-60	0	0	1.0	0	0	0	0	0	0	0	0	0	0	0	0	0	0	0	0	0	0	0	0	0	0	0	0.0
1003	seytan_mizrakcisi	S_PAWN	MONSTER	MELEE	59	100			0	UNDEAD		0	skeleton_soldier_spear	0	64	75	38	19	0	0	0	0	77	142	2860	5	7	252	378	1182	0	56	100	100	99	2000	175	30016	0	3	0	0	0	0	1	0	0	0	-25	0	0	0	0	0	0	0	0	10	0	0	0	0	0	0	1	-60	0	0	1.0	0	0	0	70105	0	0	0	0	0	0	0	0	0	0	0	0	0	0	0	0	0	0	0	0.0
1004	seytan_samani	KNIGHT	MONSTER	MAGIC	60	100			0	UNDEAD		0	skeleton_magician	0	66	57	38	19	0	0	0	0	80	148	4066	9	12	352	528	1640	0	58	100	200	99	2000	850	30086	0	3	0	0	0	0	1	0	-10	-10	-10	-10	-10	-10	0	0	0	0	0	10	0	0	0	0	0	0	1	-50	0	0	1.0	0	0	0	0	0	0	0	0	0	0	0	0	0	0	0	0	0	0	0	0	0	0	0	0.0
1031	cirkin_seytan_askeri	KNIGHT	MONSTER	MELEE	67	100		AGGR	0	UNDEAD	CURSE	0	skeleton_soldier_scythe	0	70	93	34	21	0	0	0	0	132	161	6438	9	12	391	586	2152	0	76	100	100	100	2000	175	0	1061	5	0	0	0	0	1	0	0	0	0	0	0	-20	0	0	0	0	0	10	0	0	0	0	0	0	1	-50	0	0	1.0	0	0	0	70106	0	0	0	0	0	0	0	0	0	0	0	0	0	0	0	0	0	0	0	0.0
1032	cirkin_seytan_okcusu	KNIGHT	MONSTER	RANGE	69	100		AGGR	0	UNDEAD	CURSE	0	skeleton_soldier_bow	0	59	104	20	22	0	0	0	0	120	180	4933	9	12	402	603	2770	0	78	100	100	100	2000	850	0	1062	5	0	0	0	0	1	20	-5	-15	0	0	0	20	0	0	0	0	0	10	0	0	0	0	0	0	1	-50	0	0	1.0	0	0	0	0	0	0	0	0	0	0	0	0	0	0	0	0	0	0	0	0	0	0	0	0.0
1033	cirkin_seytan_mizrakcisi	KNIGHT	MONSTER	MELEE	70	100		AGGR	0	UNDEAD	CURSE	0	skeleton_soldier_spear	0	72	80	44	22	0	0	0	0	137	167	6959	9	12	408	612	2248	0	79	100	100	100	2000	175	0	1063	10	0	0	0	0	1	0	0	0	-20	0	0	0	0	0	0	0	0	10	0	0	0	0	0	0	1	-50	0	0	1.0	0	0	0	70106	0	0	0	0	0	0	0	0	0	0	0	0	0	0	0	0	0	0	0	0.0
1034	cirkin_seytan_samani	KNIGHT	MONSTER	MAGIC	71	100		AGGR	0	UNDEAD	CURSE	0	skeleton_magician	0	45	90	53	26	0	0	0	0	108	200	7133	9	12	413	620	2280	0	80	100	100	100	2000	850	0	1064	10	0	0	0	0	1	20	-5	-10	-5	-15	-5	20	0	0	0	10	0	10	0	0	0	0	0	0	1	-50	0	0	1.0	0	0	0	0	0	0	0	0	0	0	0	0	0	0	0	0	0	0	0	0	0	0	0	0.0
1035	hinc_hayaleti	KNIGHT	MONSTER	MELEE	72	100		AGGR	0	UNDEAD	CURSE	0	spite_ghost	0	46	91	68	23	0	0	0	0	109	203	7309	9	12	419	628	2312	0	81	100	100	100	2000	175	0	1065	15	0	0	0	10	1	0	0	0	0	0	0	-10	0	0	0	0	0	10	0	0	0	0	0	0	1	-50	0	0	1.0	0	0	0	0	0	0	0	0	0	0	0	0	0	0	0	0	0	0	0	0	0	0	0	0.0
1036	kaos_hayaleti	KNIGHT	MONSTER	MAGIC	73	100		AGGR	0	UNDEAD	CURSE	0	chaos_ghost	0	55	92	69	23	0	0	0	0	110	205	7484	9	12	424	637	2344	0	82	100	100	100	2000	850	0	1066	15	0	0	0	0	1	25	-10	-5	-15	-5	-10	25	0	0	0	15	0	10	0	0	0	0	0	0	1	-50	0	0	1.0	0	0	0	0	0	0	0	0	0	0	0	0	0	0	0	0	0	0	0	0	0	0	0	0.0
1037	cirkin_seytan_lideri	S_KNIGHT	MONSTER	MELEE	71	100		AGGR	0	UNDEAD	CURSE	0	skeleton_general	0	81	45	73	22	0	0	0	0	108	200	11146	4	12	527	790	4560	0	80	100	100	100	2000	175	0	1067	20	5	0	0	0	1	0	0	0	5	5	0	-15	0	0	0	0	0	10	0	0	0	0	0	0	1	-40	0	0	2.0	0	0	0	0	0	0	0	0	0	0	0	0	0	0	0	0	0	0	0	0	0	0	0	0.0
1038	kafatasi_kilic_ustasi	S_KNIGHT	MONSTER	MELEE	72	100		AGGR	0	UNDEAD	CURSE	0	skeleton_bigboss	0	99	36	54	23	0	0	0	0	109	203	11421	4	12	534	801	4624	0	81	100	100	100	2000	175	0	1068	20	5	0	0	0	1	0	0	5	0	0	5	-15	0	0	0	0	0	10	0	0	0	0	0	0	1	-40	0	0	2.0	0	0	0	0	0	0	0	0	0	0	0	0	0	0	0	0	0	0	0	0	0	0	0	0.0
1039	ucan_kafatasi	S_KNIGHT	MONSTER	MAGIC	73	100		AGGR	0	UNDEAD	CURSE	0	skeleton_wizard	0	69	92	46	23	0	0	0	0	142	174	11693	4	12	541	812	4688	0	82	100	100	100	2000	850	0	1069	20	5	0	0	0	1	25	-15	-10	-5	-10	-15	25	0	0	0	20	0	10	0	0	0	0	0	0	1	-40	0	0	2.0	0	0	0	0	0	0	0	0	0	0	0	0	0	0	0	0	0	0	0	0	0	0	0	0.0
1040	olumsuz_hayalet	S_KNIGHT	MONSTER	MELEE	74	100		AGGR	0	UNDEAD	CURSE	0	immotal_ghost	0	49	93	61	23	0	0	0	0	144	176	11968	4	12	548	823	4752	0	83	100	100	100	2000	175	0	1070	20	5	0	0	0	1	0	10	5	10	10	10	-10	0	0	0	0	0	10	0	0	0	0	0	0	1	-40	0	0	2.0	0	0	0	0	0	0	0	0	0	0	0	0	0	0	0	0	0	0	0	0	0	0	0	0.0
1041	seytani_canavar	S_KNIGHT	MONSTER	MAGIC	75	100		AGGR	0	UNDEAD	CURSE	0	recycle_monster	0	37	71	100	24	0	0	0	0	145	178	12240	4	12	556	834	4816	0	84	100	100	100	2000	850	0	1071	20	5	0	0	0	1	30	-10	-15	-10	-15	-10	30	0	0	0	25	0	10	0	0	0	0	0	0	1	-40	0	0	2.0	0	0	0	70107	0	0	0	0	0	0	0	0	0	0	0	0	0	0	0	0	0	0	0	0.0
1061	olumcul_seytan_askeri	KNIGHT	MONSTER	MELEE	67	100		AGGR	0	UNDEAD	STUN,SLOW,CURSE	0	skeleton_soldier_scythe	0	64	85	43	21	0	0	0	0	132	161	6438	9	12	391	586	2152	0	76	100	100	100	2000	175	0	0	5	0	0	0	0	1	0	0	0	0	0	0	-20	0	0	0	0	0	10	0	0	0	0	0	0	1	-50	0	0	1.0	0	0	14522777	70106	0	0	0	0	0	0	0	0	0	0	0	0	0	0	0	0	0	0	0	0.0
1062	olumcul_seytan_okcusu	KNIGHT	MONSTER	RANGE	69	100		AGGR	0	UNDEAD	STUN,SLOW,CURSE	0	skeleton_soldier_bow	0	66	87	22	22	0	0	0	0	120	180	4933	9	12	402	603	2770	0	78	100	100	100	2000	850	0	0	5	0	0	0	0	1	20	-5	-15	0	0	0	20	0	0	0	0	0	10	0	0	0	0	0	0	1	-50	0	0	1.0	0	0	14522777	0	0	0	0	0	0	0	0	0	0	0	0	0	0	0	0	0	0	0	0	0.0
1063	olumcul_seytanmizrakcisi	KNIGHT	MONSTER	MELEE	70	100		AGGR	0	UNDEAD	STUN,SLOW,CURSE	0	skeleton_soldier_spear	0	66	89	44	22	0	0	0	0	137	167	6959	9	12	408	612	2248	0	79	100	100	100	2000	175	0	0	10	0	0	0	0	1	0	0	0	-20	0	0	0	0	0	0	0	0	10	0	0	0	0	0	0	1	-50	0	0	1.0	0	0	14522777	70106	0	0	0	0	0	0	0	0	0	0	0	0	0	0	0	0	0	0	0	0.0
1064	olumcul_seytan_samani	KNIGHT	MONSTER	MAGIC	71	100		AGGR	0	UNDEAD	STUN,SLOW,CURSE	0	skeleton_magician	0	45	90	67	22	0	0	0	0	108	200	7133	9	12	413	620	2280	0	80	100	100	100	2000	850	0	0	10	0	0	0	0	1	20	-5	-10	-5	-15	-5	20	0	0	0	10	0	10	0	0	0	0	0	0	1	-50	0	0	1.0	0	0	14522777	0	0	0	0	0	0	0	0	0	0	0	0	0	0	0	0	0	0	0	0	0.0
1065	olumcul_hinc_hayaleti	KNIGHT	MONSTER	MELEE	72	100		AGGR	0	UNDEAD	STUN,SLOW,CURSE	0	spite_ghost	0	46	91	68	23	0	0	0	0	109	203	7309	9	12	419	628	2312	0	81	100	100	100	2000	175	0	0	15	0	0	0	0	1	0	0	0	0	0	0	-10	0	0	0	0	0	10	0	0	0	0	0	0	1	-50	0	0	1.0	0	0	14522777	0	0	0	0	0	0	0	0	0	0	0	0	0	0	0	0	0	0	0	0	0.0
1066	olumcul_kaos_hayaleti	KNIGHT	MONSTER	MAGIC	73	100		AGGR	0	UNDEAD	STUN,SLOW,CURSE	0	chaos_ghost	0	46	92	69	23	0	0	0	0	110	205	7484	9	12	424	637	2344	0	82	100	100	100	2000	850	0	0	15	0	0	0	0	1	25	-10	-5	-15	-5	-10	25	0	0	0	15	0	10	0	0	0	0	0	0	1	-50	0	0	1.0	0	0	14522777	0	0	0	0	0	0	0	0	0	0	0	0	0	0	0	0	0	0	0	0	0.0
1067	olumcul_seytan_lideri	S_KNIGHT	MONSTER	MELEE	71	100		AGGR	0	UNDEAD	STUN,SLOW,CURSE	0	skeleton_general	0	90	45	67	22	0	0	0	0	108	200	11146	4	12	527	790	4560	0	80	100	100	100	2000	175	0	0	20	5	0	0	0	1	0	0	0	5	5	0	-15	0	0	0	0	0	10	0	0	0	0	0	0	1	-40	0	0	2.0	0	0	14522777	0	0	0	0	0	0	0	0	0	0	0	0	0	0	0	0	0	0	0	0	0.0
1068	hayalet_kilic_ustasi	S_KNIGHT	MONSTER	MELEE	72	100		AGGR	0	UNDEAD	STUN,SLOW,CURSE	0	skeleton_bigboss	0	91	46	68	23	0	0	0	0	109	203	11421	4	12	534	801	4624	0	81	100	100	100	2000	175	0	0	20	5	0	0	0	1	0	0	5	0	0	5	-15	0	0	0	0	0	10	0	0	0	0	0	0	1	-40	0	0	2.0	0	0	14522777	0	0	0	0	0	0	0	0	0	0	0	0	0	0	0	0	0	0	0	0	0.0
1069	olumcul_ucan_kafatasi	S_KNIGHT	MONSTER	MAGIC	73	100		AGGR	0	UNDEAD	STUN,SLOW,CURSE	0	skeleton_wizard	0	69	92	46	23	0	0	0	0	142	174	11693	4	12	541	812	4688	0	82	100	100	100	2000	850	0	0	20	5	0	0	0	1	25	-15	-10	-5	-10	-15	25	0	0	0	20	0	10	0	0	0	0	0	0	1	-40	0	0	2.0	0	0	14522777	0	0	0	0	0	0	0	0	0	0	0	0	0	0	0	0	0	0	0	0	0.0
1070	olumsuz_hayalet	S_KNIGHT	MONSTER	MELEE	74	100		AGGR	0	UNDEAD	STUN,SLOW,CURSE	0	immotal_ghost	0	70	93	47	23	0	0	0	0	144	176	11968	4	12	548	823	4752	0	83	100	100	100	2000	175	0	0	20	5	0	0	0	1	0	10	5	10	10	10	-10	0	0	0	0	0	10	0	0	0	0	0	0	1	-40	0	0	2.0	0	0	14522777	0	0	0	0	0	0	0	0	0	0	0	0	0	0	0	0	0	0	0	0	0.0
1071	seytani_canavar	S_KNIGHT	MONSTER	MAGIC	75	100		AGGR	0	UNDEAD	STUN,SLOW,CURSE	0	recycle_monster	0	47	71	95	24	0	0	0	0	145	178	12240	4	12	556	834	4816	0	84	100	100	100	2000	850	0	0	20	5	0	0	0	1	30	-10	-15	-10	-15	-10	30	0	0	0	25	0	10	0	0	0	0	0	0	1	-40	0	0	2.0	0	0	14522777	70107	0	0	0	0	0	0	0	0	0	0	0	0	0	0	0	0	0	0	0	0.0
1091	seytan_krali	BOSS	MONSTER	MELEE	75	100		AGGR	0	UNDEAD	STUN,SLOW,CURSE,TERROR	0	skeleton_king	0	93	70	47	23	0	0	0	0	112	208	24481	14	22	916	1374	12040	0	84	100	100	100	2000	175	0	0	30	10	0	0	0	1	30	0	0	0	-20	-20	30	0	0	0	30	0	10	10	0	0	0	0	0	1	-30	0	0	2.0	1039	10	0	0	25	256	0	0	0	0	0	0	0	0	0	0	0	0	0	0	0	0	0	0.0
1092	kibirli_seytan_krali	BOSS	MONSTER	MELEE	75	100		AGGR	0	UNDEAD	STUN,SLOW,CURSE,TERROR	0	skeleton_king	0	93	70	47	23	0	0	0	0	112	208	48961	9	12	916	1374	24080	0	84	100	100	100	2000	175	0	0	30	10	0	0	0	1	30	0	0	0	-20	-20	30	0	0	0	30	0	10	10	0	0	0	0	0	1	-30	0	0	2.0	0	0	16756141	0	25	256	0	0	0	0	0	0	0	0	0	0	0	0	0	0	0	0	0	0.0
1093	lusifer	KING	MONSTER	MELEE	78	100		AGGR	0	UNDEAD	STUN,SLOW,CURSE,TERROR	0	skeleton_god	0	97	73	49	24	0	0	0	0	116	215	522500	9	12	952	1428	187800	0	87	100	100	100	2000	175	0	0	50	10	0	0	0	1	50	0	0	0	-20	-20	50	0	0	0	60	0	10	10	0	0	0	0	0	1	-20	0	0	2.0	0	0	0	0	10	259	40	260	0	0	0	0	0	0	0	0	0	0	0	0	0	0	0	0.0
1094	elit_cirkin_seytan_krali	KING	MONSTER	MELEE	97	100		AGGR,BERSERK,STONESKIN,DEATHBLOW,REVIVE	0	DEVIL	STUN,SLOW,CURSE,TERROR	0	skeleton_king	0	122	91	61	30	0	0	0	0	150	278	2568600	30	20	23400	35100	356400	0	90	150	160	100	2000	350	0	0	0	0	0	0	15	20	50	30	25	30	30	30	50	25	0	0	50	0	20	20	0	0	0	0	0	1	-30	0	0	2.0	2414	10	16756141	0	30	256	0	0	0	0	0	0	0	0	0	0	0	0	0	0	0	0	0	0.0
1095	mavi_olum	KING	MONSTER	MELEE	97	100		AGGR,BERSERK,STONESKIN,DEATHBLOW,REVIVE	0	UNDEAD	STUN,SLOW,CURSE,TERROR	0	skeleton_god	0	122	91	61	30	0	0	0	0	150	278	2568600	30	20	23400	35100	356400	0	90	150	160	100	2000	350	0	0	0	0	0	0	15	20	50	30	25	30	30	30	50	25	0	0	50	0	20	20	0	0	0	0	0	1	-20	0	0	2.0	2414	10	0	0	10	259	40	260	0	0	0	0	0	0	0	0	0	0	0	0	0	0	0	0.0
1096	áø»c±í¿õ	BOSS	MONSTER	MELEE	75	100		AGGR	0	UNDEAD	STUN,SLOW,CURSE,TERROR	0	skeleton_king	0	93	70	47	23	0	0	0	0	112	208	48961	9	12	916	1374	24080	0	84	100	100	100	2000	175	0	0	30	10	0	0	0	1	30	0	0	0	-20	-20	30	0	0	0	30	0	10	10	0	0	0	0	0	1	-30	0	0	2.0	0	0	16756141	0	25	256	0	0	0	0	0	0	0	0	0	0	0	0	0	0	0	0	0	0.0
1101	buyulu_buz	S_PAWN	MONSTER	MAGIC	62	100			0			0	ice_snow_monster	0	60	80	40	20	0	0	0	0	96	178	4602	3	7	250	375	1315	0	70	80	100	100	2000	850	30048	0	0	10	0	0	0	2	0	0	-5	0	5	5	-5	0	0	0	0	0	1	0	0	0	1	0	0	0	0	-60	0	1.0	0	0	0	0	0	0	0	0	0	0	0	0	0	0	0	0	0	0	0	0	0	0	0	0.0
1102	buz_katil_balinasi	S_PAWN	MONSTER	MELEE	63	100			0			0	ice_snow_whale	0	61	81	40	20	0	0	0	0	125	153	4730	3	7	254	381	1336	0	71	90	100	100	2000	175	30049	0	0	10	0	0	0	2	0	-5	0	-5	5	5	0	0	0	0	0	0	1	0	0	0	1	0	0	0	0	-60	0	1.0	0	0	0	70105	0	0	0	0	0	0	0	0	0	0	0	0	0	0	0	0	0	0	0	0.0
1103	buz_bocegi	S_PAWN	MONSTER	MELEE	64	100			0			0	ice_snow_insect	0	61	81	41	20	0	0	0	0	98	183	4861	3	7	263	394	1357	0	72	100	100	100	2000	175	30088	0	0	15	0	0	0	2	10	5	-10	0	0	0	10	0	0	0	0	0	1	0	0	0	1	0	0	0	0	-60	0	1.0	0	0	0	70105	0	0	0	0	0	0	0	0	0	0	0	0	0	0	0	0	0	0	0	0.0
1104	buz_arslani	KNIGHT	MONSTER	MELEE	64	100			0		STUN,SLOW	0	ice_snow_dog	0	62	82	41	20	0	0	0	0	98	183	6482	6	12	362	543	2262	0	72	100	100	100	2000	175	30014	0	0	15	0	0	0	2	0	0	-5	5	0	0	-5	0	0	0	0	0	1	0	0	0	1	0	0	0	0	-50	0	1.0	0	0	0	70106	0	0	0	0	0	0	0	0	0	0	0	0	0	0	0	0	0	0	0	0.0
1105	buz_adam	KNIGHT	MONSTER	MELEE	65	100			0		STUN,SLOW	0	ice_snow_man	0	83	41	62	21	0	0	0	0	128	157	6660	6	12	368	552	2297	0	73	80	100	100	2000	175	30089	0	0	20	0	0	0	2	5	10	-15	-5	0	0	5	0	0	0	0	0	1	0	0	0	1	0	0	0	0	-50	0	1.0	0	0	0	70106	0	0	0	0	0	0	0	0	0	0	0	0	0	0	0	0	0	0	0	0.0
1106	yeti	KNIGHT	MONSTER	MELEE	66	100			0		STUN,SLOW	0	ice_snow_giant_man	0	84	63	42	21	0	0	0	0	101	188	6839	3	7	373	560	2332	0	75	70	100	100	2000	175	30090	0	0	20	0	0	0	2	0	5	-5	0	0	0	-10	0	0	0	0	0	1	0	0	0	1	0	0	0	0	-50	0	1.0	0	0	0	70106	0	0	0	0	0	0	0	0	0	0	0	0	0	0	0	0	0	0	0	0.0
1107	buz_golemi	S_KNIGHT	MONSTER	MELEE	66	100			0		STUN,SLOW	0	ice_snow_golem	0	99	97	42	21	0	0	0	0	101	188	10686	3	12	476	714	4664	0	75	60	100	100	2000	175	30050	0	0	20	0	0	0	2	20	-5	-10	-5	0	0	20	0	0	0	0	0	1	0	0	0	1	0	0	0	0	-40	0	2.0	0	0	0	70107	0	0	0	0	0	0	0	0	0	0	0	0	0	0	0	0	0	0	0	0.0
1108	buz_golemi	S_KNIGHT	MONSTER	MELEE	66	100			0		STUN,SLOW	0	ice_snow_golem	0	99	97	42	21	0	0	0	0	101	188	10686	3	12	0	0	0	0	75	60	100	100	2000	175	30050	0	0	20	0	0	0	2	20	-5	-10	-5	0	0	20	0	0	0	0	0	1	0	0	0	1	0	0	0	0	-50	0	2.0	0	0	0	0	0	0	0	0	0	0	0	0	0	0	0	0	0	0	0	0	0	0	0	0.0
1131	yeralti_buz_parcasi	S_PAWN	MONSTER	MAGIC	81	100		AGGR	0			0	ice_snow_monster	0	78	104	52	20	0	0	0	0	198	278	8285	7	10	522	783	5260	0	70	75	100	100	2000	650	30048	0	0	10	0	0	0	2	30	15	10	15	15	15	30	0	0	0	0	0	1	0	0	0	1	0	0	0	0	-60	0	2.0	0	0	0	0	0	0	0	0	0	0	0	0	0	0	0	0	0	0	0	0	0	0	0	0.0
1132	yeralti_buzkatilbalinasi	S_PAWN	MONSTER	MELEE	81	100		AGGR	0			0	ice_snow_whale	0	79	105	52	20	0	0	0	0	156	195	8514	7	10	529	796	5344	0	71	110	100	100	2000	150	30049	0	0	10	0	0	0	2	0	15	10	15	15	15	0	0	0	0	0	0	1	0	0	0	1	0	0	0	0	-60	0	2.0	0	0	0	70105	0	0	0	0	0	0	0	0	0	0	0	0	0	0	0	0	0	0	0	0.0
1133	yeralti_buz_bocegi	S_PAWN	MONSTER	MELEE	82	100		AGGR	0			0	ice_snow_insect	0	79	105	53	20	0	0	0	0	176	233	8751	6	10	587	880	5428	0	72	110	100	100	2000	150	30088	0	0	15	0	0	0	2	0	15	10	15	15	15	0	0	0	0	0	0	1	0	0	0	1	0	0	0	0	-60	0	2.0	0	0	0	70105	0	0	0	0	0	0	0	0	0	0	0	0	0	0	0	0	0	0	0	0.0
1134	yeralti_buz_aslani	KNIGHT	MONSTER	MELEE	83	100		AGGR	0		STUN,SLOW	0	ice_snow_dog	0	81	107	53	20	0	0	0	0	176	205	13167	6	15	875	1314	9048	0	72	110	100	100	2000	150	30014	0	0	15	0	0	0	2	0	15	10	15	15	15	0	0	0	0	0	0	1	0	0	0	1	0	0	0	0	-50	0	2.0	0	0	0	70106	0	0	0	0	0	0	0	0	0	0	0	0	0	0	0	0	0	0	0	0.0
1135	yeralti_buz_adami	KNIGHT	MONSTER	MELEE	83	100		AGGR	0		STUN,SLOW	0	ice_snow_man	0	108	53	81	21	0	0	0	0	140	253	11990	12	10	889	1334	9188	0	73	90	100	100	2000	150	30089	0	0	20	0	0	0	2	0	15	10	15	15	15	0	0	0	0	0	0	1	0	0	0	1	0	0	0	0	-50	0	2.0	0	0	0	70106	0	0	0	0	0	0	0	0	0	0	0	0	0	0	0	0	0	0	0	0.0
1136	yeralti_yetisi	KNIGHT	MONSTER	MELEE	84	100		AGGR	0		STUN,SLOW	0	ice_snow_giant_man	0	109	82	55	21	0	0	0	0	175	216	12311	6	10	902	1352	9328	0	75	80	100	100	2000	150	30090	0	0	20	0	0	0	2	0	15	10	15	15	15	0	0	0	0	0	0	1	0	0	0	1	0	0	0	0	-50	0	2.0	0	0	0	70106	0	0	0	0	0	0	0	0	0	0	0	0	0	0	0	0	0	0	0	0.0
1137	yeralti_buz_golemi	S_KNIGHT	MONSTER	MELEE	85	100		AGGR	0		STUN,SLOW	0	ice_snow_golem	0	129	126	55	21	0	0	0	0	192	276	25646	6	10	1148	1723	18656	0	75	70	100	100	2000	150	30050	0	0	20	0	0	0	2	0	40	35	40	40	40	0	0	0	0	0	0	1	0	0	0	1	0	0	0	0	-40	0	2.0	0	0	0	70107	0	0	0	0	0	0	0	0	0	0	0	0	0	0	0	0	0	0	0	0.0
1138	yeralti_buz_golemi	S_KNIGHT	MONSTER	MELEE	85	100		AGGR	0		STUN,SLOW	0	ice_snow_golem	0	129	126	55	21	0	0	0	0	192	276	25646	6	10	0	0	0	0	75	70	100	100	2000	150	30050	0	0	20	0	0	0	2	0	40	35	40	40	40	0	0	0	0	0	0	1	0	0	0	1	0	0	0	0	-50	0	2.0	0	0	0	0	0	0	0	0	0	0	0	0	0	0	0	0	0	0	0	0	0	0	0	0.0
1151	buz_seytani	S_PAWN	MONSTER	MAGIC	52	100			0			0	ice_snow_monster	0	60	80	40	20	0	0	0	0	96	178	5523	7	5	1000	2000	2000	0	60	90	100	100	2000	850	30048	0	0	10	0	0	0	2	0	15	15	15	15	15	0	0	0	0	0	0	1	0	0	0	1	0	0	0	0	-60	0	1.0	0	0	16764879	0	0	0	0	0	0	0	0	0	0	0	0	0	0	0	0	0	0	0	0	0.0
1152	buz_boynuzlu_katil_balinabuz_boynuzlu_katil_balina	S_PAWN	MONSTER	MELEE	53	100			0			0	ice_snow_whale	0	61	81	40	20	0	0	0	0	125	153	5676	7	5	1000	2000	2000	0	61	100	100	100	2000	150	30049	0	0	10	0	0	0	2	0	15	15	15	15	15	0	0	0	0	0	0	1	0	0	0	1	0	0	0	0	-60	0	1.0	0	0	16764879	0	0	0	0	0	0	0	0	0	0	0	0	0	0	0	0	0	0	0	0	0.0
1153	buz_haseresi	S_PAWN	MONSTER	MELEE	54	100			0			0	ice_snow_insect	0	61	81	41	20	0	0	0	0	98	183	5834	7	5	1000	2000	2000	0	62	110	100	100	2000	150	30088	0	0	15	0	0	0	2	0	15	15	15	15	15	0	0	0	0	0	0	1	0	0	0	1	0	0	0	0	-60	0	1.0	0	0	16764879	0	0	0	0	0	0	0	0	0	0	0	0	0	0	0	0	0	0	0	0	0.0
1154	seol_gu	KNIGHT	MONSTER	MELEE	54	100			0		STUN,SLOW	0	ice_snow_dog	0	62	82	41	20	0	0	0	0	98	183	7778	12	10	1000	2000	2000	0	62	110	100	100	2000	150	30014	0	0	15	0	0	0	2	0	15	15	15	15	15	0	0	0	0	0	0	1	0	0	0	1	0	0	0	0	-50	0	1.0	0	0	16764879	0	0	0	0	0	0	0	0	0	0	0	0	0	0	0	0	0	0	0	0	0.0
1155	buz_adam	KNIGHT	MONSTER	MELEE	55	100			0		STUN,SLOW	0	ice_snow_man	0	83	41	62	21	0	0	0	0	128	157	7993	12	10	1000	2000	2000	0	63	90	100	100	2000	150	30089	0	0	20	0	0	0	2	0	15	15	15	15	15	0	0	0	0	0	0	1	0	0	0	1	0	0	0	0	-50	0	1.0	0	0	16764879	0	0	0	0	0	0	0	0	0	0	0	0	0	0	0	0	0	0	0	0	0.0
1156	buz_devi	KNIGHT	MONSTER	MELEE	56	100			0		STUN,SLOW	0	ice_snow_giant_man	0	84	63	42	21	0	0	0	0	101	188	8207	7	5	1000	2000	2000	0	65	80	100	100	2000	150	30090	0	0	20	0	0	0	2	0	15	15	15	15	15	0	0	0	0	0	0	1	0	0	0	1	0	0	0	0	-50	0	1.0	0	0	16764879	0	0	0	0	0	0	0	0	0	0	0	0	0	0	0	0	0	0	0	0	0.0
1157	buz_golemi	S_KNIGHT	MONSTER	MELEE	56	100			0		STUN,SLOW	0	ice_snow_golem	0	99	97	42	21	0	0	0	0	101	188	12823	7	10	1000	2000	2000	0	65	70	100	100	2000	150	30050	0	0	20	0	0	0	2	0	40	40	40	40	40	0	0	0	0	0	0	1	0	0	0	1	0	0	0	0	-40	0	2.0	0	0	16764879	0	0	0	0	0	0	0	0	0	0	0	0	0	0	0	0	0	0	0	0	0.0
1171	acimasiz_buyulu_buz	S_PAWN	MONSTER	MAGIC	62	100			0			0	ice_snow_monster	0	60	80	40	20	0	0	0	0	115	214	3682	3	7	250	375	920	0	70	80	100	100	2000	850	30048	0	0	10	0	0	0	2	0	0	-5	0	5	5	-5	0	0	0	0	0	1	0	0	0	1	0	0	0	0	-60	0	1.0	0	0	16764108	0	0	0	0	0	0	0	0	0	0	0	0	0	0	0	0	0	0	0	0	0.0
1172	acimasiz_buz_balina	S_PAWN	MONSTER	MELEE	63	100			0			0	ice_snow_whale	0	61	81	40	20	0	0	0	0	150	184	3784	3	7	254	381	935	0	71	90	100	100	2000	175	30049	0	0	10	0	0	0	2	0	-5	0	-5	5	5	0	0	0	0	0	0	1	0	0	0	1	0	0	0	0	-60	0	1.0	0	0	16764108	70105	0	0	0	0	0	0	0	0	0	0	0	0	0	0	0	0	0	0	0	0.0
1173	acimasiz_buz_bocek	S_PAWN	MONSTER	MELEE	64	100			0			0	ice_snow_insect	0	61	81	41	20	0	0	0	0	118	220	3889	3	7	263	394	950	0	72	100	100	100	2000	175	30088	0	0	15	0	0	0	2	10	5	-10	0	0	0	10	0	0	0	0	0	1	0	0	0	1	0	0	0	0	-60	0	1.0	0	0	16764108	70105	0	0	0	0	0	0	0	0	0	0	0	0	0	0	0	0	0	0	0	0.0
1174	acimasiz_buz_arslan	KNIGHT	MONSTER	MELEE	64	100			0		STUN,SLOW	0	ice_snow_dog	0	62	82	41	20	0	0	0	0	118	220	5186	6	12	362	543	1583	0	72	100	100	100	2000	175	30014	0	0	15	0	0	0	2	0	0	-5	5	0	0	-5	0	0	0	0	0	1	0	0	0	1	0	0	0	0	-50	0	1.0	0	0	16764108	70106	0	0	0	0	0	0	0	0	0	0	0	0	0	0	0	0	0	0	0	0.0
1175	acimasiz_buz_adam	KNIGHT	MONSTER	MELEE	65	100			0		STUN,SLOW	0	ice_snow_man	0	83	41	62	21	0	0	0	0	154	188	5328	6	12	368	552	1608	0	73	80	100	100	2000	175	30089	0	0	20	0	0	0	2	5	10	-15	-5	0	0	5	0	0	0	0	0	1	0	0	0	1	0	0	0	0	-50	0	1.0	0	0	16764108	70106	0	0	0	0	0	0	0	0	0	0	0	0	0	0	0	0	0	0	0	0.0
1176	acimasiz_yeti	KNIGHT	MONSTER	MELEE	66	100			0		STUN,SLOW	0	ice_snow_giant_man	0	84	63	42	21	0	0	0	0	121	226	5471	3	7	373	560	1632	0	75	70	100	100	2000	175	30090	0	0	20	0	0	0	2	0	5	-5	0	0	0	-10	0	0	0	0	0	1	0	0	0	1	0	0	0	0	-50	0	1.0	0	0	16764108	70106	0	0	0	0	0	0	0	0	0	0	0	0	0	0	0	0	0	0	0	0.0
1177	acimasiz_buz_golemi	S_KNIGHT	MONSTER	MELEE	66	100			0		STUN,SLOW	0	ice_snow_golem	0	99	97	42	21	0	0	0	0	121	226	8549	3	12	476	714	3265	0	75	60	100	100	2000	175	30050	0	0	20	0	0	0	2	20	-5	-10	-5	0	0	20	0	0	0	0	0	1	0	0	0	1	0	0	0	0	-40	0	2.0	0	0	16764108	70107	0	0	0	0	0	0	0	0	0	0	0	0	0	0	0	0	0	0	0	0.0
1191	buz_cadi	BOSS	MONSTER	MAGIC	74	100		AGGR,DEATHBLOW	0		STUN,SLOW,CURSE,TERROR	0	ice_snow_witch	0	65	43	86	22	0	0	0	0	164	253	130482	8	22	428000	642000	22480	0	79	100	120	100	2000	1000	0	0	0	50	0	0	0	2	40	40	40	30	30	30	40	40	0	0	90	0	100	100	0	0	1	0	0	0	0	-30	0	2.0	1107	30	0	0	0	0	0	0	0	0	0	0	0	0	0	0	0	0	0	0	0	0	0	0.0
1192	guclu_buz_cadisi	BOSS	MONSTER	MAGIC	89	100		AGGR,BERSERK,STONESKIN,DEATHBLOW	0		STUN,SLOW,CURSE,TERROR	0	ice_snow_witch	0	97	73	49	24	0	0	0	0	174	293	352410	6	16	856000	1284000	324800	0	86	130	160	100	2000	1000	0	0	0	50	0	0	0	2	60	60	60	40	40	40	60	60	0	0	40	0	100	100	0	0	1	0	0	0	0	-30	0	3.0	1138	30	6750207	0	0	0	0	0	0	0	0	0	0	0	0	0	0	0	0	0	0	0	0	0.0
1301	agac_kurbagasi_askeri	S_PAWN	MONSTER	MELEE	57	100			0			0	greenfrog_soldier	0	80	60	40	18	0	0	0	0	89	166	3990	3	7	268	402	1099	0	65	100	110	100	2000	175	30060	0	0	0	0	0	5	5	0	0	-5	0	0	0	-10	0	0	0	0	-60	0	0	0	0	0	1	0	0	0	0	0	1.0	0	0	0	70105	0	0	0	0	0	0	0	0	0	0	0	0	0	0	0	0	0	0	0	0.0
1302	agac_kurbagasi_lideri	S_KNIGHT	MONSTER	MELEE	59	100			0			0	greenfrog_general	0	75	58	40	19	0	0	0	0	92	170	8811	7	12	484	727	3792	0	67	100	100	100	2000	175	30061	0	0	0	0	0	10	5	0	0	0	10	0	0	-15	0	0	0	0	-40	0	0	0	0	0	1	0	0	0	0	0	2.0	0	0	0	70107	0	0	0	0	0	0	0	0	0	0	0	0	0	0	0	0	0	0	0	0.0
1303	gulyabani	S_PAWN	MONSTER	MELEE	58	100			0			0	goblin_leafhead	0	96	60	50	19	0	0	0	0	116	142	4108	3	7	272	409	1118	0	66	70	100	100	2000	175	30040	0	0	0	0	0	0	5	20	-5	-10	-5	0	0	20	0	0	0	0	-60	0	0	0	0	0	1	0	0	0	0	0	1.0	0	0	0	70105	0	0	0	0	0	0	0	0	0	0	0	0	0	0	0	0	0	0	0	0.0
1304	sari_kaplan_hayaleti	BOSS	MONSTER	MELEE	75	100		STONESKIN	0			0	yellow_tigerman	0	99	80	56	24	0	0	0	0	113	210	100000	10	10	1007	1510	72240	0	84	90	100	100	2000	175	0	0	0	0	0	0	10	5	10	15	10	15	15	15	10	10	0	0	0	-30	0	0	0	0	0	1	0	0	0	0	0	2.0	1336	0	0	0	40	258	0	0	0	0	0	0	0	0	0	0	0	0	0	0	0	0	0	0.0
1305	kurbaga_generali	S_KNIGHT	MONSTER	MELEE	61	100			0			0	sugu_general	0	93	52	35	19	0	0	0	0	94	175	9324	3	12	500	750	3920	0	69	70	100	100	2000	175	0	0	0	0	0	0	0	5	0	0	10	-5	0	0	-20	0	0	0	0	-40	0	0	0	0	0	1	0	0	0	0	0	2.0	0	0	0	70107	0	0	0	0	0	0	0	0	0	0	0	0	0	0	0	0	0	0	0	0.0
1306	elit_sarikaplan_hayaleti	BOSS	MONSTER	MELEE	75	100		AGGR	0		STUN,SLOW,CURSE,TERROR	0	yellow_tigerman	0	99	80	56	24	0	0	0	0	113	210	178040	15	10	36640	54960	24080	0	84	100	100	0	2000	150	0	0	0	0	0	0	10	10	40	40	35	40	40	40	40	35	0	-30	60	0	0	0	1	0	0	0	0	0	0	0	0	1.0	1305	0	0	0	40	258	0	0	0	0	0	0	0	0	0	0	0	0	0	0	0	0	0	0.0
1307	elit_sarikaplan_hayaleti	KING	MONSTER	MELEE	97	100		AGGR,BERSERK,STONESKIN,DEATHBLOW,REVIVE	0		STUN,SLOW,CURSE,TERROR	0	yellow_tigerman	0	122	91	61	30	0	0	0	0	150	278	2568600	30	20	23400	35100	356400	0	90	150	160	100	2000	350	0	0	0	0	0	0	15	20	50	30	25	30	30	30	50	25	0	-20	50	0	20	20	1	0	0	0	0	0	0	0	0	2.0	2414	10	0	0	40	258	0	0	0	0	0	0	0	0	0	0	0	0	0	0	0	0	0	0.0
1308	elit_sarikaplan_hayaleti	BOSS	MONSTER	MELEE	40	100		AGGR	0		STUN,SLOW,CURSE,TERROR	0	yellow_tigerman	0	48	32	63	16	0	0	0	0	79	146	143232	10	10	36640	54960	24080	0	57	100	100	0	2000	150	0	0	0	0	0	0	15	20	50	30	25	30	30	30	50	25	0	-30	50	0	20	20	1	0	0	0	0	0	0	0	0	2.0	0	0	0	0	40	258	0	0	0	0	0	0	0	0	0	0	0	0	0	0	0	0	0	0.0
1309	elit_sarikaplan_hayaleti	BOSS	MONSTER	MELEE	65	100		AGGR	0		STUN,SLOW,CURSE,TERROR	0	yellow_tigerman	0	77	38	57	19	0	0	0	0	93	173	255680	10	10	36640	54960	24080	0	84	100	100	0	2000	150	0	0	0	0	0	0	15	20	50	30	25	30	30	30	50	25	0	-30	50	0	20	20	1	0	0	0	0	0	0	0	0	2.0	0	0	0	0	40	258	0	0	0	0	0	0	0	0	0	0	0	0	0	0	0	0	0	0.0
1310	elit_sarikaplan_hayaleti	BOSS	MONSTER	MELEE	95	100		AGGR	0		STUN,SLOW,CURSE,TERROR	0	yellow_tigerman	0	122	91	61	30	0	0	0	0	150	208	284864	10	10	36640	54960	24080	0	90	100	100	0	2000	150	0	0	0	0	0	0	15	20	50	30	25	30	30	30	50	25	0	-30	50	0	20	20	1	0	0	0	0	0	0	0	0	2.0	0	10	0	0	40	258	0	0	0	0	0	0	0	0	0	0	0	0	0	0	0	0	0	0.0
1331	buy.agackurbagasi_askeri	S_PAWN	MONSTER	MELEE	57	100			0			0	greenfrog_soldier	0	80	60	40	18	0	0	0	0	107	199	3192	3	7	268	402	769	0	65	100	110	100	2000	175	30060	0	0	0	0	0	5	5	0	0	-5	0	0	0	-10	0	0	0	0	-60	0	0	0	0	0	1	0	0	0	0	0	1.0	0	0	16764108	70105	0	0	0	0	0	0	0	0	0	0	0	0	0	0	0	0	0	0	0	0.0
1332	buy.agackurbagasi_lideri	S_KNIGHT	MONSTER	MELEE	59	100			0			0	greenfrog_general	0	75	58	40	19	0	0	0	0	110	204	7049	7	12	484	727	2654	0	67	100	100	100	2000	175	30061	0	0	0	0	0	10	5	0	0	0	10	0	0	-15	0	0	0	0	-40	0	0	0	0	0	1	0	0	0	0	0	2.0	0	0	16764108	70107	0	0	0	0	0	0	0	0	0	0	0	0	0	0	0	0	0	0	0	0.0
1333	buyuk_gulyabani	S_PAWN	MONSTER	MELEE	58	100			0			0	goblin_leafhead	0	96	60	50	19	0	0	0	0	139	170	3287	3	7	272	409	783	0	66	70	100	100	2000	175	30040	0	0	0	0	0	0	5	20	-5	-10	-5	0	0	20	0	0	0	0	-60	0	0	0	0	0	1	0	0	0	0	0	1.0	0	0	16764108	70105	0	0	0	0	0	0	0	0	0	0	0	0	0	0	0	0	0	0	0	0.0
1334	buy.sari_kaplan_hayaleti	BOSS	MONSTER	MELEE	75	100		AGGR	0			0	yellow_tigerman	0	99	80	56	24	0	0	0	0	136	252	142432	7	12	1007	1510	16856	0	84	90	100	100	2000	175	0	0	0	0	0	0	10	5	10	15	10	15	15	15	10	10	0	-30	0	0	0	0	1	0	0	0	0	0	0	0	0	2.0	1305	0	16764108	0	40	258	0	0	0	0	0	0	0	0	0	0	0	0	0	0	0	0	0	0.0
1335	kotu_kurbaga_generali	S_KNIGHT	MONSTER	MELEE	61	100			0			0	sugu_general	0	93	52	35	19	0	0	0	0	113	210	7459	3	12	500	750	2744	0	69	70	100	100	2000	175	0	0	0	0	0	0	0	5	0	0	10	-5	0	0	-20	0	0	0	0	-40	0	0	0	0	0	1	0	0	0	0	0	2.0	0	0	16764108	70107	0	0	0	0	0	0	0	0	0	0	0	0	0	0	0	0	0	0	0	0.0
1336	kurbaga_generali	S_KNIGHT	MONSTER	MELEE	61	100			0			0	sugu_general	0	93	52	35	19	0	0	0	0	94	175	9324	3	12	0	0	0	0	69	70	100	100	2000	175	0	0	0	0	0	0	0	5	0	0	10	-5	0	0	-20	0	0	0	0	-40	0	0	0	0	0	1	0	0	0	0	0	2.0	0	0	0	0	0	0	0	0	0	0	0	0	0	0	0	0	0	0	0	0	0	0	0	0.0
1401	yokedici	S_PAWN	MONSTER	MELEE	66	100			0		POISON	0	mutant_1	0	79	42	63	21	0	0	0	0	137	167	4823	6	10	700	1050	860	0	64	155	130	100	2000	250	0	0	0	0	0	0	15	20	5	-5	-15	-5	5	5	5	0	0	-50	15	0	0	0	1	0	0	0	0	0	0	0	0	1.0	0	5	0	70105	0	0	0	0	0	0	0	0	0	0	0	0	0	0	0	0	0	0	0	0.0
1402	maymun_savasci	KNIGHT	MONSTER	MELEE	73	100		AGGR	0		SLOW	0	mutant_2	0	86	46	66	23	0	0	0	0	116	216	7208	10	7	1062	1593	1604	0	66	155	130	100	2000	250	0	0	0	0	0	0	15	20	0	10	0	10	15	15	0	0	0	-50	20	0	0	0	1	0	0	0	0	0	0	0	0	1.0	0	10	0	70106	0	0	0	0	0	0	0	0	0	0	0	0	0	0	0	0	0	0	0	0.0
1403	bin_savasci	S_KNIGHT	MONSTER	MELEE	77	100		AGGR	0		STUN,SLOW,TERROR	0	mutant_3	0	89	55	65	10	0	0	0	0	122	226	11872	14	10	1426	2139	3460	0	72	155	130	100	2000	250	0	0	0	0	0	0	15	20	0	10	10	10	20	20	0	0	0	-50	25	0	0	0	1	0	0	0	0	0	0	0	0	2.0	0	15	0	70107	0	0	0	0	0	0	0	0	0	0	0	0	0	0	0	0	0	0	0	0.0
1501	tas_golemi	S_PAWN	MONSTER	MELEE	69	100			0			0	golem_1	0	79	42	63	21	0	0	0	0	142	174	4933	6	5	730	1095	930	0	62	135	110	100	2000	300	0	0	0	0	0	0	15	20	20	15	10	15	15	15	20	0	0	0	15	0	0	0	0	0	0	0	1	0	0	0	-60	1.0	0	5	0	70105	0	0	0	0	0	0	0	0	0	0	0	0	0	0	0	0	0	0	0	0.0
1502	kaya_golemi	S_PAWN	MONSTER	MELEE	72	100		AGGR	0			0	golem_2	0	80	43	64	21	0	0	0	0	115	213	5315	6	5	1048	1572	971	0	66	135	110	100	2000	300	0	0	0	0	0	0	15	20	20	15	10	15	15	15	20	0	0	0	20	0	0	0	0	0	0	0	1	0	0	0	-60	1.0	0	5	0	70105	0	0	0	0	0	0	0	0	0	0	0	0	0	0	0	0	0	0	0	0.0
1503	dev_kaya_golemi	KNIGHT	MONSTER	MELEE	76	100		AGGR	0			0	golem_3	0	87	42	65	10	0	0	0	0	120	224	7403	10	5	1408	2112	1708	0	69	135	110	100	2000	300	0	0	0	0	0	0	15	20	20	15	10	15	15	15	20	0	0	0	25	0	0	0	0	0	0	0	1	0	0	0	-50	1.0	0	10	0	70106	0	0	0	0	0	0	0	0	0	0	0	0	0	0	0	0	0	0	0	0.0
1601	ocu_savasci	PAWN	MONSTER	MELEE	71	100			0		POISON	0	nersluck_1	0	80	43	65	22	0	0	0	0	140	172	5305	6	10	720	1080	892	0	65	145	120	100	2000	300	0	0	0	0	0	0	15	20	5	-5	-15	-5	5	5	5	0	0	-50	15	0	0	0	1	0	0	0	0	0	0	0	0	1.0	0	5	0	70104	0	0	0	0	0	0	0	0	0	0	0	0	0	0	0	0	0	0	0	0.0
1602	ocu_kasap	KNIGHT	MONSTER	MELEE	73	100		AGGR	0		SLOW	0	nersluck_2	0	80	43	65	22	0	0	0	0	112	208	7828	10	7	1020	1530	1873	0	68	145	120	100	2000	300	0	0	0	0	0	0	15	20	0	10	0	10	15	15	0	0	0	-50	20	0	0	0	1	0	0	0	0	0	0	0	0	1.0	0	10	0	70106	0	0	0	0	0	0	0	0	0	0	0	0	0	0	0	0	0	0	0	0.0
1603	ocu_berserker	KNIGHT	MONSTER	MELEE	75	100		AGGR	0		STUN,SLOW,TERROR	0	nersluck_3	0	80	43	65	22	0	0	0	0	119	221	7403	10	10	1390	2085	1960	0	70	145	120	100	2000	300	0	0	0	0	0	0	15	20	0	10	10	10	15	15	-5	0	0	-50	25	0	0	0	1	0	0	0	0	0	0	0	0	1.0	0	15	0	70106	0	0	0	0	0	0	0	0	0	0	0	0	0	0	0	0	0	0	0	0.0
1901	dokuz_kuyruk	BOSS	MONSTER	MELEE	75	100		AGGR	0			0	fox_ninetail	0	91	68	46	23	0	0	0	0	109	203	100000	10	10	880	1320	69360	0	81	100	100	100	2000	175	0	0	0	0	0	0	0	0	0	0	0	0	0	0	0	0	0	0	0	0	0	0	0	0	1	0	0	0	0	-30	0	2.0	1108	0	0	0	25	258	40	259	0	0	0	0	0	0	0	0	0	0	0	0	0	0	0	0.0
1902	elit_dokuz_kuyruk	BOSS	MONSTER	MELEE	72	100		AGGR	0		STUN,SLOW,CURSE,TERROR	0	fox_ninetail	0	91	68	46	23	0	0	0	0	109	203	178040	15	10	35200	52800	23120	0	81	110	100	0	2000	150	0	0	0	0	0	0	10	10	40	40	35	40	40	40	40	35	0	0	60	0	0	0	0	0	1	0	0	0	0	-30	0	1.0	1107	0	0	0	35	258	40	259	0	0	0	0	0	0	0	0	0	0	0	0	0	0	0	0.0
1903	elit_dokuz_kuyruk	KING	MONSTER	MELEE	97	100		AGGR,BERSERK,STONESKIN,DEATHBLOW,REVIVE	0		STUN,SLOW,CURSE,TERROR	0	fox_ninetail	0	122	91	61	30	0	0	0	0	150	278	2568600	30	20	23400	35100	356400	0	90	150	160	100	2000	350	0	0	0	0	0	0	15	20	50	30	25	30	30	30	50	25	0	0	50	0	20	20	0	0	1	0	0	0	0	-20	0	2.0	2414	10	0	0	35	258	40	259	0	0	0	0	0	0	0	0	0	0	0	0	0	0	0	0.0
1904	elit_dokuz_kuyruk	BOSS	MONSTER	MELEE	40	100		AGGR	0		STUN,SLOW,CURSE,TERROR	0	fox_ninetail	0	48	32	63	16	0	0	0	0	79	146	143232	10	10	36640	54960	24080	0	57	100	100	0	2000	150	0	0	0	0	0	0	15	20	50	30	25	30	30	30	50	25	0	0	50	0	20	20	0	0	1	0	0	0	0	-30	0	2.0	0	10	0	0	40	258	0	0	0	0	0	0	0	0	0	0	0	0	0	0	0	0	0	0.0
1905	elit_dokuz_kuyruk	BOSS	MONSTER	MELEE	65	100		AGGR	0		STUN,SLOW,CURSE,TERROR	0	fox_ninetail	0	77	38	57	19	0	0	0	0	93	173	255680	10	10	36640	54960	24080	0	84	100	100	0	2000	150	0	0	0	0	0	0	15	20	50	30	25	30	30	30	50	25	0	0	50	0	20	20	0	0	1	0	0	0	0	-30	0	2.0	0	10	0	0	40	258	0	0	0	0	0	0	0	0	0	0	0	0	0	0	0	0	0	0.0
1906	elit_dokuz_kuyruk	BOSS	MONSTER	MELEE	95	100		AGGR	0		STUN,SLOW,CURSE,TERROR	0	fox_ninetail	0	122	91	61	30	0	0	0	0	150	208	284864	10	10	36640	54960	24080	0	90	100	100	0	2000	150	0	0	0	0	0	0	15	20	50	30	25	30	30	30	50	25	0	0	50	0	20	20	0	0	1	0	0	0	0	-30	0	2.0	0	10	0	0	40	258	0	0	0	0	0	0	0	0	0	0	0	0	0	0	0	0	0	0.0
2001	yavru_orumcek	PAWN	MONSTER	MELEE	43	100			0	INSECT		0	spider_young	0	28	41	55	14	0	0	0	0	89	109	1949	4	12	122	183	1211	0	50	100	100	50	2000	175	30057	0	0	0	0	0	0	1	0	1	-5	1	0	0	-10	0	0	0	0	0	5	0	0	0	0	0	0	0	0	0	0	1.0	0	0	16764108	70104	0	0	0	0	0	0	0	0	0	0	0	0	0	0	0	0	0	0	0	0.0
2002	zehirli_orumcek	PAWN	MONSTER	MELEE	45	100			0	INSECT		0	spider_poison	0	47	57	29	14	0	0	0	0	82	123	2088	3	7	127	190	1267	0	52	90	100	50	2000	175	30056	0	0	0	3	0	0	1	0	0	0	1	0	0	-10	0	0	0	0	0	5	0	0	0	0	0	0	0	0	0	0	1.0	0	0	16764108	70104	0	0	0	0	0	0	0	0	0	0	0	0	0	0	0	0	0	0	0	0.0
2003	kirmizi_zehirli_orumcek	S_PAWN	MONSTER	MELEE	48	100			0	INSECT		0	spider_redpoison	0	54	60	15	15	0	0	0	0	86	129	2769	9	17	201	302	1621	0	55	110	100	50	2000	175	30025	0	0	0	3	1	0	1	0	-5	1	-5	0	0	-5	0	0	0	0	0	5	0	0	0	0	0	0	0	0	0	0	1.0	0	0	16764108	70105	0	0	0	0	0	0	0	0	0	0	0	0	0	0	0	0	0	0	0	0.0
2004	pence_orumcegi	S_PAWN	MONSTER	MELEE	50	100			0	INSECT		0	spider_nipper	0	56	31	56	16	0	0	0	0	100	122	2954	3	7	208	313	1688	0	57	90	100	50	2000	175	30058	0	0	0	0	0	0	1	0	10	0	1	0	1	-5	0	0	0	0	0	5	0	0	0	0	0	0	0	0	0	0	1.0	0	0	16764108	70105	0	0	0	0	0	0	0	0	0	0	0	0	0	0	0	0	0	0	0	0.0
2005	asker_orumcek	S_PAWN	MONSTER	MELEE	52	100			0	INSECT		0	spider_soldier	0	71	33	39	16	0	0	0	0	104	127	3146	3	7	216	325	1756	0	59	80	120	50	2000	175	30059	0	0	0	0	0	0	1	0	0	10	0	1	0	-15	0	0	0	0	0	5	0	0	0	0	0	0	0	0	0	0	1.0	0	0	16764108	70105	0	0	0	0	0	0	0	0	0	0	0	0	0	0	0	0	0	0	0	0.0
2031	yavru_zehirli_orumcek	KNIGHT	MONSTER	MELEE	50	100			0	INSECT		0	spider_young	0	49	65	33	16	0	0	0	0	96	117	3457	9	12	304	457	2220	0	53	100	120	100	2000	175	0	0	0	0	5	0	5	0	0	0	0	2	0	0	-10	0	0	0	0	0	10	0	0	0	0	0	0	0	0	0	0	1.0	0	0	13421823	70106	0	0	0	0	0	0	0	0	0	0	0	0	0	0	0	0	0	0	0	0.0
2032	olumcul_zehirli_orumcek	KNIGHT	MONSTER	MELEE	52	100			0	INSECT		0	spider_poison	0	68	34	51	17	0	0	0	0	88	132	3692	9	12	316	474	2316	0	55	100	120	100	2000	175	0	0	0	0	5	0	5	0	0	0	1	0	0	0	-5	0	0	0	0	0	10	0	0	0	0	0	0	0	0	0	0	1.0	0	0	13421823	70106	0	0	0	0	0	0	0	0	0	0	0	0	0	0	0	0	0	0	0	0.0
2033	kirm._olum._zeh._orumcek	S_KNIGHT	MONSTER	MELEE	54	100			0	INSECT		0	spider_redpoison	0	53	35	70	18	0	0	0	0	91	137	6155	4	12	392	588	4824	0	57	100	120	100	2000	175	0	0	0	0	5	1	5	0	0	1	0	2	0	0	-10	0	0	0	0	0	10	0	0	0	0	0	0	0	0	0	0	2.0	0	0	13421823	70107	0	0	0	0	0	0	0	0	0	0	0	0	0	0	0	0	0	0	0	0.0
2034	zehirli_pence_orumcegi	S_KNIGHT	MONSTER	MELEE	56	100			0	INSECT		0	spider_nipper	0	72	36	54	18	0	0	0	0	106	130	6553	9	17	406	609	5016	0	59	100	120	100	2000	175	0	0	0	0	3	0	5	0	0	0	1	0	0	0	-5	0	0	0	0	0	10	0	0	0	0	0	0	0	0	0	0	2.0	0	0	13421823	70107	0	0	0	0	0	0	0	0	0	0	0	0	0	0	0	0	0	0	0	0.0
2035	zehirli_asker_orumcek	S_KNIGHT	MONSTER	MELEE	58	100			0	INSECT		0	spider_soldier	0	56	75	37	19	0	0	0	0	109	134	6969	4	12	420	630	5208	0	62	100	120	100	2000	175	0	0	0	0	3	0	5	0	0	2	0	1	0	0	-5	0	0	0	0	0	10	0	0	0	0	0	0	0	0	0	0	2.0	0	0	13421823	70107	0	0	0	0	0	0	0	0	0	0	0	0	0	0	0	0	0	0	0	0.0
2036	kibirli_zehirli_asker_orukibirli_zehirli_asker_oru	S_KNIGHT	MONSTER	MELEE	58	100		AGGR	0	INSECT		0	spider_soldier	0	56	75	37	19	0	0	0	0	109	134	6969	19	27	420	630	5208	0	62	100	120	100	2000	175	0	0	0	0	3	0	5	0	0	1	2	1	0	0	-20	0	0	0	0	0	10	0	0	0	0	0	0	0	0	0	0	2.0	0	0	13421823	70107	0	0	0	0	0	0	0	0	0	0	0	0	0	0	0	0	0	0	0	0.0
2037	zehirli_asker_orumcek	S_KNIGHT	MONSTER	MELEE	58	100			0	INSECT		0	spider_soldier	0	56	75	37	19	0	0	0	0	109	134	6969	4	12	0	0	0	0	62	100	120	100	2000	175	0	0	0	0	3	0	5	0	0	2	0	1	0	0	-5	0	0	0	0	0	10	0	0	0	0	0	0	0	0	0	0	2.0	0	0	13421823	0	0	0	0	0	0	0	0	0	0	0	0	0	0	0	0	0	0	0	0	0.0
2051	huysuz_zehirli_yavru_orumhuysuz_zehirli_yavru_orum	PAWN	MONSTER	MELEE	43	100			0	INSECT		0	spider_young	0	28	41	55	14	0	0	0	0	107	131	1559	4	12	122	183	848	0	50	100	100	50	2000	175	30057	0	0	0	0	0	0	1	0	1	-5	1	0	0	-10	0	0	0	0	0	5	0	0	0	0	0	0	0	0	0	0	1.0	0	0	13421823	70104	0	0	0	0	0	0	0	0	0	0	0	0	0	0	0	0	0	0	0	0.0
2052	huysuz_olumcul_zehirli_orhuysuz_olumcul_zehirli_or	PAWN	MONSTER	MELEE	45	100			0	INSECT		0	spider_poison	0	47	57	29	14	0	0	0	0	98	148	1670	3	7	127	190	887	0	52	90	100	50	2000	175	30056	0	0	0	3	0	0	1	0	0	0	1	0	0	-10	0	0	0	0	0	5	0	0	0	0	0	0	0	0	0	0	1.0	0	0	13421823	70104	0	0	0	0	0	0	0	0	0	0	0	0	0	0	0	0	0	0	0	0.0
2053	huys.kirm.ol.zeh.orumcek	S_PAWN	MONSTER	MELEE	48	100			0	INSECT		0	spider_redpoison	0	54	60	15	15	0	0	0	0	103	155	2215	9	17	201	302	1135	0	55	110	100	50	2000	175	30025	0	0	0	3	1	0	1	0	-5	1	-5	0	0	-5	0	0	0	0	0	5	0	0	0	0	0	0	0	0	0	0	1.0	0	0	13421823	70105	0	0	0	0	0	0	0	0	0	0	0	0	0	0	0	0	0	0	0	0.0
2054	huys.zeh._pence_orumcegi	S_PAWN	MONSTER	MELEE	50	100			0	INSECT		0	spider_nipper	0	56	31	56	16	0	0	0	0	120	146	2363	3	7	208	313	1182	0	57	90	100	50	2000	175	30058	0	0	0	0	0	0	1	0	10	0	1	0	1	-5	0	0	0	0	0	5	0	0	0	0	0	0	0	0	0	0	1.0	0	0	13421823	70105	0	0	0	0	0	0	0	0	0	0	0	0	0	0	0	0	0	0	0	0.0
2055	huysuz_zehirli_asker_orumhuysuz_zehirli_asker_orum	S_PAWN	MONSTER	MELEE	52	100			0	INSECT		0	spider_soldier	0	71	33	39	16	0	0	0	0	125	152	2516	3	7	216	325	1229	0	59	80	120	50	2000	175	30059	0	0	0	0	0	0	1	0	0	10	0	1	0	-15	0	0	0	0	0	5	0	0	0	0	0	0	0	0	0	0	1.0	0	0	13421823	70105	0	0	0	0	0	0	0	0	0	0	0	0	0	0	0	0	0	0	0	0.0
2061	kucuk_zehirli_orumcek	PAWN	MONSTER	MELEE	60	100			0	INSECT		0	spider_young	0	77	58	39	20	0	0	0	0	144	176	3771	12	10	533	798	4440	0	80	110	120	100	2000	150	0	0	0	0	5	0	5	0	0	0	-5	0	0	0	0	0	-20	0	0	0	10	0	0	1	0	0	0	0	0	0	0	1.0	0	0	0	70104	0	0	0	0	0	0	0	0	0	0	0	0	0	0	0	0	0	0	0	0.0
2062	oldurucu_zehirli_orumcek	S_PAWN	MONSTER	MELEE	62	100			0	INSECT		0	spider_poison	0	80	60	40	20	0	0	0	0	132	198	4028	7	10	552	828	4632	0	83	110	120	100	2000	150	0	0	0	0	5	0	5	0	0	0	-5	0	0	0	0	0	-20	0	0	0	10	0	0	1	0	0	0	0	0	0	0	1.0	0	0	0	70105	0	0	0	0	0	0	0	0	0	0	0	0	0	0	0	0	0	0	0	0.0
2063	kirm._olum._zeh._orumcek	KNIGHT	MONSTER	MELEE	64	100			0	INSECT		0	spider_redpoison	0	82	62	41	21	0	0	0	0	137	206	6714	12	15	698	1047	9648	0	86	110	120	100	2000	150	0	0	0	0	5	1	5	0	0	0	-5	0	0	0	0	0	-20	0	0	0	10	0	0	1	0	0	0	0	0	0	0	2.0	0	0	0	70106	0	0	0	0	0	0	0	0	0	0	0	0	0	0	0	0	0	0	0	0.0
2064	zehirli_pence_orumcegi	KNIGHT	MONSTER	MELEE	66	100			0	INSECT		0	spider_nipper	0	84	63	42	21	0	0	0	0	159	195	7149	7	10	723	1085	10032	0	89	110	120	100	2000	150	0	0	0	0	3	0	5	0	0	0	-5	0	0	0	0	0	-20	0	0	0	10	0	0	1	0	0	0	0	0	0	0	2.0	0	0	0	70106	0	0	0	0	0	0	0	0	0	0	0	0	0	0	0	0	0	0	0	0.0
2065	zehirli_asker_orumcek	S_KNIGHT	MONSTER	MELEE	68	100			0	INSECT		0	spider_soldier	0	87	65	43	22	0	0	0	0	164	201	7602	20	25	747	1121	10416	0	93	110	120	100	2000	150	0	0	0	0	3	0	5	0	0	0	-5	0	0	0	0	0	-20	0	0	0	10	0	0	1	0	0	0	0	0	0	0	2.0	0	0	0	70107	0	0	0	0	0	0	0	0	0	0	0	0	0	0	0	0	0	0	0	0.0
2071	vahsi_yav._zeh._orumcek	KNIGHT	MONSTER	MELEE	60	100			0	INSECT		0	spider_young	0	77	57	38	19	0	0	0	0	117	217	9063	10	10	384	576	4771	0	84	110	120	100	2000	150	0	0	0	0	5	0	5	0	0	0	-5	0	0	0	0	0	-20	0	0	0	10	0	0	1	0	0	0	0	0	0	0	1.0	0	0	16764108	0	0	0	0	0	0	0	0	0	0	0	0	0	0	0	0	0	0	0	0	0.0
2072	vahsi_olum.zeh._orumcek	KNIGHT	MONSTER	MELEE	62	100			0	INSECT		0	spider_poison	0	79	59	39	19	0	0	0	0	120	223	9585	10	10	393	590	4929	0	86	110	120	100	2000	150	0	0	0	0	5	0	5	0	0	0	-5	0	0	0	0	0	-20	0	0	0	10	0	0	1	0	0	0	0	0	0	0	1.0	0	0	16764108	0	0	0	0	0	0	0	0	0	0	0	0	0	0	0	0	0	0	0	0	0.0
2073	vahsi_kirm._zeh._orumcek	S_KNIGHT	MONSTER	MELEE	64	100			0	INSECT		0	spider_redpoison	0	82	61	41	20	0	0	0	0	128	239	13504	5	10	537	806	9829	0	108	110	120	100	2000	150	0	0	0	0	5	1	5	0	0	0	-5	0	0	0	0	0	-20	0	0	0	10	0	0	1	0	0	0	0	0	0	0	2.0	0	0	16764108	0	0	0	0	0	0	0	0	0	0	0	0	0	0	0	0	0	0	0	0	0.0
2074	vahsi_zeh.pence_orumcegi	S_KNIGHT	MONSTER	MELEE	66	100			0	INSECT		0	spider_nipper	0	84	63	42	21	0	0	0	0	132	245	14248	10	15	550	825	10135	0	112	110	120	100	2000	150	0	0	0	0	3	0	5	0	0	0	-5	0	0	0	0	0	-20	0	0	0	10	0	0	1	0	0	0	0	0	0	0	2.0	0	0	16764108	0	0	0	0	0	0	0	0	0	0	0	0	0	0	0	0	0	0	0	0	0.0
2075	vahsi_zeh._asker_orumcek	S_KNIGHT	MONSTER	MELEE	68	100			0	INSECT		0	spider_soldier	0	86	65	43	21	0	0	0	0	146	271	15020	5	10	563	844	10441	0	115	110	120	100	2000	150	0	0	0	0	3	0	5	0	0	0	-5	0	0	0	0	0	-20	0	0	0	10	0	0	1	0	0	0	0	0	0	0	2.0	0	0	16764108	0	0	0	0	0	0	0	0	0	0	0	0	0	0	0	0	0	0	0	0	0.0
2076	vahsi_guclu_zeh._orumcek	S_KNIGHT	MONSTER	MELEE	68	100		AGGR	0	INSECT		0	spider_soldier	0	86	65	43	21	0	0	0	0	156	290	15020	20	25	563	844	10441	0	115	110	120	100	2000	150	0	0	0	0	3	0	5	0	0	0	-5	0	0	0	0	0	-20	0	0	0	10	0	0	1	0	0	0	0	0	0	0	2.0	0	0	16764108	0	0	0	0	0	0	0	0	0	0	0	0	0	0	0	0	0	0	0	0	0.0
2091	kralice_orumcek	BOSS	MONSTER	MAGIC	60	100		STONESKIN	0	INSECT	STUN,SLOW,CURSE,TERROR	0	spider_queen	0	77	58	39	17	0	0	0	0	117	160	193408	10	10	29440	44160	57840	0	68	110	100	100	2000	150	0	0	0	0	25	0	20	20	40	40	35	40	40	40	40	35	0	0	60	-30	10	10	0	0	0	1	0	0	0	0	0	2.0	2037	5	0	0	35	261	0	0	0	0	0	0	0	0	0	0	0	0	0	0	0	0	0	0.0
2092	orumcek_barones	KING	MONSTER	MELEE	75	100		AGGR,BERSERK,STONESKIN,DEATHBLOW,REVIVE	0	INSECT	STUN,SLOW,CURSE,TERROR	0	spider_king	0	122	91	61	30	0	0	0	0	150	278	2568600	30	20	23400	35100	356400	0	90	150	160	100	2000	350	0	0	0	0	25	10	30	30	40	40	35	40	40	40	40	35	0	0	60	-20	10	10	0	0	0	1	0	0	0	0	0	2.0	2076	5	0	0	40	261	0	0	0	0	0	0	0	0	0	0	0	0	0	0	0	0	0	0.0
2093	elit_kralice_orumcek	KING	MONSTER	MELEE	97	100		AGGR,BERSERK,STONESKIN,DEATHBLOW,REVIVE	0	INSECT	STUN,SLOW,CURSE,TERROR	0	spider_queen	0	122	91	61	30	0	0	0	0	150	278	2568600	30	20	23400	35100	356400	0	90	150	160	100	2000	350	0	0	0	0	0	0	15	20	50	30	25	30	30	30	50	25	0	0	50	-20	20	20	0	0	0	1	0	0	0	0	0	2.0	2414	10	0	0	40	261	0	0	0	0	0	0	0	0	0	0	0	0	0	0	0	0	0	0.0
2094	orumcek_baronu	KING	MONSTER	MELEE	72	100		AGGR	0	INSECT	STUN,SLOW,CURSE,TERROR	0	spider_queen	0	95	71	48	24	0	0	0	0	102	190	1277520	20	20	51740	77610	208800	0	73	110	100	100	2000	150	0	0	0	0	0	0	15	20	50	30	25	30	30	30	50	25	0	0	50	-20	20	20	0	0	0	1	0	0	0	0	0	2.0	2076	10	0	0	40	261	0	0	0	0	0	0	0	0	0	0	0	0	0	0	0	0	0	0.0
2095	orumcek_yumurtasi	KING	MONSTER	MELEE	70	100		NOMOVE	0	INSECT	STUN,SLOW,CURSE,TERROR	0	spider_egg	0	67	45	89	22	0	0	0	0	0	0	193408	30	20	0	0	5000	0	150	0	0	100	2000	350	0	0	0	0	0	0	0	0	70	70	70	70	70	70	70	70	0	0	70	-20	70	70	0	0	0	1	0	0	0	0	0	1.0	2071	10	0	0	0	0	0	0	0	0	0	0	0	0	0	0	0	0	0	0	0	0	0	0.0
2101	col_tilkisi	S_PAWN	MONSTER	MELEE	19	100			0	DESERT		0	fennec_fox	0	18	24	12	6	0	0	0	0	45	55	784	5	7	92	138	554	0	24	100	200	0	2000	175	0	0	0	0	0	0	0	5	100	0	0	0	0	0	100	0	0	0	100	0	10	0	0	0	0	0	0	0	0	0	0	1.0	0	0	0	70105	0	0	0	0	0	0	0	0	0	0	0	0	0	0	0	0	0	0	0	0.0
2102	colun_ucan_gozu	S_PAWN	MONSTER	MELEE	37	100			0	DESERT		0	evil_eye	0	52	24	36	12	0	0	0	0	62	115	1877	5	7	168	253	1252	0	43	100	100	100	2000	175	0	0	0	0	0	3	0	5	0	1	0	1	0	1	-10	0	0	0	0	0	0	0	0	0	0	0	0	0	0	0	0	1.0	0	0	0	70105	0	0	0	0	0	0	0	0	0	0	0	0	0	0	0	0	0	0	0	0.0
2103	kral_akrep	S_PAWN	MONSTER	MELEE	39	100			0	DESERT		0	giant_scorpion	0	41	51	30	13	0	0	0	0	65	120	2025	5	7	176	265	1319	0	45	100	80	100	2000	175	30046	0	0	0	0	0	0	5	0	0	1	0	1	0	-15	0	0	0	0	0	0	0	0	0	0	0	0	0	0	0	0	1.0	0	0	0	70105	0	0	0	0	0	0	0	0	0	0	0	0	0	0	0	0	0	0	0	0.0
2104	genc_akrep_adam	KNIGHT	MONSTER	MELEE	44	100			0	DESERT	POISON	0	scorpionman_sword	0	50	28	37	14	0	0	0	0	91	111	3228	12	12	254	381	2478	0	51	110	120	100	2000	175	30045	0	0	0	5	0	0	5	0	1	1	2	1	1	-10	0	0	0	0	0	0	0	0	0	0	0	0	0	0	0	0	1.0	0	0	0	70106	0	0	0	0	0	0	0	0	0	0	0	0	0	0	0	0	0	0	0	0.0
2105	akrep_okcu	KNIGHT	MONSTER	RANGE	47	100			0	DESERT	POISON	0	scorpionman_bow	0	59	30	22	15	0	0	0	0	95	116	2598	8	7	558	837	2646	0	54	60	70	100	2000	850	30055	0	0	0	5	0	5	5	2	0	0	-10	0	0	2	0	0	0	10	0	0	0	0	0	0	0	0	0	0	0	0	1.0	0	0	0	0	0	0	0	0	0	0	0	0	0	0	0	0	0	0	0	0	0	0	0	0.0
2106	yilan_kilicci	KNIGHT	MONSTER	MELEE	48	100			0	DESERT	POISON	0	snakeman_sword	0	79	27	36	15	0	0	0	0	87	130	3692	12	12	276	414	2702	0	55	110	110	100	2000	175	30022	0	0	0	5	0	0	5	0	1	1	1	0	0	-15	0	0	0	0	0	0	0	0	0	0	0	0	0	0	0	0	1.0	0	0	0	70106	0	0	0	0	0	0	0	0	0	0	0	0	0	0	0	0	0	0	0	0.0
2107	yilan_okcu	KNIGHT	MONSTER	RANGE	51	100			0	DESERT	POISON	0	snakeman_bow	0	64	28	24	16	0	0	0	0	90	136	2957	8	7	603	904	2870	0	58	60	110	100	2000	850	30067	0	0	0	5	0	0	5	2	-5	-10	-5	0	0	2	0	0	0	10	0	0	0	0	0	0	0	0	0	0	0	0	1.0	0	0	0	0	0	0	0	0	0	0	0	0	0	0	0	0	0	0	0	0	0	0	0	0.0
2108	col_haydutu	S_KNIGHT	MONSTER	MELEE	54	100			0	DESERT		0	outlaw	0	61	68	44	17	0	0	0	0	95	143	6969	4	12	404	607	6076	0	62	100	120	100	2000	175	0	0	0	0	0	0	5	5	0	0	10	0	0	0	-20	0	0	0	0	0	0	0	0	0	0	0	0	0	0	0	0	2.0	0	0	0	70107	0	0	0	0	0	0	0	0	0	0	0	0	0	0	0	0	0	0	0	0.0
2131	vahsi_akrep_adam	PAWN	MONSTER	MELEE	60	100			0	INSECT		0	scorpionman_sword	0	77	58	39	20	0	0	0	0	144	176	3771	12	10	533	798	4956	0	80	110	120	100	2000	150	30045	0	0	0	5	0	5	0	0	0	-5	0	0	0	0	0	-20	0	0	0	10	0	0	1	0	0	0	0	0	0	0	1.0	0	0	0	70104	0	0	0	0	0	0	0	0	0	0	0	0	0	0	0	0	0	0	0	0.0
2132	akrep_okcu	S_PAWN	MONSTER	RANGE	62	100			0	INSECT		0	scorpionman_bow	0	80	60	40	20	0	0	0	0	132	198	4028	7	10	552	828	5292	0	83	110	120	100	2000	850	30055	0	0	0	5	0	5	0	0	0	-5	0	0	0	0	0	-20	0	0	0	10	0	0	1	0	0	0	0	0	0	0	1.0	0	0	0	70105	0	0	0	0	0	0	0	0	0	0	0	0	0	0	0	0	0	0	0	0.0
2133	yilan_kilicci	KNIGHT	MONSTER	MELEE	64	100			0	INSECT		0	snakeman_sword	0	82	62	41	21	0	0	0	0	137	206	6714	12	15	698	1047	5404	0	86	110	120	100	2000	150	30022	0	0	0	5	1	5	0	0	0	-5	0	0	0	0	0	-20	0	0	0	10	0	0	1	0	0	0	0	0	0	0	2.0	0	0	0	70106	0	0	0	0	0	0	0	0	0	0	0	0	0	0	0	0	0	0	0	0.0
2134	yilan_okcu	KNIGHT	MONSTER	RANGE	66	100			0	INSECT		0	snakeman_bow	0	84	63	42	21	0	0	0	0	159	195	7149	7	10	723	1085	5740	0	89	110	120	100	2000	850	30067	0	0	0	3	0	5	0	0	0	-5	0	0	0	0	0	-20	0	0	0	10	0	0	1	0	0	0	0	0	0	0	2.0	0	0	0	70106	0	0	0	0	0	0	0	0	0	0	0	0	0	0	0	0	0	0	0	0.0
2135	col_haydutu	S_KNIGHT	MONSTER	MELEE	68	100			0	INSECT		0	outlaw	0	87	65	43	22	0	0	0	0	164	201	7602	20	25	747	1121	12152	0	93	110	120	100	2000	150	0	0	0	0	3	0	5	0	0	0	-5	0	0	0	0	0	-20	0	0	0	10	0	0	1	0	0	0	0	0	0	0	2.0	0	0	0	70107	0	0	0	0	0	0	0	0	0	0	0	0	0	0	0	0	0	0	0	0.0
2151	guclu_col_tilkisi	S_PAWN	MONSTER	MELEE	19	100			0	DESERT		0	fennec_fox	0	18	24	12	6	0	0	0	0	54	66	627	5	7	92	138	388	0	24	100	200	0	2000	175	0	0	0	0	0	0	0	5	100	0	0	0	0	0	100	0	0	0	100	0	10	0	0	0	0	0	0	0	0	0	0	1.0	0	0	16764108	70105	0	0	0	0	0	0	0	0	0	0	0	0	0	0	0	0	0	0	0	0.0
2152	guclu_dervis	S_PAWN	MONSTER	MELEE	37	100			0	DESERT		0	evil_eye	0	52	24	36	12	0	0	0	0	74	138	1502	5	7	168	253	876	0	43	100	100	100	2000	175	0	0	0	0	0	3	0	5	0	1	0	1	0	1	-10	0	0	0	0	0	0	0	0	0	0	0	0	0	0	0	0	1.0	0	0	16764108	70105	0	0	0	0	0	0	0	0	0	0	0	0	0	0	0	0	0	0	0	0.0
2153	guclu_akrep_kral	S_PAWN	MONSTER	MELEE	39	100			0	DESERT		0	giant_scorpion	0	41	51	30	13	0	0	0	0	78	144	1620	5	7	176	265	923	0	45	100	80	100	2000	175	30046	0	0	0	0	0	0	5	0	0	1	0	1	0	-15	0	0	0	0	0	0	0	0	0	0	0	0	0	0	0	0	1.0	0	0	16764108	70105	0	0	0	0	0	0	0	0	0	0	0	0	0	0	0	0	0	0	0	0.0
2154	guclu_akrep_adam	KNIGHT	MONSTER	MELEE	44	100			0	DESERT	POISON	0	scorpionman_sword	0	50	28	37	14	0	0	0	0	109	133	2582	12	12	254	381	1735	0	51	110	120	100	2000	175	30045	0	0	0	5	0	0	5	0	1	1	2	1	1	-10	0	0	0	0	0	0	0	0	0	0	0	0	0	0	0	0	1.0	0	0	16764108	70106	0	0	0	0	0	0	0	0	0	0	0	0	0	0	0	0	0	0	0	0.0
2155	guclu_akrep_okcu	S_PAWN	MONSTER	RANGE	47	100			0	DESERT	POISON	0	scorpionman_bow	0	59	30	22	15	0	0	0	0	114	139	2079	8	7	558	837	1852	0	54	60	70	100	2000	850	30055	0	0	0	5	0	5	5	2	0	0	-10	0	0	2	0	0	0	10	0	0	0	0	0	0	0	0	0	0	0	0	1.0	0	0	16764108	0	0	0	0	0	0	0	0	0	0	0	0	0	0	0	0	0	0	0	0	0.0
2156	guclu_yilan_kilicci	KNIGHT	MONSTER	MELEE	48	100			0	DESERT	POISON	0	snakeman_sword	0	79	27	36	15	0	0	0	0	104	156	2954	12	12	276	414	1891	0	55	110	110	100	2000	175	30022	0	0	0	5	0	0	5	0	1	1	1	0	0	-15	0	0	0	0	0	0	0	0	0	0	0	0	0	0	0	0	1.0	0	0	16764108	70106	0	0	0	0	0	0	0	0	0	0	0	0	0	0	0	0	0	0	0	0.0
2157	guclu_yilan_okcu	KNIGHT	MONSTER	RANGE	51	100			0	DESERT	POISON	0	snakeman_bow	0	64	28	24	16	0	0	0	0	108	163	2365	8	7	603	904	2009	0	58	60	110	100	2000	850	30067	0	0	0	5	0	0	5	2	-5	-10	-5	0	0	2	0	0	0	10	0	0	0	0	0	0	0	0	0	0	0	0	1.0	0	0	16764108	0	0	0	0	0	0	0	0	0	0	0	0	0	0	0	0	0	0	0	0	0.0
2158	guclu_col_haydutu	S_KNIGHT	MONSTER	MELEE	54	100			0	DESERT		0	outlaw	0	61	68	44	17	0	0	0	0	114	172	5575	4	12	404	607	4253	0	62	100	120	100	2000	175	0	0	0	0	0	0	5	5	0	0	10	0	0	0	-20	0	0	0	0	0	0	0	0	0	0	0	0	0	0	0	0	2.0	0	0	16764108	70107	0	0	0	0	0	0	0	0	0	0	0	0	0	0	0	0	0	0	0	0.0
2191	dev_col_kaplumbagasi	BOSS	MONSTER	MELEE	75	100		STONESKIN	0	DESERT	STUN,SLOW,CURSE,TERROR	0	giant_desert_turtle	0	64	43	85	21	0	0	0	0	102	190	100000	10	10	820	1230	21520	0	76	100	100	100	2000	300	0	0	0	0	0	0	0	0	100	100	0	100	100	100	100	0	0	0	20	-30	10	10	0	0	0	1	0	0	0	0	0	2.0	0	20	0	0	40	256	30	256	0	0	0	0	0	0	0	0	0	0	0	0	0	0	0	0.0
2192	elit_dev_colkaplumbagasi	KING	MONSTER	MELEE	97	100		AGGR,BERSERK,STONESKIN,DEATHBLOW,REVIVE	0	DESERT	STUN,SLOW,CURSE,TERROR	0	giant_desert_turtle	0	122	91	61	30	0	0	0	0	150	278	2568600	30	20	23400	35100	356400	0	90	150	160	100	2000	350	0	0	0	0	0	0	15	20	50	30	25	30	30	30	50	25	0	0	50	-20	20	20	0	0	0	1	0	0	0	0	0	2.0	2414	10	16764879	0	40	256	30	256	0	0	0	0	0	0	0	0	0	0	0	0	0	0	0	0.0
2201	savas_kaplani_kolesi	S_PAWN	MONSTER	MELEE	69	100			0			0	fire_tiger	0	84	42	63	21	0	0	0	0	130	159	5550	3	7	283	424	997	0	78	100	130	100	2000	175	30042	0	0	0	0	0	15	20	0	15	10	20	15	15	-10	0	-60	0	0	0	0	0	0	1	0	0	0	0	0	0	0	1.0	0	0	0	70105	0	0	0	0	0	0	0	0	0	0	0	0	0	0	0	0	0	0	0	0.0
2202	alev_hayaleti	S_PAWN	MONSTER	MAGIC	69	100			0			0	fire_ghost	0	85	43	64	21	0	0	0	0	132	161	5550	3	7	292	438	997	0	78	100	130	100	2000	850	0	0	0	0	0	0	15	20	20	0	-5	5	-10	-10	20	0	-60	0	20	0	0	0	0	1	0	0	0	0	0	0	0	1.0	0	0	0	0	0	0	0	0	0	0	0	0	0	0	0	0	0	0	0	0	0	0	0	0.0
2203	savas_kaplani	KNIGHT	MONSTER	MELEE	70	100			0			0	fire_tiger_boss	0	85	43	65	22	0	0	0	0	119	178	7592	7	12	395	592	1686	0	79	100	130	100	2000	175	30019	0	0	0	0	0	15	20	0	20	15	25	0	0	-25	0	-50	0	0	0	0	0	0	1	0	0	0	0	0	0	0	2.0	0	0	0	70106	0	0	0	0	0	0	0	0	0	0	0	0	0	0	0	0	0	0	0	0.0
2204	alev	KNIGHT	MONSTER	POWER	71	100			0		CURSE	0	fire_man	0	86	43	65	22	0	0	0	0	105	195	7782	7	12	413	620	1710	0	80	100	130	100	2000	175	0	0	0	0	0	0	15	20	0	-5	-10	0	5	5	-20	0	-50	0	0	0	0	0	0	1	0	0	0	0	0	0	0	2.0	0	0	0	70106	0	0	0	0	0	0	0	0	0	0	0	0	0	0	0	0	0	0	0	0.0
2205	alev_savasci	S_KNIGHT	MONSTER	POWER	72	100			0		SLOW,CURSE	0	fire_knight	0	89	44	66	22	0	0	0	0	106	198	12459	3	12	517	776	3468	0	81	100	130	100	2000	175	30091	0	0	0	0	0	15	20	0	0	0	5	0	0	-25	0	-40	0	10	0	0	0	0	1	0	0	0	0	0	0	0	2.0	0	0	0	70107	0	0	0	0	0	0	0	0	0	0	0	0	0	0	0	0	0	0	0	0.0
2206	alev_kral	BOSS	MONSTER	MELEE	75	100		STONESKIN	0		STUN,SLOW,CURSE,TERROR	0	fire_king	0	91	46	66	23	0	0	0	0	109	203	100000	10	10	892	1338	17580	0	82	100	130	100	2000	175	0	0	0	0	0	50	15	20	0	0	10	0	10	0	-20	10	-30	0	10	0	0	0	0	1	0	0	0	0	0	0	0	2.0	0	0	0	0	40	256	0	0	0	0	0	0	0	0	0	0	0	0	0	0	0	0	0	0.0
2207	elit_alev_kral	BOSS	MONSTER	MELEE	73	100		AGGR	0		STUN,SLOW,CURSE,TERROR	0	fire_king	0	91	46	66	23	0	0	0	0	110	205	356080	25	20	68700	103050	240800	0	82	110	130	100	2000	150	0	0	0	0	0	50	15	20	40	40	35	40	40	40	40	35	-30	0	60	0	0	0	0	1	0	0	0	0	0	0	0	2.0	2205	0	0	0	40	256	0	0	0	0	0	0	0	0	0	0	0	0	0	0	0	0	0	0.0
2231	guclusavaskaplani_kolesi	S_PAWN	MONSTER	MELEE	69	100			0			0	fire_tiger	0	84	42	63	21	0	0	0	0	156	191	4440	3	7	283	424	698	0	78	100	130	100	2000	175	30042	0	0	0	0	0	15	20	0	15	10	20	15	15	-10	0	-60	0	0	0	0	0	0	1	0	0	0	0	0	0	0	1.0	0	0	16764108	70105	0	0	0	0	0	0	0	0	0	0	0	0	0	0	0	0	0	0	0	0.0
2232	guclu_alev_hayaleti	S_PAWN	MONSTER	MAGIC	69	100			0			0	fire_ghost	0	85	43	64	21	0	0	0	0	158	193	4440	3	7	292	438	698	0	78	100	130	100	2000	850	0	0	0	0	0	0	15	20	20	0	-5	5	-10	-10	20	0	-60	0	20	0	0	0	0	1	0	0	0	0	0	0	0	1.0	0	0	16764108	0	0	0	0	0	0	0	0	0	0	0	0	0	0	0	0	0	0	0	0	0.0
2233	guclu_savas_kaplani	KNIGHT	MONSTER	MELEE	70	100			0			0	fire_tiger_boss	0	85	43	65	22	0	0	0	0	143	214	6073	7	12	395	592	1180	0	79	100	130	100	2000	175	30019	0	0	0	0	0	15	20	0	20	15	25	0	0	-25	0	-50	0	0	0	0	0	0	1	0	0	0	0	0	0	0	2.0	0	0	16764108	70106	0	0	0	0	0	0	0	0	0	0	0	0	0	0	0	0	0	0	0	0.0
2234	guclu_alev_hayaleti	KNIGHT	MONSTER	POWER	71	100			0		CURSE	0	fire_man	0	86	43	65	22	0	0	0	0	126	234	6225	7	12	413	620	1197	0	80	100	130	100	2000	175	0	0	0	0	0	0	15	20	0	-5	-10	0	5	5	-20	0	-50	0	0	0	0	0	0	1	0	0	0	0	0	0	0	2.0	0	0	16764108	70106	0	0	0	0	0	0	0	0	0	0	0	0	0	0	0	0	0	0	0	0.0
2235	guclu_alev_savascisi	S_KNIGHT	MONSTER	POWER	72	100			0		SLOW,CURSE	0	fire_knight	0	89	44	66	22	0	0	0	0	127	238	9967	3	12	517	776	2428	0	81	100	130	100	2000	175	30091	0	0	0	0	0	15	20	0	0	0	5	0	0	-25	0	-40	0	10	0	0	0	0	1	0	0	0	0	0	0	0	2.0	0	0	16764108	70107	0	0	0	0	0	0	0	0	0	0	0	0	0	0	0	0	0	0	0	0.0
2291	kirmizi_ejderha	KING	MONSTER	MELEE	75	100		AGGR	0	DRAGON	STUN,SLOW,CURSE,TERROR	0	fire_dragon	0	99	69	65	23	0	0	0	0	110	205	489610	24	22	916	1374	135450	0	84	100	130	100	2000	1000	0	0	0	0	0	0	15	20	50	30	30	30	30	30	50	30	-20	0	50	0	20	20	0	1	0	0	0	0	0	0	0	2.0	2205	10	0	0	0	0	0	0	0	0	0	0	0	0	0	0	0	0	0	0	0	0	0	0.0
2301	hayalet_agac	PAWN	MONSTER	MAGIC	71	100		AGGR,NOMOVE	0			0	ent_trent	0	75	57	50	10	0	0	0	0	115	172	3617	3	5	344	516	1152	0	67	100	100	100	2000	650	0	0	0	3	0	0	5	5	50	0	-5	0	-10	-10	50	0	0	0	30	0	0	0	0	0	0	0	1	0	0	0	-70	1.0	0	5	0	0	0	0	0	0	0	0	0	0	0	0	0	0	0	0	0	0	0	0	0	0.0
2302	hayalet_agac_koku	PAWN	MONSTER	MELEE	73	100			0			0	ent_guru	0	92	42	65	10	0	0	0	0	134	164	6302	3	5	358	537	1204	0	72	120	100	100	2000	150	0	0	0	0	0	0	5	5	5	-5	-10	0	5	5	5	0	0	0	15	0	0	0	0	0	0	0	1	0	0	0	-70	1.0	0	5	0	0	0	0	0	0	0	0	0	0	0	0	0	0	0	0	0	0	0	0	0	0.0
2303	orman_perisi	S_PAWN	MONSTER	MAGIC	75	100			0			0	ent_hu	0	86	55	65	10	0	0	0	0	127	190	5676	5	5	616	924	1546	0	76	100	100	100	2000	650	0	0	0	0	10	0	0	0	10	10	15	5	-10	-10	10	0	0	0	10	0	0	0	0	0	0	0	1	0	0	0	-60	1.0	0	10	0	0	0	0	0	0	0	0	0	0	0	0	0	0	0	0	0	0	0	0	0	0.0
2304	hayalet_sogut	S_PAWN	MONSTER	MELEE	76	100			0		SLOW	0	ent_red	0	89	49	77	10	0	0	0	0	114	211	8329	5	10	632	948	1587	0	79	115	100	100	2000	150	0	0	0	0	0	0	5	5	5	-5	-10	-5	5	5	5	0	0	0	15	0	0	0	0	0	0	0	1	0	0	0	-60	1.0	0	15	0	0	0	0	0	0	0	0	0	0	0	0	0	0	0	0	0	0	0	0	0	0.0
2305	kotu_agac	KNIGHT	MONSTER	MELEE	77	100		AGGR	0		SLOW	0	ent_black	0	94	75	75	10	0	0	0	0	118	219	11542	7	5	905	1358	2749	0	83	115	100	100	2000	150	0	0	0	0	3	0	5	10	0	10	5	10	15	15	0	0	0	0	20	0	0	0	0	0	0	0	1	0	0	0	-50	2.0	0	15	0	70106	0	0	0	0	0	0	0	0	0	0	0	0	0	0	0	0	0	0	0	0.0
2306	dev_hayalet_agac	KING	MONSTER	MELEE	84	100		STONESKIN	0			0	ent_huge	0	99	84	70	10	0	0	0	0	118	219	353840	12	10	38560	57840	27236	0	86	100	130	100	2000	300	0	0	0	0	0	3	15	20	0	10	15	10	15	15	-5	15	0	0	60	0	0	0	0	0	0	0	1	0	0	0	-30	3.0	2304	35	0	0	0	0	0	0	0	0	0	0	0	0	0	0	0	0	0	0	0	0	0	0.0
2307	hayalet_agac_lordu	KING	MONSTER	MELEE	86	100		AGGR	0			0	ent_elder	0	121	76	65	10	0	0	0	0	120	224	452900	30	20	73200	109800	250800	0	90	100	130	100	2000	300	0	0	0	5	5	10	15	20	0	10	15	10	20	20	0	15	0	0	50	0	0	0	0	0	0	0	1	0	0	0	-20	4.0	2305	40	0	0	0	0	0	0	0	0	0	0	0	0	0	0	0	0	0	0	0	0	0	0.0
2311	kirmizi_hayalet_agac	S_PAWN	MONSTER	MAGIC	80	100		AGGR,NOMOVE	0			0	ent_trent	0	75	57	50	10	0	0	0	0	128	193	5034	3	5	624	936	1603	0	67	100	130	100	2000	900	0	0	0	3	0	0	15	20	50	0	-5	0	-10	-10	50	0	0	0	50	0	0	0	0	0	0	0	1	0	0	0	-60	2.0	0	5	16764879	0	0	0	0	0	0	0	0	0	0	0	0	0	0	0	0	0	0	0	0	0.0
2312	kirm.hayalet_agac_koku	KNIGHT	MONSTER	MELEE	82	100			0			0	ent_guru	0	92	42	65	10	0	0	0	0	148	181	9844	3	5	640	960	2745	0	72	120	130	100	2000	150	0	0	0	0	0	0	15	20	5	-5	-10	0	5	5	5	0	0	0	25	0	0	0	0	0	0	0	1	0	0	0	-50	2.0	0	5	16764879	70106	0	0	0	0	0	0	0	0	0	0	0	0	0	0	0	0	0	0	0	0.0
2313	kirmizi_orman_perisi	KNIGHT	MONSTER	MAGIC	83	100			0			0	ent_hu	0	86	55	65	10	0	0	0	0	133	200	7978	5	5	894	1341	2781	0	76	100	150	100	2000	650	0	0	0	0	10	0	5	15	10	10	15	5	-10	-10	10	0	0	0	30	0	0	0	0	0	0	0	1	0	0	0	-50	2.0	0	10	16764879	0	0	0	0	0	0	0	0	0	0	0	0	0	0	0	0	0	0	0	0	0.0
2314	kirmizi_hayalet_sogut	S_KNIGHT	MONSTER	MELEE	86	100		AGGR	0		SLOW	0	ent_red	0	89	49	77	10	0	0	0	0	120	224	16181	5	10	928	1392	5778	0	79	115	150	100	2000	150	0	0	0	0	0	0	15	20	5	-5	-10	-5	5	5	5	0	0	0	35	0	0	0	0	0	0	0	1	0	0	0	-40	2.0	0	15	16764879	70107	0	0	0	0	0	0	0	0	0	0	0	0	0	0	0	0	0	0	0	0.0
2315	kirmizi_kotu_agac	S_KNIGHT	MONSTER	MELEE	88	100		AGGR	0		SLOW	0	ent_black	0	94	75	75	10	0	0	0	0	123	229	16580	7	5	1212	1819	5922	0	83	115	150	100	2000	150	0	0	0	0	3	0	15	20	0	10	5	10	15	15	0	0	0	0	40	0	0	0	0	0	0	0	1	0	0	0	-40	2.0	0	15	16764879	70107	0	0	0	0	0	0	0	0	0	0	0	0	0	0	0	0	0	0	0	0.0
2401	setaou_savascisi	PAWN	MONSTER	MELEE	87	100		AGGR,BERSERK	0	DEVIL	SLOW,CURSE,TERROR	0	ch_footman	0	107	53	80	26	0	0	0	0	167	201	12635	3	14	660	990	7050	0	67	110	130	110	2000	50	0	0	0	3	0	0	5	5	10	0	0	0	10	10	10	0	0	-70	30	0	0	0	1	0	0	0	0	0	0	0	0	2.0	0	5	0	0	0	0	0	0	0	0	0	0	0	0	0	0	0	0	0	0	0	0	0	0.0
2402	setaou_avcisi	PAWN	MONSTER	RANGE	89	100		AGGR,GODSPEED	0	DEVIL	SLOW,CURSE,TERROR	0	ch_bowman	0	82	110	55	27	0	0	0	0	191	222	10283	5	14	674	1011	7212	0	72	105	150	100	2000	1300	0	0	0	0	0	0	5	5	0	15	15	0	0	0	-30	15	0	-70	10	0	0	0	1	0	0	0	0	0	0	0	0	2.0	0	5	0	0	0	0	0	0	0	0	0	0	0	0	0	0	0	0	0	0	0	0	0	0.0
2403	setaou_mistik	S_PAWN	MONSTER	RANGE	89	100		AGGR,REVIVE	0	DEVIL	SLOW,CURSE,TERROR	0	ch_magician	0	82	55	110	27	0	0	0	0	151	235	16784	5	14	1092	1638	8658	0	76	100	150	100	2000	1200	0	0	0	0	10	10	0	0	30	10	10	15	-5	-5	30	10	0	-60	-30	0	0	0	1	0	0	0	0	0	0	0	0	3.0	0	10	0	0	0	0	0	0	0	0	0	0	0	0	0	0	0	0	0	0	0	0	0	0.0
2404	setaou_lideri	S_PAWN	MONSTER	MELEE	90	100		AGGR,STONESKIN	0	DEVIL	SLOW,CURSE,TERROR	0	ch_officer	0	111	83	55	28	0	0	0	0	172	235	22272	7	20	1104	1656	8754	0	79	110	130	100	2000	50	0	0	0	0	0	0	5	5	10	10	10	5	-5	-5	10	10	0	-60	15	0	0	0	1	0	0	0	0	0	0	0	0	4.0	0	15	0	0	0	0	0	0	0	0	0	0	0	0	0	0	0	0	0	0	0	0	0	0.0
2411	setaou_askeri	S_PAWN	MONSTER	MELEE	91	100		AGGR,BERSERK	0	DEVIL	SLOW,CURSE,TERROR	0	ch_footman	0	112	84	56	28	0	0	0	0	154	239	17000	3	14	1100	1550	19474	0	78	115	130	100	2000	50	0	0	0	5	0	0	6	3	15	10	0	15	30	25	15	10	0	-60	30	0	0	0	1	0	0	0	0	0	0	0	0	2.0	0	15	16764879	0	0	0	0	0	0	0	0	0	0	0	0	0	0	0	0	0	0	0	0	0.0
2412	setaou_okcusu	KNIGHT	MONSTER	RANGE	93	100		AGGR,GODSPEED	0	DEVIL	SLOW,CURSE,TERROR	0	ch_bowman	0	86	114	57	29	0	0	0	0	188	239	15390	3	14	1055	1582	19920	0	82	110	150	100	2000	1300	0	0	0	0	3	3	6	6	5	15	15	10	0	10	5	20	0	-50	20	0	0	0	1	0	0	0	0	0	0	0	0	2.0	0	15	16764879	0	0	0	0	0	0	0	0	0	0	0	0	0	0	0	0	0	0	0	0	0.0
2413	setaou_yargici	KNIGHT	MONSTER	RANGE	95	100		AGGR,REVIVE	0	DEVIL	SLOW,CURSE,TERROR	0	ch_magician	0	88	58	117	29	0	0	0	0	205	256	21724	4	14	1746	2620	20354	0	88	110	150	100	2000	1200	0	0	0	10	0	10	2	2	0	15	15	5	30	25	0	20	0	-50	40	0	0	0	1	0	0	0	0	0	0	0	0	3.0	0	30	16764879	0	0	0	0	0	0	0	0	0	0	0	0	0	0	0	0	0	0	0	0	0.0
2414	setaou_komutani	S_KNIGHT	MONSTER	MELEE	97	100		AGGR,STONESKIN	0	DEVIL	SLOW,CURSE,TERROR	0	ch_officer	0	119	89	60	30	0	0	0	0	222	273	41400	5	20	1782	2673	41580	0	95	105	130	100	2000	50	0	0	0	5	0	5	8	8	20	15	15	15	10	5	20	20	0	-40	-10	0	0	0	1	0	0	0	0	0	0	0	0	3.0	0	20	16764879	0	0	0	0	0	0	0	0	0	0	0	0	0	0	0	0	0	0	0	0	0.0
2415	setaou_komutani	S_KNIGHT	MONSTER	MELEE	97	100		AGGR,STONESKIN	0	DEVIL	SLOW,CURSE,TERROR	0	ch_officer	0	119	89	60	30	0	0	0	0	222	273	41400	5	20	0	0	0	0	95	105	130	100	2000	50	0	0	0	5	0	5	8	8	20	15	15	15	10	5	20	20	0	-40	-10	0	0	0	1	0	0	0	0	0	0	0	0	3.0	0	20	16764879	0	0	0	0	0	0	0	0	0	0	0	0	0	0	0	0	0	0	0	0	0.0
2431	ãµàcº´»c	PAWN	MONSTER	MELEE	80	100		AGGR,BERSERK	0	DEVIL	SLOW,CURSE,TERROR	0	ch_footman	0	107	53	80	26	0	0	0	0	133	247	7090	3	7	660	990	26208	0	67	110	130	110	2000	50	0	0	0	3	0	0	5	5	50	0	-10	0	-10	-10	50	0	0	-70	30	0	0	0	1	0	0	0	0	0	0	0	0	2.0	0	5	16764108	0	0	0	0	0	0	0	0	0	0	0	0	0	0	0	0	0	0	0	0	0.0
2432	ãµàc±ãº´	PAWN	MONSTER	RANGE	82	100		AGGR,GODSPEED	0	DEVIL	SLOW,CURSE,TERROR	0	ch_bowman	0	82	110	55	27	0	0	0	0	136	252	5522	5	7	674	1011	26334	0	72	105	150	100	2000	1300	0	0	0	0	0	0	5	5	5	-5	-15	0	5	5	5	0	0	-70	15	0	0	0	1	0	0	0	0	0	0	0	0	2.0	0	5	16764108	0	0	0	0	0	0	0	0	0	0	0	0	0	0	0	0	0	0	0	0	0.0
2433	ãµàc¹i»c	S_PAWN	MONSTER	MAGIC	82	100		AGGR,REVIVE	0	DEVIL	SLOW,CURSE,TERROR	0	ch_magician	0	82	55	110	27	0	0	0	0	136	252	14784	5	7	1092	1638	33396	0	76	105	150	100	2000	650	0	0	0	0	10	10	0	0	10	10	10	5	-10	-10	10	0	0	-60	10	0	0	0	1	0	0	0	0	0	0	0	0	3.0	0	10	16764108	0	0	0	0	0	0	0	0	0	0	0	0	0	0	0	0	0	0	0	0	0.0
2434	ãµàcàå¼o	S_PAWN	MONSTER	MELEE	83	100		AGGR,STONESKIN	0	DEVIL	SLOW,CURSE,TERROR	0	ch_officer	0	111	83	55	28	0	0	0	0	137	255	20272	7	10	1104	1656	33468	0	79	115	130	100	2000	50	0	0	0	0	0	0	5	5	5	-5	-15	-5	5	5	5	0	0	-60	15	0	0	0	1	0	0	0	0	0	0	0	0	4.0	0	15	16764108	0	0	0	0	0	0	0	0	0	0	0	0	0	0	0	0	0	0	0	0	0.0
2451	áøãµàcº´»c	S_PAWN	MONSTER	MELEE	84	100		AGGR,BERSERK	0	DEVIL	SLOW,CURSE,TERROR	0	ch_footman	0	112	84	56	28	0	0	0	0	139	257	16923	5	7	688	1033	10908	0	67	135	130	100	2000	50	0	0	0	3	0	0	15	20	50	0	-10	0	-10	-10	50	0	0	-60	50	0	0	0	1	0	0	0	0	0	0	0	0	3.0	0	15	13421823	0	0	0	0	0	0	0	0	0	0	0	0	0	0	0	0	0	0	0	0	0.0
2452	áøãµàc±ãº´	KNIGHT	MONSTER	RANGE	86	100		AGGR,GODSPEED	0	DEVIL	SLOW,CURSE,TERROR	0	ch_bowman	0	86	114	57	29	0	0	0	0	141	263	22608	5	7	703	1054	11154	0	72	130	150	100	2000	1300	0	0	0	0	0	0	15	20	5	-5	-15	0	5	5	5	0	0	-50	25	0	0	0	1	0	0	0	0	0	0	0	0	4.0	0	15	13421823	0	0	0	0	0	0	0	0	0	0	0	0	0	0	0	0	0	0	0	0	0.0
2453	áøãµàc¹i»c	KNIGHT	MONSTER	RANGE	88	100		AGGR,REVIVE	0	DEVIL	SLOW,CURSE,TERROR	0	ch_magician	0	88	58	117	29	0	0	0	0	144	268	23634	7	7	1164	1746	11394	0	76	130	150	100	2000	1200	0	0	0	0	10	10	5	15	10	10	10	5	-10	-10	10	0	0	-50	30	0	0	0	1	0	0	0	0	0	0	0	0	4.0	0	20	13421823	0	0	0	0	0	0	0	0	0	0	0	0	0	0	0	0	0	0	0	0	0.0
2454	áøãµàcàå¼o	S_KNIGHT	MONSTER	MELEE	90	100		AGGR,STONESKIN	0	DEVIL	SLOW,CURSE,TERROR	0	ch_officer	0	119	89	60	30	0	0	0	0	147	273	39540	7	10	1188	1782	23286	0	79	140	130	100	2000	50	0	0	0	0	0	0	15	20	5	-5	-15	-5	5	5	5	0	0	-40	35	0	0	0	1	0	0	0	0	0	0	0	0	6.0	0	25	13421823	0	0	0	0	0	0	0	0	0	0	0	0	0	0	0	0	0	0	0	0	0.0
2491	komutan	S_KNIGHT	MONSTER	MELEE	93	100		AGGR,BERSERK,DEATHBLOW,REVIVE	0	DEVIL	STUN,SLOW,CURSE,TERROR	0	ch_general	0	119	89	60	30	0	0	0	0	144	268	320000	2	9	41500	67250	44700	0	92	140	130	100	2000	100	0	2492	0	0	0	5	15	15	45	45	45	35	30	30	45	45	0	-40	20	0	0	0	1	0	0	0	0	0	0	0	0	4.0	2404	35	0	0	40	256	40	257	0	0	0	0	0	0	0	0	0	0	0	0	0	0	0	0.0
2492	general	BOSS	MONSTER	MELEE	95	100		AGGR,BERSERK,DEATHBLOW,REVIVE	0	DEVIL	STUN,SLOW,CURSE,TERROR	0	ch_general	0	119	89	60	30	0	0	0	0	147	268	900000	17	30	148500	222750	456600	0	92	140	130	100	2000	100	0	0	0	5	5	15	10	10	50	45	45	40	35	35	50	45	0	-30	20	0	0	0	1	0	0	0	0	0	0	0	0	4.0	2415	40	0	0	40	256	40	257	0	0	0	0	0	0	0	0	0	0	0	0	0	0	0	0.0
2493	beran_setaou	BOSS	MONSTER	MELEE	97	100		AGGR,BERSERK,STONESKIN	0	DRAGON	STUN,SLOW,TERROR	0	blue_dragon	0	153	114	76	37	0	0	0	0	289	449	6300000	44	6	23400000	35100000	3564000	0	930	150	180	100	2000	350	0	0	25	25	25	25	25	25	25	25	25	25	25	25	25	25	0	-10	25	0	25	25	50	0	0	0	0	0	0	0	0	4.0	2404	100	0	0	40	256	40	257	0	0	0	0	0	0	0	0	0	0	0	0	0	0	0	0.0
2494	general	S_KNIGHT	MONSTER	MELEE	88	100		AGGR,BERSERK,DEATHBLOW,REVIVE	0	DEVIL	STUN,SLOW,CURSE,TERROR	0	ch_general	0	119	89	60	30	0	0	0	0	144	268	300000	4	14	31200	46800	44700	0	92	140	130	100	2000	100	0	2495	0	0	0	5	10	20	45	45	45	35	30	30	45	45	0	-40	20	0	0	0	1	0	0	0	0	0	0	0	0	4.0	2404	35	0	0	40	256	40	257	0	0	0	0	0	0	0	0	0	0	0	0	0	0	0	0.0
2495	general	BOSS	MONSTER	MELEE	90	100		AGGR,BERSERK,DEATHBLOW,REVIVE	0	DEVIL	STUN,SLOW,CURSE,TERROR	0	ch_general	0	119	89	60	30	0	0	0	0	144	273	600000	8	16	118800	178200	456600	0	92	140	130	100	2000	100	0	0	0	5	5	15	10	10	50	45	45	40	35	35	50	45	0	-30	20	0	0	0	1	0	0	0	0	0	0	0	0	4.0	2415	40	0	0	40	256	40	257	0	0	0	0	0	0	0	0	0	0	0	0	0	0	0	0.0
2501	cehennem_deniz_anasi	PAWN	MONSTER	MELEE	79	100		AGGR,GODSPEED	0	UNDEAD	CURSE	0	zombie_diseased_kid	0	117	88	58	29	0	0	0	0	240	295	6206	5	7	478	717	739	0	93	110	100	90	2000	150	0	0	1	1	1	1	0	5	0	0	-5	0	0	0	0	0	0	0	0	0	10	0	0	0	0	0	0	1	-70	0	0	1.0	0	5	0	0	0	0	0	0	0	0	0	0	0	0	0	0	0	0	0	0	0	0	0	0.0
2502	cehennem_kopegi	S_PAWN	MONSTER	MELEE	80	100		AGGR,REVIVE	0	UNDEAD	CURSE	0	zombie_diseased_dog	0	118	59	89	30	0	0	0	0	243	297	7582	5	7	1176	1764	896	0	94	110	100	100	2000	150	0	0	1	1	1	1	0	10	0	0	-5	0	0	0	0	0	0	0	0	0	10	0	0	0	0	0	0	1	-60	0	0	1.0	0	5	0	0	0	0	0	0	0	0	0	0	0	0	0	0	0	0	0	0	0	0	0	0.0
2503	zombi	S_PAWN	MONSTER	MELEE	81	100		AGGR,STONESKIN	0	UNDEAD	CURSE	0	zombie_diseased_infector	0	89	60	120	30	0	0	0	0	245	300	7718	5	7	1188	1782	906	0	95	110	100	100	2000	150	0	0	1	1	1	1	0	5	0	0	-5	0	0	0	0	0	0	0	0	0	10	0	0	0	0	0	0	1	-60	0	0	1.0	0	5	0	0	0	0	0	0	0	0	0	0	0	0	0	0	0	0	0	0	0	0	0	0.0
2504	cehennem_subayi	KNIGHT	MONSTER	MELEE	82	100		AGGR,BERSERK	0	UNDEAD	CURSE	0	zombie_diseased_sword	0	90	120	60	30	0	0	0	0	248	302	10475	5	7	2214	3321	1526	0	96	110	100	100	2000	150	0	0	1	1	1	1	0	5	0	0	-5	0	0	0	0	0	0	0	0	0	10	0	0	0	0	0	0	1	-50	0	0	1.0	0	5	0	0	0	0	0	0	0	0	0	0	0	0	0	0	0	0	0	0	0	0	0	0.0
2505	cehennem_bekcisi	KNIGHT	MONSTER	MELEE	83	100		AGGR,GODSPEED	0	UNDEAD	CURSE	0	zombie_diseased_spear	0	61	122	93	32	0	0	0	0	250	305	10660	5	7	2236	3355	1542	0	97	110	100	100	2000	150	0	0	1	1	1	1	0	10	0	0	-5	0	0	0	0	0	0	0	0	0	10	0	0	0	0	0	0	1	-50	0	0	1.0	0	5	0	0	0	0	0	0	0	0	0	0	0	0	0	0	0	0	0	0	0	0	0	0.0
2506	ikibasli_cehennem_okcusu	S_KNIGHT	MONSTER	RANGE	84	100		AGGR,REVIVE	0	UNDEAD	CURSE	0	zombie_diseased_bow	0	93	123	62	33	0	0	0	0	224	336	16947	5	7	3608	5412	3116	0	98	90	100	100	2000	850	30193	0	1	1	1	1	0	10	0	0	-5	0	0	0	0	0	0	0	0	0	10	0	0	0	0	0	0	1	-40	0	0	1.0	0	5	0	0	0	0	0	0	0	0	0	0	0	0	0	0	0	0	0	0	0	0	0	0.0
2507	cehennem_kepcesi	S_KNIGHT	MONSTER	RANGE	85	100		AGGR,STONESKIN	0	UNDEAD	CURSE	0	zombie_diseased_boss	0	123	98	90	30	0	0	0	0	198	367	17242	5	7	3644	5466	3148	0	99	110	100	100	2000	150	30193	0	1	1	1	1	0	10	0	0	-5	0	0	0	0	0	0	0	0	0	10	0	0	0	0	0	0	1	-40	0	0	1.0	0	5	0	0	0	0	0	0	0	0	0	0	0	0	0	0	0	0	0	0	0	0	0	0.0
2508	cehennem_savascisi	PAWN	MONSTER	MELEE	79	100		AGGR,GODSPEED	0	UNDEAD	CURSE,TERROR	0	zombie_soldier_scythe	0	58	117	88	29	0	0	0	0	240	295	6206	5	7	478	717	739	0	93	115	130	100	2000	150	0	2541	5	0	0	0	0	0	20	0	-5	0	0	0	20	0	0	0	0	0	10	0	0	0	0	0	0	1	-70	0	0	1.0	0	10	0	0	0	0	0	0	0	0	0	0	0	0	0	0	0	0	0	0	0	0	0	0.0
2509	cehennem_okcusu	S_PAWN	MONSTER	RANGE	80	100		AGGR,REVIVE	0	UNDEAD	CURSE,TERROR	0	zombie_soldier_bow	0	89	119	59	30	0	0	0	0	215	325	7582	5	7	1176	1764	896	0	94	120	130	100	2000	850	0	2542	5	0	0	0	0	0	20	0	-5	0	0	0	20	0	0	0	0	0	10	0	0	0	0	0	0	1	-60	0	0	1.0	0	10	0	0	0	0	0	0	0	0	0	0	0	0	0	0	0	0	0	0	0	0	0	0.0
2510	cehennem_mizrakcisi	S_PAWN	MONSTER	MELEE	81	100		AGGR,STONESKIN	0	UNDEAD	CURSE,TERROR	0	zombie_soldier_spear	0	120	90	60	31	0	0	0	0	245	300	7718	5	7	1188	1782	906	0	95	120	130	100	2000	150	0	2543	10	0	0	0	0	0	20	0	-5	0	0	0	20	0	0	0	0	0	10	0	0	0	0	0	0	1	-60	0	0	1.0	0	10	0	0	0	0	0	0	0	0	0	0	0	0	0	0	0	0	0	0	0	0	0	0.0
2511	cehennem_papazi	KNIGHT	MONSTER	MAGIC	82	100		AGGR,BERSERK	0	UNDEAD	CURSE,TERROR	0	zombie_magician	0	61	121	91	32	0	0	0	0	192	358	10475	5	7	2214	3321	1526	0	96	130	130	100	2000	850	0	2544	10	0	0	0	0	0	20	-10	-25	5	-20	-20	20	0	0	0	25	0	10	0	0	0	0	0	0	1	-50	0	0	1.0	0	10	0	0	0	0	0	0	0	0	0	0	0	0	0	0	0	0	0	0	0	0	0	0.0
2512	cehennem_binbasisi	KNIGHT	MONSTER	MELEE	83	100		AGGR,GODSPEED	0	UNDEAD	CURSE,TERROR	0	zombie_bigboss	0	122	92	62	33	0	0	0	0	195	361	10660	5	7	2236	3355	1542	0	97	130	130	100	2000	150	0	2545	15	0	0	0	10	0	20	-5	-5	10	10	10	20	0	0	0	30	0	10	0	0	0	0	0	0	1	-50	0	0	1.0	0	10	0	0	0	0	0	0	0	0	0	0	0	0	0	0	0	0	0	0	0	0	0	0.0
2513	cehennem_katliamcisi	S_KNIGHT	MONSTER	RANGE	84	100		AGGR,REVIVE	0	UNDEAD	CURSE,TERROR	0	zombie_ghost	0	63	93	123	34	0	0	0	0	196	365	16947	5	7	3608	5412	3116	0	98	130	130	100	2000	300	0	2546	15	0	0	0	0	0	20	-5	-25	0	0	0	20	0	0	0	35	0	10	0	0	0	0	0	0	1	-40	0	0	1.0	0	10	0	0	0	0	0	0	0	0	0	0	0	0	0	0	0	0	0	0	0	0	0	0.0
2514	cehennem_generali	S_KNIGHT	MONSTER	MELEE	86	100		AGGR,STONESKIN	0	UNDEAD	CURSE,TERROR	0	zombie_general	0	124	100	80	30	0	0	0	0	200	371	17537	5	7	3680	5520	3180	0	100	130	130	100	2000	150	0	2547	20	5	0	0	0	0	20	0	-5	-25	0	0	20	0	0	0	40	0	10	0	0	0	0	0	0	1	-40	0	0	1.0	0	10	0	0	0	0	0	0	0	0	0	0	0	0	0	0	0	0	0	0	0	0	0	0.0
2541	kotu_cehennem_savascisi	PAWN	MONSTER	MELEE	79	100		AGGR,GODSPEED	0	UNDEAD	CURSE,TERROR	0	zombie_soldier_scythe	0	58	117	88	29	0	0	0	0	240	295	6206	5	7	478	717	739	0	93	115	130	100	2000	150	0	0	5	0	0	0	0	0	20	0	-5	0	0	0	20	0	0	0	0	0	10	0	0	0	0	0	0	1	-70	0	0	1.0	0	10	0	0	0	0	0	0	0	0	0	0	0	0	0	0	0	0	0	0	0	0	0	0.0
2542	kotu_cehennem_okcusu	S_PAWN	MONSTER	RANGE	80	100		AGGR,REVIVE	0	UNDEAD	CURSE,TERROR	0	zombie_soldier_bow	0	89	119	59	30	0	0	0	0	215	325	7582	5	7	1176	1764	896	0	94	120	130	100	2000	850	0	0	5	0	0	0	0	0	20	0	-5	0	0	0	20	0	0	0	0	0	10	0	0	0	0	0	0	1	-60	0	0	1.0	0	10	0	0	0	0	0	0	0	0	0	0	0	0	0	0	0	0	0	0	0	0	0	0.0
2543	kotu_cehennem_mizrakcisi	S_PAWN	MONSTER	MELEE	81	100		AGGR,STONESKIN	0	UNDEAD	CURSE,TERROR	0	zombie_soldier_spear	0	120	90	60	31	0	0	0	0	245	300	7718	5	7	1188	1782	906	0	95	120	130	100	2000	150	30196	0	10	0	0	0	0	0	20	0	-5	0	0	0	20	0	0	0	0	0	10	0	0	0	0	0	0	1	-60	0	0	1.0	0	10	0	0	0	0	0	0	0	0	0	0	0	0	0	0	0	0	0	0	0	0	0	0.0
2544	kotu_cehennem_papazi	KNIGHT	MONSTER	MAGIC	82	100		AGGR,BERSERK	0	UNDEAD	CURSE,TERROR	0	zombie_magician	0	61	121	91	32	0	0	0	0	192	358	10475	5	7	2214	3321	1526	0	96	130	130	100	2000	850	0	0	10	0	0	0	0	0	20	-10	-25	5	-20	-20	20	0	0	0	25	0	10	0	0	0	0	0	0	1	-50	0	0	1.0	0	10	0	0	0	0	0	0	0	0	0	0	0	0	0	0	0	0	0	0	0	0	0	0.0
2545	kotu_cehennem_binbasisi	KNIGHT	MONSTER	MELEE	83	100		AGGR,GODSPEED	0	UNDEAD	CURSE,TERROR	0	zombie_bigboss	0	122	92	62	33	0	0	0	0	195	361	10660	5	7	2236	3355	1542	0	97	130	130	100	2000	150	30196	0	15	0	0	0	10	0	20	-5	-5	10	10	10	20	0	0	0	30	0	10	0	0	0	0	0	0	1	-50	0	0	1.0	0	10	0	0	0	0	0	0	0	0	0	0	0	0	0	0	0	0	0	0	0	0	0	0.0
2546	kotu_cehennem_katliamci	S_KNIGHT	MONSTER	RANGE	84	100		AGGR,REVIVE	0	UNDEAD	CURSE,TERROR	0	zombie_ghost	0	63	93	123	34	0	0	0	0	196	365	16947	5	7	3608	5412	3116	0	98	130	130	100	2000	300	0	0	15	0	0	0	0	0	20	-5	-25	0	0	0	20	0	0	0	35	0	10	0	0	0	0	0	0	1	-40	0	0	1.0	0	10	0	0	0	0	0	0	0	0	0	0	0	0	0	0	0	0	0	0	0	0	0	0.0
2547	kotu_cehennem_generali	S_KNIGHT	MONSTER	MELEE	86	100		AGGR,STONESKIN	0	UNDEAD	CURSE,TERROR	0	zombie_general	0	124	100	80	30	0	0	0	0	200	371	17537	5	7	3680	5520	3180	0	100	135	130	100	2000	150	30196	0	20	5	0	0	0	0	20	0	-5	-25	0	0	20	0	0	0	40	0	10	0	0	0	0	0	0	1	-40	0	0	1.0	0	10	0	0	0	0	0	0	0	0	0	0	0	0	0	0	0	0	0	0	0	0	0	0.0
2591	tartarus	S_KNIGHT	MONSTER	MELEE	89	100		AGGR,BERSERK,STONESKIN,DEATHBLOW,REVIVE	0	UNDEAD	STUN,SLOW,CURSE,TERROR	0	zombie_king	0	140	115	130	80	0	0	0	0	205	382	73770	10	10	17120	25680	32720	0	103	110	150	100	2000	150	0	0	30	10	0	0	15	10	40	40	35	40	40	40	40	35	0	0	60	0	10	10	0	0	0	0	0	1	-40	0	0	2.0	2513	20	0	0	25	256	0	0	0	0	0	0	0	0	0	0	0	0	0	0	0	0	0	0.0
2592	cehennem_kirmasi	S_KNIGHT	MONSTER	MELEE	89	100		AGGR,BERSERK,STONESKIN,DEATHBLOW,REVIVE	0	UNDEAD	STUN,SLOW,CURSE,TERROR	0	zombie_king	0	140	115	130	80	0	0	0	0	205	382	73770	10	10	17120	25680	32720	0	103	110	150	100	2000	150	0	0	30	10	0	0	15	10	40	40	35	40	40	40	40	35	0	0	60	0	10	10	0	0	0	0	0	1	-40	0	0	2.0	2513	20	0	0	25	256	0	0	0	0	0	0	0	0	0	0	0	0	0	0	0	0	0	0.0
2593	cehennem_kirmasi	S_KNIGHT	MONSTER	MELEE	89	100		AGGR,BERSERK,STONESKIN,DEATHBLOW,REVIVE	0	UNDEAD	STUN,SLOW,CURSE,TERROR	0	zombie_king	0	140	115	130	80	0	0	0	0	205	382	73770	10	10	17120	25680	32720	0	103	110	150	100	2000	150	0	0	30	10	0	0	15	10	40	40	35	40	40	40	40	35	0	0	60	0	10	10	0	0	0	0	0	1	-40	0	0	2.0	2513	20	0	0	25	256	0	0	0	0	0	0	0	0	0	0	0	0	0	0	0	0	0	0.0
2594	cehennem_kirmasi	S_KNIGHT	MONSTER	MELEE	89	100		AGGR,BERSERK,STONESKIN,DEATHBLOW,REVIVE	0	UNDEAD	STUN,SLOW,CURSE,TERROR	0	zombie_king	0	140	115	130	80	0	0	0	0	205	382	73770	10	10	17120	25680	32720	0	103	110	150	100	2000	150	0	0	30	10	0	0	15	10	40	40	35	40	40	40	40	35	0	0	60	0	10	10	0	0	0	0	0	1	-40	0	0	2.0	2513	20	0	0	25	256	0	0	0	0	0	0	0	0	0	0	0	0	0	0	0	0	0	0.0
2595	erebos	S_KNIGHT	MONSTER	MELEE	89	100		AGGR,BERSERK,STONESKIN,DEATHBLOW,REVIVE	0	UNDEAD	STUN,SLOW,CURSE,TERROR	0	zombie_king	0	140	115	130	80	0	0	0	0	200	371	43770	10	10	0	0	32720	0	103	110	150	100	2000	150	0	0	30	10	0	0	15	10	40	40	35	40	40	40	40	35	0	0	60	0	10	10	0	0	0	0	0	1	-40	0	0	2.0	2513	20	0	0	20	256	0	0	0	0	0	0	0	0	0	0	0	0	0	0	0	0	0	0.0
2596	azrailin_tohumu	S_KNIGHT	MONSTER	MELEE	89	100		AGGR,BERSERK,STONESKIN,DEATHBLOW,REVIVE	0	UNDEAD	STUN,SLOW,CURSE,TERROR	0	zombie_king	0	140	115	130	80	0	0	0	0	200	371	43770	10	10	0	0	32720	0	103	110	150	100	2000	150	0	0	30	10	0	0	15	10	40	40	35	40	40	40	40	0	0	0	60	0	10	10	0	0	0	0	0	1	-40	0	0	2.0	2513	20	0	0	20	256	0	0	0	0	0	0	0	0	0	0	0	0	0	0	0	0	0	0.0
2597	kharoon	KING	MONSTER	MELEE	91	100		AGGR,BERSERK,DEATHBLOW,REVIVE	0	UNDEAD	STUN,SLOW,CURSE,TERROR	0	zombie_god	0	150	120	150	90	0	0	0	0	209	388	114345	20	20	30520	45780	333600	0	105	110	150	100	2000	250	0	0	50	10	0	0	20	15	40	40	35	40	40	40	40	35	0	0	60	0	10	10	0	0	0	0	0	1	-20	0	0	3.0	2595	30	0	0	20	257	25	258	0	0	0	0	0	0	0	0	0	0	0	0	0	0	0	0.0
2598	azrail	BOSS	MONSTER	MELEE	91	100		AGGR,BERSERK,DEATHBLOW,REVIVE	0	UNDEAD	STUN,SLOW,CURSE,TERROR	0	zombie_bigboss2	0	150	120	150	90	0	0	0	0	209	388	924600	20	10	30520	45780	333600	0	105	110	150	100	2000	450	0	0	50	10	0	0	25	20	40	40	35	40	40	40	40	35	0	0	60	0	10	10	0	0	0	0	0	1	-20	0	0	3.0	2596	30	0	0	10	257	20	259	0	0	0	0	0	0	0	0	0	0	0	0	0	0	0	0.0
2600	zodyak_kurdu	KNIGHT	MONSTER	MELEE	1	90		BERSERK,STONESKIN,FALL	0	ANIMAL,ATT_CZ		0	wolf	0	16	16	31	8	0	0	0	0	32	39	435	10	5	0	0	1	0	12	100	120	100	2000	175	0	0	10	0	0	0	0	0	30	30	30	30	30	30	30	30	0	0	50	0	0	0	0	0	0	0	0	50	-50	0	0	1.0	0	0	130130130	0	0	0	0	0	0	0	0	0	0	0	0	0	0	0	0	0	0	0	0	0.0
2601	zodyak_mavi_kurdu	S_KNIGHT	MONSTER	MELEE	1	100		BERSERK,STONESKIN,FALL	0	ANIMAL,ATT_CZ		0	wolf	0	24	33	32	8	0	0	0	0	42	51	1110	10	5	0	0	1	0	18	100	120	100	2000	175	0	0	10	0	0	0	0	0	30	30	30	30	30	30	30	30	0	0	50	0	0	0	0	0	0	0	0	50	-50	0	0	2.0	0	0	130130130	0	0	0	0	0	0	0	0	0	0	0	0	0	0	0	0	0	0	0	0	0.0
2602	zodyak_lykosu	S_KNIGHT	MONSTER	MELEE	1	110		BERSERK,STONESKIN,FALL	0	ANIMAL,ATT_CZ		0	mountain_dog_god	0	39	20	30	10	0	0	0	0	52	96	2940	10	5	0	0	1	0	35	100	140	100	2000	175	0	0	0	0	0	3	5	20	30	30	30	30	30	30	30	30	0	0	50	0	0	0	0	0	0	0	0	50	-50	0	0	2.0	0	0	130130130	0	0	0	0	0	0	0	0	0	0	0	0	0	0	0	0	0	0	0	0	0.0
2603	zodyak_okcusu	PAWN	MONSTER	RANGE	1	90		BERSERK,STONESKIN,FALL	0	HUMAN,ATT_CZ		0	bkarcher	0	22	29	15	7	0	0	0	0	46	70	506	10	5	0	0	1	0	25	60	130	35	2000	650	0	0	0	0	0	0	1	0	30	30	30	30	30	30	30	30	0	-50	0	0	0	0	50	0	0	0	0	0	0	0	0	1.0	0	0	130130130	0	0	0	0	0	0	0	0	0	0	0	0	0	0	0	0	0	0	0	0	0.0
2604	zodyak_yaban_domuzu	KNIGHT	MONSTER	MELEE	1	100		BERSERK,STONESKIN,FALL	0	ANIMAL,ATT_CZ		0	wild_boar	0	35	17	26	9	0	0	0	0	30	56	610	10	5	0	0	1	0	16	100	120	100	2000	175	0	0	10	0	0	0	0	0	30	30	30	30	30	30	30	30	0	0	50	0	0	0	0	0	0	0	50	0	0	0	-50	1.0	0	0	130130130	0	0	0	0	0	0	0	0	0	0	0	0	0	0	0	0	0	0	0	0	0.0
2605	kir._zodyak_yaban_domuzu	S_KNIGHT	MONSTER	MELEE	1	110		BERSERK,STONESKIN,FALL	0	ANIMAL,ATT_CZ		0	wild_boar	0	35	18	26	9	0	0	0	0	44	53	1192	10	5	0	0	1	0	19	100	120	100	2000	175	0	0	10	0	0	0	0	0	30	30	30	30	30	30	30	30	0	0	50	0	0	0	0	0	0	0	50	0	0	0	-50	2.0	0	0	130130130	0	0	0	0	0	0	0	0	0	0	0	0	0	0	0	0	0	0	0	0	0.0
2606	zodyak_scrofa	S_KNIGHT	MONSTER	MELEE	1	90		BERSERK,STONESKIN,FALL	0	ANIMAL,ATT_CZ		0	wild_boar_god	0	30	20	41	10	0	0	0	0	68	84	3069	10	5	0	0	1	0	37	100	140	100	2000	175	0	0	0	0	0	3	5	20	30	30	30	30	30	30	30	30	0	0	50	0	0	0	0	0	0	0	50	0	0	0	-50	2.0	0	0	130130130	0	0	0	0	0	0	0	0	0	0	0	0	0	0	0	0	0	0	0	0	0.0
2607	zodyak_mi_jung	S_KNIGHT	MONSTER	MAGIC	1	100		BERSERK,STONESKIN,FALL	0	HUMAN,ATT_CZ		0	bksecond	0	32	16	24	8	0	0	0	0	44	82	2076	10	5	0	0	1	0	28	100	150	100	2000	200	0	0	0	0	0	0	1	1	30	30	30	30	30	30	30	30	0	-50	50	0	0	0	50	0	0	0	0	0	0	0	0	2.0	0	0	130130130	0	0	0	0	0	0	0	0	0	0	0	0	0	0	0	0	0	0	0	0	0.0
2608	zodyak_bera	S_KNIGHT	MONSTER	TANKER	1	110		BERSERK,STONESKIN,FALL	0	ANIMAL,ATT_CZ		0	bear	0	32	22	43	11	0	0	0	0	72	88	3385	10	5	0	0	1	0	39	100	140	100	2000	175	0	0	0	0	0	3	5	20	30	30	30	30	30	30	30	30	0	0	50	0	0	0	0	0	0	0	0	50	-50	0	0	2.0	0	0	130130130	0	0	0	0	0	0	0	0	0	0	0	0	0	0	0	0	0	0	0	0	0.0
2609	zodyak_ayisi	KNIGHT	MONSTER	MELEE	1	90		BERSERK,STONESKIN,FALL	0	ANIMAL,ATT_CZ		0	bear	0	36	18	27	9	0	0	0	0	37	68	875	10	5	0	0	1	0	21	100	120	100	2000	175	0	0	10	0	0	0	0	0	30	30	30	30	30	30	30	30	0	0	50	0	0	0	0	0	0	0	0	50	-50	0	0	1.0	0	0	130130130	0	0	0	0	0	0	0	0	0	0	0	0	0	0	0	0	0	0	0	0	0.0
2610	zodyak_boz_ayisi	S_KNIGHT	MONSTER	TANKER	1	100		BERSERK,STONESKIN,FALL	0	ANIMAL,ATT_CZ		0	bear	0	36	19	27	9	0	0	0	0	52	64	1659	10	5	0	0	1	0	25	100	120	100	2000	175	0	0	10	0	0	0	0	0	30	30	30	30	30	30	30	30	0	0	50	0	0	0	0	0	0	0	0	50	-50	0	0	2.0	0	0	130130130	0	0	0	0	0	0	0	0	0	0	0	0	0	0	0	0	0	0	0	0	0.0
2611	zodyak_kahverengi_ayi	S_KNIGHT	MONSTER	TANKER	1	110		BERSERK,STONESKIN,FALL	0	ANIMAL,ATT_CZ		0	bear	0	37	19	28	9	0	0	0	0	62	76	2342	10	5	0	0	1	0	31	100	120	100	2000	175	0	0	10	0	0	0	0	0	30	30	30	30	30	30	30	30	0	0	50	0	0	0	0	0	0	0	0	50	-50	0	0	2.0	0	0	130130130	0	0	0	0	0	0	0	0	0	0	0	0	0	0	0	0	0	0	0	0	0.0
2612	zodyak_eun_jung	S_KNIGHT	MONSTER	MAGIC	1	100		BERSERK,STONESKIN,FALL	0	HUMAN,ATT_CZ		0	bkthird	0	36	18	27	9	0	0	0	0	48	89	2453	10	5	0	0	1	0	31	100	150	100	2000	200	0	0	0	0	0	0	1	1	30	30	30	30	30	30	30	30	0	-50	50	0	0	0	50	0	0	0	0	0	0	0	0	2.0	0	0	130130130	0	0	0	0	0	0	0	0	0	0	0	0	0	0	0	0	0	0	0	0	0.0
2613	zodyak_tigris	S_KNIGHT	MONSTER	POWER	1	100		BERSERK,STONESKIN,FALL	0	ANIMAL,ATT_CZ		0	tiger	0	23	45	34	11	0	0	0	0	67	100	3616	10	5	0	0	1	0	41	100	140	100	2000	175	0	0	0	0	0	3	5	20	30	30	30	30	30	30	30	30	-50	0	50	0	0	0	0	50	0	0	0	0	0	0	0	2.0	0	0	130130130	0	0	0	0	0	0	0	0	0	0	0	0	0	0	0	0	0	0	0	0	0.0
2614	zodyak_kaplan	KNIGHT	MONSTER	POWER	1	110		BERSERK,STONESKIN,FALL	0	ANIMAL,ATT_CZ		0	tiger	0	28	38	19	9	0	0	0	0	52	79	1342	10	5	0	0	1	0	29	100	120	100	2000	175	0	0	10	0	0	0	0	0	30	30	30	30	30	30	30	30	-50	0	50	0	0	0	0	50	0	0	0	0	0	0	0	1.0	0	0	130130130	0	0	0	0	0	0	0	0	0	0	0	0	0	0	0	0	0	0	0	0	0.0
2615	beyaz_zodyak_kaplani	S_KNIGHT	MONSTER	POWER	1	90		BERSERK,STONESKIN,FALL	0	ANIMAL,ATT_CZ		0	tiger	0	39	30	20	10	0	0	0	0	53	98	2685	10	5	0	0	1	0	34	100	120	100	2000	175	0	0	10	0	0	0	0	0	30	30	30	30	30	30	30	30	-50	0	50	0	0	0	0	50	0	0	0	0	0	0	0	2.0	0	0	130130130	0	0	0	0	0	0	0	0	0	0	0	0	0	0	0	0	0	0	0	0	0.0
2616	zodyak_se_rang	S_KNIGHT	MONSTER	MAGIC	1	100		BERSERK,STONESKIN,FALL	0	HUMAN,ATT_CZ		0	bkfourth	0	38	19	29	10	0	0	0	0	51	94	2692	10	5	0	0	1	0	33	100	150	100	2000	200	0	0	0	0	0	0	1	1	30	30	30	30	30	30	30	30	0	-50	50	0	0	0	50	0	0	0	0	0	0	0	0	2.0	0	0	130130130	0	0	0	0	0	0	0	0	0	0	0	0	0	0	0	0	0	0	0	0	0.0
2617	zodyak_jin_hee	S_KNIGHT	MONSTER	MAGIC	1	110		BERSERK,STONESKIN,FALL	0	HUMAN,ATT_CZ		0	bkboss	0	42	21	31	10	0	0	0	0	55	101	3069	10	5	0	0	1	0	37	100	150	100	2000	200	0	0	0	0	0	0	1	1	30	30	30	30	30	30	30	30	0	-50	50	0	0	0	50	0	0	0	0	0	0	0	0	2.0	0	0	130130130	0	0	0	0	0	0	0	0	0	0	0	0	0	0	0	0	0	0	0	0	0.0
2618	zodyak_yavru_orumcek	PAWN	MONSTER	MELEE	1	90		BERSERK,STONESKIN,FALL	0	INSECT,ATT_CZ		0	spider_young	0	28	41	55	14	0	0	0	0	89	109	1949	10	5	0	0	1	0	50	100	100	50	2000	175	0	0	0	0	0	0	0	1	30	30	30	30	30	30	30	30	0	0	50	0	5	0	0	0	0	0	0	50	-50	0	0	1.0	0	0	130130130	0	0	0	0	0	0	0	0	0	0	0	0	0	0	0	0	0	0	0	0	0.0
2619	zodyak_zehirli_orumcek	PAWN	MONSTER	MELEE	1	100		BERSERK,STONESKIN,FALL	0	INSECT,ATT_CZ		0	spider_poison	0	47	57	29	14	0	0	0	0	82	123	2088	10	5	0	0	1	0	52	90	100	50	2000	175	0	0	0	0	3	0	0	1	30	30	30	30	30	30	30	30	0	0	50	0	5	0	0	0	0	0	0	50	-50	0	0	1.0	0	0	130130130	0	0	0	0	0	0	0	0	0	0	0	0	0	0	0	0	0	0	0	0	0.0
2620	kr._zod._zehirli_orumcek	S_PAWN	MONSTER	MELEE	1	110		BERSERK,STONESKIN,FALL	0	INSECT,ATT_CZ		0	spider_redpoison	0	54	60	15	15	0	0	0	0	86	129	2769	10	5	0	0	1	0	55	110	100	50	2000	175	0	0	0	0	3	1	0	1	30	30	30	30	30	30	30	30	0	0	50	0	5	0	0	0	0	0	0	50	-50	0	0	1.0	0	0	130130130	0	0	0	0	0	0	0	0	0	0	0	0	0	0	0	0	0	0	0	0	0.0
2621	zodyak_pence_orumcegi	S_PAWN	MONSTER	MELEE	1	90		BERSERK,STONESKIN,FALL	0	INSECT,ATT_CZ		0	spider_nipper	0	56	31	56	16	0	0	0	0	100	122	2954	10	5	0	0	1	0	57	90	100	50	2000	175	0	0	0	0	0	0	0	1	30	30	30	30	30	30	30	30	0	0	50	0	5	0	0	0	0	0	0	50	-50	0	0	1.0	0	0	130130130	0	0	0	0	0	0	0	0	0	0	0	0	0	0	0	0	0	0	0	0	0.0
2622	zodyak_asker_orumcegi	S_PAWN	MONSTER	MELEE	1	100		BERSERK,STONESKIN,FALL	0	INSECT,ATT_CZ		0	spider_soldier	0	71	33	39	16	0	0	0	0	104	127	3146	10	5	0	0	1	0	59	80	120	50	2000	175	0	0	0	0	0	0	0	1	30	30	30	30	30	30	30	30	0	0	50	0	5	0	0	0	0	0	0	50	-50	0	0	1.0	0	0	130130130	0	0	0	0	0	0	0	0	0	0	0	0	0	0	0	0	0	0	0	0	0.0
2623	zodyak_alev_ruhu	S_PAWN	MONSTER	MAGIC	1	110		BERSERK,STONESKIN,FALL	0	ATT_CZ		0	fire_ghost	0	85	43	64	21	0	0	0	0	132	161	5550	10	5	0	0	1	0	78	100	130	100	2000	850	0	0	0	0	0	0	15	20	30	30	30	30	30	30	30	30	-50	0	50	0	0	0	0	50	0	0	0	0	0	0	0	1.0	0	0	130130130	0	0	0	0	0	0	0	0	0	0	0	0	0	0	0	0	0	0	0	0	0.0
2624	zodyak_savas_kaplani	KNIGHT	MONSTER	MELEE	1	90		BERSERK,STONESKIN,FALL	0	ATT_CZ		0	fire_tiger_boss	0	85	43	65	22	0	0	0	0	119	178	7592	10	5	0	0	1	0	79	100	130	100	2000	175	0	0	0	0	0	0	15	20	30	30	30	30	30	30	30	30	-50	0	50	0	0	0	0	50	0	0	0	0	0	0	0	2.0	0	0	130130130	0	0	0	0	0	0	0	0	0	0	0	0	0	0	0	0	0	0	0	0	0.0
2625	zodyak_alevi	KNIGHT	MONSTER	POWER	1	100		BERSERK,STONESKIN,FALL	0	ATT_CZ		0	fire_man	0	86	43	65	22	0	0	0	0	105	195	7782	10	5	0	0	1	0	80	100	130	100	2000	175	0	0	0	0	0	0	15	20	30	30	30	30	30	30	30	30	-50	0	50	0	0	0	0	50	0	0	0	0	0	0	0	2.0	0	0	130130130	0	0	0	0	0	0	0	0	0	0	0	0	0	0	0	0	0	0	0	0	0.0
2626	zodyak_alev_savascisi	S_KNIGHT	MONSTER	POWER	1	110		BERSERK,STONESKIN,FALL	0	ATT_CZ		0	fire_knight	0	89	44	66	22	0	0	0	0	106	198	12459	10	5	0	0	1	0	81	100	130	100	2000	175	0	0	0	0	0	0	15	20	30	30	30	30	30	30	30	30	-50	0	50	0	0	0	0	50	0	0	0	0	0	0	0	2.0	0	0	130130130	0	0	0	0	0	0	0	0	0	0	0	0	0	0	0	0	0	0	0	0	0.0
2627	zodyak_ates_krali	KNIGHT	MONSTER	MELEE	1	90		BERSERK,STONESKIN,FALL	0	ATT_CZ		0	fire_king	0	91	46	66	23	0	0	0	0	109	203	51024	10	5	0	0	1	0	82	100	130	100	2000	175	0	0	0	0	0	50	15	20	30	30	30	30	30	30	30	30	-50	0	50	0	0	0	0	50	0	0	0	0	0	0	0	2.0	0	0	130130130	0	0	0	0	0	0	0	0	0	0	0	0	0	0	0	0	0	0	0	0	0.0
2628	karan._zodyak_ates_krali	KNIGHT	MONSTER	MELEE	1	100		BERSERK,STONESKIN,FALL	0	ATT_CZ		0	fire_king	0	91	46	66	23	0	0	0	0	110	205	356080	10	5	0	0	1	0	82	110	130	100	2000	150	0	0	0	0	0	50	15	20	30	30	30	30	30	30	30	30	-50	0	50	0	0	0	0	50	0	0	0	0	0	0	0	2.0	0	0	130130130	0	0	0	0	0	0	0	0	0	0	0	0	0	0	0	0	0	0	0	0	0.0
2629	vahsi_zodyak_piyadesi	PAWN	MONSTER	MELEE	1	110		BERSERK,STONESKIN,FALL	0	HUMAN,ATT_CZ		0	barbarian_infantry	0	20	39	30	10	0	0	0	0	67	82	1404	10	5	0	0	1	0	36	108	150	50	2000	175	0	0	0	0	0	0	1	2	30	30	30	30	30	30	30	30	-50	0	50	0	0	0	0	50	0	0	0	0	0	0	0	1.0	0	0	130130130	0	0	0	0	0	0	0	0	0	0	0	0	0	0	0	0	0	0	0	0	0.0
2630	vahsi_zodyak_usagi	PAWN	MONSTER	MELEE	1	90		BERSERK,STONESKIN,FALL	0	HUMAN,ATT_CZ		0	barbarian_soldier	0	32	21	42	11	0	0	0	0	71	87	1625	10	5	0	0	1	0	40	108	110	50	2000	175	0	0	0	0	0	0	1	2	30	30	30	30	30	30	30	30	-50	0	50	0	0	0	0	50	0	0	0	0	0	0	0	1.0	0	0	130130130	0	0	0	0	0	0	0	0	0	0	0	0	0	0	0	0	0	0	0	0	0.0
2631	vahsi_zodyak_okcusu	S_PAWN	MONSTER	RANGE	1	100		BERSERK,STONESKIN,FALL	0	HUMAN,ATT_CZ		0	barbarian_bow	0	23	46	17	12	0	0	0	0	68	102	1262	10	5	0	0	1	0	43	60	120	50	2000	850	0	0	0	0	0	0	1	2	30	30	30	30	30	30	30	30	-50	0	50	0	0	0	0	50	0	0	0	0	0	0	0	1.0	0	0	130130130	0	0	0	0	0	0	0	0	0	0	0	0	0	0	0	0	0	0	0	0	0.0
2632	vahsi_zodyak_generali	KNIGHT	MONSTER	MELEE	1	110		BERSERK,STONESKIN,FALL	0	HUMAN,ATT_CZ		0	barbarian_knight	0	47	24	35	12	0	0	0	0	78	95	2240	10	5	0	0	1	0	44	108	130	50	2000	175	0	0	0	0	0	0	3	2	30	30	30	30	30	30	30	30	-50	0	50	0	0	0	0	50	0	0	0	0	0	0	0	1.0	0	0	130130130	0	0	0	0	0	0	0	0	0	0	0	0	0	0	0	0	0	0	0	0	0.0
2633	zalim_zodyak_yuzbasi	KNIGHT	MONSTER	MELEE	1	90		BERSERK,STONESKIN,FALL	0	HUMAN,ATT_CZ		0	barbarian_boss	0	40	27	54	13	0	0	0	0	68	126	18810	10	5	0	0	1	0	49	100	100	100	2000	175	0	0	0	0	0	0	50	15	30	30	30	30	30	30	30	30	-50	0	50	0	0	0	0	50	0	0	0	0	0	0	0	2.0	0	0	130130130	0	0	0	0	0	0	0	0	0	0	0	0	0	0	0	0	0	0	0	0	0.0
2634	buyulu_zodyak_buzu	S_PAWN	MONSTER	MAGIC	1	100		BERSERK,STONESKIN,FALL	0	ATT_CZ		0	ice_snow_monster	0	60	80	40	20	0	0	0	0	96	178	4602	10	5	0	0	1	0	70	80	100	100	2000	850	0	0	0	10	0	0	0	2	30	30	30	30	30	30	30	30	0	0	50	0	1	0	0	0	50	0	0	0	0	-50	0	1.0	0	0	130130130	0	0	0	0	0	0	0	0	0	0	0	0	0	0	0	0	0	0	0	0	0.0
2635	zod._katil_buz_balinasi	S_PAWN	MONSTER	MELEE	1	110		BERSERK,STONESKIN,FALL	0	ATT_CZ		0	ice_snow_whale	0	61	81	40	20	0	0	0	0	125	153	4730	10	5	0	0	1	0	71	90	100	100	2000	175	0	0	0	10	0	0	0	2	30	30	30	30	30	30	30	30	0	0	50	0	1	0	0	0	50	0	0	0	0	-50	0	1.0	0	0	130130130	0	0	0	0	0	0	0	0	0	0	0	0	0	0	0	0	0	0	0	0	0.0
2636	zodyak_buz_bocegi	S_PAWN	MONSTER	MELEE	1	90		BERSERK,STONESKIN,FALL	0	ATT_CZ		0	ice_snow_insect	0	61	81	41	20	0	0	0	0	98	183	4861	10	5	0	0	1	0	72	100	100	100	2000	175	0	0	0	15	0	0	0	2	30	30	30	30	30	30	30	30	0	0	50	0	1	0	0	0	50	0	0	0	0	-50	0	1.0	0	0	130130130	0	0	0	0	0	0	0	0	0	0	0	0	0	0	0	0	0	0	0	0	0.0
2637	zodyak_buz_aslani	KNIGHT	MONSTER	MELEE	1	100		BERSERK,STONESKIN,FALL	0	ATT_CZ		0	ice_snow_dog	0	62	82	41	20	0	0	0	0	98	183	6482	10	5	0	0	1	0	72	100	100	100	2000	175	0	0	0	15	0	0	0	2	30	30	30	30	30	30	30	30	0	0	50	0	1	0	0	0	50	0	0	0	0	-50	0	1.0	0	0	130130130	0	0	0	0	0	0	0	0	0	0	0	0	0	0	0	0	0	0	0	0	0.0
2638	buzlu_zodyak_yuzbasisi	KNIGHT	MONSTER	MELEE	1	110		BERSERK,STONESKIN,FALL	0	ATT_CZ		0	ice_snow_man	0	83	41	62	21	0	0	0	0	128	157	6660	10	5	0	0	1	0	73	80	100	100	2000	175	0	0	0	20	0	0	0	2	30	30	30	30	30	30	30	30	0	0	50	0	1	0	0	0	50	0	0	0	0	-50	0	1.0	0	0	130130130	0	0	0	0	0	0	0	0	0	0	0	0	0	0	0	0	0	0	0	0	0.0
2639	zodyak_yeti	KNIGHT	MONSTER	MELEE	1	90		BERSERK,STONESKIN,FALL	0	ATT_CZ		0	ice_snow_giant_man	0	84	63	42	21	0	0	0	0	101	188	6839	10	5	0	0	1	0	75	70	100	100	2000	175	0	0	0	20	0	0	0	2	30	30	30	30	30	30	30	30	0	0	50	0	1	0	0	0	50	0	0	0	0	-50	0	1.0	0	0	130130130	0	0	0	0	0	0	0	0	0	0	0	0	0	0	0	0	0	0	0	0	0.0
2640	zodyak_buz_golemi	S_KNIGHT	MONSTER	MELEE	1	100		BERSERK,STONESKIN,FALL	0	ATT_CZ		0	ice_snow_golem	0	99	97	42	21	0	0	0	0	101	188	10686	10	5	0	0	1	0	75	60	100	100	2000	175	0	0	0	20	0	0	0	2	30	30	30	30	30	30	30	30	0	0	50	0	1	0	0	0	50	0	0	0	0	-50	0	2.0	0	0	130130130	0	0	0	0	0	0	0	0	0	0	0	0	0	0	0	0	0	0	0	0	0.0
2641	zodyak_col_tilkisi	S_PAWN	MONSTER	MELEE	1	110		BERSERK,STONESKIN,FALL	0	DESERT,ATT_CZ		0	fennec_fox	0	18	24	12	6	0	0	0	0	45	55	784	10	5	0	0	1	0	24	100	200	0	2000	175	0	0	0	0	0	0	0	5	30	30	30	30	30	30	30	30	-50	0	50	0	10	0	0	50	0	0	0	0	0	0	0	1.0	0	0	130130130	0	0	0	0	0	0	0	0	0	0	0	0	0	0	0	0	0	0	0	0	0.0
2642	zodyak_kral_akrep	S_PAWN	MONSTER	MELEE	1	90		BERSERK,STONESKIN,FALL	0	DESERT,ATT_CZ		0	giant_scorpion	0	41	51	30	13	0	0	0	0	65	120	2025	10	5	0	0	1	0	45	100	80	100	2000	175	0	0	0	0	0	0	0	5	30	30	30	30	30	30	30	30	-50	0	50	0	0	0	0	50	0	0	0	0	0	0	0	1.0	0	0	130130130	0	0	0	0	0	0	0	0	0	0	0	0	0	0	0	0	0	0	0	0	0.0
2643	zodyak_yilan_dovuscusu	KNIGHT	MONSTER	MELEE	1	100		BERSERK,STONESKIN,FALL	0	INSECT,ATT_CZ		0	snakeman_sword	0	82	62	41	21	0	0	0	0	137	206	6714	10	5	0	0	1	0	86	110	120	100	2000	150	0	0	0	0	5	1	5	0	30	30	30	30	30	30	30	30	0	-50	50	0	10	0	50	0	0	0	0	0	0	0	0	2.0	0	0	130130130	0	0	0	0	0	0	0	0	0	0	0	0	0	0	0	0	0	0	0	0	0.0
2644	zodyak_yilan_okcusu	KNIGHT	MONSTER	RANGE	1	110		BERSERK,STONESKIN,FALL	0	INSECT,ATT_CZ		0	snakeman_bow	0	84	63	42	21	0	0	0	0	159	195	7149	10	5	0	0	1	0	89	110	120	100	2000	850	0	0	0	0	3	0	5	0	30	30	30	30	30	30	30	30	0	-50	50	0	10	0	50	0	0	0	0	0	0	0	0	2.0	0	0	130130130	0	0	0	0	0	0	0	0	0	0	0	0	0	0	0	0	0	0	0	0	0.0
2645	zodyak_col_haydudu	S_KNIGHT	MONSTER	MELEE	1	90		BERSERK,STONESKIN,FALL	0	INSECT,ATT_CZ		0	outlaw	0	87	65	43	22	0	0	0	0	164	201	7602	10	5	0	0	1	0	93	110	120	100	2000	150	0	0	0	0	3	0	5	0	30	30	30	30	30	30	30	30	0	-50	50	0	10	0	50	0	0	0	0	0	0	0	0	2.0	0	0	130130130	0	0	0	0	0	0	0	0	0	0	0	0	0	0	0	0	0	0	0	0	0.0
2646	zod._siyah_ruzgar_askeri	PAWN	MONSTER	MELEE	1	100		BERSERK,STONESKIN,FALL	0	HUMAN,ATT_CZ		0	thief1	0	36	18	27	9	0	0	0	0	62	75	981	10	5	0	0	1	0	31	100	110	50	2000	175	0	0	0	0	0	0	0	0	30	30	30	30	30	30	30	30	0	0	50	-50	0	0	0	0	0	50	0	0	0	0	0	1.0	0	0	130130130	0	0	0	0	0	0	0	0	0	0	0	0	0	0	0	0	0	0	0	0	0.0
2647	zod._siyah_ruzgar_delisi	PAWN	MONSTER	MELEE	1	110		BERSERK,STONESKIN,FALL	0	HUMAN,ATT_CZ		0	thief2	0	37	19	28	9	0	0	0	0	70	100	1027	10	5	0	0	1	0	32	80	150	50	2000	175	0	0	0	0	0	0	1	0	30	30	30	30	30	30	30	30	0	0	50	-50	0	0	0	0	0	50	0	0	0	0	0	1.0	0	0	130130130	0	0	0	0	0	0	0	0	0	0	0	0	0	0	0	0	0	0	0	0	0.0
2648	zod._siyah_ruzgar_okcusu	PAWN	MONSTER	RANGE	1	100		BERSERK,STONESKIN,FALL	0	HUMAN,ATT_CZ		0	thief3	0	30	39	10	10	0	0	0	0	67	82	818	10	5	0	0	1	0	34	60	150	50	2000	850	0	0	0	0	0	0	5	0	30	30	30	30	30	30	30	30	0	0	50	-50	0	0	0	0	0	50	0	0	0	0	0	1.0	0	0	130130130	0	0	0	0	0	0	0	0	0	0	0	0	0	0	0	0	0	0	0	0	0.0
2649	zodyak_mahon	S_KNIGHT	MONSTER	TANKER	1	100		BERSERK,STONESKIN,FALL	0	HUMAN,ATT_CZ		0	maenghwan	0	42	21	32	11	0	0	0	0	75	110	3201	10	5	0	0	1	0	38	100	130	100	2000	175	0	0	0	0	0	0	5	20	30	30	30	30	30	30	30	30	0	-50	50	0	0	0	50	0	0	0	0	0	0	0	0	2.0	0	0	130130130	0	0	0	0	0	0	0	0	0	0	0	0	0	0	0	0	0	0	0	0	0.0
2650	zodyak_bo	S_KNIGHT	MONSTER	MELEE	1	110		BERSERK,STONESKIN,FALL	0	HUMAN,ATT_CZ		0	bou	0	48	24	36	12	0	0	0	0	62	115	3911	10	5	0	0	1	0	43	100	130	100	2000	175	0	0	0	0	0	0	5	20	30	30	30	30	30	30	30	30	0	-50	50	0	0	0	50	0	0	0	0	0	0	0	0	2.0	0	0	130130130	0	0	0	0	0	0	0	0	0	0	0	0	0	0	0	0	0	0	0	0	0.0
2651	zodyak_goo_pae	S_KNIGHT	MONSTER	POWER	1	90		BERSERK,STONESKIN,FALL	0	HUMAN,ATT_CZ		0	gupae	0	51	25	38	13	0	0	0	0	65	120	4219	10	5	0	0	1	0	45	100	130	100	2000	175	0	0	0	0	0	0	5	20	30	30	30	30	30	30	30	30	0	-50	50	0	0	0	50	0	0	0	0	0	0	0	0	2.0	0	0	130130130	0	0	0	0	0	0	0	0	0	0	0	0	0	0	0	0	0	0	0	0	0.0
2652	zodyak_chuong	S_KNIGHT	MONSTER	MELEE	1	100		BERSERK,STONESKIN,FALL	0	HUMAN,ATT_CZ		0	chuhen	0	57	43	29	14	0	0	0	0	72	133	5220	10	5	0	0	1	0	52	100	150	100	2000	300	0	0	0	0	0	0	5	30	30	30	30	30	30	30	30	30	0	-50	50	0	0	0	50	0	0	0	0	0	0	0	0	2.0	0	0	130130130	0	0	0	0	0	0	0	0	0	0	0	0	0	0	0	0	0	0	0	0	0.0
2653	zalim_zodyak_akrep_adam	KNIGHT	MONSTER	MELEE	1	110		BERSERK,STONESKIN,FALL	0	DESERT,ATT_CZ		0	scorpionman_sword	0	50	28	37	14	0	0	0	0	91	111	3228	10	5	0	0	1	0	51	110	120	100	2000	175	0	0	0	0	5	0	0	5	30	30	30	30	30	30	30	30	0	0	50	0	0	0	0	0	0	0	0	50	-50	0	0	1.0	0	0	130130130	0	0	0	0	0	0	0	0	0	0	0	0	0	0	0	0	0	0	0	0	0.0
2654	zodyak_akrep_okcu	KNIGHT	MONSTER	RANGE	1	90		BERSERK,STONESKIN,FALL	0	DESERT,ATT_CZ		0	scorpionman_bow	0	59	30	22	15	0	0	0	0	95	116	2598	10	5	0	0	1	0	54	60	70	100	2000	850	0	0	0	0	5	0	5	5	30	30	30	30	30	30	30	30	0	0	50	0	0	0	0	0	0	0	0	50	-50	0	0	1.0	0	0	130130130	0	0	0	0	0	0	0	0	0	0	0	0	0	0	0	0	0	0	0	0	0.0
2655	zodyak_dervisi	S_PAWN	MONSTER	MELEE	1	100		BERSERK,STONESKIN,FALL	0	DESERT,ATT_CZ		0	evil_eye	0	52	24	36	12	0	0	0	0	62	115	1877	10	5	0	0	1	0	43	100	100	100	2000	175	0	0	0	0	0	3	0	5	30	30	30	30	30	30	30	30	0	0	50	0	0	0	0	0	0	0	0	50	-50	0	0	1.0	0	0	130130130	0	0	0	0	0	0	0	0	0	0	0	0	0	0	0	0	0	0	0	0	0.0
2656	zod._agac_kurb._askeri	S_PAWN	MONSTER	MELEE	1	110		BERSERK,STONESKIN,FALL	0	ATT_CZ		0	greenfrog_soldier	0	80	60	40	18	0	0	0	0	89	166	3990	10	5	0	0	1	0	65	100	110	100	2000	175	0	0	0	0	0	0	5	5	30	30	30	30	30	30	30	30	0	0	50	0	0	0	0	0	50	0	0	0	0	-50	0	1.0	0	0	130130130	0	0	0	0	0	0	0	0	0	0	0	0	0	0	0	0	0	0	0	0	0.0
2657	zod._agac_kurb._acemisi	S_KNIGHT	MONSTER	MELEE	1	90		BERSERK,STONESKIN,FALL	0	ATT_CZ		0	greenfrog_general	0	75	58	40	19	0	0	0	0	92	170	8811	10	5	0	0	1	0	67	100	100	100	2000	175	0	0	0	0	0	0	10	5	30	30	30	30	30	30	30	30	0	0	50	0	0	0	0	0	50	0	0	0	0	-50	0	2.0	0	0	130130130	0	0	0	0	0	0	0	0	0	0	0	0	0	0	0	0	0	0	0	0	0.0
2658	zodyak_gulyabanisi	S_PAWN	MONSTER	MELEE	1	100		BERSERK,STONESKIN,FALL	0	ATT_CZ		0	goblin_leafhead	0	96	60	50	19	0	0	0	0	116	142	4108	10	5	0	0	1	0	66	70	100	100	2000	175	0	0	0	0	0	0	0	5	30	30	30	30	30	30	30	30	0	0	50	0	0	0	0	0	50	0	0	0	0	-50	0	1.0	0	0	130130130	0	0	0	0	0	0	0	0	0	0	0	0	0	0	0	0	0	0	0	0	0.0
2659	zodyak_yokedicisi	S_PAWN	MONSTER	MELEE	1	110		BERSERK,STONESKIN,FALL	0	ATT_CZ		0	mutant_1	0	84	42	63	21	0	0	0	0	137	167	72346	10	5	0	0	1	0	81	155	130	100	2000	250	0	0	0	0	0	0	15	20	30	30	30	30	30	30	30	30	0	-50	50	0	0	0	50	0	0	0	0	0	0	0	0	3.0	0	5	130130130	0	0	0	0	0	0	0	0	0	0	0	0	0	0	0	0	0	0	0	0	0.0
2660	zodyak_baltali_savascisi	KNIGHT	MONSTER	MELEE	1	90		BERSERK,STONESKIN,FALL	0	ATT_CZ		0	mutant_2	0	91	46	66	23	0	0	0	0	116	216	108134	10	5	0	0	1	0	83	155	130	100	2000	250	0	0	0	0	0	0	15	20	30	30	30	30	30	30	30	30	0	-50	50	0	0	0	50	0	0	0	0	0	0	0	0	3.0	0	10	130130130	0	0	0	0	0	0	0	0	0	0	0	0	0	0	0	0	0	0	0	0	0.0
2661	zodyak_bir_savascisi	S_KNIGHT	MONSTER	MELEE	1	100		BERSERK,STONESKIN,FALL	0	ATT_CZ		0	mutant_3	0	94	55	65	10	0	0	0	0	122	226	178080	10	5	0	0	1	0	90	155	130	100	2000	250	0	0	0	0	0	0	15	20	30	30	30	30	30	30	30	30	0	-50	50	0	0	0	50	0	0	0	0	0	0	0	0	4.0	0	15	130130130	0	0	0	0	0	0	0	0	0	0	0	0	0	0	0	0	0	0	0	0	0.0
2662	karanlik_zodyak_fanatigi	PAWN	MONSTER	MELEE	1	110		BERSERK,STONESKIN,FALL	0	MILGYO,ATT_CZ		0	milgyo_religionist	0	46	35	23	12	0	0	0	0	76	93	1447	10	5	0	0	1	0	41	100	120	70	2000	175	0	0	0	0	0	0	0	1	30	30	30	30	30	30	30	30	0	0	50	-50	0	0	0	0	0	50	0	0	0	0	0	1.0	0	0	130130130	0	0	0	0	0	0	0	0	0	0	0	0	0	0	0	0	0	0	0	0	0.0
2663	zodyak_arahan	S_PAWN	MONSTER	MELEE	1	90		BERSERK,STONESKIN,FALL	0	MILGYO,ATT_CZ		0	milgyo_nahan1	0	50	37	25	12	0	0	0	0	72	108	1950	10	5	0	0	1	0	44	100	120	70	2000	175	0	0	0	0	0	0	0	1	30	30	30	30	30	30	30	30	0	0	50	-50	0	0	0	0	0	50	0	0	0	0	0	1.0	0	0	130130130	0	0	0	0	0	0	0	0	0	0	0	0	0	0	0	0	0	0	0	0	0.0
2664	karanlik_zod._dovuscusu	S_PAWN	MONSTER	MELEE	1	100		BERSERK,STONESKIN,FALL	0	MILGYO,ATT_CZ		0	milgyo_nahan2	0	53	40	27	13	0	0	0	0	100	115	2178	10	5	0	0	1	0	47	100	100	70	2000	175	0	0	0	0	0	0	5	1	30	30	30	30	30	30	30	30	0	0	50	-50	0	0	0	0	0	50	0	0	0	0	0	1.0	0	0	130130130	0	0	0	0	0	0	0	0	0	0	0	0	0	0	0	0	0	0	0	0	0.0
2665	o._karanlik_zod._arahan	KNIGHT	MONSTER	TANKER	1	110		BERSERK,STONESKIN,FALL	0	MILGYO,ATT_CZ		0	milgyo_nahan_general	0	50	42	30	14	0	0	0	0	81	121	3228	10	5	0	0	1	0	51	100	120	70	2000	175	0	0	0	0	0	0	0	1	30	30	30	30	30	30	30	30	0	0	50	-50	0	0	0	0	0	50	0	0	0	0	0	1.0	0	0	130130130	0	0	0	0	0	0	0	0	0	0	0	0	0	0	0	0	0	0	0	0	0.0
2666	karanlik_zodyak_celladi	S_PAWN	MONSTER	POWER	1	90		BERSERK,STONESKIN,FALL	0	MILGYO,ATT_CZ		0	milgyo_executor	0	61	31	46	15	0	0	0	0	76	141	2769	10	5	0	0	1	0	55	100	120	70	2000	175	0	0	0	0	0	0	0	1	30	30	30	30	30	30	30	30	0	0	50	-50	0	0	0	0	0	50	0	0	0	0	0	1.0	0	0	130130130	0	0	0	0	0	0	0	0	0	0	0	0	0	0	0	0	0	0	0	0	0.0
2667	karanlik_zo._iskencecisi	S_KNIGHT	MONSTER	MELEE	1	100		BERSERK,STONESKIN,FALL	0	MILGYO,ATT_CZ		0	milgyo_monster1	0	62	47	31	16	0	0	0	0	99	121	5959	10	5	0	0	1	0	56	100	100	70	2000	175	0	0	0	0	0	0	0	1	30	30	30	30	30	30	30	30	0	0	50	-50	0	0	0	0	0	50	0	0	0	0	0	2.0	0	0	130130130	0	0	0	0	0	0	0	0	0	0	0	0	0	0	0	0	0	0	0	0	0.0
2668	zodyak_cagiricisi	S_KNIGHT	MONSTER	MAGIC	1	110		BERSERK,STONESKIN,FALL	0	MILGYO,ATT_CZ		0	milgyo_monster2	0	65	48	32	16	0	0	0	0	103	125	6353	10	5	0	0	1	0	58	100	100	70	2000	200	0	0	0	0	0	0	0	1	30	30	30	30	30	30	30	30	0	0	50	-50	0	0	0	0	0	50	0	0	0	0	0	2.0	0	0	130130130	0	0	0	0	0	0	0	0	0	0	0	0	0	0	0	0	0	0	0	0	0.0
2669	gururlu_zodyak_ork	PAWN	MONSTER	MELEE	1	90		BERSERK,STONESKIN,FALL	0	ORC,ATT_CZ		0	orc_soldier	0	32	21	42	11	0	0	0	0	44	66	1390	10	5	0	0	1	0	40	120	150	100	2000	175	0	0	0	0	0	1	0	1	30	30	30	30	30	30	30	30	0	0	50	0	0	0	0	0	0	0	50	0	0	0	-50	1.0	0	0	130130130	0	0	0	0	0	0	0	0	0	0	0	0	0	0	0	0	0	0	0	0	0.0
2670	gururlu_zod._ork_gozcusu	S_PAWN	MONSTER	MELEE	1	100		BERSERK,STONESKIN,FALL	0	ORC,ATT_CZ		0	orc_scouter	0	28	22	45	11	0	0	0	0	80	120	1806	10	5	0	0	1	0	42	100	150	100	2000	175	0	0	0	0	0	1	0	1	30	30	30	30	30	30	30	30	0	0	50	0	0	0	0	0	0	0	50	0	0	0	-50	1.0	0	0	130130130	0	0	0	0	0	0	0	0	0	0	0	0	0	0	0	0	0	0	0	0	0.0
2671	gururlu_zodyak_ork_dov.	S_PAWN	MONSTER	MELEE	1	110		BERSERK,STONESKIN,FALL	0	ORC,ATT_CZ		0	orc_knight	0	25	48	43	12	0	0	0	0	80	97	2025	10	5	0	0	1	0	45	100	100	100	2000	175	0	0	0	0	0	1	5	0	30	30	30	30	30	30	30	30	0	0	50	0	0	0	0	0	0	0	50	0	0	0	-50	1.0	0	0	130130130	0	0	0	0	0	0	0	0	0	0	0	0	0	0	0	0	0	0	0	0	0.0
2672	gururlu_zo._ork_buyucusu	KNIGHT	MONSTER	MAGIC	1	90		BERSERK,STONESKIN,FALL	0	ORC,ATT_CZ		0	orc_magician	0	37	25	50	12	0	0	0	0	81	99	2800	10	5	0	0	1	0	46	100	100	100	2000	200	0	0	0	0	0	1	0	1	30	30	30	30	30	30	30	30	0	0	50	0	0	0	0	0	0	0	50	0	0	0	-50	1.0	0	0	130130130	0	0	0	0	0	0	0	0	0	0	0	0	0	0	0	0	0	0	0	0	0.0
2673	gururlu_zod._ork_general	KNIGHT	MONSTER	MELEE	1	100		BERSERK,STONESKIN,FALL	0	ORC,ATT_CZ		0	orc_general	0	40	53	27	13	0	0	0	0	86	106	3228	10	5	0	0	1	0	51	100	100	100	2000	175	0	0	0	0	0	1	0	1	30	30	30	30	30	30	30	30	0	0	50	0	0	0	0	0	0	0	50	0	0	0	-50	1.0	0	0	130130130	0	0	0	0	0	0	0	0	0	0	0	0	0	0	0	0	0	0	0	0	0.0
2674	kara_zodyak_ork	S_KNIGHT	MONSTER	MELEE	1	110		BERSERK,STONESKIN,FALL	0	ORC,ATT_CZ		0	orc_black	0	20	28	75	14	0	0	0	0	54	99	5401	10	5	0	0	1	0	53	100	100	100	2000	175	0	0	0	0	0	1	0	1	30	30	30	30	30	30	30	30	0	0	50	0	0	0	0	0	0	0	50	0	0	0	-50	2.0	0	0	130130130	0	0	0	0	0	0	0	0	0	0	0	0	0	0	0	0	0	0	0	0	0.0
2675	kara_zodyak_ork_devi	S_KNIGHT	MONSTER	MELEE	1	90		BERSERK,STONESKIN,FALL	0	ORC,ATT_CZ		0	orc_bigblack	0	45	30	60	15	0	0	0	0	75	138	5959	10	5	0	0	1	0	56	100	100	100	2000	175	0	0	0	0	0	1	0	1	30	30	30	30	30	30	30	30	0	0	50	0	0	0	0	0	0	0	50	0	0	0	-50	2.0	0	0	130130130	0	0	0	0	0	0	0	0	0	0	0	0	0	0	0	0	0	0	0	0	0.0
2676	zod._kizilhirsiz_amazonu	PAWN	MONSTER	RANGE	1	100		BERSERK,STONESKIN,FALL	0	HUMAN,ATT_CZ		0	redthief_bow	0	89	119	59	29	0	0	0	0	180	220	7084	10	5	0	0	1	0	95	110	110	100	2000	850	0	0	0	0	0	0	0	10	30	30	30	30	30	30	30	30	0	0	50	-50	0	0	0	0	0	50	0	0	0	0	0	1.0	0	5	130130130	0	0	0	0	0	0	0	0	0	0	0	0	0	0	0	0	0	0	0	0	0.0
2677	zod._kizilhir._suikastci	S_PAWN	MONSTER	MELEE	1	110		BERSERK,STONESKIN,FALL	0	HUMAN,ATT_CZ		0	redthief_soldier2	0	120	90	60	30	0	0	0	0	182	222	14388	10	5	0	0	1	0	115	110	110	100	2000	100	0	0	0	0	5	0	0	12	30	30	30	30	30	30	30	30	0	0	50	-50	0	0	0	0	0	50	0	0	0	0	0	1.0	0	10	130130130	0	0	0	0	0	0	0	0	0	0	0	0	0	0	0	0	0	0	0	0	0.0
2678	zod._kizilhirsiz_buyucu	S_PAWN	MONSTER	MAGIC	1	90		BERSERK,STONESKIN,FALL	0	HUMAN,ATT_CZ		0	redthief_magic	0	91	121	60	30	0	0	0	0	183	224	14605	10	5	0	0	1	0	116	110	110	100	2000	850	0	0	0	0	3	0	3	15	30	30	30	30	30	30	30	30	0	0	50	-50	0	0	0	0	0	50	0	0	0	0	0	1.0	0	15	130130130	0	0	0	0	0	0	0	0	0	0	0	0	0	0	0	0	0	0	0	0	0.0
2679	zod._kizilhirsiz_cellat	KNIGHT	MONSTER	MELEE	1	100		BERSERK,STONESKIN,DEATHBLOW	0	HUMAN,ATT_CZ		0	redthief_officer	0	122	92	61	30	0	0	0	0	164	247	37064	10	5	0	0	1	0	137	110	110	100	2000	100	0	0	0	0	0	10	10	16	30	30	30	30	30	30	30	30	0	0	50	-50	0	0	0	0	0	50	0	0	0	0	0	1.0	0	15	130130130	0	0	0	0	0	0	0	0	0	0	0	0	0	0	0	0	0	0	0	0	0.0
2680	zodyak_yengec_dovuscusu	PAWN	MONSTER	MELEE	1	110		BERSERK,STONESKIN,FALL	0	DEVIL,ATT_CZ		0	crustacean_soldier	0	120	90	60	30	0	0	0	0	182	222	7194	10	5	0	0	1	0	96	110	110	100	2000	100	0	0	0	0	0	0	0	10	30	30	30	30	30	30	30	30	0	0	50	0	0	0	0	0	50	0	0	0	0	-50	0	1.0	0	5	130130130	0	0	0	0	0	0	0	0	0	0	0	0	0	0	0	0	0	0	0	0	0.0
2681	akrep_zodyak_okcusu	S_PAWN	MONSTER	RANGE	1	90		BERSERK,STONESKIN,FALL	0	DEVIL,ATT_CZ		0	crustacean_bow	0	121	91	60	30	0	0	0	0	183	224	14605	10	5	0	0	1	0	116	110	110	100	2000	850	0	0	0	0	5	0	0	12	30	30	30	30	30	30	30	30	0	0	50	0	0	0	0	0	50	0	0	0	0	-50	0	1.0	0	10	130130130	0	0	0	0	0	0	0	0	0	0	0	0	0	0	0	0	0	0	0	0	0.0
2682	zodyak_karides_askeri	S_PAWN	MONSTER	MELEE	1	100		BERSERK,STONESKIN,FALL	0	DEVIL,ATT_CZ		0	crustacean_soldier2	0	122	92	61	30	0	0	0	0	185	226	14825	10	5	0	0	1	0	117	110	110	100	2000	100	0	0	0	0	3	0	3	15	30	30	30	30	30	30	30	30	0	0	50	0	0	0	0	0	50	0	0	0	0	-50	0	1.0	0	15	130130130	0	0	0	0	0	0	0	0	0	0	0	0	0	0	0	0	0	0	0	0	0.0
2683	seyt._zodyak_yerlesimci	KNIGHT	MONSTER	MELEE	1	110		BERSERK,STONESKIN,DEATHBLOW	0	DEVIL,ATT_CZ		0	crustacean_officer	0	93	124	62	31	0	0	0	0	166	249	37609	10	5	0	0	1	0	138	110	110	100	2000	100	0	0	0	0	0	10	10	16	30	30	30	30	30	30	30	30	0	0	50	0	0	0	0	0	50	0	0	0	0	-50	0	1.0	0	15	130130130	0	0	0	0	0	0	0	0	0	0	0	0	0	0	0	0	0	0	0	0	0.0
2684	zodyak_zirhli_yengec	S_KNIGHT	MONSTER	MELEE	1	90		BERSERK,STONESKIN,FALL	0	DEVIL,ATT_CZ		0	crustacean_general	0	126	63	126	31	0	0	0	0	169	254	77407	10	5	0	0	1	0	171	110	110	100	2000	100	0	0	0	0	5	0	5	15	30	30	30	30	30	30	30	30	0	0	50	0	0	0	0	0	50	0	0	0	0	-50	0	2.0	0	15	130130130	0	0	0	0	0	0	0	0	0	0	0	0	0	0	0	0	0	0	0	0	0.0
2685	devasa_zodyak_dislek	PAWN	MONSTER	MELEE	1	100		BERSERK,STONESKIN,FALL	0	ORC,ATT_CZ		0	giant_soldier	0	125	62	125	31	0	0	0	0	189	231	7631	10	5	0	0	1	0	100	110	110	100	2000	100	0	0	0	0	0	0	0	10	30	30	30	30	30	30	30	30	0	0	50	0	0	0	0	0	0	0	50	0	0	0	-50	1.0	0	5	130130130	0	0	0	0	0	0	0	0	0	0	0	0	0	0	0	0	0	0	0	0	0.0
2686	devasa_zodyak_kasabi	S_PAWN	MONSTER	MELEE	1	110		BERSERK,STONESKIN,FALL	0	ORC,ATT_CZ		0	giant_soldier2	0	126	63	126	31	0	0	0	0	190	233	15481	10	5	0	0	1	0	121	110	110	100	2000	100	0	0	0	0	5	0	0	12	30	30	30	30	30	30	30	30	0	0	50	0	0	0	0	0	0	0	50	0	0	0	-50	1.0	0	10	130130130	0	0	0	0	0	0	0	0	0	0	0	0	0	0	0	0	0	0	0	0	0.0
2687	zodyak_buyucusu	S_PAWN	MONSTER	MAGIC	1	90		BERSERK,STONESKIN,FALL	0	ORC,ATT_CZ		0	giant_magic	0	64	128	64	32	0	0	0	0	194	237	15919	10	5	0	0	1	0	123	110	110	100	2000	850	0	0	0	0	3	0	3	15	30	30	30	30	30	30	30	30	0	0	50	0	0	0	0	0	0	0	50	0	0	0	-50	1.0	0	15	130130130	0	0	0	0	0	0	0	0	0	0	0	0	0	0	0	0	0	0	0	0	0.0
2688	zodyak_yarim_dunya	KNIGHT	MONSTER	MELEE	1	100		BERSERK,STONESKIN,DEATHBLOW	0	ORC,ATT_CZ		0	giant_officer	0	130	65	130	32	0	0	0	0	174	261	40348	10	5	0	0	1	0	145	110	110	100	2000	175	0	0	0	0	0	10	10	16	30	30	30	30	30	30	30	30	0	0	50	0	0	0	0	0	0	0	50	0	0	0	-50	1.0	0	15	130130130	0	0	0	0	0	0	0	0	0	0	0	0	0	0	0	0	0	0	0	0	0.0
2689	zodyak_ocu_celladi	PAWN	MONSTER	MELEE	1	110		BERSERK,STONESKIN,FALL	0	ANIMAL,ATT_CZ		0	ogre_soldier	0	62	93	124	31	0	0	0	0	187	228	7521	10	5	0	0	1	0	99	110	110	100	2000	175	0	0	0	0	0	0	0	10	30	30	30	30	30	30	30	30	0	0	50	0	0	0	0	0	0	0	50	0	0	0	-50	1.0	0	5	130130130	0	0	0	0	0	0	0	0	0	0	0	0	0	0	0	0	0	0	0	0	0.0
2690	zodyak_ocu_okcusu	S_PAWN	MONSTER	RANGE	1	90		BERSERK,STONESKIN,FALL	0	ANIMAL,ATT_CZ		0	ogre_bow	0	62	125	62	31	0	0	0	0	189	231	15263	10	5	0	0	1	0	120	110	110	100	2000	850	0	0	0	0	5	0	0	12	30	30	30	30	30	30	30	30	0	0	50	0	0	0	0	0	0	0	50	0	0	0	-50	1.0	0	10	130130130	0	0	0	0	0	0	0	0	0	0	0	0	0	0	0	0	0	0	0	0	0.0
2691	zodyak_savas_ocusu	S_PAWN	MONSTER	MELEE	1	100		BERSERK,STONESKIN,FALL	0	ANIMAL,ATT_CZ		0	ogre_officer	0	63	94	126	31	0	0	0	0	190	233	15481	10	5	0	0	1	0	121	110	110	100	2000	175	0	0	0	0	3	0	3	15	30	30	30	30	30	30	30	30	0	0	50	0	0	0	0	0	0	0	50	0	0	0	-50	1.0	0	15	130130130	0	0	0	0	0	0	0	0	0	0	0	0	0	0	0	0	0	0	0	0	0.0
2692	zodyak_ocu_buyucusu	KNIGHT	MONSTER	MAGIC	1	110		BERSERK,STONESKIN,FALL	0	ANIMAL,ATT_CZ		0	ogre_magic	0	95	127	63	31	0	0	0	0	171	256	39253	10	5	0	0	1	0	142	110	110	100	2000	850	0	0	0	0	0	5	10	16	30	30	30	30	30	30	30	30	0	0	50	0	0	0	0	0	0	0	50	0	0	0	-50	1.0	0	15	130130130	0	0	0	0	0	0	0	0	0	0	0	0	0	0	0	0	0	0	0	0	0.0
2700	vargulf	KNIGHT	MONSTER	MELEE	1	80		BERSERK,STONESKIN,FALL	0	ATT_CZ		0	cz_wolf	0	95	127	63	31	0	0	0	0	171	256	39253	10	5	0	0	1	0	142	110	130	100	2000	150	0	0	0	0	0	5	10	16	30	30	30	30	30	30	30	30	0	0	50	0	0	0	0	0	0	0	50	0	0	0	-50	1.0	0	15	0	0	0	0	0	0	0	0	0	0	0	0	0	0	0	0	0	0	0	0	0	0.0
2701	vargulf_askeri	S_PAWN	MONSTER	MELEE	1	90		BERSERK,STONESKIN,FALL	0	ATT_CZ		0	cz_wolf	0	95	127	63	31	0	0	0	0	171	256	39253	10	5	0	0	1	0	142	110	130	100	2000	150	0	0	0	0	0	5	10	16	30	30	30	30	30	30	30	30	0	0	50	0	0	0	0	0	0	0	50	0	0	0	-50	1.0	0	15	0	0	0	0	0	0	0	0	0	0	0	0	0	0	0	0	0	0	0	0	0	0.0
2702	vargulf_generali	S_KNIGHT	MONSTER	MELEE	1	100		BERSERK,STONESKIN,FALL	0	ATT_CZ		0	cz_wolf	0	95	127	63	31	0	0	0	0	171	256	39253	10	5	0	0	1	0	142	110	130	100	2000	150	0	0	0	0	0	5	10	16	30	30	30	30	30	30	30	30	0	0	50	0	0	0	0	0	0	0	50	0	0	0	-50	1.0	0	15	0	0	0	0	0	0	0	0	0	0	0	0	0	0	0	0	0	0	0	0	0	0.0
2703	kerberos	KNIGHT	MONSTER	MELEE	1	40		BERSERK,STONESKIN,FALL	0	ATT_CZ		0	cz_twoheadedtiger	0	95	127	63	31	0	0	0	0	171	256	39253	10	5	0	0	1	0	142	110	110	100	2000	400	0	0	0	0	0	5	10	16	30	30	30	30	30	30	30	30	-50	0	50	0	0	0	0	50	0	0	0	0	0	0	0	1.0	0	15	0	0	0	0	0	0	0	0	0	0	0	0	0	0	0	0	0	0	0	0	0	0.0
2704	yilan_kerberos	S_PAWN	MONSTER	MELEE	1	45		BERSERK,STONESKIN,FALL	0	ATT_CZ		0	cz_twoheadedtiger	0	95	127	63	31	0	0	0	0	171	256	39253	10	5	0	0	1	0	142	110	110	100	2000	400	0	0	0	0	0	5	10	16	30	30	30	30	30	30	30	30	-50	0	50	0	0	0	0	50	0	0	0	0	0	0	0	1.0	0	15	0	0	0	0	0	0	0	0	0	0	0	0	0	0	0	0	0	0	0	0	0	0.0
2705	ejder_kerberos	S_KNIGHT	MONSTER	MELEE	1	50		BERSERK,STONESKIN,FALL	0	ATT_CZ		0	cz_twoheadedtiger	0	95	127	63	31	0	0	0	0	171	256	39253	10	5	0	0	1	0	142	110	110	100	2000	400	0	0	0	0	0	5	10	16	30	30	30	30	30	30	30	30	-50	0	50	0	0	0	0	50	0	0	0	0	0	0	0	1.0	0	15	0	0	0	0	0	0	0	0	0	0	0	0	0	0	0	0	0	0	0	0	0	0.0
2706	kentor	KNIGHT	MONSTER	MELEE	1	90		BERSERK,STONESKIN,FALL	0	ATT_CZ		0	cz_kentauros	0	95	127	63	31	0	0	0	0	171	256	39253	10	5	0	0	1	0	142	110	130	100	2000	150	0	0	0	0	0	5	10	16	30	30	30	30	30	30	30	30	0	0	50	0	0	0	0	0	50	0	0	0	0	-50	0	1.0	0	15	0	0	0	0	0	0	0	0	0	0	0	0	0	0	0	0	0	0	0	0	0	0.0
2707	kentor_savascisi	S_PAWN	MONSTER	MELEE	1	100		BERSERK,STONESKIN,FALL	0	ATT_CZ		0	cz_kentauros	0	95	127	63	31	0	0	0	0	171	256	39253	10	5	0	0	1	0	142	110	130	100	2000	150	0	0	0	0	0	5	10	16	30	30	30	30	30	30	30	30	0	0	50	0	0	0	0	0	50	0	0	0	0	-50	0	1.0	0	15	0	0	0	0	0	0	0	0	0	0	0	0	0	0	0	0	0	0	0	0	0	0.0
2708	kentor_generali	S_KNIGHT	MONSTER	MELEE	1	110		BERSERK,STONESKIN,FALL	0	ATT_CZ		0	cz_kentauros	0	95	127	63	31	0	0	0	0	171	256	39253	10	5	0	0	1	0	142	110	130	100	2000	150	0	0	0	0	0	5	10	16	30	30	30	30	30	30	30	30	0	0	50	0	0	0	0	0	50	0	0	0	0	-50	0	1.0	0	15	0	0	0	0	0	0	0	0	0	0	0	0	0	0	0	0	0	0	0	0	0	0.0
2709	moloch	KNIGHT	MONSTER	MELEE	1	90		BERSERK,STONESKIN,FALL	0	ATT_CZ		0	cz_demon	0	95	127	63	31	0	0	0	0	171	256	39253	10	5	0	0	1	0	142	110	110	100	2000	150	0	0	0	0	0	5	10	16	30	30	30	30	30	30	30	30	0	0	50	0	0	0	0	0	0	0	0	50	-50	0	0	1.0	0	15	0	0	0	0	0	0	0	0	0	0	0	0	0	0	0	0	0	0	0	0	0	0.0
2710	moloch_savascisi	S_PAWN	MONSTER	MELEE	1	100		BERSERK,STONESKIN,FALL	0	ATT_CZ		0	cz_demon	0	95	127	63	31	0	0	0	0	171	256	39253	10	5	0	0	1	0	142	110	110	100	2000	150	0	0	0	0	0	5	10	16	30	30	30	30	30	30	30	30	0	0	50	0	0	0	0	0	0	0	0	50	-50	0	0	1.0	0	15	0	0	0	0	0	0	0	0	0	0	0	0	0	0	0	0	0	0	0	0	0	0.0
2711	moloch_generali	S_KNIGHT	MONSTER	MAGIC	1	110		BERSERK,STONESKIN,FALL	0	ATT_CZ		0	cz_demon	0	95	127	63	31	0	0	0	0	171	256	39253	10	5	0	0	1	0	142	110	110	100	2000	850	0	0	0	0	0	5	10	16	30	30	30	30	30	30	30	30	0	0	50	0	0	0	0	0	0	0	0	50	-50	0	0	1.0	0	15	0	0	0	0	0	0	0	0	0	0	0	0	0	0	0	0	0	0	0	0	0	0.0
2712	olum_kanadi	KNIGHT	MONSTER	MELEE	1	60		BERSERK,STONESKIN,FALL	0	ATT_CZ		0	cz_condor	0	95	127	63	31	0	0	0	0	171	256	39253	10	5	0	0	1	0	142	110	130	100	2000	200	0	0	0	0	0	5	10	16	30	30	30	30	30	30	30	30	0	-50	50	0	0	0	50	0	0	0	0	0	0	0	0	1.0	0	15	0	0	0	0	0	0	0	0	0	0	0	0	0	0	0	0	0	0	0	0	0	0.0
2713	curuk_olum_kanadi	S_PAWN	MONSTER	MELEE	1	65		BERSERK,STONESKIN,FALL	0	ATT_CZ		0	cz_condor	0	95	127	63	31	0	0	0	0	171	256	39253	10	5	0	0	1	0	142	110	130	100	2000	200	0	0	0	0	0	5	10	16	30	30	30	30	30	30	30	30	0	-50	50	0	0	0	50	0	0	0	0	0	0	0	0	1.0	0	15	0	0	0	0	0	0	0	0	0	0	0	0	0	0	0	0	0	0	0	0	0	0.0
2714	kuflu_olum_kanadi	S_KNIGHT	MONSTER	MELEE	1	70		BERSERK,STONESKIN,FALL	0	ATT_CZ		0	cz_condor	0	95	127	63	31	0	0	0	0	171	256	39253	10	5	0	0	1	0	142	110	130	100	2000	200	0	0	0	0	0	5	10	16	30	30	30	30	30	30	30	30	0	-50	50	0	0	0	50	0	0	0	0	0	0	0	0	1.0	0	15	0	0	0	0	0	0	0	0	0	0	0	0	0	0	0	0	0	0	0	0	0	0.0
2715	zefir	KNIGHT	MONSTER	MELEE	1	80		BERSERK,STONESKIN,FALL	0	ATT_CZ		0	cz_zephyr	0	95	127	63	31	0	0	0	0	171	256	39253	10	5	0	0	1	0	142	110	110	100	2000	150	0	0	0	0	0	5	10	16	30	30	30	30	30	30	30	30	-50	0	50	0	0	0	0	50	0	0	0	0	0	0	0	1.0	0	15	0	0	0	0	0	0	0	0	0	0	0	0	0	0	0	0	0	0	0	0	0	0.0
2716	zefir_savascisi	S_PAWN	MONSTER	MELEE	1	90		BERSERK,STONESKIN,FALL	0	ATT_CZ		0	cz_zephyr	0	95	127	63	31	0	0	0	0	171	256	39253	10	5	0	0	1	0	142	110	110	100	2000	150	0	0	0	0	0	5	10	16	30	30	30	30	30	30	30	30	-50	0	50	0	0	0	0	50	0	0	0	0	0	0	0	1.0	0	15	0	0	0	0	0	0	0	0	0	0	0	0	0	0	0	0	0	0	0	0	0	0.0
2717	zefir_generali	S_KNIGHT	MONSTER	MAGIC	1	100		BERSERK,STONESKIN,FALL	0	ATT_CZ		0	cz_zephyr	0	95	127	63	31	0	0	0	0	171	256	39253	10	5	0	0	1	0	142	110	110	100	2000	850	0	0	0	0	0	5	10	16	30	30	30	30	30	30	30	30	-50	0	50	0	0	0	0	50	0	0	0	0	0	0	0	1.0	0	15	0	0	0	0	0	0	0	0	0	0	0	0	0	0	0	0	0	0	0	0	0	0.0
2718	uruk	KNIGHT	MONSTER	MELEE	1	80		BERSERK,STONESKIN,FALL	0	ATT_CZ		0	cz_orc_b	0	95	127	63	31	0	0	0	0	171	256	39253	10	5	0	0	1	0	142	110	110	100	2000	150	0	0	0	0	0	5	10	16	30	30	30	30	30	30	30	30	0	0	50	0	0	0	0	0	0	0	0	50	-50	0	0	1.0	0	15	0	0	0	0	0	0	0	0	0	0	0	0	0	0	0	0	0	0	0	0	0	0.0
2719	uruk_savascisi	S_PAWN	MONSTER	RANGE	1	90		BERSERK,STONESKIN,FALL	0	ATT_CZ		0	cz_orc_a	0	95	127	63	31	0	0	0	0	171	256	39253	10	5	0	0	1	0	142	110	110	100	2000	150	0	0	0	0	0	5	10	16	30	30	30	30	30	30	30	30	0	0	50	0	0	0	0	0	0	0	0	50	-50	0	0	1.0	0	15	0	0	0	0	0	0	0	0	0	0	0	0	0	0	0	0	0	0	0	0	0	0.0
2720	uruk_generali	S_KNIGHT	MONSTER	MAGIC	1	100		BERSERK,STONESKIN,FALL	0	ATT_CZ		0	cz_orc_c	0	95	127	63	31	0	0	0	0	171	256	39253	10	5	0	0	1	0	142	110	110	100	2000	200	0	0	0	0	0	5	10	16	30	30	30	30	30	30	30	30	0	0	50	0	0	0	0	0	0	0	0	50	-50	0	0	1.0	0	15	0	0	0	0	0	0	0	0	0	0	0	0	0	0	0	0	0	0	0	0	0	0.0
2721	fantilla	KNIGHT	MONSTER	MELEE	1	80		BERSERK,STONESKIN,FALL	0	MILGYO,ATT_CZ		0	cz_elephant	0	95	127	63	31	0	0	0	0	171	256	39253	10	5	0	0	1	0	142	110	130	100	2000	250	0	0	0	0	0	5	10	16	30	30	30	30	30	30	30	30	0	0	50	-50	0	0	0	0	0	50	0	0	0	0	0	1.0	0	15	0	0	0	0	0	0	0	0	0	0	0	0	0	0	0	0	0	0	0	0	0	0.0
2722	fantilla_savascisi	S_PAWN	MONSTER	MELEE	1	90		BERSERK,STONESKIN,FALL	0	MILGYO,ATT_CZ		0	cz_elephant	0	95	127	63	31	0	0	0	0	171	256	39253	10	5	0	0	1	0	142	110	130	100	2000	250	0	0	0	0	0	5	10	16	30	30	30	30	30	30	30	30	0	0	50	-50	0	0	0	0	0	50	0	0	0	0	0	1.0	0	15	0	0	0	0	0	0	0	0	0	0	0	0	0	0	0	0	0	0	0	0	0	0.0
2723	fantilla_generali	S_KNIGHT	MONSTER	MELEE	1	100		BERSERK,STONESKIN,FALL	0	MILGYO,ATT_CZ		0	cz_elephant	0	95	127	63	31	0	0	0	0	171	256	39253	10	5	0	0	1	0	142	110	130	100	2000	250	0	0	0	0	0	5	10	16	30	30	30	30	30	30	30	30	0	0	50	-50	0	0	0	0	0	50	0	0	0	0	0	1.0	0	15	0	0	0	0	0	0	0	0	0	0	0	0	0	0	0	0	0	0	0	0	0	0.0
2724	spartali	KNIGHT	MONSTER	MELEE	1	95		BERSERK,STONESKIN,FALL	0	ATT_CZ		0	cz_dragonman	0	95	127	63	31	0	0	0	0	171	256	39253	10	5	0	0	1	0	142	110	110	100	2000	150	0	0	0	0	0	5	10	16	30	30	30	30	30	30	30	30	0	-50	50	0	0	0	50	0	0	0	0	0	0	0	0	1.0	0	15	0	0	0	0	0	0	0	0	0	0	0	0	0	0	0	0	0	0	0	0	0	0.0
2725	spartali_asker	S_PAWN	MONSTER	MELEE	1	100		BERSERK,STONESKIN,FALL	0	ATT_CZ		0	cz_dragonman	0	95	127	63	31	0	0	0	0	171	256	39253	10	5	0	0	1	0	142	110	110	100	2000	150	0	0	0	0	0	5	10	16	30	30	30	30	30	30	30	30	0	-50	50	0	0	0	50	0	0	0	0	0	0	0	0	1.0	0	15	0	0	0	0	0	0	0	0	0	0	0	0	0	0	0	0	0	0	0	0	0	0.0
2726	spartali_general	S_KNIGHT	MONSTER	MELEE	1	105		BERSERK,STONESKIN,FALL	0	ATT_CZ		0	cz_dragonman	0	95	127	63	31	0	0	0	0	171	256	39253	10	5	0	0	1	0	142	110	110	100	2000	150	0	0	0	0	0	5	10	16	30	30	30	30	30	30	30	30	0	-50	50	0	0	0	50	0	0	0	0	0	0	0	0	1.0	0	15	0	0	0	0	0	0	0	0	0	0	0	0	0	0	0	0	0	0	0	0	0	0.0
2727	kemik_gladyator	KNIGHT	MONSTER	MELEE	1	80		BERSERK,STONESKIN,FALL	0	ATT_CZ		0	cz_ironman_a	0	95	127	63	31	0	0	0	0	171	256	39253	10	5	0	0	1	0	142	110	130	100	2000	300	0	0	0	0	0	5	10	16	30	30	30	30	30	30	30	30	0	0	50	0	0	0	0	0	0	0	50	0	0	0	-50	1.0	0	15	0	0	0	0	0	0	0	0	0	0	0	0	0	0	0	0	0	0	0	0	0	0.0
2728	kemik_gladyator_askeri	S_PAWN	MONSTER	MELEE	1	90		BERSERK,STONESKIN,FALL	0	ATT_CZ		0	cz_ironman_b	0	95	127	63	31	0	0	0	0	171	256	39253	10	5	0	0	1	0	142	110	130	100	2000	300	0	0	0	0	0	5	10	16	30	30	30	30	30	30	30	30	0	0	50	0	0	0	0	0	0	0	50	0	0	0	-50	1.0	0	15	0	0	0	0	0	0	0	0	0	0	0	0	0	0	0	0	0	0	0	0	0	0.0
2729	kemik_gladyator_generali	S_KNIGHT	MONSTER	MELEE	1	100		BERSERK,STONESKIN,FALL	0	ATT_CZ		0	cz_ironman_c	0	95	127	63	31	0	0	0	0	171	256	39253	10	5	0	0	1	0	142	110	130	100	2000	300	0	0	0	0	0	5	10	16	30	30	30	30	30	30	30	30	0	0	50	0	0	0	0	0	0	0	50	0	0	0	-50	1.0	0	15	0	0	0	0	0	0	0	0	0	0	0	0	0	0	0	0	0	0	0	0	0	0.0
2730	ugur_bocegi_yay	KNIGHT	MONSTER	RANGE	1	130		BERSERK,STONESKIN,FALL	0	ATT_CZ		0	cz_typhoon_a	0	95	127	63	31	0	0	0	0	171	256	39253	10	5	0	0	1	0	142	110	110	100	2000	850	0	0	0	0	0	5	10	16	30	30	30	30	30	30	30	30	0	0	50	0	0	0	0	0	50	0	0	0	0	-50	0	1.0	0	15	0	0	0	0	0	0	0	0	0	0	0	0	0	0	0	0	0	0	0	0	0	0.0
2731	ugur_bocegi_dev	S_PAWN	MONSTER	MELEE	1	160		BERSERK,STONESKIN,FALL	0	ATT_CZ		0	cz_typhoon_b	0	95	127	63	31	0	0	0	0	171	256	39253	10	5	0	0	1	0	142	110	110	100	2000	150	0	0	0	0	0	5	10	16	30	30	30	30	30	30	30	30	0	0	50	0	0	0	0	0	50	0	0	0	0	-50	0	1.0	0	15	0	0	0	0	0	0	0	0	0	0	0	0	0	0	0	0	0	0	0	0	0	0.0
2732	ugur_bocegi_basak	S_KNIGHT	MONSTER	MAGIC	1	120		BERSERK,STONESKIN,FALL	0	ATT_CZ		0	cz_typhoon_c	0	95	127	63	31	0	0	0	0	171	256	39253	10	5	0	0	1	0	142	110	110	100	2000	850	0	0	0	0	0	5	10	16	30	30	30	30	30	30	30	30	0	0	50	0	0	0	0	0	50	0	0	0	0	-50	0	1.0	0	15	0	0	0	0	0	0	0	0	0	0	0	0	0	0	0	0	0	0	0	0	0	0.0
2733	demir_okcu	KNIGHT	MONSTER	RANGE	1	120		BERSERK,STONESKIN,FALL	0	HUMAN,ATT_CZ		0	cz_12_a	0	95	127	63	31	0	0	0	0	171	256	39253	10	5	0	0	1	0	142	110	110	100	2000	850	0	0	0	0	0	5	10	16	30	30	30	30	30	30	30	30	0	0	50	-50	0	0	0	0	0	50	0	0	0	0	0	1.0	0	15	0	0	0	0	0	0	0	0	0	0	0	0	0	0	0	0	0	0	0	0	0	0.0
2734	demir_savasci	S_PAWN	MONSTER	MELEE	1	120		BERSERK,STONESKIN,FALL	0	HUMAN,ATT_CZ		0	cz_12_b	0	95	127	63	31	0	0	0	0	171	256	39253	10	5	0	0	1	0	142	110	110	100	2000	150	0	0	0	0	0	5	10	16	30	30	30	30	30	30	30	30	0	0	50	-50	0	0	0	0	0	50	0	0	0	0	0	1.0	0	15	0	0	0	0	0	0	0	0	0	0	0	0	0	0	0	0	0	0	0	0	0	0.0
2735	demir_general	S_KNIGHT	MONSTER	MAGIC	1	110		BERSERK,STONESKIN,FALL	0	HUMAN,ATT_CZ		0	cz_12_c	0	95	127	63	31	0	0	0	0	171	256	39253	10	5	0	0	1	0	142	110	110	100	2000	850	0	0	0	0	0	5	10	16	30	30	30	30	30	30	30	30	0	0	50	-50	0	0	0	0	0	50	0	0	0	0	0	1.0	0	15	0	0	0	0	0	0	0	0	0	0	0	0	0	0	0	0	0	0	0	0	0	0.0
2736	kacak	PAWN	MONSTER	MELEE	80	100		COWARD	0	HUMAN		0	japanese_pirate	0	1	1	1	1	0	0	0	0	0	0	1000	0	0	0	0	1	0	1	110	130	100	2000	150	0	0	0	0	0	0	0	0	0	0	-5	0	0	0	0	0	0	0	0	0	0	0	0	0	0	0	0	0	0	0	0	1.0	0	0	0	0	0	0	0	0	0	0	0	0	0	0	0	0	0	0	0	0	0	0	0	0.0
2737	damage_trap	PAWN	MONSTER	SPECIAL	70	100		NOMOVE	0	HIDE	STUN,SLOW,TERROR	0		0	0	0	0	0	0	0	0	0	0	0	3954	3	1	0	0	562	0	79	100	100	0	2000	150	0	0	0	0	0	0	0	0	0	0	0	0	0	0	0	0	0	0	0	0	0	0	0	0	0	0	0	0	0	0	0	0.0	0	0	0	0	0	0	0	0	0	0	0	0	0	0	0	0	0	0	0	0	0	0	0	0.0
2750	zi_subayi	BOSS	MONSTER	MELEE	119	130		AGGR,STONESKIN,REFLECT,FALL	0	ATT_CZ	STUN,SLOW,POISON,TERROR	0	12zi_mouse_boss	0	131	127	63	31	0	0	0	0	171	256	1009253	15	0	0	0	1	0	142	150	120	200	2500	300	0	0	20	20	20	7	20	20	60	60	60	60	60	60	60	60	0	0	30	0	100	100	0	0	0	0	0	80	-50	0	0	3.0	0	100	0	0	0	0	0	0	0	0	0	0	0	0	0	0	0	0	0	0	0	0	0	0.0
2751	zi_bekcisi	KING	MONSTER	MELEE	135	140		AGGR,STONESKIN,REFLECT,FALL	0	ATT_CZ	STUN,SLOW,POISON,TERROR	0	12zi_mouse_boss	0	131	127	63	31	0	0	0	0	171	256	1039253	5	0	0	0	1	0	142	150	120	200	2500	300	0	0	20	20	20	7	20	20	60	60	60	60	60	60	60	60	0	0	30	0	100	100	0	0	0	0	0	80	-50	0	0	4.0	0	100	0	0	0	0	0	0	0	0	0	0	0	0	0	0	0	0	0	0	0	0	0	0.0
2752	zi_generali	KING	MONSTER	MELEE	135	150		AGGR,STONESKIN,REFLECT,FALL	0	ATT_CZ	STUN,SLOW,POISON,TERROR	0	12zi_mouse_boss	0	131	127	63	31	0	0	0	0	171	256	1039253	5	0	0	0	1	0	142	150	120	200	2500	300	0	0	20	20	20	7	20	20	80	80	80	80	80	80	80	80	0	0	30	0	100	100	0	0	0	0	0	100	-50	0	0	4.0	0	100	0	0	0	0	0	0	0	0	0	0	0	0	0	0	0	0	0	0	0	0	0	0.0
2760	chou_subayi	BOSS	MONSTER	MELEE	119	130		AGGR,BERSERK,REFLECT,FALL,RATTSPEED	0	ATT_CZ	STUN,SLOW,POISON,TERROR	0	12zi_cow_boss	0	131	127	63	31	0	0	0	0	171	256	1009253	15	0	0	0	1	0	142	100	100	200	2500	300	0	0	20	20	20	7	20	20	60	60	60	60	60	60	60	60	0	0	30	0	100	100	0	0	0	0	80	0	0	0	-50	3.0	0	100	0	0	0	0	0	0	0	0	0	0	0	0	0	0	0	0	0	0	0	0	0	0.0
2761	chou_bekcisi	KING	MONSTER	MELEE	135	140		AGGR,BERSERK,REFLECT,FALL,RATTSPEED	0	ATT_CZ	STUN,SLOW,POISON,TERROR	0	12zi_cow_boss	0	131	127	63	31	0	0	0	0	171	256	1009253	5	0	0	0	1	0	142	100	100	200	2500	300	0	0	20	20	20	7	20	20	60	60	60	60	60	60	60	60	0	0	30	0	100	100	0	0	0	0	80	0	0	0	-50	3.0	0	100	0	0	0	0	0	0	0	0	0	0	0	0	0	0	0	0	0	0	0	0	0	0.0
2762	chou_generali	KING	MONSTER	MELEE	135	150		AGGR,BERSERK,REFLECT,FALL,RATTSPEED	0	ATT_CZ	STUN,SLOW,POISON,TERROR	0	12zi_cow_boss	0	131	127	63	31	0	0	0	0	171	256	1009253	5	0	0	0	1	0	142	100	100	200	2500	300	0	0	20	20	20	7	20	20	80	80	80	80	80	80	80	80	0	0	30	0	100	100	0	0	0	0	100	0	0	0	-50	3.0	0	100	0	0	0	0	0	0	0	0	0	0	0	0	0	0	0	0	0	0	0	0	0	0.0
2770	yin_subayi	BOSS	MONSTER	MELEE	119	130		AGGR,BERSERK,REFLECT,FALL,RATTSPEED	0	ATT_CZ	STUN,SLOW,POISON,TERROR	0	12zi_tiger_boss	0	131	127	63	31	0	0	0	0	171	256	1009253	15	0	0	0	1	0	142	100	100	200	2500	300	0	0	20	20	20	7	20	20	60	60	60	60	60	60	60	60	-50	0	30	0	100	100	0	80	0	0	0	0	0	0	0	3.0	0	100	0	0	0	0	0	0	0	0	0	0	0	0	0	0	0	0	0	0	0	0	0	0.0
2771	yin_bekcisi	KING	MONSTER	MELEE	135	140		AGGR,BERSERK,REFLECT,FALL,RATTSPEED	0	ATT_CZ	STUN,SLOW,POISON,TERROR	0	12zi_tiger_boss	0	131	127	63	31	0	0	0	0	171	256	1009253	5	0	0	0	1	0	142	100	100	200	2500	300	0	0	20	20	20	7	20	20	60	60	60	60	60	60	60	60	-50	0	30	0	100	100	0	80	0	0	0	0	0	0	0	3.0	0	100	0	0	0	0	0	0	0	0	0	0	0	0	0	0	0	0	0	0	0	0	0	0.0
2772	yin_generali	KING	MONSTER	MELEE	135	150		AGGR,BERSERK,REFLECT,FALL,RATTSPEED	0	ATT_CZ	STUN,SLOW,POISON,TERROR	0	12zi_tiger_boss	0	131	127	63	31	0	0	0	0	171	256	1009253	5	0	0	0	1	0	142	100	100	200	2500	300	0	0	20	20	20	7	20	20	80	80	80	80	80	80	80	80	-50	0	30	0	100	100	0	100	0	0	0	0	0	0	0	3.0	0	100	0	0	0	0	0	0	0	0	0	0	0	0	0	0	0	0	0	0	0	0	0	0.0
2780	mao_subayi	BOSS	MONSTER	MAGIC	119	130		AGGR,BERSERK,REFLECT,FALL	0	ATT_CZ	STUN,SLOW,POISON,TERROR	0	12zi_rabbit_boss	0	131	127	63	31	0	0	0	0	171	256	1009253	15	0	0	0	1	0	142	100	120	200	2500	300	0	0	20	20	20	7	20	20	60	60	60	60	60	60	60	60	0	0	70	-50	100	100	0	0	0	80	0	0	0	0	0	3.0	0	100	0	0	0	0	0	0	0	0	0	0	0	0	0	0	0	0	0	0	0	0	0	0.0
2781	mao_bekcisi	KING	MONSTER	MAGIC	135	140		AGGR,BERSERK,REFLECT,FALL	0	ATT_CZ	STUN,SLOW,POISON,TERROR	0	12zi_rabbit_boss	0	131	127	63	31	0	0	0	0	171	256	1009253	5	0	0	0	1	0	142	100	120	200	2500	300	0	0	20	20	20	7	20	20	60	60	60	60	60	60	60	60	0	0	70	-50	100	100	0	0	0	80	0	0	0	0	0	3.0	0	100	0	0	0	0	0	0	0	0	0	0	0	0	0	0	0	0	0	0	0	0	0	0.0
2782	mao_generali	KING	MONSTER	MAGIC	135	150		AGGR,BERSERK,REFLECT,FALL	0	ATT_CZ	STUN,SLOW,POISON,TERROR	0	12zi_rabbit_boss	0	131	127	63	31	0	0	0	0	171	256	1009253	5	0	0	0	1	0	142	100	120	200	2500	300	0	0	20	20	20	7	20	20	80	80	80	80	80	80	80	80	0	0	70	-50	100	100	0	0	0	100	0	0	0	0	0	3.0	0	100	0	0	0	0	0	0	0	0	0	0	0	0	0	0	0	0	0	0	0	0	0	0.0
2790	chen_subayi	BOSS	MONSTER	MAGIC	119	130		AGGR,BERSERK,REVIVE,REFLECT,FALL	0	ATT_CZ	STUN,SLOW,POISON,TERROR	0	12zi_dragon_boss	0	131	127	63	31	0	0	0	0	171	256	1009253	15	0	0	0	1	0	142	100	100	200	2500	800	0	0	20	20	20	7	20	20	60	60	60	60	60	60	60	60	0	-50	30	0	100	100	80	0	0	0	0	0	0	0	0	3.0	0	100	0	0	0	0	0	0	0	0	0	0	0	0	0	0	0	0	0	0	0	0	0	0.0
2791	chen_bekcisi	KING	MONSTER	MAGIC	135	140		AGGR,BERSERK,REVIVE,REFLECT,FALL	0	ATT_CZ	STUN,SLOW,POISON,TERROR	0	12zi_dragon_boss	0	131	127	63	31	0	0	0	0	171	256	1009253	5	0	0	0	1	0	142	100	100	200	2500	800	0	0	20	20	20	7	20	20	60	60	60	60	60	60	60	60	0	-50	30	0	100	100	80	0	0	0	0	0	0	0	0	3.0	0	100	0	0	0	0	0	0	0	0	0	0	0	0	0	0	0	0	0	0	0	0	0	0.0
2792	chen_generali	KING	MONSTER	MAGIC	135	150		AGGR,BERSERK,REVIVE,REFLECT,FALL	0	ATT_CZ	STUN,SLOW,POISON,TERROR	0	12zi_dragon_boss	0	131	127	63	31	0	0	0	0	171	256	1009253	5	0	0	0	1	0	142	100	100	200	2500	800	0	0	20	20	20	7	20	20	80	80	80	80	80	80	80	80	0	-50	30	0	100	100	100	0	0	0	0	0	0	0	0	3.0	0	100	0	0	0	0	0	0	0	0	0	0	0	0	0	0	0	0	0	0	0	0	0	0.0
2800	si_subayi	BOSS	MONSTER	RANGE	119	130		AGGR,BERSERK,FALL,VIT	0	ATT_CZ	STUN,SLOW,POISON,TERROR	0	12zi_snake_boss	0	131	127	63	31	0	0	0	0	171	256	1009253	15	0	0	0	1	0	142	100	100	200	2500	800	0	0	20	20	80	7	20	20	60	60	60	60	60	60	60	60	0	0	30	0	100	100	0	0	80	0	0	0	0	-50	0	3.0	0	100	0	0	0	0	0	0	0	0	0	0	0	0	0	0	0	0	0	0	0	0	0	0.0
2801	si_bekcisi	KING	MONSTER	RANGE	135	140		AGGR,BERSERK,FALL,VIT	0	ATT_CZ	STUN,SLOW,POISON,TERROR	0	12zi_snake_boss	0	131	127	63	31	0	0	0	0	171	256	1009253	5	0	0	0	1	0	142	100	100	200	2500	800	0	0	20	20	80	7	20	20	60	60	60	60	60	60	60	60	0	0	30	0	100	100	0	0	80	0	0	0	0	-50	0	3.0	0	100	0	0	0	0	0	0	0	0	0	0	0	0	0	0	0	0	0	0	0	0	0	0.0
2802	si_generali	KING	MONSTER	RANGE	135	150		AGGR,BERSERK,FALL,VIT	0	ATT_CZ	STUN,SLOW,POISON,TERROR	0	12zi_snake_boss	0	131	127	63	31	0	0	0	0	171	256	1009253	5	0	0	0	1	0	142	100	100	200	2500	800	0	0	20	20	80	7	20	20	80	80	80	80	80	80	80	80	0	0	30	0	100	100	0	0	100	0	0	0	0	-50	0	3.0	0	100	0	0	0	0	0	0	0	0	0	0	0	0	0	0	0	0	0	0	0	0	0	0.0
2810	wu_subayi	BOSS	MONSTER	MELEE	119	130		AGGR,BERSERK,REFLECT,FALL,TIMEVIT	0	ATT_CZ	STUN,SLOW,POISON,TERROR	0	12zi_horse_boss	0	131	127	63	31	0	0	0	0	171	256	1009253	15	0	0	0	1	0	142	100	120	200	2500	300	0	0	20	20	20	7	20	20	60	60	60	60	60	60	60	60	0	0	30	0	100	100	0	0	80	0	0	0	0	-50	0	3.0	0	100	0	0	0	0	0	0	0	0	0	0	0	0	0	0	0	0	0	0	0	0	0	0.0
2811	wu_bekcisi	KING	MONSTER	MELEE	135	140		AGGR,BERSERK,REFLECT,FALL,TIMEVIT	0	ATT_CZ	STUN,SLOW,POISON,TERROR	0	12zi_horse_boss	0	131	127	63	31	0	0	0	0	171	256	1009253	5	0	0	0	1	0	142	100	120	200	2500	300	0	0	20	20	20	7	20	20	60	60	60	60	60	60	60	60	0	0	30	0	100	100	0	0	80	0	0	0	0	-50	0	3.0	0	100	0	0	0	0	0	0	0	0	0	0	0	0	0	0	0	0	0	0	0	0	0	0.0
2812	wu_generali	KING	MONSTER	MELEE	135	150		AGGR,BERSERK,REFLECT,FALL,TIMEVIT	0	ATT_CZ	STUN,SLOW,POISON,TERROR	0	12zi_horse_boss	0	131	127	63	31	0	0	0	0	171	256	1009253	5	0	0	0	1	0	142	100	120	200	2500	300	0	0	20	20	20	7	20	20	80	80	80	80	80	80	80	80	0	0	30	0	100	100	0	0	100	0	0	0	0	-50	0	3.0	0	100	0	0	0	0	0	0	0	0	0	0	0	0	0	0	0	0	0	0	0	0	0	0.0
2820	wei_subayi	BOSS	MONSTER	MAGIC	119	130		AGGR,BERSERK,FALL,RCASTSPEED	0	ATT_CZ	STUN,SLOW,POISON,TERROR	0	12zi_sheep_boss	0	131	127	63	31	0	0	0	0	171	256	1009253	15	0	0	0	1	0	142	100	100	200	2500	800	0	0	20	20	20	7	20	20	60	60	60	60	60	60	60	60	0	-50	70	0	100	100	80	0	0	0	0	0	0	0	0	3.0	2900	100	0	0	0	0	0	0	0	0	0	0	0	0	0	0	0	0	0	0	0	0	0	0.0
2821	wei_bekcisi	KING	MONSTER	MAGIC	135	140		AGGR,BERSERK,FALL,RCASTSPEED	0	ATT_CZ	STUN,SLOW,POISON,TERROR	0	12zi_sheep_boss	0	131	127	63	31	0	0	0	0	171	256	1009253	5	0	0	0	1	0	142	100	100	200	2500	800	0	0	20	20	20	7	20	20	60	60	60	60	60	60	60	60	0	-50	70	0	100	100	80	0	0	0	0	0	0	0	0	3.0	2900	100	0	0	0	0	0	0	0	0	0	0	0	0	0	0	0	0	0	0	0	0	0	0.0
2822	wei_generali	KING	MONSTER	MAGIC	135	150		AGGR,BERSERK,FALL,RCASTSPEED	0	ATT_CZ	STUN,SLOW,POISON,TERROR	0	12zi_sheep_boss	0	131	127	63	31	0	0	0	0	171	256	1009253	5	0	0	0	1	0	142	100	100	200	2500	800	0	0	20	20	20	7	20	20	80	80	80	80	80	80	80	80	0	-50	70	0	100	100	100	0	0	0	0	0	0	0	0	3.0	2900	100	0	0	0	0	0	0	0	0	0	0	0	0	0	0	0	0	0	0	0	0	0	0.0
2830	shen_subayi	BOSS	MONSTER	MELEE	119	130		AGGR,BERSERK,STONESKIN,FALL,RCASTSPEED	0	ATT_CZ	STUN,SLOW,POISON,TERROR	0	12zi_monkey_boss	0	131	127	63	31	0	0	0	0	171	256	1009253	15	0	0	0	1	0	142	100	110	200	2500	400	0	0	20	20	20	7	20	20	60	60	60	60	60	60	60	60	0	0	30	0	100	100	0	0	0	0	80	0	0	0	-50	3.0	0	100	0	0	0	0	0	0	0	0	0	0	0	0	0	0	0	0	0	0	0	0	0	0.0
2831	shen_bekcisi	KING	MONSTER	MELEE	135	140		AGGR,BERSERK,STONESKIN,FALL,RCASTSPEED	0	ATT_CZ	STUN,SLOW,POISON,TERROR	0	12zi_monkey_boss	0	131	127	63	31	0	0	0	0	171	256	1009253	5	0	0	0	1	0	142	100	110	200	2500	400	0	0	20	20	20	7	20	20	60	60	60	60	60	60	60	60	0	0	30	0	100	100	0	0	0	0	80	0	0	0	-50	3.0	0	100	0	0	0	0	0	0	0	0	0	0	0	0	0	0	0	0	0	0	0	0	0	0.0
2832	shen_generali	KING	MONSTER	MELEE	135	150		AGGR,BERSERK,STONESKIN,FALL,RCASTSPEED	0	ATT_CZ	STUN,SLOW,POISON,TERROR	0	12zi_monkey_boss	0	131	127	63	31	0	0	0	0	171	256	1009253	5	0	0	0	1	0	142	100	110	200	2500	400	0	0	20	20	20	7	20	20	80	80	80	80	80	80	80	80	0	0	30	0	100	100	0	0	0	0	100	0	0	0	-50	3.0	0	100	0	0	0	0	0	0	0	0	0	0	0	0	0	0	0	0	0	0	0	0	0	0.0
2840	yu_subayi	BOSS	MONSTER	MELEE	119	130		AGGR,STONESKIN,REFLECT,FALL	0	ATT_CZ	STUN,SLOW,POISON,TERROR	0	12zi_chicken_boss	0	131	127	63	31	0	0	0	0	171	256	1009253	15	0	0	0	1	0	142	100	100	200	2500	300	0	0	20	20	20	7	20	20	60	60	60	60	60	60	60	60	0	0	30	-50	100	100	0	0	0	80	0	0	0	0	0	3.0	2901	100	0	0	0	0	0	0	0	0	0	0	0	0	0	0	0	0	0	0	0	0	0	0.0
2841	yu_bekcisi	KING	MONSTER	MELEE	135	140		AGGR,STONESKIN,REFLECT,FALL	0	ATT_CZ	STUN,SLOW,POISON,TERROR	0	12zi_chicken_boss	0	131	127	63	31	0	0	0	0	171	256	1009253	5	0	0	0	1	0	142	100	100	200	2500	300	0	0	20	20	20	7	20	20	60	60	60	60	60	60	60	60	0	0	30	-50	100	100	0	0	0	80	0	0	0	0	0	3.0	2901	100	0	0	0	0	0	0	0	0	0	0	0	0	0	0	0	0	0	0	0	0	0	0.0
2842	yu_generali	KING	MONSTER	MELEE	135	150		AGGR,STONESKIN,REFLECT,FALL	0	ATT_CZ	STUN,SLOW,POISON,TERROR	0	12zi_chicken_boss	0	131	127	63	31	0	0	0	0	171	256	1009253	5	0	0	0	1	0	142	100	100	200	2500	300	0	0	20	20	20	7	20	20	80	80	80	80	80	80	80	80	0	0	30	-50	100	100	0	0	0	100	0	0	0	0	0	3.0	2901	100	0	0	0	0	0	0	0	0	0	0	0	0	0	0	0	0	0	0	0	0	0	0.0
2850	xu_subayi	BOSS	MONSTER	MELEE	119	130		AGGR,BERSERK,REFLECT,FALL,RCASTSPEED	0	ATT_CZ	STUN,SLOW,POISON,TERROR	0	12zi_dog_boss	0	131	127	63	31	0	0	0	0	171	256	1039253	15	0	0	0	1	0	142	100	120	200	2500	400	0	0	20	20	80	7	20	20	60	60	60	60	60	60	60	60	0	0	30	0	100	100	0	0	0	0	0	80	-50	0	0	4.0	0	100	0	0	0	0	0	0	0	0	0	0	0	0	0	0	0	0	0	0	0	0	0	0.0
2851	xu_bekcisi	KING	MONSTER	MELEE	135	140		AGGR,BERSERK,REFLECT,FALL,RCASTSPEED	0	ATT_CZ	STUN,SLOW,POISON,TERROR	0	12zi_dog_boss	0	131	127	63	31	0	0	0	0	171	256	1009253	5	0	0	0	1	0	142	100	120	200	2500	400	0	0	20	20	80	7	20	20	60	60	60	60	60	60	60	60	0	0	30	0	100	100	0	0	0	0	0	80	-50	0	0	3.0	0	100	0	0	0	0	0	0	0	0	0	0	0	0	0	0	0	0	0	0	0	0	0	0.0
2852	xu_generali	KING	MONSTER	MELEE	135	150		AGGR,BERSERK,REFLECT,FALL,RCASTSPEED	0	ATT_CZ	STUN,SLOW,POISON,TERROR	0	12zi_dog_boss	0	131	127	63	31	0	0	0	0	171	256	1009253	5	0	0	0	1	0	142	100	120	200	2500	400	0	0	20	20	80	7	20	20	80	80	80	80	80	80	80	80	0	0	30	0	100	100	0	0	0	0	0	100	-50	0	0	3.0	0	100	0	0	0	0	0	0	0	0	0	0	0	0	0	0	0	0	0	0	0	0	0	0.0
2860	hai_subayi	BOSS	MONSTER	MELEE	119	130		AGGR,BERSERK,REFLECT,FALL,RATTSPEED	0	ATT_CZ	STUN,SLOW,POISON,TERROR	0	12zi_pig_boss	0	131	127	63	31	0	0	0	0	171	256	1009253	15	0	0	0	1	0	142	100	100	200	2500	300	0	0	20	20	20	7	20	20	60	60	60	60	60	60	60	60	-50	0	30	0	100	100	0	80	0	0	0	0	0	0	0	3.0	2689	100	0	0	0	0	0	0	0	0	0	0	0	0	0	0	0	0	0	0	0	0	0	0.0
2861	hai_bekcisi	KING	MONSTER	MELEE	135	140		AGGR,BERSERK,REFLECT,FALL,RATTSPEED	0	ATT_CZ	STUN,SLOW,POISON,TERROR	0	12zi_pig_boss	0	131	127	63	31	0	0	0	0	171	256	1039253	5	0	0	0	1	0	142	100	100	200	2500	300	0	0	20	20	20	7	20	20	60	60	60	60	60	60	60	60	-50	0	30	0	100	100	0	80	0	0	0	0	0	0	0	4.0	2689	100	0	0	0	0	0	0	0	0	0	0	0	0	0	0	0	0	0	0	0	0	0	0.0
2862	hai_generali	KING	MONSTER	MELEE	135	150		AGGR,BERSERK,REFLECT,FALL,RATTSPEED	0	ATT_CZ	STUN,SLOW,POISON,TERROR	0	12zi_pig_boss	0	131	127	63	31	0	0	0	0	171	256	1039253	5	0	0	0	1	0	142	100	100	200	2500	300	0	0	20	20	20	7	20	20	80	80	80	80	80	80	80	80	-50	0	30	0	100	100	0	100	0	0	0	0	0	0	0	4.0	2689	100	0	0	0	0	0	0	0	0	0	0	0	0	0	0	0	0	0	0	0	0	0	0.0
2900	fare_metini	BOSS	STONE	SPECIAL	20	150		NOMOVE,STONESKIN,REFLECT	0	ATT_CZ	STUN,SLOW,TERROR	0	metinstone	0	131	127	63	31	0	0	0	0	171	256	14550	5	1	0	0	42	0	8	0	0	0	2000	175	0	0	0	0	0	0	0	0	30	30	30	30	30	30	30	30	0	0	30	0	30	30	0	0	0	0	0	0	0	0	0	0.0	0	0	0	0	0	0	0	0	0	0	0	0	0	0	0	0	0	0	0	0	0	0	0	0.0
2901	manda_metini	BOSS	STONE	SPECIAL	30	150		NOMOVE,STONESKIN,REFLECT	0	ATT_CZ	STUN,SLOW,TERROR	0	metinstone	0	131	127	63	31	0	0	0	0	171	256	23250	5	1	0	0	82	0	14	0	0	0	2000	175	0	0	0	0	0	0	0	0	30	30	30	30	30	30	30	30	0	0	30	0	30	30	0	0	0	0	0	0	0	0	0	0.0	0	0	0	0	0	0	0	0	0	0	0	0	0	0	0	0	0	0	0	0	0	0	0	0.0
2902	kaplan_metini	BOSS	STONE	SPECIAL	40	150		NOMOVE,STONESKIN,REFLECT	0	ATT_CZ	STUN,SLOW,TERROR	0	metinstone	0	131	127	63	31	0	0	0	0	171	256	23250	5	1	0	0	82	0	14	0	0	0	2000	175	0	0	0	0	0	0	0	0	30	30	30	30	30	30	30	30	0	0	30	0	30	30	0	0	0	0	0	0	0	0	0	0.0	0	0	0	0	0	0	0	0	0	0	0	0	0	0	0	0	0	0	0	0	0	0	0	0.0
2903	ejder_metini	BOSS	STONE	SPECIAL	50	150		NOMOVE,STONESKIN,REFLECT	0	ATT_CZ	STUN,SLOW,TERROR	0	metinstone	0	131	127	63	31	0	0	0	0	171	256	34050	5	1	0	0	122	0	19	0	0	0	2000	175	0	0	0	0	0	0	0	0	30	30	30	30	30	30	30	30	0	0	30	0	30	30	0	0	0	0	0	0	0	0	0	0.0	0	0	0	0	0	0	0	0	0	0	0	0	0	0	0	0	0	0	0	0	0	0	0	0.0
2904	yilan_metini	BOSS	STONE	SPECIAL	55	150		NOMOVE,STONESKIN,COUNT,NORECOVERY,REFLECT	0	ATT_CZ	STUN,SLOW,TERROR	0	metinstone	0	131	127	63	31	0	0	0	0	171	256	2000	5	1	0	0	162	0	25	0	0	0	2000	175	0	0	0	0	0	0	0	0	30	30	30	30	30	30	30	30	0	0	30	0	30	30	0	0	0	0	0	0	0	0	0	0.0	0	0	0	0	0	0	0	0	0	0	0	0	0	0	0	0	0	0	0	0	0	0	0	0.0
2905	at_metini	KING	STONE	SPECIAL	130	150		NOMOVE,STONESKIN,COUNT,NORECOVERY,REFLECT	0	ATT_CZ	STUN,SLOW,TERROR	0	metinstone	0	131	127	63	31	0	0	0	0	171	256	2000	5	1	0	0	402	0	57	0	0	0	2000	175	0	0	0	0	0	0	0	0	100	100	100	100	100	100	100	100	0	0	100	0	100	100	0	0	0	0	0	0	0	0	0	0.0	0	0	0	0	0	0	0	0	0	0	0	0	0	0	0	0	0	0	0	0	0	0	0	0.0
2906	keci_metini	KING	STONE	SPECIAL	130	150		NOMOVE,STONESKIN,COUNT,NORECOVERY,REFLECT	0	ATT_CZ	STUN,SLOW,TERROR	0	metinstone	0	131	127	63	31	0	0	0	0	171	256	3000	5	1	0	0	442	0	63	0	0	0	2000	175	0	0	0	0	0	0	0	0	100	100	100	100	100	100	100	100	0	0	100	0	100	100	0	0	0	0	0	0	0	0	0	0.0	0	0	0	0	0	0	0	0	0	0	0	0	0	0	0	0	0	0	0	0	0	0	0	0.0
2907	maymun_metini	KING	STONE	SPECIAL	20	150		NOMOVE,STONESKIN,REFLECT	0	ATT_CZ	STUN,SLOW,TERROR	0	metinstone	0	131	127	63	31	0	0	0	0	171	256	14550	5	1	0	0	42	0	8	0	0	0	2000	175	0	0	0	0	0	0	0	0	30	30	30	30	30	30	30	30	0	0	30	0	30	30	0	0	0	0	0	0	0	0	0	0.0	0	0	0	0	0	0	0	0	0	0	0	0	0	0	0	0	0	0	0	0	0	0	0	0.0
2908	kopek_metini	KING	STONE	SPECIAL	30	150		NOMOVE,STONESKIN,REFLECT	0	ATT_CZ	STUN,SLOW,TERROR	0	metinstone	0	131	127	63	31	0	0	0	0	171	256	23250	5	1	0	0	82	0	14	0	0	0	2000	175	0	0	0	0	0	0	0	0	30	30	30	30	30	30	30	30	0	0	30	0	30	30	0	0	0	0	0	0	0	0	0	0.0	0	0	0	0	0	0	0	0	0	0	0	0	0	0	0	0	0	0	0	0	0	0	0	0.0
3001	gnoll_savasci	PAWN	MONSTER	MELEE	95	100		AGGR,GODSPEED	0	ANIMAL	SLOW,CURSE,TERROR	0	gnoll_soldier	0	119	89	59	29	0	0	0	0	180	220	7084	3	2	184	276	1257	0	95	110	110	100	2000	100	0	0	0	0	0	0	0	10	20	20	-5	0	0	0	20	0	0	0	0	0	0	0	0	0	0	0	1	0	0	0	-70	1.0	0	5	0	0	0	0	0	0	0	0	0	0	0	0	0	0	0	0	0	0	0	0	0	0.0
3002	gnoll_okcu	S_PAWN	MONSTER	RANGE	96	100		AGGR,REVIVE	0	ANIMAL	SLOW,CURSE,TERROR	0	gnoll_bow	0	120	90	60	30	0	0	0	0	182	222	14388	3	2	371	556	3049	0	115	110	110	100	2000	850	0	0	0	0	5	0	0	12	20	3	-25	5	-20	-20	20	0	0	0	0	0	0	0	0	0	0	0	1	0	0	0	-60	1.0	0	10	0	0	0	0	0	0	0	0	0	0	0	0	0	0	0	0	0	0	0	0	0	0.0
3003	gnoll_savunucu	S_PAWN	MONSTER	MELEE	97	100		AGGR,STONESKIN	0	ANIMAL	SLOW,CURSE,TERROR	0	gnoll_soldier2	0	91	121	60	30	0	0	0	0	183	224	14605	5	5	374	561	3080	0	116	110	110	100	2000	100	0	0	0	0	3	0	3	15	20	3	-5	10	10	10	20	0	0	0	0	0	0	0	0	0	0	0	1	0	0	0	-60	1.0	0	15	0	0	0	0	0	0	0	0	0	0	0	0	0	0	0	0	0	0	0	0	0	0.0
3004	gnoll_buyucu	KNIGHT	MONSTER	MAGIC	98	100		AGGR,BERSERK	0	ANIMAL	SLOW,CURSE,TERROR	0	gnoll_magic	0	122	92	61	30	0	0	0	0	164	247	37064	5	7	566	849	9336	0	137	110	110	100	2000	850	0	0	0	0	0	10	10	16	20	3	-25	0	0	0	20	0	0	0	0	0	0	0	0	0	0	0	1	0	0	0	-50	1.0	0	15	0	0	0	0	0	0	0	0	0	0	0	0	0	0	0	0	0	0	0	0	0	0.0
3005	gnoll_general	S_KNIGHT	MONSTER	MELEE	99	100		AGGR,GODSPEED	0	ANIMAL	SLOW,CURSE,TERROR	0	gnoll_general	0	93	124	62	31	0	0	0	0	166	249	75218	5	10	761	1142	22533	0	168	110	110	100	2000	100	0	0	0	0	5	0	5	15	20	5	-5	-25	0	0	20	0	0	0	0	0	0	0	0	0	0	0	1	0	0	0	-40	2.0	0	15	0	0	0	0	0	0	0	0	0	0	0	0	0	0	0	0	0	0	0	0	0	0.0
3090	lord_gnoll	BOSS	MONSTER	MELEE	103	110		AGGR,BERSERK,STONESKIN,DEATHBLOW,REVIVE	0	ANIMAL	STUN,SLOW,CURSE,TERROR	0	gnoll_boss	0	128	96	64	32	0	0	0	0	150	280	3000000	10	10	984	1476	112984	0	206	110	110	100	2000	100	0	0	0	0	0	0	3	15	40	20	35	40	40	40	40	35	0	0	0	0	0	0	0	0	0	0	1	0	0	0	-30	2.0	3004	20	0	0	20	256	0	0	0	0	0	0	0	0	0	0	0	0	0	0	0	0	0	0.0
3091	bas_gnoll_nobetci	BOSS	MONSTER	MELEE	105	110		AGGR,BERSERK,STONESKIN,DEATHBLOW,REVIVE	0	ANIMAL	STUN,SLOW,CURSE,TERROR	0	gnoll_boss2	0	131	65	131	32	0	0	0	0	153	285	3000000	10	10	1800	2700	414705	0	252	110	110	100	2000	100	0	0	0	0	5	5	10	15	40	20	35	40	40	40	40	35	0	0	0	0	0	0	0	0	0	0	1	0	0	0	-20	2.0	3005	25	0	0	20	257	25	258	0	0	0	0	0	0	0	0	0	0	0	0	0	0	0	0.0
3101	tekgozlu_kavgaci	PAWN	MONSTER	MELEE	98	100		AGGR,GODSPEED	0	ORC	SLOW,CURSE,TERROR	0	cyclops_soldier	0	122	92	61	30	0	0	0	0	185	226	7412	3	2	188	283	1296	0	98	110	110	100	2000	100	0	0	0	0	0	0	0	10	20	0	-5	0	0	0	20	0	0	-70	0	0	0	0	1	0	0	0	0	0	0	0	0	1.0	0	5	0	0	0	0	0	0	0	0	0	0	0	0	0	0	0	0	0	0	0	0	0	0.0
3102	kiklop_asker	S_PAWN	MONSTER	MELEE	99	100		AGGR,REVIVE	0	ORC	SLOW,CURSE,TERROR	0	cyclops_soldier2	0	124	93	62	31	0	0	0	0	187	228	15043	3	2	380	571	3143	0	118	110	110	100	2000	100	0	0	0	0	5	0	0	12	20	-10	-25	5	-20	-20	20	0	0	-60	0	0	0	0	1	0	0	0	0	0	0	0	0	1.0	0	10	0	0	0	0	0	0	0	0	0	0	0	0	0	0	0	0	0	0	0	0	0	0.0
3103	kiklop_buyucu	S_PAWN	MONSTER	MAGIC	100	100		AGGR,STONESKIN	0	ORC	SLOW,CURSE,TERROR	0	cyclops_magic	0	62	93	125	31	0	0	0	0	189	231	15263	5	5	384	576	3175	0	120	110	110	100	2000	850	0	0	0	0	3	0	3	15	20	-5	-5	10	10	10	20	0	0	-60	0	0	0	0	1	0	0	0	0	0	0	0	0	1.0	0	15	0	0	0	0	0	0	0	0	0	0	0	0	0	0	0	0	0	0	0	0	0	0.0
3104	kiklop_cellat	KNIGHT	MONSTER	MELEE	101	100		AGGR,BERSERK	0	ORC	SLOW,CURSE,TERROR	0	cyclops_officer	0	63	126	63	31	0	0	0	0	169	254	38703	5	7	580	871	9622	0	141	110	110	100	2000	100	0	0	0	0	0	10	10	16	20	-5	-25	0	0	0	20	0	0	-50	0	0	0	0	1	0	0	0	0	0	0	0	0	1.0	0	15	0	0	0	0	0	0	0	0	0	0	0	0	0	0	0	0	0	0	0	0	0	0.0
3105	general_outis	S_KNIGHT	MONSTER	MELEE	102	100		AGGR,GODSPEED	0	ORC	SLOW,CURSE,TERROR	0	cyclops_general	0	127	63	127	31	0	0	0	0	171	256	78507	5	10	780	1171	23214	0	173	110	110	100	2000	100	0	0	0	0	5	0	5	15	20	0	-5	-25	0	0	20	0	0	-40	0	0	0	0	1	0	0	0	0	0	0	0	0	2.0	0	15	0	0	0	0	0	0	0	0	0	0	0	0	0	0	0	0	0	0	0	0	0	0.0
3190	arges	BOSS	MONSTER	MELEE	104	110		AGGR,BERSERK,STONESKIN,DEATHBLOW,REVIVE	0	ORC	STUN,SLOW,CURSE,TERROR	0	cyclops_boss	0	130	65	130	32	0	0	0	0	152	282	3000000	10	10	992	1488	114077	0	208	110	110	100	2000	100	0	0	0	0	0	0	3	15	40	40	35	40	40	40	40	35	0	-30	0	0	0	0	1	0	0	0	0	0	0	0	0	2.0	3104	20	0	0	20	256	0	0	0	0	0	0	0	0	0	0	0	0	0	0	0	0	0	0.0
3191	polyphemos	BOSS	MONSTER	MELEE	106	110		AGGR,BERSERK,STONESKIN,DEATHBLOW,REVIVE	0	ORC	STUN,SLOW,CURSE,TERROR	0	cyclops_boss2	0	132	66	132	33	0	0	0	0	154	287	3000000	10	10	1814	2721	418645	0	254	110	110	100	2000	100	0	0	0	0	5	5	10	15	40	40	35	40	40	40	40	35	0	-20	0	0	0	0	1	0	0	0	0	0	0	0	0	2.0	3105	25	0	0	20	257	25	258	0	0	0	0	0	0	0	0	0	0	0	0	0	0	0	0.0
3201	mantikor_savasci	PAWN	MONSTER	MELEE	96	100		AGGR,GODSPEED	0	ANIMAL	SLOW,CURSE,TERROR	0	manticore_soldier	0	120	90	60	30	0	0	0	0	182	222	7194	3	2	185	278	1270	0	96	110	110	100	2000	100	0	0	0	0	0	0	0	10	20	0	-5	0	0	0	20	0	0	0	0	-70	0	0	0	0	0	1	0	0	0	0	0	1.0	0	5	0	0	0	0	0	0	0	0	0	0	0	0	0	0	0	0	0	0	0	0	0	0.0
3202	mantikor_asker	S_PAWN	MONSTER	MELEE	97	100		AGGR,REVIVE	0	ANIMAL	SLOW,CURSE,TERROR	0	manticore_soldier2	0	121	91	60	30	0	0	0	0	183	224	14605	3	2	374	561	3080	0	116	110	110	100	2000	100	0	0	0	0	5	0	0	12	20	-10	-25	5	-20	-20	20	0	0	0	0	-60	0	0	0	0	0	1	0	0	0	0	0	1.0	0	10	0	0	0	0	0	0	0	0	0	0	0	0	0	0	0	0	0	0	0	0	0	0.0
3203	mantikor_buyucu	S_PAWN	MONSTER	MAGIC	98	100		AGGR,STONESKIN	0	ANIMAL	SLOW,CURSE,TERROR	0	manticore_magic	0	92	122	61	30	0	0	0	0	185	226	14825	5	5	377	566	3111	0	117	110	110	100	2000	850	0	0	0	0	3	0	3	15	20	-5	-5	10	10	10	20	0	0	0	0	-60	0	0	0	0	0	1	0	0	0	0	0	1.0	0	15	0	0	0	0	0	0	0	0	0	0	0	0	0	0	0	0	0	0	0	0	0	0.0
3204	mantikor_cellat	KNIGHT	MONSTER	MELEE	99	100		AGGR,BERSERK	0	ANIMAL	SLOW,CURSE,TERROR	0	manticore_officer	0	124	62	124	31	0	0	0	0	166	249	37609	5	7	571	856	9432	0	138	110	110	100	2000	100	0	0	0	0	0	10	10	16	20	-5	-25	0	0	0	20	0	0	0	0	-50	0	0	0	0	0	1	0	0	0	0	0	1.0	0	15	0	0	0	0	0	0	0	0	0	0	0	0	0	0	0	0	0	0	0	0	0	0.0
3205	general_kor	S_KNIGHT	MONSTER	MELEE	101	100		AGGR,GODSPEED	0	ANIMAL	SLOW,CURSE,TERROR	0	manticore_general	0	126	94	63	31	0	0	0	0	169	254	77407	5	10	774	1161	22987	0	171	110	110	100	2000	100	0	0	0	0	5	0	5	15	20	0	-5	-25	0	0	20	0	0	0	0	-40	0	0	0	0	0	1	0	0	0	0	0	2.0	0	15	0	0	0	0	0	0	0	0	0	0	0	0	0	0	0	0	0	0	0	0	0	0.0
3290	rakshasa	BOSS	MONSTER	MELEE	103	110		AGGR,BERSERK,STONESKIN,DEATHBLOW,REVIVE	0	ANIMAL	STUN,SLOW,CURSE,TERROR	0	manticore_boss	0	96	128	64	32	0	0	0	0	150	280	3000000	10	10	984	1476	112984	0	206	110	110	100	2000	100	0	0	0	0	0	0	3	15	40	40	35	40	40	40	40	35	0	0	0	-30	0	0	0	0	0	1	0	0	0	0	0	2.0	3204	20	0	0	20	256	0	0	0	0	0	0	0	0	0	0	0	0	0	0	0	0	0	0.0
3291	martyaxwar	BOSS	MONSTER	MELEE	105	110		AGGR,BERSERK,STONESKIN,DEATHBLOW,REVIVE	0	ANIMAL	STUN,SLOW,CURSE,TERROR	0	manticore_boss2	0	131	65	131	32	0	0	0	0	153	285	3000000	10	10	1800	2700	414705	0	252	110	110	100	2000	100	0	0	0	0	5	5	10	15	40	40	35	40	40	40	40	35	0	0	0	-20	0	0	0	0	0	1	0	0	0	0	0	2.0	3205	25	0	0	20	257	25	258	0	0	0	0	0	0	0	0	0	0	0	0	0	0	0	0.0
3301	lemur_savasci	PAWN	MONSTER	MELEE	97	100		AGGR,GODSPEED	0	DEVIL	SLOW,CURSE,TERROR	0	lemures_soldier	0	121	91	60	30	0	0	0	0	183	224	7302	3	2	187	280	1283	0	97	110	110	100	2000	100	0	0	0	0	0	0	0	10	20	0	-5	0	0	0	20	0	0	0	0	-70	0	0	0	0	0	1	0	0	0	0	0	1.0	0	5	0	0	0	0	0	0	0	0	0	0	0	0	0	0	0	0	0	0	0	0	0	0.0
3302	lemur_asker	S_PAWN	MONSTER	MELEE	98	100		AGGR,REVIVE	0	DEVIL	SLOW,CURSE,TERROR	0	lemures_soldier2	0	122	92	61	30	0	0	0	0	185	226	14825	3	2	377	566	3111	0	117	110	110	100	2000	100	0	0	0	0	5	0	0	12	20	-10	-25	5	-20	-20	20	0	0	0	0	-60	0	0	0	0	0	1	0	0	0	0	0	1.0	0	10	0	0	0	0	0	0	0	0	0	0	0	0	0	0	0	0	0	0	0	0	0	0.0
3303	lemur_buyucu	S_PAWN	MONSTER	MAGIC	99	100		AGGR,STONESKIN	0	DEVIL	SLOW,CURSE,TERROR	0	lemures_magic	0	93	124	62	31	0	0	0	0	187	228	15043	5	5	380	571	3143	0	118	110	110	100	2000	850	0	0	0	0	3	0	3	15	20	-5	-5	10	10	10	20	0	0	0	0	-60	0	0	0	0	0	1	0	0	0	0	0	1.0	0	15	0	0	0	0	0	0	0	0	0	0	0	0	0	0	0	0	0	0	0	0	0	0.0
3304	lemur_cellat	KNIGHT	MONSTER	MELEE	100	100		AGGR,BERSERK	0	DEVIL	SLOW,CURSE,TERROR	0	lemures_officer	0	125	62	125	31	0	0	0	0	168	252	38159	5	7	576	864	9527	0	140	110	110	100	2000	100	0	0	0	0	0	10	10	16	20	-5	-25	0	0	0	20	0	0	0	0	-50	0	0	0	0	0	1	0	0	0	0	0	1.0	0	15	0	0	0	0	0	0	0	0	0	0	0	0	0	0	0	0	0	0	0	0	0	0.0
3305	lemur_general	S_KNIGHT	MONSTER	MELEE	101	100		AGGR,GODSPEED	0	DEVIL	SLOW,CURSE,TERROR	0	lemures_general	0	126	63	126	31	0	0	0	0	169	254	77407	5	10	774	1161	22987	0	171	110	110	100	2000	100	0	0	0	0	5	0	5	15	20	0	-5	-25	0	0	20	0	0	0	0	-40	0	0	0	0	0	1	0	0	0	0	0	2.0	0	15	0	0	0	0	0	0	0	0	0	0	0	0	0	0	0	0	0	0	0	0	0	0.0
3390	lemur_prensi	BOSS	MONSTER	MELEE	103	110		AGGR,BERSERK,STONESKIN,DEATHBLOW,REVIVE	0	DEVIL	STUN,SLOW,CURSE,TERROR	0	lemures_boss	0	128	64	128	32	0	0	0	0	150	280	3000000	10	10	984	1476	112984	0	206	110	110	100	2000	100	0	0	0	0	0	0	3	15	40	40	35	40	40	40	40	35	0	0	0	-30	0	0	0	0	0	1	0	0	0	0	0	2.0	3304	20	0	0	20	256	0	0	0	0	0	0	0	0	0	0	0	0	0	0	0	0	0	0.0
3391	lemur_muhafiz	BOSS	MONSTER	MELEE	105	110		AGGR,BERSERK,STONESKIN,DEATHBLOW,REVIVE	0	DEVIL	STUN,SLOW,CURSE,TERROR	0	lemures_boss2	0	131	65	131	32	0	0	0	0	153	285	3000000	10	10	1800	2700	414705	0	252	110	110	100	2000	100	0	0	0	0	5	5	10	15	40	40	35	40	40	40	40	35	0	0	0	0	0	0	0	0	1	0	0	0	0	-20	0	2.0	3305	25	0	0	20	257	25	258	0	0	0	0	0	0	0	0	0	0	0	0	0	0	0	0.0
3401	triton_murana	PAWN	MONSTER	MELEE	96	100		AGGR,GODSPEED	0	DEVIL	SLOW,CURSE,TERROR	0	triton_soldier	0	120	60	120	30	0	0	0	0	182	222	7194	3	2	185	278	1270	0	96	110	110	100	2000	100	0	0	0	0	0	0	0	10	20	0	-5	0	0	0	20	0	0	0	0	0	0	0	0	0	1	0	0	0	0	-70	0	1.0	0	5	0	0	0	0	0	0	0	0	0	0	0	0	0	0	0	0	0	0	0	0	0	0.0
3402	kopekbaligi_askeri	S_PAWN	MONSTER	MELEE	97	100		AGGR,REVIVE	0	DEVIL	SLOW,CURSE,TERROR	0	triton_soldier2	0	121	60	121	30	0	0	0	0	183	224	14605	3	2	374	561	3080	0	116	110	110	100	2000	100	0	0	0	0	5	0	0	12	20	-10	-25	5	-20	-20	20	0	0	0	0	0	0	0	0	0	1	0	0	0	0	-60	0	1.0	0	10	0	0	0	0	0	0	0	0	0	0	0	0	0	0	0	0	0	0	0	0	0	0.0
3403	triton_buyucu	S_PAWN	MONSTER	MAGIC	98	100		AGGR,STONESKIN	0	DEVIL	SLOW,CURSE,TERROR	0	triton_magic	0	61	92	122	30	0	0	0	0	185	226	14825	5	5	377	566	3111	0	117	110	110	100	2000	850	0	0	0	0	3	0	3	15	20	-5	-5	10	10	10	20	0	0	0	0	0	0	0	0	0	1	0	0	0	0	-60	0	1.0	0	15	0	0	0	0	0	0	0	0	0	0	0	0	0	0	0	0	0	0	0	0	0	0.0
3404	triton_avci	KNIGHT	MONSTER	MELEE	99	100		AGGR,BERSERK	0	DEVIL	SLOW,CURSE,TERROR	0	triton_officer	0	124	93	62	31	0	0	0	0	166	249	37609	5	7	571	856	9432	0	138	110	110	100	2000	100	0	0	0	0	0	10	10	16	20	-5	-25	0	0	0	20	0	0	0	0	0	0	0	0	0	1	0	0	0	0	-50	0	1.0	0	15	0	0	0	0	0	0	0	0	0	0	0	0	0	0	0	0	0	0	0	0	0	0.0
3405	triton_usturaci	S_KNIGHT	MONSTER	MELEE	101	100		AGGR,GODSPEED	0	DEVIL	SLOW,CURSE,TERROR	0	triton_general	0	126	94	63	31	0	0	0	0	169	254	77407	5	10	774	1161	22987	0	171	110	110	100	2000	100	0	0	0	0	5	0	5	15	20	0	-5	-25	0	0	20	0	0	0	0	0	0	0	0	0	1	0	0	0	0	-40	0	2.0	0	15	0	0	0	0	0	0	0	0	0	0	0	0	0	0	0	0	0	0	0	0	0	0.0
3490	general_kappa	BOSS	MONSTER	MELEE	103	110		AGGR,BERSERK,STONESKIN,DEATHBLOW,REVIVE	0	DEVIL	STUN,SLOW,CURSE,TERROR	0	triton_boss	0	128	96	64	32	0	0	0	0	150	280	3000000	10	10	984	1476	112984	0	206	110	110	100	2000	100	0	0	0	0	0	0	3	15	40	40	35	40	40	40	40	35	0	0	0	0	0	0	0	0	1	0	0	0	0	-30	0	2.0	3404	20	0	0	20	256	0	0	0	0	0	0	0	0	0	0	0	0	0	0	0	0	0	0.0
3491	triton	BOSS	MONSTER	RANGE	105	110		AGGR,BERSERK,STONESKIN,DEATHBLOW,REVIVE	0	DEVIL	STUN,SLOW,CURSE,TERROR	0	triton_boss2	0	98	131	65	32	0	0	0	0	153	285	3000000	10	10	1800	2700	414705	0	252	110	110	100	2000	100	0	0	0	0	5	5	10	15	40	40	35	40	40	40	40	35	0	0	0	0	0	0	0	0	1	0	0	0	0	-20	0	2.0	3405	25	0	0	20	257	25	258	0	0	0	0	0	0	0	0	0	0	0	0	0	0	0	0.0
3501	kizilhirsiz_amazon	PAWN	MONSTER	RANGE	95	100		AGGR,GODSPEED	0	HUMAN	SLOW,CURSE,TERROR	0	redthief_bow	0	89	119	59	29	0	0	0	0	180	220	7084	3	2	184	276	1257	0	95	110	110	100	2000	850	0	0	0	0	0	0	0	10	20	0	-5	0	0	0	20	0	0	0	0	0	0	0	0	0	0	0	1	0	0	0	-70	1.0	0	5	0	0	0	0	0	0	0	0	0	0	0	0	0	0	0	0	0	0	0	0	0	0.0
3502	kizilhirsiz_katil	S_PAWN	MONSTER	MELEE	96	100		AGGR,REVIVE	0	HUMAN	SLOW,CURSE,TERROR	0	redthief_soldier2	0	120	90	60	30	0	0	0	0	182	222	14388	3	2	371	556	3049	0	115	110	110	100	2000	100	0	0	0	0	5	0	0	12	20	-10	-25	5	-20	-20	20	0	0	0	0	0	0	0	0	0	0	0	1	0	0	0	-60	1.0	0	10	0	0	0	0	0	0	0	0	0	0	0	0	0	0	0	0	0	0	0	0	0	0.0
3503	kizilhirsiz_buyucu	S_PAWN	MONSTER	MAGIC	97	100		AGGR,STONESKIN	0	HUMAN	SLOW,CURSE,TERROR	0	redthief_magic	0	91	121	60	30	0	0	0	0	183	224	14605	5	5	374	561	3080	0	116	110	110	100	2000	850	0	0	0	0	3	0	3	15	20	-5	-5	10	10	10	20	0	0	0	0	0	0	0	0	0	0	0	1	0	0	0	-60	1.0	0	15	0	0	0	0	0	0	0	0	0	0	0	0	0	0	0	0	0	0	0	0	0	0.0
3504	kizilhirsiz_cellat	KNIGHT	MONSTER	MELEE	98	100		AGGR,BERSERK	0	HUMAN	SLOW,CURSE,TERROR	0	redthief_officer	0	122	92	61	30	0	0	0	0	164	247	37064	5	7	566	849	9336	0	137	110	110	100	2000	100	0	0	0	0	0	10	10	16	20	-5	-25	0	0	0	20	0	0	0	0	0	0	0	0	0	0	0	1	0	0	0	-50	1.0	0	15	0	0	0	0	0	0	0	0	0	0	0	0	0	0	0	0	0	0	0	0	0	0.0
3505	siyah_general	S_KNIGHT	MONSTER	MELEE	99	100		AGGR,GODSPEED	0	HUMAN	SLOW,CURSE,TERROR	0	redthief_general	0	124	93	62	31	0	0	0	0	166	249	75218	5	10	761	1142	22533	0	168	110	110	100	2000	100	0	0	0	0	5	0	5	15	20	0	-5	-25	0	0	20	0	0	0	0	0	0	0	0	0	0	0	1	0	0	0	-40	2.0	0	15	0	0	0	0	0	0	0	0	0	0	0	0	0	0	0	0	0	0	0	0	0	0.0
3551	zalim_kizilhirsiz_amazon	PAWN	MONSTER	RANGE	97	100		AGGR,GODSPEED	0	HUMAN	SLOW,CURSE,TERROR	0	redthief2_bow	0	91	121	60	30	0	0	0	0	183	224	7302	3	2	187	280	1283	0	97	110	110	100	2000	850	0	0	0	0	0	0	0	10	20	0	-5	0	0	0	20	0	0	-70	0	0	0	0	1	0	0	0	0	0	0	0	0	1.0	0	5	0	0	20	256	0	0	0	0	0	0	0	0	0	0	0	0	0	0	0	0	0	0.0
3552	zalim_kizilhirsiz_katil	S_PAWN	MONSTER	MELEE	98	100		AGGR,REVIVE	0	HUMAN	SLOW,CURSE,TERROR	0	redthief2_soldier2	0	122	92	61	30	0	0	0	0	185	226	14825	3	2	377	566	3111	0	117	110	110	100	2000	100	0	0	0	0	5	0	0	12	20	-10	-25	5	-20	-20	20	0	0	-60	0	0	0	0	1	0	0	0	0	0	0	0	0	1.0	0	10	0	0	20	257	25	258	0	0	0	0	0	0	0	0	0	0	0	0	0	0	0	0.0
3553	zalim_kizilhirsiz_buyucu	S_PAWN	MONSTER	MAGIC	99	100		AGGR,STONESKIN	0	HUMAN	SLOW,CURSE,TERROR	0	redthief2_magic	0	93	124	62	31	0	0	0	0	187	228	15043	5	5	380	571	3143	0	118	110	110	100	2000	850	0	0	0	0	3	0	3	15	20	-5	-5	10	10	10	20	0	0	-60	0	0	0	0	1	0	0	0	0	0	0	0	0	1.0	0	15	0	0	0	0	0	0	0	0	0	0	0	0	0	0	0	0	0	0	0	0	0	0.0
3554	zalim_kizilhirsiz_cellat	KNIGHT	MONSTER	MELEE	100	100		AGGR,BERSERK	0	HUMAN	SLOW,CURSE,TERROR	0	redthief2_officer	0	125	93	62	31	0	0	0	0	168	252	38159	5	7	576	864	9527	0	140	110	110	100	2000	100	0	0	0	0	0	10	10	16	20	-5	-25	0	0	0	20	0	0	-50	0	0	0	0	1	0	0	0	0	0	0	0	0	1.0	0	15	0	0	0	0	0	0	0	0	0	0	0	0	0	0	0	0	0	0	0	0	0	0.0
3555	beyaz_general	S_KNIGHT	MONSTER	MELEE	101	100		AGGR,GODSPEED	0	HUMAN	SLOW,CURSE,TERROR	0	redthief2_general	0	126	94	63	31	0	0	0	0	169	254	77407	5	10	774	1161	22987	0	171	110	110	100	2000	100	0	0	0	0	5	0	5	15	20	0	-5	-25	0	0	20	0	0	-40	0	0	0	0	1	0	0	0	0	0	0	0	0	2.0	0	15	0	0	0	0	0	0	0	0	0	0	0	0	0	0	0	0	0	0	0	0	0	0.0
3590	kemiksurat	BOSS	MONSTER	RANGE	103	110		AGGR,BERSERK,STONESKIN,DEATHBLOW,REVIVE	0	HUMAN	STUN,SLOW,CURSE,TERROR	0	redthief_boss	0	128	64	128	32	0	0	0	0	150	280	3000000	10	10	984	1476	112984	0	206	110	110	100	2000	100	0	0	0	0	0	0	3	15	40	40	35	40	40	40	40	35	0	0	0	0	0	0	0	0	0	0	1	0	0	0	-30	2.0	3504	20	0	0	0	0	0	0	0	0	0	0	0	0	0	0	0	0	0	0	0	0	0	0.0
3591	kizil_reis	BOSS	MONSTER	RANGE	105	110		AGGR,BERSERK,STONESKIN,DEATHBLOW,REVIVE	0	HUMAN	STUN,SLOW,CURSE,TERROR	0	redthief_boss2	0	131	65	131	32	0	0	0	0	153	285	3000000	10	10	1800	2700	414705	0	252	110	110	100	2000	100	0	0	0	0	5	5	10	15	40	40	35	40	40	40	40	35	0	0	0	0	0	0	0	0	0	0	1	0	0	0	-20	2.0	3505	25	0	0	20	257	25	258	0	0	0	0	0	0	0	0	0	0	0	0	0	0	0	0.0
3595	zalim_kemiksurat	BOSS	MONSTER	RANGE	105	110		AGGR,BERSERK,STONESKIN,DEATHBLOW,REVIVE	0	HUMAN	STUN,SLOW,CURSE,TERROR	0	redthief2_boss	0	131	65	131	32	0	0	0	0	153	285	3000000	10	10	1000	1500	115172	0	210	110	110	100	2000	100	0	0	0	0	5	5	10	15	40	40	35	40	40	40	40	35	0	-30	0	0	0	0	1	0	0	0	0	0	0	0	0	2.0	3554	25	0	0	20	256	0	0	0	0	0	0	0	0	0	0	0	0	0	0	0	0	0	0.0
3596	zalim_kizil_reis	BOSS	MONSTER	RANGE	107	110		AGGR,BERSERK,STONESKIN,DEATHBLOW,REVIVE	0	HUMAN	STUN,SLOW,CURSE,TERROR	0	redthief2_boss2	0	133	66	133	33	0	0	0	0	156	290	3000000	10	10	1828	2743	422585	0	256	110	110	100	2000	100	0	0	0	0	5	5	10	15	40	40	35	40	40	40	40	35	0	-20	0	0	0	0	1	0	0	0	0	0	0	0	0	2.0	3555	25	0	0	20	257	25	258	0	0	0	0	0	0	0	0	0	0	0	0	0	0	0	0.0
3601	yengec_savasci	PAWN	MONSTER	MELEE	96	100		AGGR,GODSPEED	0	DEVIL	SLOW,CURSE,TERROR	0	crustacean_soldier	0	120	90	60	30	0	0	0	0	182	222	7194	3	2	185	278	1270	0	96	110	110	100	2000	100	0	0	0	0	0	0	0	10	20	0	-5	0	0	0	20	0	0	0	0	0	0	0	0	0	1	0	0	0	0	-70	0	1.0	0	5	0	0	0	0	0	0	0	0	0	0	0	0	0	0	0	0	0	0	0	0	0	0.0
3602	akrep_savasci	S_PAWN	MONSTER	RANGE	97	100		AGGR,REVIVE	0	DEVIL	SLOW,CURSE,TERROR	0	crustacean_bow	0	121	91	60	30	0	0	0	0	183	224	14605	3	2	374	561	3080	0	116	110	110	100	2000	850	0	0	0	0	5	0	0	12	20	-10	-25	5	-20	-20	20	0	0	0	0	0	0	0	0	0	1	0	0	0	0	-60	0	1.0	0	10	0	0	0	0	0	0	0	0	0	0	0	0	0	0	0	0	0	0	0	0	0	0.0
3603	karides_asker	S_PAWN	MONSTER	MELEE	98	100		AGGR,STONESKIN	0	DEVIL	SLOW,CURSE,TERROR	0	crustacean_soldier2	0	122	92	61	30	0	0	0	0	185	226	14825	5	5	377	566	3111	0	117	110	110	100	2000	100	0	0	0	0	3	0	3	15	20	-5	-5	10	10	10	20	0	0	0	0	0	0	0	0	0	1	0	0	0	0	-60	0	1.0	0	15	0	0	0	0	0	0	0	0	0	0	0	0	0	0	0	0	0	0	0	0	0	0.0
3604	seytani_kesis	KNIGHT	MONSTER	MELEE	99	100		AGGR,BERSERK	0	DEVIL	SLOW,CURSE,TERROR	0	crustacean_officer	0	93	124	62	31	0	0	0	0	166	249	37609	5	7	571	856	9432	0	138	110	110	100	2000	100	0	0	0	0	0	10	10	16	20	-5	-25	0	0	0	20	0	0	0	0	0	0	0	0	0	1	0	0	0	0	-50	0	1.0	0	15	0	0	0	0	0	0	0	0	0	0	0	0	0	0	0	0	0	0	0	0	0	0.0
3605	zirhli_yengec	S_KNIGHT	MONSTER	MELEE	101	100		AGGR,GODSPEED	0	DEVIL	SLOW,CURSE,TERROR	0	crustacean_general	0	126	63	126	31	0	0	0	0	169	254	77407	5	10	774	1161	22987	0	171	110	110	100	2000	100	0	0	0	0	5	0	5	15	20	0	-5	-25	0	0	20	0	0	0	0	0	0	0	0	0	1	0	0	0	0	-40	0	2.0	0	15	0	0	0	0	0	0	0	0	0	0	0	0	0	0	0	0	0	0	0	0	0	0.0
3690	general_istakoz	BOSS	MONSTER	MELEE	103	110		AGGR,BERSERK,STONESKIN,DEATHBLOW,REVIVE	0	DEVIL	STUN,SLOW,CURSE,TERROR	0	crustacean_boss	0	96	128	64	32	0	0	0	0	150	280	3000000	10	10	984	1476	112984	0	206	110	110	100	2000	100	0	0	0	0	0	0	3	15	40	40	35	40	40	40	40	35	0	0	0	0	0	0	0	0	1	0	0	0	0	-30	0	2.0	3604	20	0	0	20	256	0	0	0	0	0	0	0	0	0	0	0	0	0	0	0	0	0	0.0
3691	kral_yengec	BOSS	MONSTER	MELEE	105	110		AGGR,BERSERK,STONESKIN,DEATHBLOW,REVIVE	0	DEVIL	STUN,SLOW,CURSE,TERROR	0	crustacean_boss2	0	65	131	65	32	0	0	0	0	153	285	3000000	10	10	1800	2700	414705	0	252	110	110	100	2000	100	0	0	0	0	5	5	10	15	40	40	35	40	40	40	40	35	0	0	0	0	0	0	0	0	1	0	0	0	0	-20	0	2.0	3605	25	0	0	20	257	25	258	0	0	0	0	0	0	0	0	0	0	0	0	0	0	0	0.0
3701	devasa_dislek	PAWN	MONSTER	MELEE	100	100		AGGR,GODSPEED	0	ORC	SLOW,CURSE,TERROR	0	giant_soldier	0	125	62	125	31	0	0	0	0	189	231	7631	3	2	192	288	1323	0	100	110	110	100	2000	100	0	0	0	0	0	0	0	10	20	0	-5	0	0	0	20	0	0	0	0	0	0	0	0	0	0	0	1	0	0	0	-70	1.0	0	5	0	0	0	0	0	0	0	0	0	0	0	0	0	0	0	0	0	0	0	0	0	0.0
3702	dev_kasap	S_PAWN	MONSTER	MELEE	101	100		AGGR,REVIVE	0	ORC	SLOW,CURSE,TERROR	0	giant_soldier2	0	126	63	126	31	0	0	0	0	190	233	15481	3	2	387	580	3207	0	121	110	110	100	2000	100	0	0	0	0	5	0	0	12	20	-10	-25	5	-20	-20	20	0	0	0	0	0	0	0	0	0	0	0	1	0	0	0	-60	1.0	0	10	0	0	0	0	0	0	0	0	0	0	0	0	0	0	0	0	0	0	0	0	0	0.0
3703	dev_buyucu	S_PAWN	MONSTER	MAGIC	103	100		AGGR,STONESKIN	0	ORC	SLOW,CURSE,TERROR	0	giant_magic	0	64	128	64	32	0	0	0	0	194	237	15919	5	5	393	590	3270	0	123	110	110	100	2000	850	0	0	0	0	3	0	3	15	20	-5	-5	10	10	10	20	0	0	0	0	0	0	0	0	0	0	0	1	0	0	0	-60	1.0	0	15	0	0	0	0	0	0	0	0	0	0	0	0	0	0	0	0	0	0	0	0	0	0.0
3704	yarim_dunya	KNIGHT	MONSTER	MELEE	104	100		AGGR,BERSERK	0	ORC	SLOW,CURSE,TERROR	0	giant_officer	0	130	65	130	32	0	0	0	0	174	261	40348	5	7	595	892	9907	0	145	110	110	100	2000	100	0	0	0	0	0	10	10	16	20	-5	-25	0	0	0	20	0	0	0	0	0	0	0	0	0	0	0	1	0	0	0	-50	1.0	0	15	0	0	0	0	0	0	0	0	0	0	0	0	0	0	0	0	0	0	0	0	0	0.0
3705	kaptan_kanca	S_KNIGHT	MONSTER	MELEE	105	100		AGGR,GODSPEED	0	ORC	SLOW,CURSE,TERROR	0	giant_general	0	131	65	131	32	0	0	0	0	175	263	81785	5	10	800	1200	23895	0	178	110	110	100	2000	100	0	0	0	0	5	0	5	15	20	0	-5	-25	0	0	20	0	0	0	0	0	0	0	0	0	0	0	1	0	0	0	-40	2.0	0	15	0	0	0	0	0	0	0	0	0	0	0	0	0	0	0	0	0	0	0	0	0	0.0
3790	gargoyle	BOSS	MONSTER	MELEE	106	110		AGGR,BERSERK,STONESKIN,DEATHBLOW,REVIVE	0	ORC	STUN,SLOW,CURSE,TERROR	0	giant_boss	0	99	132	66	33	0	0	0	0	154	287	3000000	10	10	1008	1512	116266	0	212	110	110	100	2000	100	0	0	0	0	0	0	3	15	40	40	35	40	40	40	40	35	0	0	0	0	0	0	0	0	0	0	1	0	0	0	-30	2.0	3704	20	0	0	20	256	0	0	0	0	0	0	0	0	0	0	0	0	0	0	0	0	0	0.0
3791	kral_voba	BOSS	MONSTER	MELEE	107	110		AGGR,BERSERK,STONESKIN,DEATHBLOW,REVIVE	0	ORC	STUN,SLOW,CURSE,TERROR	0	giant_boss2	0	133	66	133	33	0	0	0	0	156	290	3000000	10	10	1828	2743	422585	0	256	110	110	100	2000	100	0	0	0	0	5	5	10	15	40	40	35	40	40	40	40	35	0	0	0	0	0	0	0	0	0	0	1	0	0	0	-20	2.0	3705	25	0	0	20	257	25	258	0	0	0	0	0	0	0	0	0	0	0	0	0	0	0	0.0
3801	cellatork	PAWN	MONSTER	MELEE	99	100		AGGR,GODSPEED	0	ANIMAL	SLOW,CURSE,TERROR	0	ogre_soldier	0	62	93	124	31	0	0	0	0	187	228	7521	3	2	190	285	1310	0	99	110	110	100	2000	100	0	0	0	0	0	0	0	10	20	0	-5	0	0	0	20	0	0	0	0	0	0	0	0	0	0	0	1	0	0	0	-70	1.0	0	5	0	0	0	0	0	0	0	0	0	0	0	0	0	0	0	0	0	0	0	0	0	0.0
3802	okcu_ocu	S_PAWN	MONSTER	RANGE	100	100		AGGR,REVIVE	0	ANIMAL	SLOW,CURSE,TERROR	0	ogre_bow	0	62	125	62	31	0	0	0	0	189	231	15263	3	2	384	576	3175	0	120	110	110	100	2000	850	0	0	0	0	5	0	0	12	20	-10	-25	5	-20	-20	20	0	0	0	0	0	0	0	0	0	0	0	1	0	0	0	-60	1.0	0	10	0	0	0	0	0	0	0	0	0	0	0	0	0	0	0	0	0	0	0	0	0	0.0
3803	kavgaci_ocu	S_PAWN	MONSTER	MELEE	101	100		AGGR,STONESKIN	0	ANIMAL	SLOW,CURSE,TERROR	0	ogre_officer	0	63	94	126	31	0	0	0	0	190	233	15481	5	5	387	580	3207	0	121	110	110	100	2000	100	0	0	0	0	3	0	3	15	20	-5	-5	10	10	10	20	0	0	0	0	0	0	0	0	0	0	0	1	0	0	0	-60	1.0	0	15	0	0	0	0	0	0	0	0	0	0	0	0	0	0	0	0	0	0	0	0	0	0.0
3804	ocu_buyucu	KNIGHT	MONSTER	MAGIC	102	100		AGGR,BERSERK	0	ANIMAL	SLOW,CURSE,TERROR	0	ogre_magic	0	95	127	63	31	0	0	0	0	171	256	39253	5	7	585	878	9717	0	142	110	110	100	2000	850	0	0	0	0	0	10	10	16	20	-5	-25	0	0	0	20	0	0	0	0	0	0	0	0	0	0	0	1	0	0	0	-50	1.0	0	15	0	0	0	0	0	0	0	0	0	0	0	0	0	0	0	0	0	0	0	0	0	0.0
3805	general_ocu	S_KNIGHT	MONSTER	MELEE	103	100		AGGR,GODSPEED	0	ANIMAL	SLOW,CURSE,TERROR	0	ogre_general	0	128	64	128	32	0	0	0	0	172	258	79596	5	10	787	1180	23441	0	175	110	110	100	2000	100	0	0	0	0	5	0	5	15	20	0	-5	-25	0	0	20	0	0	0	0	0	0	0	0	0	0	0	1	0	0	0	-40	2.0	0	15	0	0	0	0	0	0	0	0	0	0	0	0	0	0	0	0	0	0	0	0	0	0.0
3890	kaptan_srak	BOSS	MONSTER	MELEE	105	110		AGGR,BERSERK,STONESKIN,DEATHBLOW,REVIVE	0	ANIMAL	STUN,SLOW,CURSE,TERROR	0	ogre_boss	0	131	65	131	32	0	0	0	0	153	285	3000000	10	10	1000	1500	115172	0	210	110	110	100	2000	100	0	0	0	0	0	0	3	15	40	40	35	40	40	40	40	35	0	0	0	0	0	0	0	0	0	0	1	0	0	0	-30	2.0	3804	20	0	0	20	256	0	0	0	0	0	0	0	0	0	0	0	0	0	0	0	0	0	0.0
3891	dev_ocu	BOSS	MONSTER	MELEE	107	110		AGGR,BERSERK,STONESKIN,DEATHBLOW,REVIVE	0	ANIMAL	STUN,SLOW,CURSE,TERROR	0	ogre_boss2	0	133	66	133	33	0	0	0	0	156	290	3000000	10	10	1828	2743	422585	0	256	110	110	100	2000	100	0	0	0	0	5	5	10	15	40	40	35	40	40	40	40	35	0	0	0	0	0	0	0	0	0	0	1	0	0	0	-20	2.0	3805	25	0	0	20	257	25	258	0	0	0	0	0	0	0	0	0	0	0	0	0	0	0	0.0
3901	daladam	KING	MONSTER	MELEE	110	100		AGGR,BERSERK,STONESKIN,DEATHBLOW,REVIVE	0	DEVIL	STUN,SLOW,CURSE,TERROR	0	ent_boss1	0	137	68	137	34	0	0	0	0	160	297	1047156	30	15	1872	2808	394915	0	264	100	100	100	2000	100	0	0	0	0	5	5	10	15	40	40	35	40	40	40	40	35	0	0	0	0	0	0	0	0	0	0	0	0	0	0	0	2.0	0	25	0	0	20	257	25	258	0	0	0	0	0	0	0	0	0	0	0	0	0	0	0	0.0
3902	eoten	KING	MONSTER	MELEE	110	100		AGGR,BERSERK,STONESKIN,DEATHBLOW,REVIVE	0	DEVIL	STUN,SLOW,CURSE,TERROR	0	ent_boss2	0	137	68	137	34	0	0	0	0	160	297	1047156	30	15	1872	2808	394915	0	264	100	100	100	2000	100	0	0	0	0	5	5	10	15	40	40	35	40	40	40	40	35	0	0	0	0	0	0	0	0	0	0	0	0	0	0	0	2.0	0	25	0	0	20	257	25	258	0	0	0	0	0	0	0	0	0	0	0	0	0	0	0	0.0
3903	ruhlu_agac	KING	MONSTER	MELEE	110	100		AGGR,BERSERK,STONESKIN,DEATHBLOW,REVIVE	0	DEVIL	STUN,SLOW,CURSE,TERROR	0	ent_boss3	0	137	68	137	34	0	0	0	0	160	297	1047156	30	15	1872	2808	394915	0	264	100	100	100	2000	100	0	0	0	0	5	5	10	15	40	40	35	40	40	40	40	35	0	0	0	0	0	0	0	0	0	0	0	0	0	0	0	2.0	0	25	0	0	20	257	25	258	0	0	0	0	0	0	0	0	0	0	0	0	0	0	0	0.0
3904	kaptan_kanca	KNIGHT	MONSTER	MELEE	101	100		AGGR,BERSERK	0	ORC	SLOW,CURSE,TERROR	0	cyclops_officer	0	63	126	63	31	0	0	0	0	169	254	38703	5	7	580	871	8748	0	141	100	100	100	2000	100	0	0	0	0	0	10	10	16	20	-5	-25	0	0	0	20	0	0	0	0	0	0	0	0	0	0	0	0	0	0	0	0	1.0	0	15	0	0	0	0	0	0	0	0	0	0	0	0	0	0	0	0	0	0	0	0	0	0.0
3905	mu_shu	KING	MONSTER	MELEE	110	100		AGGR,BERSERK,STONESKIN,DEATHBLOW,REVIVE	0	DEVIL	STUN,SLOW,CURSE,TERROR	0	ent_boss3	0	137	68	137	34	0	0	0	0	160	297	1047156	30	15	1872	2808	394915	0	264	100	100	100	2000	100	0	0	0	0	5	5	10	15	40	40	35	40	40	40	40	35	0	0	0	0	0	0	0	0	0	0	0	0	0	0	0	2.0	0	25	0	0	20	257	25	258	0	0	0	0	0	0	0	0	0	0	0	0	0	0	0	0.0
3906	yah_ki	KING	MONSTER	MELEE	110	100		AGGR,BERSERK,STONESKIN,DEATHBLOW,REVIVE	0	DEVIL	STUN,SLOW,CURSE,TERROR	0	ent_boss2	0	137	68	137	34	0	0	0	0	160	297	1047156	30	15	1872	2808	394915	0	264	100	100	100	2000	100	0	0	0	0	5	5	10	15	40	40	35	40	40	40	40	35	0	0	0	0	0	0	0	0	0	0	0	0	0	0	0	2.0	0	25	0	0	20	257	25	258	0	0	0	0	0	0	0	0	0	0	0	0	0	0	0	0.0
3907	moghu	S_PAWN	MONSTER	MAGIC	99	100		AGGR,STONESKIN	0	HUMAN	SLOW,CURSE,TERROR	0	redthief2_magic	0	93	124	62	31	0	0	0	0	187	228	15043	5	5	380	571	2858	0	118	100	100	100	2000	850	0	0	0	0	3	0	3	15	20	-5	-5	10	10	10	20	0	0	0	0	0	0	0	0	0	0	0	0	0	0	0	0	1.0	0	15	0	0	0	0	0	0	0	0	0	0	0	0	0	0	0	0	0	0	0	0	0	0.0
3908	karnifeks	KNIGHT	MONSTER	MELEE	100	100		AGGR,BERSERK	0	HUMAN	SLOW,CURSE,TERROR	0	redthief2_officer	0	125	93	62	31	0	0	0	0	168	252	38159	5	7	576	864	8661	0	140	100	100	100	2000	100	0	0	0	0	0	10	10	16	20	-5	-25	0	0	0	20	0	0	0	0	0	0	0	0	0	0	0	0	0	0	0	0	1.0	0	15	0	0	0	0	0	0	0	0	0	0	0	0	0	0	0	0	0	0	0	0	0	0.0
3909	general_albus	S_KNIGHT	MONSTER	MELEE	101	100		AGGR,GODSPEED	0	HUMAN	SLOW,CURSE,TERROR	0	redthief2_general	0	126	94	63	31	0	0	0	0	169	254	77407	5	10	774	1161	20898	0	171	100	100	100	2000	100	0	0	0	0	5	0	5	15	20	0	-5	-25	0	0	20	0	0	0	0	0	0	0	0	0	0	0	0	0	0	0	0	1.0	0	15	0	0	0	0	0	0	0	0	0	0	0	0	0	0	0	0	0	0	0	0	0	0.0
3910	skeletos	KING	MONSTER	MELEE	103	100		AGGR,BERSERK,STONESKIN,DEATHBLOW,REVIVE	0	HUMAN	STUN,SLOW,CURSE,TERROR	0	redthief_boss	0	128	64	128	32	0	0	0	0	150	280	318384	10	10	984	1476	102713	0	206	100	100	100	2000	100	0	0	0	0	0	0	3	15	40	40	35	40	40	40	40	35	0	0	0	0	0	0	0	0	0	0	0	0	0	0	0	2.0	3908	20	0	0	0	0	0	0	0	0	0	0	0	0	0	0	0	0	0	0	0	0	0	0.0
3911	aku_beku	KING	MONSTER	MELEE	105	100		AGGR,BERSERK,STONESKIN,DEATHBLOW,REVIVE	0	ANIMAL	STUN,SLOW,CURSE,TERROR	0	ent_huge	0	131	65	131	32	0	0	0	0	153	285	327140	10	10	1000	1500	104702	0	210	100	100	100	2000	100	0	0	0	0	0	0	3	15	40	40	35	40	40	40	40	35	0	0	0	0	0	0	0	0	0	0	0	0	0	0	0	2.0	0	20	0	0	20	256	0	0	0	0	0	0	0	0	0	0	0	0	0	0	0	0	0	0.0
3912	arboretum	KING	MONSTER	MELEE	105	100		AGGR,BERSERK,STONESKIN,DEATHBLOW,REVIVE	0	ANIMAL	STUN,SLOW,CURSE,TERROR	0	ent_huge	0	131	65	131	32	0	0	0	0	153	285	327140	10	10	1000	1500	104702	0	210	100	100	100	2000	100	0	0	0	0	0	0	3	15	40	40	35	40	40	40	40	35	0	0	0	0	0	0	0	0	0	0	0	0	0	0	0	2.0	0	20	0	0	20	256	0	0	0	0	0	0	0	0	0	0	0	0	0	0	0	0	0	0.0
3913	sekomor	KING	MONSTER	MELEE	105	100		AGGR,BERSERK,STONESKIN,DEATHBLOW,REVIVE	0	ANIMAL	STUN,SLOW,CURSE,TERROR	0	ent_huge	0	131	65	131	32	0	0	0	0	153	285	327140	10	10	1000	1500	104702	0	210	100	100	100	2000	100	0	0	0	0	0	0	3	15	40	40	35	40	40	40	40	35	0	0	0	0	0	0	0	0	0	0	0	0	0	0	0	2.0	0	20	0	0	20	256	0	0	0	0	0	0	0	0	0	0	0	0	0	0	0	0	0	0.0
3949	portal:_yeni_kita	KING	NPC	MELEE	1	100		NOMOVE	0		STUN,SLOW,TERROR	0		2	0	0	0	0	0	0	0	0	0	0	120	3	1	0	0	10	0	4	100	0	0	2000	150	0	0	0	0	0	0	0	0	0	0	0	0	0	0	0	0	0	0	0	0	0	0	0	0	0	0	0	0	0	0	0	0.0	0	0	0	0	0	0	0	0	0	0	0	0	0	0	0	0	0	0	0	0	0	0	0	0.0
3950	kappa	PAWN	MONSTER	MELEE	97	120		AGGR,BERSERK	0		TERROR	0	defensewave_pawn	0	95	64	63	31	0	0	0	0	168	252	23288	10	5	0	0	0	0	141	100	100	100	2000	100	0	0	0	0	0	0	3	15	15	15	10	15	15	15	15	15	0	0	0	0	0	0	0	0	15	0	0	0	0	-20	0	2.0	0	20	0	0	0	0	0	0	0	0	0	0	0	0	0	0	0	0	0	0	0	0	0	0.0
3951	lagun_kappasi	PAWN	MONSTER	MELEE	97	120		AGGR,BERSERK	0		TERROR	0	defensewave_pawn	0	95	64	63	31	0	0	0	0	168	252	24488	10	5	0	0	0	0	141	100	100	100	2000	100	0	0	0	0	0	0	3	15	20	20	15	20	20	20	20	15	0	0	0	0	0	0	0	0	15	0	0	0	0	-20	0	2.0	0	20	0	0	0	0	0	0	0	0	0	0	0	0	0	0	0	0	0	0	0	0	0	0.0
3952	okyanus_kappasi	PAWN	MONSTER	MELEE	97	120		AGGR,BERSERK	0		TERROR	0	defensewave_pawn	0	95	64	63	31	0	0	0	0	168	252	25688	10	5	0	0	0	0	141	100	100	100	2000	100	0	0	0	0	0	0	3	15	25	25	15	25	25	25	25	15	0	0	0	0	0	0	0	0	15	0	0	0	0	-20	0	2.0	0	20	0	0	0	0	0	0	0	0	0	0	0	0	0	0	0	0	0	0	0	0	0	0.0
3953	kappa_lideri	S_KNIGHT	MONSTER	MAGIC	105	100		AGGR,BERSERK	0		SLOW,TERROR	0	defensewave_watersoul	0	33	68	137	34	0	0	0	0	56	95	82364	20	5	0	0	0	0	140	100	100	100	2000	600	0	0	0	0	0	0	5	15	25	25	15	25	25	25	25	20	0	0	0	0	0	0	0	0	15	0	0	0	0	-20	0	2.0	0	20	0	0	0	0	0	0	0	0	0	0	0	0	0	0	0	0	0	0	0	0	0	0.0
3954	murana_askeri	KNIGHT	MONSTER	MELEE	103	100		AGGR,BERSERK	0		STUN,SLOW,TERROR	0	defensewave_naga	0	67	62	125	31	0	0	0	0	120	182	117791	20	5	0	0	0	0	140	110	110	100	2000	100	0	0	0	0	0	0	5	16	25	25	15	25	25	25	25	20	0	0	-25	0	0	0	0	0	15	0	0	0	0	-20	0	2.0	0	15	0	0	0	0	0	0	0	0	0	0	0	0	0	0	0	0	0	0	0	0	0	0.0
3955	okyanus_murana_savascisi	KNIGHT	MONSTER	MELEE	103	100		AGGR,BERSERK	0		STUN,SLOW,TERROR	0	defensewave_naga	0	67	62	125	31	0	0	0	0	120	182	117791	20	5	0	0	0	0	140	110	110	100	2000	100	0	0	0	0	0	0	5	16	25	25	15	25	25	25	25	20	0	0	-25	0	0	0	0	0	15	0	0	0	0	-20	0	2.0	0	15	0	0	0	0	0	0	0	0	0	0	0	0	0	0	0	0	0	0	0	0	0	0.0
3956	siren_kralicesi	KING	MONSTER	RANGE	110	100		AGGR,BERSERK,STONESKIN,DEATHBLOW,REVIVE	0		STUN,SLOW,TERROR	0	defensewave_medusa	0	131	127	63	31	0	0	0	0	191	273	992568	20	5	0	0	104702	0	172	100	100	100	2000	850	0	0	0	0	0	10	7	15	25	25	15	25	25	25	25	15	0	0	0	0	0	0	0	0	25	0	0	0	0	-20	0	4.0	0	20	0	0	0	0	0	0	0	0	0	0	0	0	0	0	0	0	0	0	0	0	0	0.0
3957	hidranin_yavrusu	KING	MONSTER	RANGE	110	110		AGGR,NOMOVE,BERSERK,STONESKIN,DEATHBLOW,REVIVE	0		STUN,SLOW,TERROR	0	defensewave_minihydra	0	93	124	62	31	0	0	0	0	153	285	872568	20	5	0	0	0	0	140	100	100	100	2000	1500	0	0	0	0	0	0	3	15	25	25	15	25	25	25	25	15	0	0	10	0	10	10	0	0	15	0	0	0	0	-20	0	2.0	0	0	0	0	0	0	0	0	0	0	0	0	0	0	0	0	0	0	0	0	0	0	0	0.0
3958	hidranin_yavrusu	KING	MONSTER	RANGE	110	110		AGGR,NOMOVE,BERSERK,STONESKIN,DEATHBLOW,REVIVE	0		STUN,SLOW,TERROR	0	defensewave_minihydra	0	93	124	62	31	0	0	0	0	153	285	992568	20	5	0	0	0	0	140	100	100	100	2000	1500	0	0	0	0	0	0	3	15	25	25	15	25	25	25	25	15	0	0	10	0	10	10	0	0	15	0	0	0	0	-20	0	2.0	0	0	0	0	0	0	0	0	0	0	0	0	0	0	0	0	0	0	0	0	0	0	0	0.0
3959	hidranin_yavrusu	KING	MONSTER	RANGE	110	110		AGGR,NOMOVE,BERSERK,STONESKIN,DEATHBLOW,REVIVE	0		STUN,SLOW,TERROR	0	defensewave_minihydra	0	93	124	62	31	0	0	0	0	153	285	992568	20	5	0	0	0	0	140	100	100	100	2000	1500	0	0	0	0	0	0	3	15	25	25	15	25	25	25	25	15	0	0	10	0	10	10	0	0	15	0	0	0	0	-20	0	2.0	0	0	0	0	0	0	0	0	0	0	0	0	0	0	0	0	0	0	0	0	0	0	0	0.0
3960	hidra	KING	MONSTER	MAGIC	120	100		AGGR,NOMOVE,BERSERK,DEATHBLOW,REVIVE	0		STUN,SLOW,TERROR,UNK_IMMUNE_FLAG4,UNK_IMMUNE_FLAG5	0	defensewave_hydra_boss	0	131	65	131	32	0	0	0	0	153	285	2536605	15	5	0	0	104702	0	210	100	100	100	2000	100	0	0	0	0	0	0	7	20	43	50	40	50	40	40	45	50	0	0	0	0	0	0	0	0	50	0	0	0	0	-10	0	3.0	0	20	0	0	30	257	25	259	25	260	0	0	0	0	0	0	0	0	0	0	0	0	0	2,500.0
3961	hidra	KING	MONSTER	MAGIC	120	100		AGGR,NOMOVE,BERSERK,STONESKIN,DEATHBLOW,REVIVE	0		STUN,SLOW,TERROR,UNK_IMMUNE_FLAG4,UNK_IMMUNE_FLAG5	0	defensewave_hydra_boss	0	131	65	131	32	0	0	0	0	153	285	2656605	15	5	0	0	104702	0	210	100	100	100	2000	100	0	0	0	0	0	0	7	20	43	50	40	50	40	40	45	50	0	0	0	0	0	0	0	0	50	0	0	0	0	-10	0	3.0	0	20	0	0	30	257	25	259	25	260	0	0	0	0	0	0	0	0	0	0	0	0	0	2,500.0
3962	hidra	KING	MONSTER	MAGIC	120	100		AGGR,NOMOVE,BERSERK,STONESKIN,DEATHBLOW,REVIVE	0		STUN,SLOW,TERROR,UNK_IMMUNE_FLAG4,UNK_IMMUNE_FLAG5	0	defensewave_hydra_boss	0	131	65	131	32	0	0	0	0	153	285	3184606	10	5	0	0	104702	0	210	100	100	100	2000	100	0	0	0	0	0	0	7	20	43	50	40	50	40	40	45	50	0	0	0	0	0	0	0	0	50	0	0	0	0	-10	0	3.0	0	20	0	0	30	257	25	259	25	260	0	0	0	0	0	0	0	0	0	0	0	0	0	2,500.0
3963	hidra	KING	MONSTER	MAGIC	120	90		AGGR,NOMOVE,BERSERK,DEATHBLOW,REVIVE	0		STUN,SLOW,TERROR	0	defensewave_hydra_boss_left	0	131	65	131	32	0	0	0	0	153	285	1313838	10	5	0	0	104702	0	210	100	100	100	2000	100	0	0	0	0	0	0	3	15	40	45	35	45	25	25	40	45	0	0	0	0	0	0	0	0	30	0	0	0	0	-10	0	3.0	0	20	0	0	0	0	0	0	0	0	0	0	0	0	0	0	0	0	0	0	0	0	0	0.0
3964	hidra	KING	MONSTER	MAGIC	120	90		AGGR,NOMOVE,BERSERK,DEATHBLOW,REVIVE	0		STUN,SLOW,TERROR	0	defensewave_hydra_boss_right	0	131	65	131	32	0	0	0	0	153	285	1313838	10	10	0	0	104702	0	210	100	100	100	2000	100	0	0	0	0	0	0	3	15	40	45	35	45	25	25	40	45	0	0	0	0	0	0	0	0	30	0	0	0	0	-10	0	3.0	0	20	0	0	0	0	0	0	0	0	0	0	0	0	0	0	0	0	0	0	0	0	0	0.0
3965	hidranin_hazinesi	KING	MONSTER	MELEE	105	100		NOMOVE	0		STUN,SLOW,TERROR	0	reddragon_room_box	0	0	0	0	0	0	0	0	0	0	0	120	3	1	0	0	584702	0	4	100	100	0	2000	150	0	0	0	0	0	0	0	0	0	0	0	0	0	0	0	0	0	0	0	0	0	0	0	0	0	0	0	0	0	0	0	0.0	0	0	0	0	0	0	0	0	0	0	0	0	0	0	0	0	0	0	0	0	0	0	0	0.0
3970		KING	OBJECT	MELEE	1	100		NOMOVE	0		STUN,SLOW,TERROR	0		0	0	0	0	0	0	0	0	0	0	0	120	3	1	0	0	10	0	4	100	0	0	2000	150	0	0	0	0	0	0	0	0	0	0	0	0	0	0	0	0	0	0	0	0	0	0	0	0	0	0	0	0	0	0	0	0.0	0	0	0	0	0	0	0	0	0	0	0	0	0	0	0	0	0	0	0	0	0	0	0	0.0
3971	kuzey_ruzgari_kristali	KING	MONSTER	MELEE	105	100		NOMOVE	0		STUN,SLOW,TERROR	0	whitedragon_npc_ice	0	0	0	0	0	0	0	0	0	0	0	2536605	3	1	0	0	0	1	4	100	100	0	2000	150	0	0	0	0	0	0	0	0	0	0	0	0	0	0	0	0	0	0	0	0	0	0	0	0	0	0	0	0	0	0	0	0.0	0	0	0	0	0	0	0	0	0	0	0	0	0	0	0	0	0	0	0	0	0	0	0	0.0
3972	kuzey_r.d._415_136	KING	GOTO	MELEE	1	100		NOMOVE	0		STUN,SLOW,TERROR	0		0	0	0	0	0	0	0	0	0	0	0	120	3	1	0	0	0	10	4	100	0	0	2000	150	0	0	0	0	0	0	0	0	0	0	0	0	0	0	0	0	0	0	0	0	0	0	0	0	0	0	0	0	0	0	0	0.0	0	0	0	0	0	0	0	0	0	0	0	0	0	0	0	0	0	0	0	0	0	0	0	0.0
3973	kuzey_r.d._94_139	KING	GOTO	MELEE	1	100		NOMOVE	0		STUN,SLOW,TERROR	0		0	0	0	0	0	0	0	0	0	0	0	120	3	1	0	0	0	10	4	100	0	0	2000	150	0	0	0	0	0	0	0	0	0	0	0	0	0	0	0	0	0	0	0	0	0	0	0	0	0	0	0	0	0	0	0	0.0	0	0	0	0	0	0	0	0	0	0	0	0	0	0	0	0	0	0	0	0	0	0	0	0.0
3974		KING	OBJECT	MELEE	1	100		NOMOVE	0		STUN,SLOW,TERROR	0		0	0	0	0	0	0	0	0	0	0	0	120	3	1	0	0	10	0	4	100	0	0	2000	150	0	0	0	0	0	0	0	0	0	0	0	0	0	0	0	0	0	0	0	0	0	0	0	0	0	0	0	0	0	0	0	0.0	0	0	0	0	0	0	0	0	0	0	0	0	0	0	0	0	0	0	0	0	0	0	0	0.0
3980	ates_elementeri	KNIGHT	MONSTER	MAGIC	118	90		AGGR,BERSERK	0		SLOW,TERROR	0	defensewave_watersoul	0	121	68	137	34	0	0	0	0	168	252	128637	20	3	0	0	23500	0	140	100	110	100	2000	2000	0	0	0	0	0	0	5	15	25	25	15	25	25	25	25	20	-10	0	0	0	10	10	0	65	0	0	0	0	0	0	0	3.0	0	20	0	0	0	0	0	0	0	0	0	0	0	0	0	0	0	0	0	0	0	0	0	0.0
3981	buz_elementeri	KNIGHT	MONSTER	MAGIC	118	90		AGGR,BERSERK	0		SLOW,TERROR	0	defensewave_watersoul	0	121	68	137	34	0	0	0	0	168	252	128637	20	3	0	0	23500	0	140	100	110	100	2000	2000	0	0	0	20	0	0	5	15	25	25	15	25	25	25	25	20	0	0	0	0	10	10	0	0	65	0	0	0	0	-10	0	3.0	0	20	0	0	0	0	0	0	0	0	0	0	0	0	0	0	0	0	0	0	0	0	0	0.0
3982	simsek_elementeri	KNIGHT	MONSTER	MAGIC	118	90		AGGR,BERSERK	0		SLOW,TERROR	0	defensewave_watersoul	0	121	68	137	34	0	0	0	0	168	252	128637	20	3	0	0	23500	0	140	100	110	100	2000	2000	0	0	0	0	0	0	5	15	25	25	15	25	25	25	25	20	0	-10	0	0	10	10	65	0	0	0	0	0	0	0	0	3.0	0	20	0	0	0	0	0	0	0	0	0	0	0	0	0	0	0	0	0	0	0	0	0	0.0
3983	ruzgar_elementeri	KNIGHT	MONSTER	MAGIC	118	90		AGGR,BERSERK	0		SLOW,TERROR	0	defensewave_watersoul	0	121	68	137	34	0	0	0	0	168	252	128637	20	3	0	0	23500	0	140	100	110	100	2000	2000	0	0	0	0	0	0	5	15	25	25	15	25	25	25	25	20	0	0	0	-10	10	10	0	0	0	65	0	0	0	0	0	3.0	0	20	0	0	0	0	0	0	0	0	0	0	0	0	0	0	0	0	0	0	0	0	0	0.0
3984	toprak_elementeri	KNIGHT	MONSTER	MAGIC	118	90		AGGR,BERSERK	0		SLOW,TERROR	0	defensewave_watersoul	0	121	68	137	34	0	0	0	0	168	252	128637	20	3	0	0	23500	0	140	100	110	100	2000	2000	0	0	0	0	0	0	5	15	25	25	15	25	25	25	25	20	0	0	0	0	10	10	0	0	0	0	65	0	0	0	-10	3.0	0	20	0	0	0	0	0	0	0	0	0	0	0	0	0	0	0	0	0	0	0	0	0	0.0
3985	karanlik_elementeri	KNIGHT	MONSTER	MAGIC	118	90		AGGR,BERSERK	0		SLOW,TERROR	0	defensewave_watersoul	0	121	68	137	34	0	0	0	0	168	252	128637	20	3	0	0	23500	0	140	100	110	100	2000	2000	0	0	0	0	0	0	5	15	25	25	15	25	25	25	25	20	0	0	0	0	10	10	0	0	0	0	0	65	-10	0	0	3.0	0	20	0	0	0	0	0	0	0	0	0	0	0	0	0	0	0	0	0	0	0	0	0	0.0
3986	kor_ruhu	PAWN	MONSTER	MELEE	115	120		AGGR,BERSERK	0		TERROR	0	elemental_pawn_5	0	95	64	63	31	0	0	0	0	153	285	79407	10	3	0	0	23500	0	141	120	180	100	2000	200	0	0	0	0	0	0	3	15	15	15	10	15	15	15	15	15	-10	0	0	0	10	10	0	55	0	0	0	0	0	0	0	3.0	0	20	0	0	0	0	0	0	0	0	0	0	0	0	0	0	0	0	0	0	0	0	0	0.0
3987	buz_ruhu	PAWN	MONSTER	MELEE	115	120		AGGR,BERSERK	0		TERROR	0	elemental_pawn_1	0	95	64	63	31	0	0	0	0	153	285	79407	10	3	0	0	18900	0	141	120	180	100	2000	200	0	0	0	0	0	0	3	15	20	20	15	20	20	20	20	15	0	0	0	0	10	10	0	0	55	0	0	0	0	-10	0	3.0	0	20	0	0	0	0	0	0	0	0	0	0	0	0	0	0	0	0	0	0	0	0	0	0.0
3988	elektrik_ruhu	PAWN	MONSTER	MELEE	115	120		AGGR,BERSERK	0		TERROR	0	elemental_pawn_4	0	95	64	63	31	0	0	0	0	153	285	79407	10	3	0	0	18900	0	141	120	180	100	2000	200	0	0	0	0	0	0	3	15	20	20	15	20	20	20	20	15	0	-10	0	0	10	10	55	0	0	0	0	0	0	0	0	3.0	0	20	0	0	0	0	0	0	0	0	0	0	0	0	0	0	0	0	0	0	0	0	0	0.0
3989	hava_ruhu	PAWN	MONSTER	MELEE	115	120		AGGR,BERSERK	0		TERROR	0	elemental_pawn_2	0	95	64	63	31	0	0	0	0	153	285	79407	10	3	0	0	18900	0	141	120	180	100	2000	200	0	0	0	0	0	0	3	15	15	15	10	15	15	15	15	15	0	0	0	-10	10	10	0	0	0	55	0	0	0	0	0	3.0	0	20	0	0	0	0	0	0	0	0	0	0	0	0	0	0	0	0	0	0	0	0	0	0.0
3990	tas_ruhu	PAWN	MONSTER	MELEE	115	120		AGGR,BERSERK	0		TERROR	0	elemental_pawn_6	0	95	64	63	31	0	0	0	0	153	285	79407	10	3	0	0	18900	0	141	120	180	100	2000	200	0	0	0	0	0	0	3	15	20	20	15	20	20	20	20	15	0	0	0	0	10	10	0	0	0	0	55	0	0	0	-10	3.0	0	20	0	0	0	0	0	0	0	0	0	0	0	0	0	0	0	0	0	0	0	0	0	0.0
3991	alacakaranlik_ruhu	PAWN	MONSTER	MELEE	115	120		AGGR,BERSERK	0		TERROR	0	elemental_pawn_3	0	95	64	63	31	0	0	0	0	153	285	79407	10	3	0	0	18900	0	141	120	180	100	2000	200	0	0	0	0	0	0	3	15	20	20	15	20	20	20	20	15	0	0	0	0	10	10	0	0	0	0	0	55	-10	0	0	3.0	0	20	0	0	0	0	0	0	0	0	0	0	0	0	0	0	0	0	0	0	0	0	0	0.0
3992	yangin_hukumdari	S_KNIGHT	MONSTER	MAGIC	120	120		AGGR,BERSERK,STONESKIN	0		SLOW,TERROR	0	defensewave_watersoul	0	131	71	170	34	0	0	0	0	168	252	168637	20	3	0	0	36900	0	140	110	110	100	2000	2000	0	0	0	0	0	0	5	15	25	25	15	25	25	25	25	20	-10	0	0	0	10	10	0	75	0	0	0	0	0	0	0	3.0	0	20	0	0	0	0	0	0	0	0	0	0	0	0	0	0	0	0	0	0	0	0	0	0.0
3993	buzul_hukumdari	S_KNIGHT	MONSTER	MAGIC	120	120		AGGR,BERSERK,STONESKIN	0		SLOW,TERROR	0	defensewave_watersoul	0	131	71	170	34	0	0	0	0	168	252	168637	20	3	0	0	36900	0	140	110	110	100	2000	2000	0	0	0	20	0	0	5	15	25	25	15	25	25	25	25	20	0	0	0	0	10	10	0	0	75	0	0	0	0	-10	0	3.0	0	20	0	0	0	0	0	0	0	0	0	0	0	0	0	0	0	0	0	0	0	0	0	0.0
3994	yildirim_hukumdari	S_KNIGHT	MONSTER	MAGIC	120	120		AGGR,BERSERK,STONESKIN	0		SLOW,TERROR	0	defensewave_watersoul	0	131	71	170	34	0	0	0	0	168	252	168637	20	3	0	0	36900	0	140	110	110	100	2000	2000	0	0	0	0	0	0	5	15	25	25	15	25	25	25	25	20	0	-10	0	0	10	10	75	0	0	0	0	0	0	0	0	3.0	0	20	0	0	0	0	0	0	0	0	0	0	0	0	0	0	0	0	0	0	0	0	0	0.0
3995	firtina_hukumdari	S_KNIGHT	MONSTER	MAGIC	120	120		AGGR,BERSERK,STONESKIN	0		SLOW,TERROR	0	defensewave_watersoul	0	131	71	170	34	0	0	0	0	168	252	168637	20	3	0	0	36900	0	140	110	110	100	2000	2000	0	0	0	0	0	0	5	15	25	25	15	25	25	25	25	20	0	0	0	-10	10	10	0	0	0	75	0	0	0	0	0	3.0	0	20	0	0	0	0	0	0	0	0	0	0	0	0	0	0	0	0	0	0	0	0	0	0.0
3996	toprak_hukumdari	S_KNIGHT	MONSTER	MAGIC	120	120		AGGR,BERSERK,STONESKIN	0		SLOW,TERROR	0	defensewave_watersoul	0	131	71	170	34	0	0	0	0	168	252	168637	20	3	0	0	36900	0	140	110	110	100	2000	2000	0	0	0	0	0	0	5	15	25	25	15	25	25	25	25	20	0	0	0	0	10	10	0	0	0	0	75	0	0	0	-10	3.0	0	20	0	0	0	0	0	0	0	0	0	0	0	0	0	0	0	0	0	0	0	0	0	0.0
3997	gece_hukumdari	S_KNIGHT	MONSTER	MAGIC	120	120		AGGR,BERSERK,STONESKIN	0		SLOW,TERROR	0	defensewave_watersoul	0	131	71	170	34	0	0	0	0	168	252	168637	20	3	0	0	36900	0	140	110	110	100	2000	2000	0	0	0	0	0	0	5	15	25	25	15	25	25	25	25	20	0	0	0	0	10	10	0	0	0	0	0	75	-10	0	0	3.0	0	20	0	0	0	0	0	0	0	0	0	0	0	0	0	0	0	0	0	0	0	0	0	0.0
3998	elementer_dunyasi	KING	NPC	MELEE	1	100		NOMOVE	0		STUN,SLOW,TERROR	0		2	0	0	0	0	0	0	0	0	0	0	120	3	1	0	0	10	0	4	100	0	0	2000	150	0	0	0	0	0	0	0	0	0	0	0	0	0	0	0	0	0	0	0	0	0	0	0	0	0	0	0	0	0	0	0	0.0	0	0	0	0	0	0	0	0	0	0	0	0	0	0	0	0	0	0	0	0	0	0	0	0.0
3999	cikis	KING	NPC	MELEE	1	100		NOMOVE	0		STUN,SLOW,TERROR	0		2	0	0	0	0	0	0	0	0	0	0	120	3	1	0	0	10	0	4	100	0	0	2000	150	0	0	0	0	0	0	0	0	0	0	0	0	0	0	0	0	0	0	0	0	0	0	0	0	0	0	0	0	0	0	0	0.0	0	0	0	0	0	0	0	0	0	0	0	0	0	0	0	0	0	0	0	0	0	0	0	0.0
4000	ates_metini	KING	STONE	MELEE	120	100		NOMOVE	0		STUN,SLOW,TERROR	0	metinstone	0	0	0	100	0	0	0	0	0	0	0	1600000	5	1	0	0	51	0	100	6158	6158	0	2000	150	0	0	0	0	0	0	0	15	25	25	15	25	25	25	25	20	-10	0	0	0	10	100	0	40	0	0	0	0	0	0	0	0.0	3992	0	0	0	0	0	0	0	0	0	0	0	0	0	0	0	0	0	0	0	0	0	0	0.0
4001	buz_metini	KING	STONE	MELEE	120	100		NOMOVE	0		STUN,SLOW,TERROR	0	metinstone	0	0	0	100	0	0	0	0	0	0	0	1600000	5	1	0	0	51	0	100	6157	6157	0	2000	150	0	0	0	0	0	0	0	15	25	25	15	25	25	25	25	20	0	0	0	0	10	100	0	0	40	0	0	0	0	-10	0	0.0	3993	0	0	0	0	0	0	0	0	0	0	0	0	0	0	0	0	0	0	0	0	0	0	0.0
4002	simsek_metini	KING	STONE	MELEE	120	100		NOMOVE	0		STUN,SLOW,TERROR	0	metinstone	0	0	0	100	0	0	0	0	0	0	0	1600000	5	1	0	0	51	0	100	6156	6156	0	2000	150	0	0	0	0	0	0	0	15	25	25	15	25	25	25	25	20	0	-10	0	0	10	100	40	0	0	0	0	0	0	0	0	0.0	3994	0	0	0	0	0	0	0	0	0	0	0	0	0	0	0	0	0	0	0	0	0	0	0.0
4003	ruzgar_metini	KING	STONE	MELEE	120	100		NOMOVE	0		STUN,SLOW,TERROR	0	metinstone	0	0	0	100	0	0	0	0	0	0	0	1600000	5	1	0	0	51	0	100	6159	6159	0	2000	150	0	0	0	0	0	0	0	15	25	25	15	25	25	25	25	20	0	0	0	-10	10	100	0	0	0	40	0	0	0	0	0	0.0	3995	0	0	0	0	0	0	0	0	0	0	0	0	0	0	0	0	0	0	0	0	0	0	0.0
4004	toprak_metini	KING	STONE	MELEE	120	100		NOMOVE	0		STUN,SLOW,TERROR	0	metinstone	0	0	0	100	0	0	0	0	0	0	0	1600000	5	1	0	0	51	0	100	6161	6161	0	2000	150	0	0	0	0	0	0	0	15	25	25	15	25	25	25	25	20	0	0	0	0	10	100	0	0	0	0	40	0	0	0	-10	0.0	3996	0	0	0	0	0	0	0	0	0	0	0	0	0	0	0	0	0	0	0	0	0	0	0.0
4005	gece_metini	KING	STONE	MELEE	120	100		NOMOVE	0		STUN,SLOW,TERROR	0	metinstone	0	0	0	100	0	0	0	0	0	0	0	1600000	5	1	0	0	51	0	100	6160	6160	0	2000	150	0	0	0	0	0	0	0	15	25	25	15	25	25	25	25	20	0	0	0	0	10	100	0	0	0	0	0	40	-10	0	0	0.0	3997	0	0	0	0	0	0	0	0	0	0	0	0	0	0	0	0	0	0	0	0	0	0	0.0
4006	elementer_korucusu	S_KNIGHT	MONSTER	MELEE	120	120		AGGR,BERSERK	0		STUN,SLOW,POISON,TERROR	0	golem_3	0	131	71	170	34	0	0	0	0	168	252	138637	20	3	0	0	28900	0	141	120	140	150	2000	300	0	0	0	0	0	0	7	15	40	40	40	40	40	40	40	40	0	0	0	0	10	10	0	0	0	0	0	0	0	0	0	3.0	0	20	0	0	0	0	0	0	0	0	0	0	0	0	0	0	0	0	0	0	0	0	0	0.0
4019	cehennem_kulesi_girisi	KING	NPC	MELEE	1	100		NOMOVE	0		STUN,SLOW,TERROR	0		2	0	0	0	0	0	0	0	0	0	0	120	3	1	0	0	10	0	4	100	0	0	2000	150	0	0	0	0	0	0	0	0	0	0	0	0	0	0	0	0	0	0	0	0	0	0	0	0	0	0	0	0	0	0	0	0.0	0	0	0	0	0	0	0	0	0	0	0	0	0	0	0	0	0	0	0	0	0	0	0	0.0
4020	sung_mahinin_c._kulesi	KING	NPC	MELEE	1	100		NOMOVE	0		STUN,SLOW,TERROR	0		2	0	0	0	0	0	0	0	0	0	0	120	3	1	0	0	10	0	4	100	0	0	2000	150	0	0	0	0	0	0	0	0	0	0	0	0	0	0	0	0	0	0	0	0	0	0	0	0	0	0	0	0	0	0	0	0.0	0	0	0	0	0	0	0	0	0	0	0	0	0	0	0	0	0	0	0	0	0	0	0	0.0
4021	cehennem_kulesi_muhru	KING	NPC	MELEE	1	100		NOMOVE	0		STUN,SLOW,TERROR	0		0	0	0	0	0	0	0	0	0	0	0	120	3	1	0	0	10	0	4	100	100	0	2000	150	0	0	0	0	0	0	0	0	0	0	0	0	0	0	0	0	0	0	0	0	0	0	0	0	0	0	0	0	0	0	0	0.0	0	0	0	0	0	0	0	0	0	0	0	0	0	0	0	0	0	0	0	0	0	0	0	0.0
4022	yilan_tapinagi_portali	KING	NPC	MELEE	1	100		NOMOVE	0		STUN,SLOW,TERROR	0		2	0	0	0	0	0	0	0	0	0	0	120	3	1	0	0	10	0	4	100	0	0	2000	150	0	0	0	0	0	0	0	0	0	0	0	0	0	0	0	0	0	0	0	0	0	0	0	0	0	0	0	0	0	0	0	0.0	0	0	0	0	0	0	0	0	0	0	0	0	0	0	0	0	0	0	0	0	0	0	0	0.0
4023	kat_degistir	KING	NPC	MELEE	1	100		NOMOVE	0		STUN,SLOW,TERROR	0		2	0	0	0	0	0	0	0	0	0	0	120	3	1	0	0	10	0	4	100	0	0	2000	150	0	0	0	0	0	0	0	0	0	0	0	0	0	0	0	0	0	0	0	0	0	0	0	0	0	0	0	0	0	0	0	0.0	0	0	0	0	0	0	0	0	0	0	0	0	0	0	0	0	0	0	0	0	0	0	0	0.0
4024	yilan_basi	KING	NPC	MELEE	1	100		NOMOVE	0		STUN,SLOW,TERROR	0	snake_head_01	0	0	0	0	0	0	0	0	0	0	0	120	3	1	0	0	10	0	4	100	0	0	2000	150	0	0	0	0	0	0	0	0	0	0	0	0	0	0	0	0	0	0	0	0	0	0	0	0	0	0	0	0	0	0	0	0.0	0	0	0	0	0	0	0	0	0	0	0	0	0	0	0	0	0	0	0	0	0	0	0	0.0
4025	yilan_basi	KING	NPC	MELEE	1	100		NOMOVE	0		STUN,SLOW,TERROR	0	snake_head_02	0	0	0	0	0	0	0	0	0	0	0	120	3	1	0	0	10	0	4	100	0	0	2000	150	0	0	0	0	0	0	0	0	0	0	0	0	0	0	0	0	0	0	0	0	0	0	0	0	0	0	0	0	0	0	0	0.0	0	0	0	0	0	0	0	0	0	0	0	0	0	0	0	0	0	0	0	0	0	0	0	0.0
4026	yilan_basi	KING	NPC	MELEE	1	100		NOMOVE	0		STUN,SLOW,TERROR	0	snake_head_03	0	0	0	0	0	0	0	0	0	0	0	120	3	1	0	0	10	0	4	100	0	0	2000	150	0	0	0	0	0	0	0	0	0	0	0	0	0	0	0	0	0	0	0	0	0	0	0	0	0	0	0	0	0	0	0	0.0	0	0	0	0	0	0	0	0	0	0	0	0	0	0	0	0	0	0	0	0	0	0	0	0.0
4027	yilan_basi	KING	NPC	MELEE	1	100		NOMOVE	0		STUN,SLOW,TERROR	0	snake_head_04	0	0	0	0	0	0	0	0	0	0	0	120	3	1	0	0	10	0	4	100	0	0	2000	150	0	0	0	0	0	0	0	0	0	0	0	0	0	0	0	0	0	0	0	0	0	0	0	0	0	0	0	0	0	0	0	0.0	0	0	0	0	0	0	0	0	0	0	0	0	0	0	0	0	0	0	0	0	0	0	0	0.0
4030	beyaz_ejderha_yumurtasi	KING	NPC	MELEE	1	100		NOMOVE	0		STUN,SLOW,TERROR	0		2	0	0	0	0	0	0	0	0	0	0	120	3	1	0	0	10	0	4	100	0	0	2000	150	0	0	0	0	0	0	0	0	0	0	0	0	0	0	0	0	0	0	0	0	0	0	0	0	0	0	0	0	0	0	0	0.0	0	0	0	0	0	0	0	0	0	0	0	0	0	0	0	0	0	0	0	0	0	0	0	0.0
4031	enigma_tapinagi	KING	NPC	MELEE	1	100		NOMOVE	0		STUN,SLOW,TERROR	0		2	0	0	0	0	0	0	0	0	0	0	120	3	1	0	0	1	10	4	100	100	0	2000	150	0	0	0	0	0	0	0	0	0	0	0	0	0	0	0	0	0	0	0	0	0	0	0	0	0	0	0	0	0	0	0	0.0	0	0	0	0	0	0	0	0	0	0	0	0	0	0	0	0	0	0	0	0	0	0	0	0.0
4032	enigma_tapinagindan_cik	KING	NPC	MELEE	1	100		NOMOVE	0		STUN,SLOW,TERROR	0		2	0	0	0	0	0	0	0	0	0	0	120	3	1	0	0	1	10	4	100	100	0	2000	150	0	0	0	0	0	0	0	0	0	0	0	0	0	0	0	0	0	0	0	0	0	0	0	0	0	0	0	0	0	0	0	0.0	0	0	0	0	0	0	0	0	0	0	0	0	0	0	0	0	0	0	0	0	0	0	0	0.0
4033	enigma_tapinagi_(olust.)	KING	NPC	MELEE	1	100		NOMOVE	0		STUN,SLOW,TERROR	0		2	0	0	0	0	0	0	0	0	0	0	120	3	1	0	0	1	10	4	100	100	0	2000	150	0	0	0	0	0	0	0	0	0	0	0	0	0	0	0	0	0	0	0	0	0	0	0	0	0	0	0	0	0	0	0	0.0	0	0	0	0	0	0	0	0	0	0	0	0	0	0	0	0	0	0	0	0	0	0	0	0.0
4034	enigma_tapin._(tekr.)	KING	NPC	MELEE	1	100		NOMOVE	0		STUN,SLOW,TERROR	0		2	0	0	0	0	0	0	0	0	0	0	120	3	1	0	0	1	10	4	100	100	0	2000	150	0	0	0	0	0	0	0	0	0	0	0	0	0	0	0	0	0	0	0	0	0	0	0	0	0	0	0	0	0	0	0	0.0	0	0	0	0	0	0	0	0	0	0	0	0	0	0	0	0	0	0	0	0	0	0	0	0.0
4035	enigma_portali	KING	NPC	MELEE	1	100		NOMOVE	0		STUN,SLOW,TERROR	0		2	0	0	0	0	0	0	0	0	0	0	120	3	1	0	0	1	10	4	100	100	0	2000	150	0	0	0	0	0	0	0	0	0	0	0	0	0	0	0	0	0	0	0	0	0	0	0	0	0	0	0	0	0	0	0	0.0	0	0	0	0	0	0	0	0	0	0	0	0	0	0	0	0	0	0	0	0	0	0	0	0.0
4153	asmodeus	KING	MONSTER	MELEE	105	100		AGGR,BERSERK,STONESKIN,REVIVE,FALL	0	UNDEAD	SLOW,TERROR,UNK_IMMUNE_FLAG4,UNK_IMMUNE_FLAG5,UNK_IMMUNE_FLAG6,UNK_IMMUNE_FLAG7,UNK_IMMUNE_FLAG8,UNK_IMMUNE_FLAG9	0	goblin_boss	0	150	120	150	90	0	0	0	0	800	1800	20000000	44	1	0	0	1	0	105	100	100	100	2000	250	0	0	50	10	10	10	50	20	10	10	10	10	10	10	10	10	0	0	80	0	80	80	0	0	0	0	0	55	-80	0	0	4.0	0	30	0	0	0	0	0	0	0	0	0	0	0	0	0	0	0	0	0	0	0	0	0	0.0
4154	toprak_elcisi	BOSS	MONSTER	MAGIC	105	100		AGGR,BERSERK,STONESKIN,FALL	0	UNDEAD	SLOW,TERROR,UNK_IMMUNE_FLAG4,UNK_IMMUNE_FLAG5,UNK_IMMUNE_FLAG6,UNK_IMMUNE_FLAG7,UNK_IMMUNE_FLAG8,UNK_IMMUNE_FLAG9	0	goblin_eastboss	0	107	49	100	24	0	0	0	0	320	1200	750000	16	8	0	0	1	0	84	100	100	100	2000	800	0	0	0	4	0	0	16	16	16	8	8	8	8	8	8	8	0	0	16	0	16	16	0	0	0	0	8	0	0	0	-80	2.0	0	16	0	0	0	0	0	0	0	0	0	0	0	0	0	0	0	0	0	0	0	0	0	0.0
4155	toprak_elcisi	BOSS	MONSTER	MAGIC	105	100		AGGR,BERSERK,STONESKIN,FALL	0	UNDEAD	SLOW,TERROR,UNK_IMMUNE_FLAG4,UNK_IMMUNE_FLAG5,UNK_IMMUNE_FLAG6,UNK_IMMUNE_FLAG7,UNK_IMMUNE_FLAG8,UNK_IMMUNE_FLAG9	0	goblin_eastboss	0	112	51	102	25	0	0	0	0	464	1200	2521478	144	12	0	0	1	0	84	100	100	100	2000	800	0	0	0	4	0	0	40	16	8	8	8	8	8	8	8	8	0	0	64	0	24	24	0	0	0	0	28	0	0	0	-80	2.0	0	16	0	0	0	0	0	0	0	0	0	0	0	0	0	0	0	0	0	0	0	0	0	0.0
4156	gece_elcisi	BOSS	MONSTER	MELEE	105	100		AGGR,STONESKIN,FALL	0	UNDEAD	SLOW,TERROR,UNK_IMMUNE_FLAG4,UNK_IMMUNE_FLAG5,UNK_IMMUNE_FLAG6,UNK_IMMUNE_FLAG7,UNK_IMMUNE_FLAG8,UNK_IMMUNE_FLAG9	0	goblin_westboss	0	112	51	102	25	0	0	0	0	424	1440	1521478	0	0	0	0	1	0	84	100	100	100	2000	250	0	0	0	4	0	0	16	16	8	8	8	8	8	8	8	8	0	0	64	0	24	24	0	0	0	0	0	28	-80	0	0	2.0	0	16	0	0	0	0	0	0	0	0	0	0	0	0	0	0	0	0	0	0	0	0	0	0.0
4157	gok_gurultusu_elcisi	BOSS	MONSTER	MAGIC	105	100		AGGR,FALL	0	UNDEAD	SLOW,TERROR,UNK_IMMUNE_FLAG4,UNK_IMMUNE_FLAG5,UNK_IMMUNE_FLAG6,UNK_IMMUNE_FLAG7,UNK_IMMUNE_FLAG8,UNK_IMMUNE_FLAG9	0	goblin_southboss	0	113	51	102	25	0	0	0	0	435	480	521478	0	0	0	0	1	0	84	100	100	100	2000	800	0	0	0	4	0	0	16	16	8	8	8	8	8	8	8	8	0	-80	64	0	24	24	28	0	0	0	0	0	0	0	0	2.0	0	16	0	0	0	0	0	0	0	0	0	0	0	0	0	0	0	0	0	0	0	0	0	0.0
4158	goklerin_elcisi	BOSS	MONSTER	MELEE	105	100		AGGR,BERSERK,STONESKIN,FALL	0	UNDEAD	SLOW,TERROR,UNK_IMMUNE_FLAG4,UNK_IMMUNE_FLAG5,UNK_IMMUNE_FLAG6,UNK_IMMUNE_FLAG7,UNK_IMMUNE_FLAG8,UNK_IMMUNE_FLAG9	0	goblin_northboss	0	113	51	102	25	0	0	0	0	435	640	1521478	16	8	0	0	1	0	84	100	100	100	2000	250	0	0	0	4	0	0	16	16	8	8	8	8	8	8	8	8	0	0	64	-80	24	24	0	0	0	28	0	0	0	0	0	2.0	0	16	0	0	0	0	0	0	0	0	0	0	0	0	0	0	0	0	0	0	0	0	0	0.0
4159	lanetlenme_savascisi	S_KNIGHT	MONSTER	MELEE	105	100		AGGR,BERSERK,FALL	0	UNDEAD	STUN,SLOW,TERROR	0	goblin_knight	0	54	48	55	13	0	0	0	0	141	280	173746	24	1	0	0	1	0	40	100	100	100	2000	200	0	0	0	0	2	2	4	8	4	4	4	4	4	4	4	4	0	0	0	0	0	0	0	0	0	0	0	4	-50	0	0	1.0	0	6	0	0	0	0	0	0	0	0	0	0	0	0	0	0	0	0	0	0	0	0	0	0.0
4160	lanetlenme_buyucusu	KNIGHT	MONSTER	MAGIC	105	100		AGGR,BERSERK,FALL	0	UNDEAD	STUN,SLOW,TERROR	0	goblin_magician	0	53	26	57	13	0	0	0	0	138	280	88590	24	1	0	0	1	0	36	100	100	100	2000	800	0	0	0	0	2	2	4	8	4	4	4	4	4	4	4	4	0	0	0	0	0	0	0	0	0	0	0	4	-50	0	0	1.0	0	6	0	0	0	0	0	0	0	0	0	0	0	0	0	0	0	0	0	0	0	0	0	0.0
4161	olum_elcisi	S_KNIGHT	MONSTER	MELEE	105	100		AGGR,BERSERK,STONESKIN,FALL	0	UNDEAD	STUN,SLOW,TERROR	0	hell_god	0	60	48	60	36	0	0	0	0	83	400	128456	24	4	0	0	1	0	42	100	100	100	2000	250	0	0	20	4	0	0	8	8	8	6	6	6	6	6	6	6	0	0	0	0	0	0	0	0	0	0	0	4	-50	0	0	1.0	0	4	0	0	0	0	0	0	0	0	0	0	0	0	0	0	0	0	0	0	0	0	0	0.0
4162	kurtulus_elcisi	KNIGHT	MONSTER	MELEE	105	100		AGGR,FALL	0	UNDEAD	STUN,SLOW,TERROR	0	fire_tiger_boss	0	85	43	65	22	0	0	0	0	119	700	221140	0	0	0	0	1	0	90	100	100	100	2000	150	0	0	0	0	0	0	15	20	10	0	0	0	0	0	0	0	0	0	0	0	0	0	0	0	0	0	0	0	0	0	0	3.0	0	0	0	0	0	0	0	0	0	0	0	0	0	0	0	0	0	0	0	0	0	0	0	0.0
4200	zc:_setaou_savascisi	PAWN	MONSTER	MELEE	108	100		AGGR,BERSERK	0	DEVIL	SLOW,TERROR	0	ch_footman	0	112	58	85	26	0	0	0	0	154	251	58324	3	14	0	0	10575	0	82	110	130	110	2000	50	0	0	0	3	0	0	5	5	20	20	20	20	20	20	20	20	0	-30	30	0	0	0	90	0	0	0	0	0	0	0	0	3.0	0	5	0	0	0	0	0	0	0	0	0	0	0	0	0	0	0	0	0	0	0	0	0	0.0
4201	zc:_setaou_savascisi	PAWN	MONSTER	RANGE	110	100		AGGR,GODSPEED	0	DEVIL	SLOW,TERROR	0	ch_bowman	0	92	115	60	27	0	0	0	0	188	272	45679	5	14	0	0	10818	0	87	105	150	100	2000	650	0	0	0	0	0	0	5	5	20	20	20	20	20	20	20	20	0	-30	10	0	0	0	90	0	0	0	0	0	0	0	0	2.0	0	5	0	0	0	0	0	0	0	0	0	0	0	0	0	0	0	0	0	0	0	0	0	0.0
4202	zc:_setaou_mistik	S_PAWN	MONSTER	MAGIC	110	100		AGGR,REVIVE	0	DEVIL	SLOW,TERROR	0	ch_magician	0	92	60	115	27	0	0	0	0	205	285	50281	5	14	0	0	12987	0	91	100	150	100	2000	700	0	0	0	0	10	10	0	0	20	20	20	20	20	20	20	20	0	-30	-30	0	0	0	90	0	0	0	0	0	0	0	0	3.0	0	10	0	0	0	0	0	0	0	0	0	0	0	0	0	0	0	0	0	0	0	0	0	0.0
4203	zc:_setaou_askeri	S_PAWN	MONSTER	MELEE	114	100		AGGR,BERSERK,FALL	0	DEVIL	SLOW,TERROR	0	ch_footman	0	117	89	61	28	0	0	0	0	154	289	60800	3	14	0	0	29211	0	93	115	130	100	2000	50	0	0	0	5	0	0	6	3	20	20	20	20	20	20	20	20	0	-30	30	0	0	0	90	0	0	0	0	0	0	0	0	2.0	0	15	16764879	0	0	0	0	0	0	0	0	0	0	0	0	0	0	0	0	0	0	0	0	0.0
4204	zc:_setaou_okcusu	KNIGHT	MONSTER	RANGE	116	100		AGGR,GODSPEED	0	DEVIL	SLOW,TERROR	0	ch_bowman	0	96	119	62	29	0	0	0	0	141	289	52936	3	14	0	0	29880	0	97	110	150	100	2000	700	0	0	0	0	3	3	6	6	20	20	20	20	20	20	20	20	0	-30	20	0	0	0	90	0	0	0	0	0	0	0	0	3.0	0	15	16764879	0	0	0	0	0	0	0	0	0	0	0	0	0	0	0	0	0	0	0	0	0.0
4205	zc:_setaou_yargici	KNIGHT	MONSTER	MAGIC	118	100		AGGR,REVIVE	0	DEVIL	SLOW,TERROR	0	ch_magician	0	98	63	122	29	0	0	0	0	144	306	59137	4	14	0	0	30531	0	103	110	150	100	2000	700	0	0	0	10	0	10	2	2	20	20	20	20	20	20	20	20	0	-30	40	0	0	0	90	0	0	0	0	0	0	0	0	3.0	0	30	16764879	0	0	0	0	0	0	0	0	0	0	0	0	0	0	0	0	0	0	0	0	0.0
4206	zc:_setaou_komutani	S_KNIGHT	MONSTER	MELEE	120	100		AGGR,STONESKIN,FALL	0	DEVIL	SLOW,TERROR	0	ch_officer	0	124	94	65	30	0	0	0	0	147	323	89360	5	20	0	0	62370	0	110	105	130	100	2000	50	0	0	0	5	0	5	8	8	20	20	20	20	20	20	20	20	0	-30	-10	0	0	0	90	0	0	0	0	0	0	0	0	3.0	0	20	16764879	0	0	0	0	0	0	0	0	0	0	0	0	0	0	0	0	0	0	0	0	0.0
4207	zc:_yuzbasi_yonghan	S_KNIGHT	MONSTER	MELEE	116	100		AGGR,BERSERK,DEATHBLOW,REVIVE	0	DEVIL	STUN,SLOW,TERROR	0	ch_general	0	124	94	65	30	0	0	0	0	144	268	620000	2	9	0	0	67050	0	105	140	130	100	2000	100	0	0	0	0	0	5	15	15	20	20	20	20	20	20	20	20	0	-30	20	0	0	0	90	0	0	0	0	0	0	0	0	3.0	4200	35	0	0	0	0	0	0	0	0	0	0	0	0	0	0	0	0	0	0	0	0	0	0.0
4208	zc:_yuzbasi_yonghan	S_KNIGHT	MONSTER	MELEE	110	100		AGGR,BERSERK,DEATHBLOW,REVIVE	0	DEVIL	STUN,SLOW,TERROR	0	ch_general	0	124	94	65	30	0	0	0	0	144	268	600000	4	14	0	0	67050	0	105	140	130	100	2000	100	0	0	0	0	0	5	10	20	20	20	20	20	20	20	20	20	0	-30	20	0	0	0	90	0	0	0	0	0	0	0	0	3.0	4200	35	0	0	0	0	0	0	0	0	0	0	0	0	0	0	0	0	0	0	0	0	0	0.0
4209	zc:_general_yonghan	BOSS	MONSTER	MELEE	115	100		AGGR,BERSERK,DEATHBLOW,REVIVE,FALL	0	DEVIL	STUN,SLOW,TERROR	0	ch_general	0	124	94	65	30	0	0	0	0	147	308	800000	17	30	0	0	684900	0	107	140	130	100	2000	100	0	0	0	5	5	15	10	10	20	20	20	20	20	20	20	20	0	-20	20	0	0	0	90	0	0	0	0	0	0	0	0	4.0	4206	40	0	0	0	0	0	0	0	0	0	0	0	0	0	0	0	0	0	0	0	0	0	0.0
4210	zc:_general_yonghan	BOSS	MONSTER	MELEE	115	100		AGGR,BERSERK,DEATHBLOW,REVIVE,FALL	0	DEVIL	STUN,SLOW,TERROR	0	ch_general	0	124	94	65	30	0	0	0	0	147	308	500000	8	16	0	0	684900	0	107	140	130	100	2000	100	0	0	0	5	5	15	10	10	20	20	20	20	20	20	20	20	0	-20	20	0	0	0	90	0	0	0	0	0	0	0	0	4.0	4206	40	0	0	0	0	0	0	0	0	0	0	0	0	0	0	0	0	0	0	0	0	0	0.0
4220	zc:_kor_alev_hayaleti	PAWN	MONSTER	MAGIC	110	100		AGGR,GODSPEED	0		SLOW,TERROR	0	fire_ghost	0	130	67	130	31	0	0	0	0	389	441	32964	3	5	0	0	1984	0	105	110	110	100	2000	850	0	0	0	0	0	0	0	10	20	20	20	20	20	20	20	20	-30	0	0	0	0	0	0	90	0	0	0	0	0	0	0	2.0	0	5	0	0	0	0	0	0	0	0	0	0	0	0	0	0	0	0	0	0	0	0	0	0.0
4221	zc:_kor_alev_kaplani	PAWN	MONSTER	MELEE	112	100		AGGR,REVIVE	0		SLOW,TERROR	0	fire_tiger_boss	0	131	68	131	31	0	0	0	0	390	443	66876	3	5	0	0	4810	0	126	110	110	100	2000	100	0	0	0	0	5	0	0	12	20	20	20	20	20	20	20	20	-30	0	0	0	0	0	0	90	0	0	0	0	0	0	0	2.0	0	10	0	0	0	0	0	0	0	0	0	0	0	0	0	0	0	0	0	0	0	0	0	0.0
4222	zc:_kor_alev	S_PAWN	MONSTER	MELEE	113	100		AGGR,STONESKIN	0		SLOW,TERROR	0	fire_man	0	74	133	69	32	0	0	0	0	394	447	68767	5	7	0	0	4905	0	128	110	110	100	2000	100	0	0	0	0	3	0	3	15	20	20	20	20	20	20	20	20	-30	0	0	0	0	0	0	90	0	0	0	0	0	0	0	2.0	0	15	0	0	0	0	0	0	0	0	0	0	0	0	0	0	0	0	0	0	0	0	0	0.0
4223	zc:_kor_alev_savascisi	S_PAWN	MONSTER	MELEE	113	100		AGGR,GODSPEED,FALL	0		SLOW,TERROR	0	fire_knight	0	130	67	130	31	0	0	0	0	389	441	32964	3	5	0	0	1984	0	105	110	110	100	2000	100	0	0	0	0	0	0	0	10	20	20	20	20	20	20	20	20	-30	0	0	0	0	0	0	90	0	0	0	0	0	0	0	2.0	0	5	0	0	0	0	0	0	0	0	0	0	0	0	0	0	0	0	0	0	0	0	0	0.0
4224	zc:_kor_alev_krali	KNIGHT	MONSTER	MELEE	116	100		AGGR,REVIVE	0		SLOW,TERROR	0	fire_king	0	131	68	131	31	0	0	0	0	390	443	66876	3	5	0	0	4810	0	126	110	110	100	2000	100	0	0	0	0	5	0	0	12	20	20	20	20	20	20	20	20	-30	0	0	0	0	0	0	90	0	0	0	0	0	0	0	2.0	0	10	0	0	0	0	0	0	0	0	0	0	0	0	0	0	0	0	0	0	0	0	0	0.0
4225	zc:_kor_alev_golemi	KNIGHT	MONSTER	MELEE	116	100		AGGR,STONESKIN	0		SLOW,TERROR	0	firegolem_soldier	0	74	133	69	32	0	0	0	0	394	447	68767	5	7	0	0	4905	0	128	110	110	100	2000	100	0	0	0	0	3	0	3	15	20	20	20	20	20	20	20	20	-30	0	0	0	0	0	0	90	0	0	0	0	0	0	0	2.0	0	15	0	0	0	0	0	0	0	0	0	0	0	0	0	0	0	0	0	0	0	0	0	0.0
4226	zc:_kor_alev_sakallisi	KNIGHT	MONSTER	MELEE	118	100		AGGR,BERSERK	0		SLOW,TERROR	0	firegolem_magician	0	135	70	135	32	0	0	0	0	374	471	145252	5	10	0	0	14860	0	150	110	110	100	2000	100	0	0	0	0	0	10	10	16	20	20	20	20	20	20	20	20	-30	0	0	0	0	0	0	90	0	0	0	0	0	0	0	2.0	0	15	0	0	0	0	0	0	0	0	0	0	0	0	0	0	0	0	0	0	0	0	0	0.0
4227	zc:_kor_alev_generali	S_KNIGHT	MONSTER	MELEE	118	100		AGGR,GODSPEED	0		SLOW,TERROR	0	firegolem_general	0	136	70	136	32	0	0	0	0	375	473	294424	5	15	0	0	35842	0	183	110	110	100	2000	100	0	0	0	0	5	0	5	15	20	20	20	20	20	20	20	20	-30	0	0	0	0	0	0	90	0	0	0	0	0	0	0	3.0	0	15	0	0	0	0	0	0	0	0	0	0	0	0	0	0	0	0	0	0	0	0	0	0.0
4228	zc:_kor_alev_lordu	S_KNIGHT	MONSTER	MELEE	120	100		AGGR,BERSERK,STONESKIN,DEATHBLOW,REVIVE,FALL	0		STUN,SLOW,TERROR	0	firegolem_boss	0	104	137	71	33	0	0	0	0	354	497	795158	10	15	0	0	174399	0	217	110	110	100	2000	100	0	0	0	0	0	0	3	15	20	20	20	20	20	20	20	20	-30	0	0	0	0	0	0	90	0	0	0	0	0	0	0	4.0	0	20	0	0	0	0	0	0	0	0	0	0	0	0	0	0	0	0	0	0	0	0	0	0.0
4229	zc:_ignator	S_KNIGHT	MONSTER	MELEE	120	100		AGGR,BERSERK,STONESKIN,DEATHBLOW,REVIVE,FALL	0		STUN,SLOW,TERROR	0	firegolem_boss	0	104	137	71	33	0	0	0	0	354	497	795158	10	15	0	0	174399	0	217	110	110	100	2000	100	0	0	0	0	0	0	3	15	20	20	20	20	20	20	20	20	-30	0	0	0	0	0	0	90	0	0	0	0	0	0	0	4.0	4227	20	0	0	0	0	0	0	0	0	0	0	0	0	0	0	0	0	0	0	0	0	0	0.0
4240	zc:_ayaz_kristali	PAWN	MONSTER	MAGIC	110	100		AGGR,GODSPEED	0		SLOW,TERROR	0	ice_snow_monster	0	130	67	130	31	0	0	0	0	389	441	37964	3	5	0	0	1984	0	105	110	110	100	2000	850	0	0	0	0	0	0	0	10	20	20	20	20	20	20	20	20	0	0	0	0	0	0	0	0	90	0	0	0	0	-30	0	2.0	0	5	0	0	0	0	0	0	0	0	0	0	0	0	0	0	0	0	0	0	0	0	0	0.0
4241	zc:_ayaz_bocegi	PAWN	MONSTER	MELEE	110	100		AGGR,REVIVE	0		SLOW,TERROR	0	ice_snow_insect	0	131	68	131	31	0	0	0	0	390	443	66876	3	5	0	0	4810	0	126	110	110	100	2000	100	0	0	0	0	5	0	0	12	20	20	20	20	20	20	20	20	0	0	0	0	0	0	0	0	90	0	0	0	0	-30	0	2.0	0	10	0	0	0	0	0	0	0	0	0	0	0	0	0	0	0	0	0	0	0	0	0	0.0
4242	zc:_ayaz_adam	S_PAWN	MONSTER	MELEE	113	100		AGGR,STONESKIN	0		SLOW,TERROR	0	ice_snow_man	0	74	133	69	32	0	0	0	0	394	447	68767	5	7	0	0	4905	0	128	110	110	100	2000	100	0	0	0	0	3	0	3	15	20	20	20	20	20	20	20	20	0	0	0	0	0	0	0	0	90	0	0	0	0	-30	0	2.0	0	15	0	0	0	0	0	0	0	0	0	0	0	0	0	0	0	0	0	0	0	0	0	0.0
4243	zc:_ayaz_yetisi	S_PAWN	MONSTER	MELEE	113	100		AGGR,GODSPEED,FALL	0		SLOW,TERROR	0	ice_snow_giant_man	0	130	67	130	31	0	0	0	0	389	441	42964	3	5	0	0	1984	0	105	110	110	100	2000	100	0	0	0	0	0	0	0	10	20	20	20	20	20	20	20	20	0	0	0	0	0	0	0	0	90	0	0	0	0	-30	0	2.0	0	5	0	0	0	0	0	0	0	0	0	0	0	0	0	0	0	0	0	0	0	0	0	0.0
4244	zc:_ayaz_golemi	KNIGHT	MONSTER	MELEE	116	100		AGGR,REVIVE	0		SLOW,TERROR	0	ice_snow_golem	0	131	68	131	31	0	0	0	0	390	443	66876	3	5	0	0	4810	0	126	110	110	100	2000	100	0	0	0	0	5	0	0	12	20	20	20	20	20	20	20	20	0	0	0	0	0	0	0	0	90	0	0	0	0	-30	0	2.0	0	10	0	0	0	0	0	0	0	0	0	0	0	0	0	0	0	0	0	0	0	0	0	0.0
4245	zc:_ayaz_trolu	KNIGHT	MONSTER	MELEE	116	100		AGGR,STONESKIN	0		SLOW,TERROR	0	icegolem_soldier	0	74	133	69	32	0	0	0	0	394	447	68767	5	7	0	0	4905	0	128	110	110	100	2000	100	0	0	0	0	3	0	3	15	20	20	20	20	20	20	20	20	0	0	0	0	0	0	0	0	90	0	0	0	0	-30	0	2.0	0	15	0	0	0	0	0	0	0	0	0	0	0	0	0	0	0	0	0	0	0	0	0	0.0
4246	zc:_ayaz_sakal	KNIGHT	MONSTER	MELEE	118	100		AGGR,BERSERK	0		SLOW,TERROR	0	icegolem_magician	0	135	70	135	32	0	0	0	0	374	471	145252	5	10	0	0	14860	0	150	110	110	100	2000	100	0	0	0	0	0	10	10	16	20	20	20	20	20	20	20	20	0	0	0	0	0	0	0	0	90	0	0	0	0	-30	0	2.0	0	15	0	0	0	0	0	0	0	0	0	0	0	0	0	0	0	0	0	0	0	0	0	0.0
4247	zc:_ayaz_generali	S_KNIGHT	MONSTER	MELEE	118	100		AGGR,GODSPEED	0		SLOW,TERROR	0	icegolem_general	0	136	70	136	32	0	0	0	0	375	473	294424	5	15	0	0	35842	0	183	110	110	100	2000	100	0	0	0	0	5	0	5	15	20	20	20	20	20	20	20	20	0	0	0	0	0	0	0	0	90	0	0	0	0	-30	0	3.0	0	15	0	0	0	0	0	0	0	0	0	0	0	0	0	0	0	0	0	0	0	0	0	0.0
4248	zc:_ayaz_lordu	S_KNIGHT	MONSTER	MELEE	120	100		AGGR,BERSERK,STONESKIN,DEATHBLOW,REVIVE,FALL	0		STUN,SLOW,TERROR	0	icegolem_boss	0	104	137	71	33	0	0	0	0	354	497	893544	10	15	0	0	174399	0	217	110	110	100	2000	100	0	0	0	0	0	0	3	15	20	20	20	20	20	20	20	20	0	0	0	0	0	0	0	0	90	0	0	0	0	-30	0	4.0	0	20	0	0	0	0	0	0	0	0	0	0	0	0	0	0	0	0	0	0	0	0	0	0.0
4249	zc:_magma_yeti	BOSS	MONSTER	MELEE	120	100		AGGR,BERSERK,STONESKIN,DEATHBLOW,REVIVE,FALL	0		STUN,SLOW,TERROR	0	icegolem_boss	0	104	137	71	33	0	0	0	0	354	497	893544	10	15	0	0	174399	0	217	110	110	100	2000	100	0	0	0	0	0	0	3	15	20	20	20	20	20	20	20	20	0	0	0	0	0	0	0	0	90	0	0	0	0	-10	0	4.0	4247	20	0	0	0	0	0	0	0	0	0	0	0	0	0	0	0	0	0	0	0	0	0	0.0
4260	zc:_en_tai_dovuscusu	PAWN	MONSTER	MELEE	107	130		AGGR	0	DEVIL	SLOW,TERROR	0	trent_soldier	0	117	89	61	28	0	0	0	0	179	287	52210	3	10	0	0	36501	0	117	110	120	100	2000	180	0	0	0	0	0	0	5	5	20	20	20	20	20	20	20	20	0	0	0	-70	0	0	0	0	0	90	0	0	0	0	0	3.0	0	15	0	0	0	0	0	0	0	0	0	0	0	0	0	0	0	0	0	0	0	0	0	0.0
4261	zc:_en_tai_savascisi	S_PAWN	MONSTER	MELEE	109	140		AGGR,STONESKIN	0	DEVIL	SLOW,TERROR	0	trent_soldier	0	120	92	65	30	0	0	0	0	183	298	78638	4	14	0	0	43401	0	124	110	130	100	2000	180	0	0	0	0	5	5	10	16	20	20	20	20	20	20	20	20	0	0	0	-60	0	0	0	0	0	90	0	0	0	0	0	3.0	0	15	0	0	0	0	0	0	0	0	0	0	0	0	0	0	0	0	0	0	0	0	0	0.0
4262	zc:_en_tai_rahibi	S_PAWN	MONSTER	MAGIC	111	140		AGGR,STONESKIN	0	DEVIL	SLOW,TERROR	0	trent_magic	0	71	119	127	30	0	0	0	0	211	286	59126	5	7	0	0	53202	0	111	110	110	100	2000	850	0	0	0	0	3	0	3	15	20	20	20	20	20	20	20	20	0	0	15	-60	0	0	0	0	0	90	0	0	0	0	0	3.0	0	15	0	0	0	0	0	0	0	0	0	0	0	0	0	0	0	0	0	0	0	0	0	0.0
4263	zc:_en_tai_sifacisi	KNIGHT	MONSTER	MAGIC	112	140		AGGR,BERSERK	0	DEVIL	SLOW,TERROR	0	trent_magic	0	72	98	125	30	0	0	0	0	211	298	74318	5	7	0	0	56850	0	122	110	110	100	2000	850	0	0	0	0	3	0	3	15	20	20	20	20	20	20	20	20	0	0	15	-50	0	0	0	0	0	90	0	0	0	0	0	3.0	0	15	0	0	0	0	0	0	0	0	0	0	0	0	0	0	0	0	0	0	0	0	0	0.0
4264	zc:_en_tai_imhacisi	S_KNIGHT	MONSTER	MELEE	113	90		AGGR,BERSERK,FALL	0	DEVIL	SLOW,TERROR	0	trent_general	0	130	67	130	31	0	0	0	0	226	302	217140	10	14	0	0	79821	0	147	110	110	100	2000	100	0	0	0	0	0	0	3	15	20	20	20	20	20	20	20	20	0	0	0	-40	0	0	0	0	0	90	0	0	0	0	0	4.0	4260	20	0	0	10	256	0	0	0	0	0	0	0	0	0	0	0	0	0	0	0	0	0	0.0
4265	zc:_en_tai_hukumdari	BOSS	MONSTER	MELEE	128	100		AGGR,BERSERK,STONESKIN,DEATHBLOW,REVIVE,FALL	0	DEVIL	STUN,SLOW,TERROR	0	trent_boss	0	133	69	133	32	0	0	0	0	212	320	822784	10	15	0	0	776880	0	176	110	110	100	2000	300	0	0	0	0	0	0	3	15	20	20	20	20	20	20	20	20	0	0	0	-30	0	0	0	0	0	90	0	0	0	0	0	4.0	4263	25	0	0	15	256	0	0	0	0	0	0	0	0	0	0	0	0	0	0	0	0	0	0.0
4266	zc:_ochao_sifacisi	S_PAWN	MONSTER	MAGIC	113	140		AGGR,STONESKIN,HEALER	0	DEVIL	SLOW,TERROR	0	lemures_magic	0	98	129	67	31	0	0	0	0	187	258	318318	5	5	0	0	14764	0	123	120	110	100	2000	850	0	0	0	0	3	0	3	15	20	20	20	20	20	20	20	20	0	0	0	-60	0	0	0	0	0	90	0	0	0	0	0	3.0	0	15	0	0	20	265	0	0	0	0	0	0	0	0	0	0	0	0	0	0	0	0	0	0.0
4267	zc:_en_tai_dovuscusu	PAWN	MONSTER	MELEE	119	130		AGGR	0	DEVIL	SLOW,TERROR	0	trent_soldier	0	117	89	61	28	0	0	0	0	189	297	59652	3	10	0	0	41001	0	117	110	120	100	2000	180	0	0	0	0	0	0	5	5	20	20	20	20	20	20	20	20	0	0	0	-70	0	0	0	0	0	90	0	0	0	0	0	3.0	0	15	0	0	0	0	0	0	0	0	0	0	0	0	0	0	0	0	0	0	0	0	0	0.0
4268	zc:_en_tai_savascisi	S_PAWN	MONSTER	MELEE	120	140		AGGR,STONESKIN	0	DEVIL	SLOW,TERROR	0	trent_soldier	0	120	92	65	30	0	0	0	0	193	308	72765	4	14	0	0	47901	0	124	110	130	100	2000	180	0	0	0	0	5	5	10	16	20	20	20	20	20	20	20	20	0	0	0	-60	0	0	0	0	0	90	0	0	0	0	0	3.0	0	15	0	0	0	0	0	0	0	0	0	0	0	0	0	0	0	0	0	0	0	0	0	0.0
4269	zc:_en_tai_rahibi	S_PAWN	MONSTER	MAGIC	120	140		AGGR,STONESKIN	0	DEVIL	SLOW,TERROR	0	trent_magic	0	71	119	127	30	0	0	0	0	221	296	97351	5	7	0	0	57702	0	111	110	110	100	2000	850	0	0	0	0	3	0	3	15	20	20	20	20	20	20	20	20	0	0	15	-60	0	0	0	0	0	90	0	0	0	0	0	4.0	0	15	0	0	0	0	0	0	0	0	0	0	0	0	0	0	0	0	0	0	0	0	0	0.0
4270	zc:_en_tai_sifacisi	KNIGHT	MONSTER	MAGIC	121	140		AGGR,BERSERK	0	DEVIL	SLOW,TERROR	0	trent_magic	0	72	98	125	30	0	0	0	0	221	308	103581	5	7	0	0	61350	0	122	110	110	100	2000	850	0	0	0	0	3	0	3	15	20	20	20	20	20	20	20	20	0	0	15	-50	0	0	0	0	0	90	0	0	0	0	0	4.0	0	15	0	0	0	0	0	0	0	0	0	0	0	0	0	0	0	0	0	0	0	0	0	0.0
4271	zc:_en_tai_imhacisi	S_KNIGHT	MONSTER	MELEE	125	90		AGGR,BERSERK,FALL	0	DEVIL	SLOW,TERROR	0	trent_general	0	130	67	130	31	0	0	0	0	236	312	221140	10	14	0	0	84321	0	147	110	110	100	2000	100	0	0	0	0	0	0	3	15	20	20	20	20	20	20	20	20	0	0	0	-40	0	0	0	0	0	90	0	0	0	0	0	4.0	4267	20	0	0	10	256	0	0	0	0	0	0	0	0	0	0	0	0	0	0	0	0	0	0.0
4272	zc:_bagjanamu	BOSS	MONSTER	MELEE	130	130		AGGR,BERSERK,STONESKIN,DEATHBLOW,REVIVE,FALL	0	DEVIL	STUN,SLOW,TERROR	0	trent_boss2	0	136	70	136	33	0	0	0	0	354	517	1809226	30	15	0	0	1732057	0	265	110	110	100	2000	300	0	0	0	0	5	5	10	15	20	20	20	20	20	20	20	20	0	0	0	-30	0	0	0	0	0	90	0	0	0	0	0	4.0	4270	25	0	0	20	256	0	0	0	0	0	0	0	0	0	0	0	0	0	0	0	0	0	0.0
4273	zc:_ochao_askeri	S_PAWN	MONSTER	MELEE	109	130		AGGR,REVIVE,FALL	0	DEVIL	SLOW,TERROR	0	lemures_soldier2	0	127	97	66	30	0	0	0	0	199	276	66521	4	7	0	0	16882	0	122	110	110	100	2000	100	0	0	0	0	5	0	0	12	20	20	20	20	20	20	20	20	0	0	0	-60	0	0	0	0	0	90	0	0	0	0	0	3.0	0	10	0	0	0	0	0	0	0	0	0	0	0	0	0	0	0	0	0	0	0	0	0	0.0
4274	zc:_ochao_buyucusu	S_PAWN	MONSTER	MAGIC	110	100		AGGR,STONESKIN	0	DEVIL	SLOW,TERROR	0	lemures_magic	0	98	129	67	31	0	0	0	0	207	288	69703	4	14	0	0	17070	0	108	110	110	100	2000	850	0	0	0	0	3	0	3	15	20	20	20	20	20	20	20	20	0	0	15	-60	0	0	0	0	0	90	0	0	0	0	0	3.0	0	15	0	0	0	0	0	0	0	0	0	0	0	0	0	0	0	0	0	0	0	0	0	0.0
4275	zc:_ochao_celladi	KNIGHT	MONSTER	MELEE	111	100		AGGR,BERSERK	0	DEVIL	SLOW,TERROR	0	lemures_officer	0	130	67	130	31	0	0	0	0	193	292	91581	5	14	0	0	37974	0	145	110	110	100	2000	100	0	0	0	0	0	10	10	16	20	20	20	20	20	20	20	20	0	0	0	-50	0	0	0	0	0	90	0	0	0	0	0	3.0	0	15	0	0	0	0	0	0	0	0	0	0	0	0	0	0	0	0	0	0	0	0	0	0.0
4276	zc:_ochao_generali	S_KNIGHT	MONSTER	MELEE	112	100		AGGR	0	DEVIL	SLOW,TERROR	0	lemures_general	0	131	68	131	31	0	0	0	0	206	294	194814	7	15	0	0	59370	0	176	200	110	100	2000	100	0	0	0	0	5	0	5	15	20	20	20	20	20	20	20	20	0	0	0	-40	0	0	0	0	0	90	0	0	0	0	0	4.0	0	15	0	0	0	0	0	0	0	0	0	0	0	0	0	0	0	0	0	0	0	0	0	0.0
4280	ts:_setaou_savascisi	PAWN	MONSTER	MELEE	108	100		AGGR,BERSERK	0	DEVIL	SLOW,TERROR	0	ch_footman	0	112	58	88	26	0	0	0	0	154	251	60324	3	14	0	0	8460	0	87	110	130	110	2000	50	0	0	0	3	0	0	5	5	30	30	30	30	30	30	30	30	0	-30	30	0	0	0	90	0	0	0	0	0	0	0	0	3.0	0	5	0	0	0	0	0	0	0	0	0	0	0	0	0	0	0	0	0	0	0	0	0	0.0
4281	ts:_setaou_avcisi	PAWN	MONSTER	RANGE	110	100		AGGR,GODSPEED	0	DEVIL	SLOW,TERROR	0	ch_bowman	0	92	115	63	27	0	0	0	0	188	272	52679	5	14	0	0	8654	0	92	105	150	100	2000	650	0	0	0	0	0	0	5	5	30	30	30	30	30	30	30	30	0	-30	10	0	0	0	90	0	0	0	0	0	0	0	0	2.0	0	5	0	0	0	0	0	0	0	0	0	0	0	0	0	0	0	0	0	0	0	0	0	0.0
4282	ts:_setaou_mistik	S_PAWN	MONSTER	MAGIC	110	100		AGGR,REVIVE	0	DEVIL	SLOW,TERROR	0	ch_magician	0	92	60	118	27	0	0	0	0	205	285	50281	5	14	0	0	10389	0	96	100	150	100	2000	700	0	0	0	0	10	10	0	0	30	30	30	30	30	30	30	30	0	-30	-30	0	0	0	90	0	0	0	0	0	0	0	0	3.0	0	10	0	0	0	0	0	0	0	0	0	0	0	0	0	0	0	0	0	0	0	0	0	0.0
4283	ts:_setaou_askeri	S_PAWN	MONSTER	MELEE	114	100		AGGR,BERSERK,FALL	0	DEVIL	SLOW,TERROR	0	ch_footman	0	117	89	64	28	0	0	0	0	154	289	60800	3	14	0	0	23368	0	98	115	130	100	2000	50	0	0	0	5	0	0	6	3	30	30	30	30	30	30	30	30	0	-30	30	0	0	0	90	0	0	0	0	0	0	0	0	3.0	0	15	16764879	0	0	0	0	0	0	0	0	0	0	0	0	0	0	0	0	0	0	0	0	0.0
4284	ts:_setaou_okcusu	KNIGHT	MONSTER	RANGE	116	100		AGGR,GODSPEED	0	DEVIL	SLOW,TERROR	0	ch_bowman	0	96	119	65	29	0	0	0	0	141	289	52936	3	14	0	0	23904	0	102	110	150	100	2000	700	0	0	0	0	3	3	6	6	30	30	30	30	30	30	30	30	0	-30	20	0	0	0	90	0	0	0	0	0	0	0	0	3.0	0	15	16764879	0	0	0	0	0	0	0	0	0	0	0	0	0	0	0	0	0	0	0	0	0.0
4285	ts:_setaou_yargici	KNIGHT	MONSTER	MAGIC	118	100		AGGR,REVIVE	0	DEVIL	SLOW,TERROR	0	ch_magician	0	98	63	125	29	0	0	0	0	144	306	72137	4	14	0	0	24424	0	108	110	150	100	2000	700	0	0	0	10	0	10	2	2	30	30	30	30	30	30	30	30	0	-30	40	0	0	0	90	0	0	0	0	0	0	0	0	3.0	0	30	16764879	0	0	0	0	0	0	0	0	0	0	0	0	0	0	0	0	0	0	0	0	0.0
4286	ts:_setaou_komutani	S_KNIGHT	MONSTER	MELEE	120	100		AGGR,STONESKIN,FALL	0	DEVIL	SLOW,TERROR	0	ch_officer	0	124	94	68	30	0	0	0	0	147	323	105920	5	20	0	0	49896	0	115	105	130	100	2000	50	0	0	0	5	0	5	8	8	30	30	30	30	30	30	30	30	0	-30	-10	0	0	0	90	0	0	0	0	0	0	0	0	3.0	0	20	16764879	0	0	0	0	0	0	0	0	0	0	0	0	0	0	0	0	0	0	0	0	0.0
4287	ts:_yuzbasi_yonghan	S_KNIGHT	MONSTER	MELEE	116	100		AGGR,BERSERK,DEATHBLOW,REVIVE	0	DEVIL	STUN,SLOW,TERROR	0	ch_general	0	124	94	68	30	0	0	0	0	144	268	640000	2	9	0	0	53640	0	109	140	130	100	2000	100	0	0	0	0	0	5	15	15	30	30	30	30	30	30	30	30	0	-30	20	0	0	0	90	0	0	0	0	0	0	0	0	3.0	4280	35	0	0	0	0	0	0	0	0	0	0	0	0	0	0	0	0	0	0	0	0	0	0.0
4288	ts:_yuzbasi_yonghan	S_KNIGHT	MONSTER	MELEE	110	100		AGGR,BERSERK,DEATHBLOW,REVIVE	0	DEVIL	STUN,SLOW,TERROR	0	ch_general	0	124	94	68	30	0	0	0	0	144	268	600000	4	14	0	0	53640	0	109	140	130	100	2000	100	0	0	0	0	0	5	10	20	30	30	30	30	30	30	30	30	0	-30	20	0	0	0	90	0	0	0	0	0	0	0	0	3.0	4280	35	0	0	0	0	0	0	0	0	0	0	0	0	0	0	0	0	0	0	0	0	0	0.0
4289	ts:_general_yonghan	BOSS	MONSTER	MELEE	115	100		AGGR,BERSERK,DEATHBLOW,REVIVE,FALL	0	DEVIL	STUN,SLOW,TERROR	0	ch_general	0	124	94	68	30	0	0	0	0	147	308	800000	17	30	0	0	547920	0	112	140	130	100	2000	100	0	0	0	5	5	15	10	10	30	30	30	30	30	30	30	30	0	-20	20	0	0	0	90	0	0	0	0	0	0	0	0	4.0	4286	40	0	0	0	0	0	0	0	0	0	0	0	0	0	0	0	0	0	0	0	0	0	0.0
4290	ts:_general_yonghan	BOSS	MONSTER	MELEE	115	100		AGGR,BERSERK,DEATHBLOW,REVIVE,FALL	0	DEVIL	STUN,SLOW,TERROR	0	ch_general	0	124	94	68	30	0	0	0	0	147	308	500000	8	16	0	0	547920	0	112	140	130	100	2000	100	0	0	0	5	5	15	10	10	30	30	30	30	30	30	30	30	0	-20	20	0	0	0	90	0	0	0	0	0	0	0	0	4.0	4286	40	0	0	0	0	0	0	0	0	0	0	0	0	0	0	0	0	0	0	0	0	0	0.0
4300	ts:_kor_alev_hayaleti	PAWN	MONSTER	MAGIC	110	100		AGGR,GODSPEED	0		SLOW,TERROR	0	fire_ghost	0	130	67	133	31	0	0	0	0	389	441	38458	3	5	0	0	1587	0	110	110	110	100	2000	850	0	0	0	0	0	0	0	10	30	30	30	30	30	30	30	30	-30	0	0	0	0	0	0	90	0	0	0	0	0	0	0	3.0	0	5	0	0	0	0	0	0	0	0	0	0	0	0	0	0	0	0	0	0	0	0	0	0.0
4301	ts:_kor_alev_kaplani	PAWN	MONSTER	MELEE	112	100		AGGR,REVIVE	0		SLOW,TERROR	0	fire_tiger_boss	0	131	68	134	31	0	0	0	0	390	443	78022	3	5	0	0	3848	0	131	110	110	100	2000	100	0	0	0	0	5	0	0	12	30	30	30	30	30	30	30	30	-30	0	0	0	0	0	0	90	0	0	0	0	0	0	0	3.0	0	10	0	0	0	0	0	0	0	0	0	0	0	0	0	0	0	0	0	0	0	0	0	0.0
4302	ts:_kor_alev	S_PAWN	MONSTER	MELEE	113	100		AGGR,STONESKIN	0		SLOW,TERROR	0	fire_man	0	74	133	72	32	0	0	0	0	394	447	80228	5	7	0	0	3924	0	133	110	110	100	2000	100	0	0	0	0	3	0	3	15	30	30	30	30	30	30	30	30	-30	0	0	0	0	0	0	90	0	0	0	0	0	0	0	3.0	0	15	0	0	0	0	0	0	0	0	0	0	0	0	0	0	0	0	0	0	0	0	0	0.0
4303	ts:_kor_alev_savascisi	S_PAWN	MONSTER	MELEE	113	100		AGGR,GODSPEED,FALL	0		SLOW,TERROR	0	fire_knight	0	130	67	133	31	0	0	0	0	389	441	38458	3	5	0	0	1587	0	110	110	110	100	2000	100	0	0	0	0	0	0	0	10	30	30	30	30	30	30	30	30	-30	0	0	0	0	0	0	90	0	0	0	0	0	0	0	2.0	0	5	0	0	0	0	0	0	0	0	0	0	0	0	0	0	0	0	0	0	0	0	0	0.0
4304	ts:_kor_alev_krali	KNIGHT	MONSTER	MELEE	116	100		AGGR,REVIVE	0		SLOW,TERROR	0	fire_king	0	131	68	134	31	0	0	0	0	390	443	78022	3	5	0	0	3848	0	131	110	110	100	2000	100	0	0	0	0	5	0	0	12	30	30	30	30	30	30	30	30	-30	0	0	0	0	0	0	90	0	0	0	0	0	0	0	3.0	0	10	0	0	0	0	0	0	0	0	0	0	0	0	0	0	0	0	0	0	0	0	0	0.0
4305	ts:_kor_alev_kaplani	KNIGHT	MONSTER	MELEE	116	100		AGGR,STONESKIN	0		SLOW,TERROR	0	firegolem_soldier	0	74	133	72	32	0	0	0	0	394	447	80228	5	7	0	0	3924	0	133	110	110	100	2000	100	0	0	0	0	3	0	3	15	30	30	30	30	30	30	30	30	-30	0	0	0	0	0	0	90	0	0	0	0	0	0	0	3.0	0	15	0	0	0	0	0	0	0	0	0	0	0	0	0	0	0	0	0	0	0	0	0	0.0
4306	ts:_kor_alev_sakallisi	KNIGHT	MONSTER	MELEE	118	100		AGGR,BERSERK	0		SLOW,TERROR	0	firegolem_magician	0	135	70	138	32	0	0	0	0	374	471	145252	5	10	0	0	11888	0	155	110	110	100	2000	100	0	0	0	0	0	10	10	16	30	30	30	30	30	30	30	30	-30	0	0	0	0	0	0	90	0	0	0	0	0	0	0	3.0	0	15	0	0	0	0	0	0	0	0	0	0	0	0	0	0	0	0	0	0	0	0	0	0.0
4307	ts:_kor_alev_generali	S_KNIGHT	MONSTER	MELEE	118	100		AGGR,GODSPEED	0		SLOW,TERROR	0	firegolem_general	0	136	70	139	32	0	0	0	0	375	473	294424	5	15	0	0	28674	0	188	110	110	100	2000	100	0	0	0	0	5	0	5	15	30	30	30	30	30	30	30	30	-30	0	0	0	0	0	0	90	0	0	0	0	0	0	0	3.0	0	15	0	0	0	0	0	0	0	0	0	0	0	0	0	0	0	0	0	0	0	0	0	0.0
4308	ts:_kor_alev_lordu	S_KNIGHT	MONSTER	MELEE	120	100		AGGR,BERSERK,STONESKIN,DEATHBLOW,REVIVE,FALL	0		STUN,SLOW,TERROR	0	firegolem_boss	0	104	137	74	33	0	0	0	0	354	497	993544	10	15	0	0	139519	0	222	110	110	100	2000	100	0	0	0	0	0	0	3	15	30	30	30	30	30	30	30	30	-30	0	0	0	0	0	0	90	0	0	0	0	0	0	0	4.0	0	20	0	0	0	0	0	0	0	0	0	0	0	0	0	0	0	0	0	0	0	0	0	0.0
4309	ts:_ignator	S_KNIGHT	MONSTER	MELEE	120	100		AGGR,BERSERK,STONESKIN,DEATHBLOW,REVIVE,FALL	0		STUN,SLOW,TERROR	0	firegolem_boss	0	104	137	74	33	0	0	0	0	354	497	993544	10	15	0	0	139519	0	222	110	110	100	2000	100	0	0	0	0	0	0	3	15	30	30	30	30	30	30	30	30	-30	0	0	0	0	0	0	90	0	0	0	0	0	0	0	4.0	4307	20	0	0	0	0	0	0	0	0	0	0	0	0	0	0	0	0	0	0	0	0	0	0.0
4320	ts:_ayaz_kristali	PAWN	MONSTER	MAGIC	110	100		AGGR,GODSPEED	0		SLOW,TERROR	0	ice_snow_monster	0	130	67	133	31	0	0	0	0	389	441	58458	3	5	0	0	1587	0	110	110	110	100	2000	850	0	0	0	0	0	0	0	10	30	30	30	30	30	30	30	30	0	0	0	0	0	0	0	0	90	0	0	0	0	-30	0	3.0	0	5	0	0	0	0	0	0	0	0	0	0	0	0	0	0	0	0	0	0	0	0	0	0.0
4321	ts:_ayaz_bocegi	PAWN	MONSTER	MELEE	110	100		AGGR,REVIVE	0		SLOW,TERROR	0	ice_snow_insect	0	131	68	134	31	0	0	0	0	390	443	78022	3	5	0	0	3848	0	131	110	110	100	2000	100	0	0	0	0	5	0	0	12	30	30	30	30	30	30	30	30	0	0	0	0	0	0	0	0	90	0	0	0	0	-30	0	3.0	0	10	0	0	0	0	0	0	0	0	0	0	0	0	0	0	0	0	0	0	0	0	0	0.0
4322	ts:_ayaz_adam	S_PAWN	MONSTER	MELEE	113	100		AGGR,STONESKIN	0		SLOW,TERROR	0	ice_snow_man	0	74	133	72	32	0	0	0	0	394	447	80228	5	7	0	0	3924	0	133	110	110	100	2000	100	0	0	0	0	3	0	3	15	30	30	30	30	30	30	30	30	0	0	0	0	0	0	0	0	90	0	0	0	0	-30	0	3.0	0	15	0	0	0	0	0	0	0	0	0	0	0	0	0	0	0	0	0	0	0	0	0	0.0
4323	ts:_ayaz_yetisi	S_PAWN	MONSTER	MELEE	113	100		AGGR,GODSPEED,FALL	0		SLOW,TERROR	0	ice_snow_giant_man	0	130	67	133	31	0	0	0	0	389	441	58458	3	5	0	0	1587	0	110	110	110	100	2000	100	0	0	0	0	0	0	0	10	30	30	30	30	30	30	30	30	0	0	0	0	0	0	0	0	90	0	0	0	0	-30	0	3.0	0	5	0	0	0	0	0	0	0	0	0	0	0	0	0	0	0	0	0	0	0	0	0	0.0
4324	ts:_ayaz_golemi	KNIGHT	MONSTER	MELEE	116	100		AGGR,REVIVE	0		SLOW,TERROR	0	ice_snow_golem	0	131	68	134	31	0	0	0	0	390	443	78022	3	5	0	0	3848	0	131	110	110	100	2000	100	0	0	0	0	5	0	0	12	30	30	30	30	30	30	30	30	0	0	0	0	0	0	0	0	90	0	0	0	0	-30	0	3.0	0	10	0	0	0	0	0	0	0	0	0	0	0	0	0	0	0	0	0	0	0	0	0	0.0
4325	ts:_ayaz_trolu	KNIGHT	MONSTER	MELEE	116	100		AGGR,STONESKIN	0		SLOW,TERROR	0	icegolem_soldier	0	74	133	72	32	0	0	0	0	394	447	80228	5	7	0	0	3924	0	133	110	110	100	2000	100	0	0	0	0	3	0	3	15	30	30	30	30	30	30	30	30	0	0	0	0	0	0	0	0	90	0	0	0	0	-30	0	3.0	0	15	0	0	0	0	0	0	0	0	0	0	0	0	0	0	0	0	0	0	0	0	0	0.0
4326	ts:_ayaz_sakal	KNIGHT	MONSTER	MELEE	118	100		AGGR,BERSERK	0		SLOW,TERROR	0	icegolem_magician	0	135	70	138	32	0	0	0	0	374	471	145252	5	10	0	0	11888	0	155	110	110	100	2000	100	0	0	0	0	0	10	10	16	30	30	30	30	30	30	30	30	0	0	0	0	0	0	0	0	90	0	0	0	0	-30	0	3.0	0	15	0	0	0	0	0	0	0	0	0	0	0	0	0	0	0	0	0	0	0	0	0	0.0
4327	ts:_ayaz_generali	S_KNIGHT	MONSTER	MELEE	118	100		AGGR,GODSPEED	0		SLOW,TERROR	0	icegolem_general	0	136	70	139	32	0	0	0	0	375	473	294424	5	15	0	0	28674	0	188	110	110	100	2000	100	0	0	0	0	5	0	5	15	30	30	30	30	30	30	30	30	0	0	0	0	0	0	0	0	90	0	0	0	0	-20	0	3.0	0	15	0	0	0	0	0	0	0	0	0	0	0	0	0	0	0	0	0	0	0	0	0	0.0
4328	ts:_ayaz_lordu	S_KNIGHT	MONSTER	MELEE	120	100		AGGR,BERSERK,STONESKIN,DEATHBLOW,REVIVE,FALL	0		STUN,SLOW,TERROR	0	icegolem_boss	0	104	137	74	33	0	0	0	0	354	497	993544	10	15	0	0	139519	0	222	110	110	100	2000	100	0	0	0	0	0	0	3	15	30	30	30	30	30	30	30	30	0	0	0	0	0	0	0	0	90	0	0	0	0	-20	0	4.0	0	20	0	0	0	0	0	0	0	0	0	0	0	0	0	0	0	0	0	0	0	0	0	0.0
4329	ts:_magma_yeti	BOSS	MONSTER	MELEE	120	100		AGGR,BERSERK,STONESKIN,DEATHBLOW,REVIVE,FALL	0		STUN,SLOW,TERROR	0	icegolem_boss	0	104	137	74	33	0	0	0	0	354	497	993544	10	15	0	0	139519	0	222	110	110	100	2000	100	0	0	0	0	0	0	3	15	30	30	30	30	30	30	30	30	0	0	0	0	0	0	0	0	90	0	0	0	0	-10	0	4.0	4327	20	0	0	0	0	0	0	0	0	0	0	0	0	0	0	0	0	0	0	0	0	0	0.0
4340	ts:_en_tai_dovuscusu	PAWN	MONSTER	MELEE	107	130		AGGR	0	DEVIL	SLOW,TERROR	0	trent_soldier	0	117	89	64	28	0	0	0	0	179	287	61210	3	10	0	0	29200	0	122	110	120	100	2000	180	0	0	0	0	0	0	5	5	30	30	30	30	30	30	30	30	0	0	0	-70	0	0	0	0	0	90	0	0	0	0	0	3.0	0	15	0	0	0	0	0	0	0	0	0	0	0	0	0	0	0	0	0	0	0	0	0	0.0
4341	ts:_en_tai_savascisi	S_PAWN	MONSTER	MELEE	109	140		AGGR,STONESKIN	0	DEVIL	SLOW,TERROR	0	trent_soldier	0	120	92	68	30	0	0	0	0	183	298	80638	4	14	0	0	34720	0	129	110	130	100	2000	180	0	0	0	0	5	5	10	16	30	30	30	30	30	30	30	30	0	0	0	-60	0	0	0	0	0	90	0	0	0	0	0	3.0	0	15	0	0	0	0	0	0	0	0	0	0	0	0	0	0	0	0	0	0	0	0	0	0.0
4342	ts:_en_tai_rahibi	S_PAWN	MONSTER	MAGIC	111	140		AGGR,STONESKIN	0	DEVIL	SLOW,TERROR	0	trent_magic	0	71	119	130	30	0	0	0	0	211	286	59126	5	7	0	0	42561	0	116	110	110	100	2000	850	0	0	0	0	3	0	3	15	30	30	30	30	30	30	30	30	0	0	15	-60	0	0	0	0	0	90	0	0	0	0	0	3.0	0	15	0	0	0	0	0	0	0	0	0	0	0	0	0	0	0	0	0	0	0	0	0	0.0
4343	ts:_en_tai_sifacisi	KNIGHT	MONSTER	MAGIC	112	140		AGGR,BERSERK	0	DEVIL	SLOW,TERROR	0	trent_magic	0	72	98	128	30	0	0	0	0	211	298	84318	5	7	0	0	45480	0	127	110	110	100	2000	850	0	0	0	0	3	0	3	15	30	30	30	30	30	30	30	30	0	0	15	-50	0	0	0	0	0	90	0	0	0	0	0	3.0	0	15	0	0	0	0	0	0	0	0	0	0	0	0	0	0	0	0	0	0	0	0	0	0.0
4344	ts:_en_tai_imhacisi	S_KNIGHT	MONSTER	MELEE	113	90		AGGR,BERSERK,FALL	0	DEVIL	SLOW,TERROR	0	trent_general	0	130	67	133	31	0	0	0	0	226	302	217140	10	14	0	0	63856	0	152	110	110	100	2000	100	0	0	0	0	0	0	3	15	30	30	30	30	30	30	30	30	0	0	0	-40	0	0	0	0	0	90	0	0	0	0	0	4.0	4340	20	0	0	10	256	0	0	0	0	0	0	0	0	0	0	0	0	0	0	0	0	0	0.0
4345	ts:_en_tai_hukumdari	BOSS	MONSTER	MELEE	128	100		AGGR,BERSERK,STONESKIN,DEATHBLOW,REVIVE,FALL	0	DEVIL	STUN,SLOW,TERROR	0	trent_boss	0	133	69	136	32	0	0	0	0	212	320	822784	10	15	0	0	621504	0	181	110	110	100	2000	300	0	0	0	0	0	0	3	15	30	30	30	30	30	30	30	30	0	0	0	-30	0	0	0	0	0	90	0	0	0	0	0	4.0	4343	25	0	0	15	256	0	0	0	0	0	0	0	0	0	0	0	0	0	0	0	0	0	0.0
4346	ts:_ochao_sifacisi	S_PAWN	MONSTER	MAGIC	113	140		AGGR,STONESKIN,HEALER	0	DEVIL	SLOW,TERROR	0	lemures_magic	0	98	129	70	31	0	0	0	0	187	258	318318	5	5	0	0	11811	0	128	120	110	100	2000	850	0	0	0	0	3	0	3	15	30	30	30	30	30	30	30	30	0	0	0	-60	0	0	0	0	0	90	0	0	0	0	0	3.0	0	15	0	0	20	265	0	0	0	0	0	0	0	0	0	0	0	0	0	0	0	0	0	0.0
4347	ts:_en_tai_dovuscusu	PAWN	MONSTER	MELEE	119	130		AGGR	0	DEVIL	SLOW,TERROR	0	trent_soldier	0	117	89	64	28	0	0	0	0	189	297	61373	3	10	0	0	32800	0	122	110	120	100	2000	180	0	0	0	0	0	0	5	5	30	30	30	30	30	30	30	30	0	0	0	-70	0	0	0	0	0	90	0	0	0	0	0	3.0	0	15	0	0	0	0	0	0	0	0	0	0	0	0	0	0	0	0	0	0	0	0	0	0.0
4348	ts:_en_tai_savascisi	S_PAWN	MONSTER	MELEE	120	140		AGGR,STONESKIN	0	DEVIL	SLOW,TERROR	0	trent_soldier	0	120	92	68	30	0	0	0	0	193	308	78829	4	14	0	0	38320	0	129	110	130	100	2000	180	0	0	0	0	5	5	10	16	30	30	30	30	30	30	30	30	0	0	0	-60	0	0	0	0	0	90	0	0	0	0	0	3.0	0	15	0	0	0	0	0	0	0	0	0	0	0	0	0	0	0	0	0	0	0	0	0	0.0
4349	ts:_en_tai_rahibi	S_PAWN	MONSTER	MAGIC	120	140		AGGR,STONESKIN	0	DEVIL	SLOW,TERROR	0	trent_magic	0	71	119	130	30	0	0	0	0	221	296	105463	5	7	0	0	46161	0	116	110	110	100	2000	850	0	0	0	0	3	0	3	15	30	30	30	30	30	30	30	30	0	0	15	-60	0	0	0	0	0	90	0	0	0	0	0	4.0	0	15	0	0	0	0	0	0	0	0	0	0	0	0	0	0	0	0	0	0	0	0	0	0.0
4350	ts:_en_tai_sifacisi	KNIGHT	MONSTER	MAGIC	121	140		AGGR,BERSERK	0	DEVIL	SLOW,TERROR	0	trent_magic	0	72	98	128	30	0	0	0	0	221	308	112213	5	7	0	0	49080	0	127	110	110	100	2000	850	0	0	0	0	3	0	3	15	30	30	30	30	30	30	30	30	0	0	15	-50	0	0	0	0	0	90	0	0	0	0	0	4.0	0	15	0	0	0	0	0	0	0	0	0	0	0	0	0	0	0	0	0	0	0	0	0	0.0
4351	ts:_en_tai_imhacisi	S_KNIGHT	MONSTER	MELEE	125	90		AGGR,BERSERK,FALL	0	DEVIL	SLOW,TERROR	0	trent_general	0	130	67	133	31	0	0	0	0	236	312	221140	10	14	0	0	67456	0	152	110	110	100	2000	100	0	0	0	0	0	0	3	15	30	30	30	30	30	30	30	30	0	0	0	-40	0	0	0	0	0	90	0	0	0	0	0	4.0	4347	20	0	0	10	256	0	0	0	0	0	0	0	0	0	0	0	0	0	0	0	0	0	0.0
4352	ts:_bagjanamu	BOSS	MONSTER	MELEE	130	130		AGGR,BERSERK,STONESKIN,DEATHBLOW,REVIVE,FALL	0	DEVIL	STUN,SLOW,TERROR	0	trent_boss2	0	136	70	139	33	0	0	0	0	354	517	1959994	30	15	0	0	1385646	0	270	110	110	100	2000	300	0	0	0	0	5	5	10	15	30	30	30	30	30	30	30	30	0	0	0	-30	0	0	0	0	0	90	0	0	0	0	0	4.0	4350	25	0	0	20	256	0	0	0	0	0	0	0	0	0	0	0	0	0	0	0	0	0	0.0
4353	ts:_ochao_askeri	S_PAWN	MONSTER	MELEE	109	130		AGGR,REVIVE,FALL	0	DEVIL	SLOW,TERROR	0	lemures_soldier2	0	127	97	69	30	0	0	0	0	199	276	76648	4	7	0	0	13506	0	127	110	110	100	2000	100	0	0	0	0	5	0	0	12	30	30	30	30	30	30	30	30	0	0	0	-60	0	0	0	0	0	90	0	0	0	0	0	3.0	0	10	0	0	0	0	0	0	0	0	0	0	0	0	0	0	0	0	0	0	0	0	0	0.0
4354	ts:_ochao_buyucusu	S_PAWN	MONSTER	MAGIC	110	100		AGGR,STONESKIN	0	DEVIL	SLOW,TERROR	0	lemures_magic	0	98	129	70	31	0	0	0	0	207	288	75511	4	14	0	0	13656	0	113	110	110	100	2000	850	0	0	0	0	3	0	3	15	30	30	30	30	30	30	30	30	0	0	15	-60	0	0	0	0	0	90	0	0	0	0	0	3.0	0	15	0	0	0	0	0	0	0	0	0	0	0	0	0	0	0	0	0	0	0	0	0	0.0
4355	ts:_ochao_celladi	KNIGHT	MONSTER	MELEE	111	100		AGGR,BERSERK	0	DEVIL	SLOW,TERROR	0	lemures_officer	0	130	67	133	31	0	0	0	0	193	292	99213	5	14	0	0	30379	0	150	110	110	100	2000	100	0	0	0	0	0	10	10	16	30	30	30	30	30	30	30	30	0	0	0	-50	0	0	0	0	0	90	0	0	0	0	0	3.0	0	15	0	0	0	0	0	0	0	0	0	0	0	0	0	0	0	0	0	0	0	0	0	0.0
4356	ts:_ochao_generali	S_KNIGHT	MONSTER	MELEE	112	100		AGGR	0	DEVIL	SLOW,TERROR	0	lemures_general	0	131	68	134	31	0	0	0	0	206	294	194814	7	15	0	0	47496	0	181	200	110	100	2000	100	0	0	0	0	5	0	5	15	30	30	30	30	30	30	30	30	0	0	0	-40	0	0	0	0	0	90	0	0	0	0	0	4.0	0	15	0	0	0	0	0	0	0	0	0	0	0	0	0	0	0	0	0	0	0	0	0	0.0
4400	zc:_beran_setaou	KING	MONSTER	MELEE	122	100		AGGR,BERSERK,STONESKIN,FALL	0	DRAGON	STUN,SLOW,TERROR	0	blue_dragon	0	153	114	86	37	0	0	0	0	189	379	6300000	44	6	0	0	4633200	0	930	150	180	100	2000	350	0	0	25	25	25	25	25	25	60	60	60	60	60	60	60	60	0	-15	25	0	25	25	90	0	0	0	0	0	0	0	0	4.0	4200	100	0	0	0	0	0	0	0	0	0	0	0	0	0	0	0	0	0	0	0	0	0	0.0
4401	zc:_razador	BOSS	MONSTER	MELEE	130	100		AGGR,BERSERK,STONESKIN,DEATHBLOW,REVIVE,FALL	0		STUN,SLOW,TERROR	0	yamachun	0	133	66	133	33	0	0	0	0	356	490	2720757	30	20	0	0	5324571	0	356	110	110	100	2000	300	0	0	0	0	5	5	10	15	60	60	60	60	60	60	60	60	-15	0	0	0	0	0	0	90	0	0	0	0	0	0	0	4.0	4227	25	0	0	0	0	0	0	0	0	0	0	0	0	0	0	0	0	0	0	0	0	0	0.0
4402	zc:_nemere	BOSS	MONSTER	MELEE	130	100		AGGR,BERSERK,STONESKIN,DEATHBLOW,REVIVE,FALL	0		STUN,SLOW,TERROR	0	hanma_boss	0	133	66	133	33	0	0	0	0	356	490	2720757	30	20	0	0	5324571	0	356	110	110	100	2000	300	0	0	0	0	5	5	10	15	60	60	60	60	60	60	60	60	0	0	0	0	0	0	0	0	90	0	0	0	0	-15	0	4.0	4247	25	0	0	0	0	0	0	0	0	0	0	0	0	0	0	0	0	0	0	0	0	0	0.0
4403	zc:_jotun_thrym	KING	MONSTER	MELEE	135	140		AGGR,BERSERK,STONESKIN,DEATHBLOW,REVIVE,FALL	0	ORC	STUN,SLOW,TERROR	0	thunder_boss	0	133	66	133	33	0	0	0	0	346	470	3627676	30	2	0	0	5933200	0	456	110	110	100	2000	400	0	0	0	0	5	5	10	15	60	60	60	60	60	60	60	60	0	0	0	-20	0	0	0	0	0	90	0	0	0	0	0	4.0	4264	25	0	0	25	264	25	268	25	269	0	0	0	0	0	0	0	0	0	0	0	0	0	0.0
4410	ts:_beran_setaou	KING	MONSTER	MELEE	122	100		AGGR,BERSERK,STONESKIN,FALL	0	DRAGON	STUN,SLOW,TERROR	0	blue_dragon	0	153	114	86	37	0	0	0	0	189	379	7560000	44	6	0	0	4276800	0	950	150	180	100	2000	350	0	0	25	25	25	25	25	25	60	60	60	60	60	60	60	60	0	-15	25	0	25	25	90	0	0	0	0	0	0	0	0	4.0	4280	100	0	0	0	0	0	0	0	0	0	0	0	0	0	0	0	0	0	0	0	0	0	0.0
4411	ts:_razador	BOSS	MONSTER	MELEE	130	100		AGGR,BERSERK,STONESKIN,DEATHBLOW,REVIVE,FALL	0		STUN,SLOW,TERROR	0	yamachun	0	133	66	143	33	0	0	0	0	356	490	3627676	30	20	0	0	4732952	0	356	110	110	100	2000	300	0	0	0	0	5	5	10	15	60	60	60	60	60	60	60	60	-15	0	0	0	0	0	0	90	0	0	0	0	0	0	0	4.0	4307	25	0	0	0	0	0	0	0	0	0	0	0	0	0	0	0	0	0	0	0	0	0	0.0
4412	ts:_nemere	BOSS	MONSTER	MELEE	130	100		AGGR,BERSERK,STONESKIN,DEATHBLOW,REVIVE,FALL	0		STUN,SLOW,TERROR	0	hanma_boss	0	133	66	143	33	0	0	0	0	356	490	3627676	30	20	0	0	4732952	0	356	110	110	100	2000	300	0	0	0	0	5	5	10	15	60	60	60	60	60	60	60	60	0	0	0	0	0	0	0	0	90	0	0	0	0	-15	0	4.0	4327	25	0	0	0	0	0	0	0	0	0	0	0	0	0	0	0	0	0	0	0	0	0	0.0
4413	ts:_jotun_thrym	KING	MONSTER	MELEE	135	140		AGGR,BERSERK,STONESKIN,DEATHBLOW,REVIVE,FALL	0	ORC	STUN,SLOW,TERROR	0	thunder_boss	0	133	66	143	33	0	0	0	0	346	470	4171827	30	2	0	0	5476800	0	456	110	110	100	2000	400	0	0	0	0	5	5	10	15	60	60	60	60	60	60	60	60	0	0	0	-20	0	0	0	0	0	90	0	0	0	0	0	4.0	4351	25	0	0	25	264	25	268	25	269	0	0	0	0	0	0	0	0	0	0	0	0	0	0.0
4420	d:_en_tai_dovuscusu	PAWN	MONSTER	MELEE	117	110		AGGR,FALL	0	DEVIL	SLOW,TERROR	0	trent_soldier	0	112	84	56	28	0	0	0	0	189	267	23605	3	10	0	0	0	0	112	110	120	100	2000	180	0	0	5	0	5	5	5	5	20	10	10	5	-5	-5	5	5	0	0	0	0	0	0	0	0	30	0	0	0	0	-55	0	3.0	0	15	13619199	0	0	0	0	0	0	0	0	0	0	0	0	0	0	0	0	0	0	0	0	0.0
4421	d:_en_tai_savascisi	S_PAWN	MONSTER	MELEE	118	110		AGGR,BERSERK,FALL	0	DEVIL	SLOW,TERROR	0	trent_soldier	0	115	87	60	30	0	0	0	0	193	278	30319	4	10	0	0	0	0	119	110	130	100	2000	180	0	0	10	0	5	5	10	16	20	10	10	5	-5	-5	5	5	0	0	0	0	0	0	0	0	30	0	0	0	0	-50	0	3.0	0	15	13619199	0	0	0	0	0	0	0	0	0	0	0	0	0	0	0	0	0	0	0	0	0.0
4422	d:_en_tai_rahibi	S_PAWN	MONSTER	MAGIC	118	110		AGGR,STONESKIN,FALL	0	DEVIL	SLOW,TERROR	0	trent_magic	0	61	114	122	50	0	0	0	0	221	266	40563	5	10	0	0	0	0	106	110	110	100	2000	850	0	0	10	0	5	5	3	15	20	10	10	5	-5	-5	5	5	0	0	15	0	0	0	0	0	30	0	0	0	0	-45	0	3.0	0	15	13619199	0	0	0	0	0	0	0	0	0	0	0	0	0	0	0	0	0	0	0	0	0.0
4423	d:_en_tai_sifacisi	KNIGHT	MONSTER	MAGIC	119	110		AGGR,STONESKIN,FALL	0	DEVIL	SLOW,TERROR	0	trent_magic	0	62	93	120	50	0	0	0	0	221	278	43159	5	10	0	0	0	0	117	110	110	100	2000	850	0	0	15	0	5	5	3	15	20	10	10	5	-5	-5	5	5	0	0	15	0	0	0	0	0	30	0	0	0	0	-40	0	3.0	0	15	13619199	0	0	0	0	0	0	0	0	0	0	0	0	0	0	0	0	0	0	0	0	0.0
4424	d:_en_tai_imhacisi	S_KNIGHT	MONSTER	MELEE	120	110		AGGR,BERSERK,STONESKIN,DEATHBLOW,FALL	0	DEVIL	STUN,SLOW,TERROR	0	trent_general	0	125	114	125	31	0	0	0	0	236	282	110570	10	10	0	0	0	0	142	110	110	100	2000	100	0	0	20	5	5	5	10	15	20	40	40	10	-5	-5	10	10	0	0	0	0	0	0	0	0	30	0	0	0	0	-35	0	4.0	0	20	13619199	0	0	0	0	0	0	0	0	0	0	0	0	0	0	0	0	0	0	0	0	0.0
4429	d:_bagjanamu	KING	MONSTER	MELEE	120	120		AGGR,BERSERK,STONESKIN,DEATHBLOW,REVIVE,NORECOVERY,FALL	0	DEVIL,AWEAKEN	STUN,SLOW,TERROR,UNK_IMMUNE_FLAG4,UNK_IMMUNE_FLAG5,UNK_IMMUNE_FLAG6,UNK_IMMUNE_FLAG7,UNK_IMMUNE_FLAG8	0	w_trent_boss2	0	150	132	150	90	0	0	0	0	389	487	50000000	0	0	0	0	0	0	260	110	130	100	2000	450	0	0	50	10	5	5	25	20	40	40	40	40	20	20	40	40	0	0	0	0	10	10	0	0	30	0	0	0	0	-30	0	4.0	0	25	13619199	0	0	0	0	0	0	0	0	0	0	0	0	0	0	0	0	0	0	0	0	0.0
4430	d:_gnoll_okcu	S_PAWN	MONSTER	RANGE	117	110		AGGR,FALL	0	ANIMAL	SLOW,TERROR	0	gnoll_bow	0	112	114	56	28	0	0	0	0	189	267	23605	3	10	0	0	0	0	112	110	120	100	2000	850	0	0	5	0	5	5	5	5	20	10	10	5	-5	-5	5	5	0	-55	0	0	0	0	30	0	0	0	0	0	0	0	0	3.0	0	15	10066380	0	0	0	0	0	0	0	0	0	0	0	0	0	0	0	0	0	0	0	0	0.0
4431	d:_kiklop_asker	S_PAWN	MONSTER	MELEE	118	110		AGGR,GODSPEED,FALL	0	ORC	SLOW,TERROR	0	cyclops_soldier2	0	115	87	60	30	0	0	0	0	193	278	30319	4	10	0	0	0	0	119	110	130	100	2000	180	0	0	10	0	5	5	10	16	20	10	10	5	-5	-5	5	5	0	-50	0	0	0	0	30	0	0	0	0	0	0	0	0	3.0	0	15	10066380	0	0	0	0	0	0	0	0	0	0	0	0	0	0	0	0	0	0	0	0	0.0
4432	d:_kiklop_buyucu	S_PAWN	MONSTER	MAGIC	118	110		AGGR,STONESKIN,FALL	0	ORC	SLOW,TERROR	0	cyclops_magic	0	61	114	122	50	0	0	0	0	221	266	40563	5	10	0	0	0	0	106	110	110	100	2000	850	0	0	10	0	5	5	3	15	20	10	10	5	-5	-5	5	5	0	-45	0	0	0	0	30	0	0	0	0	0	0	0	0	3.0	0	15	10066380	0	0	0	0	0	0	0	0	0	0	0	0	0	0	0	0	0	0	0	0	0.0
4433	d:_kiklop_cellat	KNIGHT	MONSTER	MELEE	119	110		AGGR,BERSERK,FALL	0	ORC	SLOW,TERROR	0	cyclops_officer	0	120	93	120	30	0	0	0	0	221	278	43159	5	10	0	0	0	0	117	110	110	100	2000	180	0	0	15	0	5	5	3	15	20	10	10	5	-5	-5	5	5	0	-40	0	0	0	0	30	0	0	0	0	0	0	0	0	3.0	0	15	10066380	0	0	0	0	0	0	0	0	0	0	0	0	0	0	0	0	0	0	0	0	0.0
4434	d:_general_outis	S_KNIGHT	MONSTER	MELEE	120	110		AGGR,BERSERK,STONESKIN,DEATHBLOW,FALL	0	ORC	STUN,SLOW,TERROR	0	cyclops_general	0	125	114	125	31	0	0	0	0	236	282	110570	10	10	0	0	0	0	142	110	110	100	2000	180	0	0	20	5	5	5	10	15	20	40	40	10	-5	-5	10	10	0	-35	0	0	0	0	30	0	0	0	0	0	0	0	0	4.0	0	20	10066380	0	0	0	0	0	0	0	0	0	0	0	0	0	0	0	0	0	0	0	0	0.0
4439	d:_polyphemos	KING	MONSTER	MELEE	120	120		AGGR,BERSERK,STONESKIN,DEATHBLOW,REVIVE,NORECOVERY,FALL	0	ORC,AWEAKEN	STUN,SLOW,TERROR,UNK_IMMUNE_FLAG4,UNK_IMMUNE_FLAG5,UNK_IMMUNE_FLAG6,UNK_IMMUNE_FLAG7,UNK_IMMUNE_FLAG8	0	w_cyclops_boss2	0	150	132	150	90	0	0	0	0	389	487	50000000	0	0	0	0	0	0	260	110	130	100	2000	450	0	0	50	10	5	5	25	20	40	40	40	40	20	20	40	40	0	-30	0	0	10	10	30	0	0	0	0	0	0	0	0	4.0	0	25	10066380	0	0	0	0	0	0	0	0	0	0	0	0	0	0	0	0	0	0	0	0	0.0
4440	d:_cehennem_okcusu	S_PAWN	MONSTER	RANGE	117	110		AGGR,FALL	0	UNDEAD	SLOW,TERROR	0	zombie_soldier_bow	0	112	114	56	28	0	0	0	0	189	267	23605	3	10	0	0	0	0	112	110	120	100	2000	850	0	0	5	0	5	5	5	5	20	10	10	5	-5	-5	5	5	0	0	0	0	10	0	0	0	0	0	0	30	-55	0	0	3.0	0	15	16764159	0	0	0	0	0	0	0	0	0	0	0	0	0	0	0	0	0	0	0	0	0.0
4441	d:_cehennem_mizrakcisi	S_PAWN	MONSTER	MELEE	118	110		AGGR,BERSERK,FALL	0	UNDEAD	SLOW,TERROR	0	zombie_soldier_spear	0	115	87	60	30	0	0	0	0	193	278	30319	4	10	0	0	0	0	119	110	130	100	2000	180	0	0	10	0	5	5	10	16	20	10	10	5	-5	-5	5	5	0	0	0	0	10	0	0	0	0	0	0	30	-50	0	0	3.0	0	15	16764159	0	0	0	0	0	0	0	0	0	0	0	0	0	0	0	0	0	0	0	0	0.0
4442	d:_cehennem_papazi	KNIGHT	MONSTER	MAGIC	118	110		AGGR,STONESKIN,FALL	0	UNDEAD	SLOW,TERROR	0	zombie_magician	0	61	114	122	50	0	0	0	0	221	266	40563	5	10	0	0	0	0	106	110	110	100	2000	850	0	0	10	0	5	5	3	15	20	10	10	5	-5	-5	5	5	0	0	25	0	10	0	0	0	0	0	0	30	-45	0	0	3.0	0	15	16764159	0	0	0	0	0	0	0	0	0	0	0	0	0	0	0	0	0	0	0	0	0.0
4443	d:_cehennem_binbasisi	KNIGHT	MONSTER	MELEE	119	110		AGGR,GODSPEED,FALL	0	UNDEAD	SLOW,TERROR	0	zombie_bigboss	0	120	93	120	30	0	0	0	0	221	278	43159	5	10	0	0	0	0	117	110	110	100	2000	180	0	0	15	0	5	5	3	15	20	10	10	5	-5	-5	5	5	0	0	30	0	10	0	0	0	0	0	0	30	-40	0	0	3.0	0	15	16764159	0	0	0	0	0	0	0	0	0	0	0	0	0	0	0	0	0	0	0	0	0.0
4444	d:_cehennem_generali	S_KNIGHT	MONSTER	MELEE	120	110		AGGR,BERSERK,STONESKIN,DEATHBLOW,FALL	0	UNDEAD	STUN,SLOW,TERROR	0	zombie_general	0	125	114	125	31	0	0	0	0	236	282	110570	10	10	0	0	0	0	142	110	110	100	2000	180	0	0	20	5	5	5	10	15	20	40	40	10	-5	-5	10	10	0	0	40	0	10	0	0	0	0	0	0	30	-35	0	0	4.0	0	20	16764159	0	0	0	0	0	0	0	0	0	0	0	0	0	0	0	0	0	0	0	0	0.0
4449	d:_azrail	KING	MONSTER	MELEE	120	120		AGGR,BERSERK,STONESKIN,DEATHBLOW,REVIVE,NORECOVERY,FALL	0	UNDEAD,AWEAKEN	STUN,SLOW,TERROR,UNK_IMMUNE_FLAG4,UNK_IMMUNE_FLAG5,UNK_IMMUNE_FLAG6,UNK_IMMUNE_FLAG7,UNK_IMMUNE_FLAG8	0	w_zombie_bigboss2	0	150	132	150	90	0	0	0	0	389	487	50000000	0	0	0	0	0	0	260	110	130	100	2000	450	0	0	50	10	5	5	25	20	40	40	40	40	20	20	40	40	0	0	0	0	10	10	0	0	0	0	0	30	-30	0	0	4.0	0	25	16764159	0	0	0	0	0	0	0	0	0	0	0	0	0	0	0	0	0	0	0	0	0.0
4450	d:_agac_kurbagasi_askeri	S_PAWN	MONSTER	MELEE	117	110		AGGR,FALL	0		SLOW,TERROR	0	greenfrog_soldier	0	112	84	56	28	0	0	0	0	189	267	23605	3	10	0	0	0	0	112	110	120	100	2000	180	0	0	5	0	5	5	5	5	20	10	10	5	-5	-5	5	5	0	0	0	-55	0	0	0	0	0	30	0	0	0	0	0	3.0	0	15	13434828	0	0	0	0	0	0	0	0	0	0	0	0	0	0	0	0	0	0	0	0	0.0
4451	d:_agac_kurbagasi_lideri	S_PAWN	MONSTER	MELEE	118	110		AGGR,GODSPEED,FALL	0		SLOW,TERROR	0	greenfrog_general	0	115	87	60	30	0	0	0	0	193	278	30319	4	10	0	0	0	0	119	110	130	100	2000	180	0	0	10	0	5	5	10	16	20	10	10	5	-5	-5	5	5	0	0	0	-50	0	0	0	0	0	30	0	0	0	0	0	3.0	0	15	13434828	0	0	0	0	0	0	0	0	0	0	0	0	0	0	0	0	0	0	0	0	0.0
4452	d:_gulyabani	KNIGHT	MONSTER	MELEE	118	110		AGGR,STONESKIN,FALL	0		SLOW,TERROR	0	goblin_leafhead	0	115	90	100	30	0	0	0	0	221	266	40563	5	10	0	0	0	0	106	110	110	100	2000	180	0	0	10	0	5	5	3	15	20	10	10	5	-5	-5	5	5	0	0	0	-45	0	0	0	0	0	30	0	0	0	0	0	3.0	0	15	13434828	0	0	0	0	0	0	0	0	0	0	0	0	0	0	0	0	0	0	0	0	0.0
4453	d:_sari_kaplan_hayaleti	KNIGHT	MONSTER	MELEE	119	110		AGGR,BERSERK,FALL	0		SLOW,TERROR	0	yellow_tigerman	0	120	93	120	30	0	0	0	0	221	278	43159	5	10	0	0	0	0	117	110	110	100	2000	180	0	0	15	0	5	5	3	15	20	10	10	5	-5	-5	5	5	0	0	0	-40	0	0	0	0	0	30	0	0	0	0	0	3.0	0	15	0	0	0	0	0	0	0	0	0	0	0	0	0	0	0	0	0	0	0	0	0	0.0
4454	d:_kurbaga_generali	S_KNIGHT	MONSTER	MELEE	120	110		AGGR,BERSERK,STONESKIN,DEATHBLOW,FALL	0		STUN,SLOW,TERROR	0	sugu_general	0	125	114	125	31	0	0	0	0	236	282	110570	10	10	0	0	0	0	142	110	110	100	2000	180	0	0	20	5	5	5	10	15	20	40	40	10	-5	-5	10	10	0	0	0	-35	0	0	0	0	0	30	0	0	0	0	0	4.0	0	20	0	0	0	0	0	0	0	0	0	0	0	0	0	0	0	0	0	0	0	0	0	0.0
4459	d:_sari_kaplan_hayaleti	KING	MONSTER	MELEE	120	120		AGGR,BERSERK,STONESKIN,DEATHBLOW,REVIVE,NORECOVERY,FALL	0	AWEAKEN	STUN,SLOW,TERROR,UNK_IMMUNE_FLAG4,UNK_IMMUNE_FLAG5,UNK_IMMUNE_FLAG6,UNK_IMMUNE_FLAG7,UNK_IMMUNE_FLAG8	0	w_yellow_tigerman	0	150	132	150	90	0	0	0	0	389	487	50000000	0	0	0	0	0	0	260	110	130	100	2000	450	0	0	50	10	5	5	25	20	40	40	40	40	20	20	40	40	0	0	0	-30	10	10	0	0	0	30	0	0	0	0	0	4.0	0	25	0	0	0	0	0	0	0	0	0	0	0	0	0	0	0	0	0	0	0	0	0	0.0
4460	d:_kor_alev_hayaleti	S_PAWN	MONSTER	MAGIC	117	110		AGGR,FALL	0		SLOW,TERROR	0	fire_ghost	0	112	114	56	50	0	0	0	0	189	267	23605	3	10	0	0	0	0	112	110	120	100	2000	850	0	0	5	0	5	5	5	5	20	10	10	5	-5	-5	5	5	-55	0	0	0	0	0	0	30	0	0	0	0	0	0	0	3.0	0	15	11184810	0	0	0	0	0	0	0	0	0	0	0	0	0	0	0	0	0	0	0	0	0.0
4461	d:_kor_alev_kaplani	S_PAWN	MONSTER	MELEE	118	110		AGGR,GODSPEED,FALL	0		SLOW,TERROR	0	fire_tiger_boss	0	115	87	60	30	0	0	0	0	193	278	30319	4	10	0	0	0	0	119	110	130	100	2000	180	0	0	10	0	5	5	10	16	20	10	10	5	-5	-5	5	5	-50	0	0	0	0	0	0	30	0	0	0	0	0	0	0	3.0	0	15	11184810	0	0	0	0	0	0	0	0	0	0	0	0	0	0	0	0	0	0	0	0	0.0
4462	d:_kor_alev	KNIGHT	MONSTER	MELEE	118	110		AGGR,BERSERK,STONESKIN,FALL	0		SLOW,TERROR	0	fire_man	0	115	90	100	30	0	0	0	0	221	266	40563	5	10	0	0	0	0	106	110	110	100	2000	180	0	0	10	0	5	5	3	15	20	10	10	5	-5	-5	5	5	-45	0	0	0	0	0	0	30	0	0	0	0	0	0	0	3.0	0	15	11184810	0	0	0	0	0	0	0	0	0	0	0	0	0	0	0	0	0	0	0	0	0.0
4463	d:_kor_alev_savascisi	KNIGHT	MONSTER	MELEE	119	110		AGGR,BERSERK,FALL	0		SLOW,TERROR	0	fire_knight	0	120	93	120	30	0	0	0	0	221	278	43159	5	10	0	0	0	0	117	110	110	100	2000	180	0	0	15	0	5	5	3	15	20	10	10	5	-5	-5	5	5	-40	0	0	0	0	0	0	30	0	0	0	0	0	0	0	3.0	0	15	11184810	0	0	0	0	0	0	0	0	0	0	0	0	0	0	0	0	0	0	0	0	0.0
4464	w:_magma_kristali	S_KNIGHT	MONSTER	MAGIC	120	110		AGGR,STONESKIN,DEATHBLOW,FALL	0		STUN,SLOW,TERROR	0	magma_crystal	0	125	114	125	50	0	0	0	0	236	282	110570	10	10	0	0	0	0	142	110	110	100	2000	850	0	0	20	5	5	5	10	15	20	40	40	10	-5	-5	10	10	-35	0	0	0	0	0	0	30	0	0	0	0	0	0	0	4.0	0	20	11184810	0	0	0	0	0	0	0	0	0	0	0	0	0	0	0	0	0	0	0	0	0.0
4469	d:_ejderha_bekcisi_idall	KING	MONSTER	MELEE	120	120		AGGR,BERSERK,STONESKIN,DEATHBLOW,REVIVE,NORECOVERY,FALL	0	AWEAKEN	STUN,SLOW,TERROR,UNK_IMMUNE_FLAG4,UNK_IMMUNE_FLAG5,UNK_IMMUNE_FLAG6,UNK_IMMUNE_FLAG7,UNK_IMMUNE_FLAG8	0	w_reddragon_human_boss	0	150	132	150	90	0	0	0	0	389	487	50000000	0	0	0	0	0	0	260	110	130	100	2000	450	0	0	50	10	5	5	25	20	40	40	40	40	20	20	40	40	-30	0	0	0	10	10	0	30	0	0	0	0	0	0	0	4.0	0	25	11184810	0	0	0	0	0	0	0	0	0	0	0	0	0	0	0	0	0	0	0	0	0.0
4470	d:_cellatork	S_PAWN	MONSTER	MELEE	117	110		AGGR,FALL	0	ANIMAL	SLOW,TERROR	0	ogre_soldier	0	112	84	56	28	0	0	0	0	189	267	23605	3	10	0	0	0	0	112	110	120	100	2000	180	0	0	5	0	5	5	5	5	20	10	10	5	-5	-5	5	5	0	0	0	0	0	0	0	0	0	0	30	0	0	0	-55	3.0	0	15	13421823	0	0	0	0	0	0	0	0	0	0	0	0	0	0	0	0	0	0	0	0	0.0
4471	d:_okcu_ocu	S_PAWN	MONSTER	RANGE	118	110		AGGR,STONESKIN,FALL	0	ANIMAL	SLOW,TERROR	0	ogre_bow	0	115	114	60	30	0	0	0	0	193	278	30319	4	10	0	0	0	0	119	110	130	100	2000	850	0	0	10	0	5	5	10	16	20	10	10	5	-5	-5	5	5	0	0	0	0	0	0	0	0	0	0	30	0	0	0	-50	3.0	0	15	13421823	0	0	0	0	0	0	0	0	0	0	0	0	0	0	0	0	0	0	0	0	0.0
4472	d:_kavgaci_ocu	KNIGHT	MONSTER	MELEE	118	110		AGGR,STONESKIN,FALL	0	ANIMAL	SLOW,TERROR	0	ogre_officer	0	115	90	100	30	0	0	0	0	221	266	40563	5	10	0	0	0	0	106	110	110	100	2000	180	0	0	10	0	5	5	3	15	20	10	10	5	-5	-5	5	5	0	0	0	0	0	0	0	0	0	0	30	0	0	0	-45	3.0	0	15	13421823	0	0	0	0	0	0	0	0	0	0	0	0	0	0	0	0	0	0	0	0	0.0
4473	d:_ocu_buyucu	KNIGHT	MONSTER	MAGIC	119	110		AGGR,BERSERK,FALL	0	ANIMAL	SLOW,TERROR	0	ogre_magic	0	62	93	120	50	0	0	0	0	221	278	43159	5	10	0	0	0	0	117	110	110	100	2000	850	0	0	15	0	5	5	3	15	20	10	10	5	-5	-5	5	5	0	0	0	0	0	0	0	0	0	0	30	0	0	0	-40	3.0	0	15	13421823	0	0	0	0	0	0	0	0	0	0	0	0	0	0	0	0	0	0	0	0	0.0
4474	d:_general_ocu	S_KNIGHT	MONSTER	MELEE	120	110		AGGR,BERSERK,STONESKIN,DEATHBLOW,FALL	0	ANIMAL	STUN,SLOW,TERROR	0	ogre_general	0	125	114	125	31	0	0	0	0	236	282	110570	10	10	0	0	0	0	142	110	110	100	2000	180	0	0	20	5	5	5	10	15	20	40	40	10	-5	-5	10	10	0	0	0	0	0	0	0	0	0	0	30	0	0	0	-35	4.0	0	20	13421823	0	0	0	0	0	0	0	0	0	0	0	0	0	0	0	0	0	0	0	0	0.0
4479	d:_dev_ocu	KING	MONSTER	MELEE	120	120		AGGR,BERSERK,STONESKIN,DEATHBLOW,REVIVE,NORECOVERY,FALL	0	ANIMAL,AWEAKEN	STUN,SLOW,TERROR,UNK_IMMUNE_FLAG4,UNK_IMMUNE_FLAG5,UNK_IMMUNE_FLAG6,UNK_IMMUNE_FLAG7,UNK_IMMUNE_FLAG8	0	w_ogre_boss2	0	150	132	150	90	0	0	0	0	389	487	50000000	0	0	0	0	0	0	260	110	130	100	2000	450	0	0	50	10	5	5	25	20	40	40	40	40	20	20	40	40	0	0	0	0	10	10	0	0	0	0	30	0	0	0	-30	4.0	0	25	13421823	0	0	0	0	0	0	0	0	0	0	0	0	0	0	0	0	0	0	0	0	0.0
4500	enigma_metini	KING	STONE	MELEE	120	100		NOMOVE	0		STUN,SLOW,TERROR	0	metinstone_east	0	0	0	100	0	0	0	0	0	0	0	1900000	5	1	0	0	0	32	100	6194	6196	0	2000	150	0	0	0	0	0	0	0	0	30	20	15	15	-10	-10	25	15	0	0	0	0	100	100	0	0	0	0	0	0	0	0	0	0.0	0	0	0	0	0	0	0	0	0	0	0	0	0	0	0	0	0	0	0	0	0	0	0	0.0
4501	savasci	S_KNIGHT	MONSTER	MELEE	120	100		AGGR,STONESKIN	0	HUMAN	TERROR	0	secret_warrior	0	120	90	60	31	0	0	0	0	245	300	120000	5	7	0	0	906	0	120	105	100	100	5000	150	0	0	0	0	0	5	0	0	40	30	30	30	30	30	30	30	0	0	0	0	10	0	0	0	0	0	0	0	0	0	0	3.0	0	0	0	0	0	0	0	0	0	0	0	0	0	0	0	0	0	0	0	0	0	0	0	0.0
4502	sura	S_KNIGHT	MONSTER	MELEE	120	100		AGGR,STONESKIN	0	HUMAN	TERROR	0	secret_sura	0	120	90	60	31	0	0	0	0	245	300	120000	5	7	0	0	906	0	120	120	100	100	5000	150	0	0	0	0	0	5	0	0	40	30	30	30	30	30	30	30	0	0	0	0	10	0	0	0	0	0	0	0	0	0	0	3.0	0	0	0	0	0	0	0	0	0	0	0	0	0	0	0	0	0	0	0	0	0	0	0	0.0
4503	ninja	S_KNIGHT	MONSTER	MELEE	120	100		AGGR,STONESKIN	0	HUMAN	TERROR	0	secret_assassin	0	120	90	60	31	0	0	0	0	245	300	120000	5	7	0	0	906	0	120	120	100	100	5000	150	0	0	0	0	20	0	0	0	40	30	30	30	30	30	30	30	0	0	0	0	10	0	0	0	0	0	0	0	0	0	0	3.0	0	0	0	0	0	0	0	0	0	0	0	0	0	0	0	0	0	0	0	0	0	0	0	0.0
4504	saman	S_KNIGHT	MONSTER	MAGIC	120	100		AGGR,STONESKIN	0	HUMAN	TERROR	0	secret_shaman	0	120	90	60	31	0	0	0	0	245	300	120000	5	7	0	0	906	0	120	110	100	100	5000	650	0	0	0	10	0	5	0	0	40	30	30	30	30	30	30	30	0	0	0	0	10	0	0	0	0	0	0	0	0	0	0	3.0	0	0	0	0	0	0	0	0	0	0	0	0	0	0	0	0	0	0	0	0	0	0	0	0.0
4505	lycan	S_KNIGHT	MONSTER	MELEE	120	100		AGGR,STONESKIN	0	HUMAN	STUN,SLOW,TERROR	0	secret_wolfman	0	120	90	60	31	0	0	0	0	245	300	120000	10	10	0	0	906	0	120	130	100	100	5000	150	0	0	0	0	0	5	10	0	40	30	30	30	30	30	30	30	0	0	0	0	10	10	0	0	0	0	0	0	0	0	0	3.0	0	0	0	0	0	0	0	0	0	0	0	0	0	0	0	0	0	0	0	0	0	0	0	0.0
4506	enigma_generali	BOSS	MONSTER	MELEE	120	100		AGGR,BERSERK,STONESKIN,DEATHBLOW	0	HUMAN	STUN,SLOW,TERROR	0	secret_warrior_boss	0	140	115	130	80	0	0	0	0	245	300	220000	10	10	0	0	32720	0	120	130	100	100	5000	300	0	0	0	20	0	5	20	20	40	30	30	30	30	30	30	30	0	0	0	0	10	10	0	0	0	0	0	0	0	0	0	4.0	0	0	0	0	0	0	0	0	0	0	0	0	0	0	0	0	0	0	0	0	0	0	0	0.0
4601	lonca_okcusu	S_KNIGHT	MONSTER	RANGE	120	100		BERSERK,STONESKIN,FALL	0	HUMAN	SLOW,TERROR,UNK_IMMUNE_FLAG4,UNK_IMMUNE_FLAG5,UNK_IMMUNE_FLAG6,UNK_IMMUNE_FLAG7,UNK_IMMUNE_FLAG8,UNK_IMMUNE_FLAG9	0	guild_battle_bow	0	97	73	49	24	0	0	0	0	174	293	200000	0	0	0	0	0	0	86	100	100	100	2000	850	0	0	0	0	0	5	10	10	10	10	10	10	10	10	10	10	0	0	0	0	0	0	0	0	0	0	0	0	0	0	0	2.0	0	0	0	0	0	0	0	0	0	0	0	0	0	0	0	0	0	0	0	0	0	0	0	0.0
4602	lonca_buyucusu	S_KNIGHT	MONSTER	MAGIC	120	100		BERSERK,STONESKIN,FALL	0	HUMAN	SLOW,TERROR,UNK_IMMUNE_FLAG4,UNK_IMMUNE_FLAG5,UNK_IMMUNE_FLAG6,UNK_IMMUNE_FLAG7,UNK_IMMUNE_FLAG8,UNK_IMMUNE_FLAG9	0	guild_battle_magician	0	97	73	49	24	0	0	0	0	174	293	200000	0	0	0	0	0	0	86	100	100	100	2000	950	0	0	0	0	0	5	10	10	10	10	10	10	10	10	10	10	0	0	0	0	0	0	0	0	0	0	0	0	0	0	0	2.0	0	0	0	0	0	0	0	0	0	0	0	0	0	0	0	0	0	0	0	0	0	0	0	0.0
4603	lonca_savascisi	S_KNIGHT	MONSTER	MELEE	120	100		BERSERK,STONESKIN,FALL	0	HUMAN	SLOW,TERROR,UNK_IMMUNE_FLAG4,UNK_IMMUNE_FLAG5,UNK_IMMUNE_FLAG6,UNK_IMMUNE_FLAG7,UNK_IMMUNE_FLAG8,UNK_IMMUNE_FLAG9	0	guild_battle_warrior	0	140	115	130	80	0	0	0	0	150	300	500000	0	0	0	0	0	0	310	100	100	100	2000	200	0	0	0	0	0	5	15	10	10	10	10	10	10	10	10	10	0	0	0	0	0	0	0	0	0	0	0	0	0	0	0	2.0	0	0	0	0	0	0	0	0	0	0	0	0	0	0	0	0	0	0	0	0	0	0	0	0.0
4690	savaslarin_efendisi	BOSS	MONSTER	MELEE	120	100		BERSERK,STONESKIN,DEATHBLOW,FALL	0	HUMAN	SLOW,TERROR,UNK_IMMUNE_FLAG4,UNK_IMMUNE_FLAG5,UNK_IMMUNE_FLAG6,UNK_IMMUNE_FLAG7,UNK_IMMUNE_FLAG8,UNK_IMMUNE_FLAG9	0	guild_battle_boss	0	140	115	130	80	0	0	0	0	150	400	600000	0	0	0	0	0	0	400	100	100	100	2000	300	0	0	0	0	0	10	25	10	10	10	10	10	10	10	10	10	0	0	0	0	0	0	0	0	0	0	0	0	0	0	0	2.0	0	0	0	0	0	0	0	0	0	0	0	0	0	0	0	0	0	0	0	0	0	0	0	0.0
5001	korsan_tanaka	BOSS	MONSTER	MELEE	1	100		COWARD	0	HUMAN		0	japanese_pirate	0	1	60	90	1	0	0	0	0	0	0	30000	0	0	50000	50000	1	0	120	110	130	100	2000	150	0	0	0	0	0	0	0	0	0	0	-5	0	0	0	0	0	0	0	0	0	0	0	0	0	0	0	0	0	0	0	0	0.0	0	0	0	0	0	0	0	0	0	0	0	0	0	0	0	0	0	0	0	0	0	0	0	0.0
5002	hae_tae	BOSS	MONSTER	MELEE	60	100		AGGR	0			0	fire_tiger_boss	0	85	43	65	22	0	0	0	0	121	147	60144	12	10	736	1104	19280	0	79	110	130	100	2000	300	0	0	0	0	0	0	5	5	0	0	-5	0	0	0	0	0	-30	0	0	0	0	0	0	1	0	0	0	0	0	0	0	1.0	0	0	0	0	30	258	20	259	0	0	0	0	0	0	0	0	0	0	0	0	0	0	0	0.0
5003	maymun	PAWN	MONSTER	MELEE	1	100			0	ANIMAL		0	monkey	0	1	1	1	1	0	0	0	0	1	1	1	0	0	1	1	1	0	1	110	130	100	2000	150	0	0	0	0	0	0	0	0	0	0	-5	0	0	0	0	0	0	0	0	0	0	0	0	0	0	0	0	0	0	0	0	1.0	0	0	0	70104	0	0	0	0	0	0	0	0	0	0	0	0	0	0	0	0	0	0	0	0.0
5004	korsan_tanaka	PAWN	MONSTER	MELEE	80	100		COWARD	0	HUMAN		0	japanese_pirate	0	1	1	1	1	0	0	0	0	0	0	1000	0	0	0	0	1	0	1	110	130	100	2000	150	0	0	0	0	0	0	0	0	0	0	-5	0	0	0	0	0	0	0	0	0	0	0	0	0	0	0	0	0	0	0	0	1.0	0	0	0	0	0	0	0	0	0	0	0	0	0	0	0	0	0	0	0	0	0	0	0	0.0
5101	zayif_maymun_asker	PAWN	MONSTER	MELEE	22	100		AGGR	0	ANIMAL		0	monkey	0	32	24	16	8	0	0	0	0	56	68	851	3	5	68	103	356	0	51	100	170	100	2000	150	0	0	0	0	0	0	0	1	0	0	0	0	0	0	-10	0	0	0	0	0	0	0	0	0	0	0	0	0	0	0	0	1.0	0	0	16764879	70104	0	0	0	0	0	0	0	0	0	0	0	0	0	0	0	0	0	0	0	0.0
5102	zayif_maymun_atici	S_PAWN	MONSTER	RANGE	25	100		AGGR	0	ANIMAL		0	monkey	0	35	26	18	9	0	0	0	0	61	74	1219	7	5	116	174	485	0	54	100	150	100	2000	850	0	0	0	1	0	1	1	0	20	-5	-20	0	0	0	20	0	0	0	-30	0	0	0	0	0	0	0	0	0	0	0	0	1.0	0	0	16749973	0	0	0	0	0	0	0	0	0	0	0	0	0	0	0	0	0	0	0	0	0.0
5103	zayif_maymun_savasci	KNIGHT	MONSTER	MELEE	27	100		AGGR	0	ANIMAL		0	monkey	0	38	28	19	9	0	0	0	0	57	86	1805	12	10	167	250	872	0	57	100	170	100	2000	150	0	0	0	2	0	0	0	1	0	0	0	-25	0	0	0	0	0	0	0	0	0	0	0	0	0	0	0	0	0	0	0	2.0	0	0	13391189	70106	0	0	0	0	0	0	0	0	0	0	0	0	0	0	0	0	0	0	0	0.0
5104	zayif_maymun_general	S_KNIGHT	MONSTER	MELEE	29	100		AGGR	0	ANIMAL		0	monkey	0	40	30	20	10	0	0	0	0	53	98	3098	7	10	224	337	1872	0	58	100	150	100	2000	150	0	0	0	0	0	2	1	1	0	5	-10	0	-10	-10	-10	0	0	0	0	0	0	0	0	0	0	0	0	0	0	0	0	2.0	0	0	10044484	70107	0	0	0	0	0	0	0	0	0	0	0	0	0	0	0	0	0	0	0	0.0
5111	maymun_asker	PAWN	MONSTER	MELEE	35	100		AGGR	0	ANIMAL		0	monkey	0	47	35	24	12	0	0	0	0	78	95	1605	3	5	100	150	564	0	66	100	170	100	2000	150	0	0	0	0	0	0	0	3	0	0	0	0	0	0	-20	0	0	0	0	0	0	0	0	0	0	0	0	0	0	0	0	1.0	0	0	13619199	70104	0	0	0	0	0	0	0	0	0	0	0	0	0	0	0	0	0	0	0	0.0
5112	maymun_atici	S_PAWN	MONSTER	RANGE	37	100		AGGR	0	ANIMAL		0	monkey	0	50	37	25	12	0	0	0	0	81	99	2088	7	5	164	246	715	0	68	100	150	100	2000	850	0	0	0	3	0	3	0	0	20	-5	-20	0	0	0	20	0	0	0	-30	0	0	0	0	0	0	0	0	0	0	0	0	1.0	0	0	9803263	0	0	0	0	0	0	0	0	0	0	0	0	0	0	0	0	0	0	0	0	0.0
5113	maymun_savasci	KNIGHT	MONSTER	MELEE	39	100		AGGR	0	ANIMAL		0	monkey	0	52	39	26	13	0	0	0	0	85	104	3008	12	10	234	351	1256	0	69	100	170	100	2000	150	0	0	0	0	0	0	0	3	0	0	0	-25	0	0	0	0	0	0	0	0	0	0	0	0	0	0	0	0	0	0	0	2.0	0	0	10066380	70106	0	0	0	0	0	0	0	0	0	0	0	0	0	0	0	0	0	0	0	0.0
5114	maymun_general	S_KNIGHT	MONSTER	MELEE	40	100		AGGR	0	ANIMAL		0	monkey	0	53	40	27	13	0	0	0	0	86	106	4883	7	10	304	456	2576	0	70	100	150	100	2000	150	0	0	0	3	0	0	1	3	0	5	-10	0	-10	-10	-10	0	0	0	0	0	0	0	0	0	0	0	0	0	0	0	0	2.0	0	0	8947967	70107	0	0	0	0	0	0	0	0	0	0	0	0	0	0	0	0	0	0	0	0.0
5115	tas_maymun	S_KNIGHT	MONSTER	MELEE	41	100		AGGR	0	ANIMAL		0	monkey	0	55	41	27	14	0	0	0	0	87	108	5258	7	10	318	477	2640	0	72	100	160	100	2000	150	0	0	0	0	0	3	2	1	0	0	0	0	0	0	0	0	0	0	0	0	0	0	0	0	0	0	0	0	0	0	0	2.0	0	0	13619199	70107	0	0	0	0	0	0	0	0	0	0	0	0	0	0	0	0	0	0	0	0.0
5116	maymun_lider	S_KNIGHT	MONSTER	MELEE	42	100		AGGR	0	ANIMAL		0	monkey	0	56	42	28	14	0	0	0	0	100	122	10515	7	10	318	477	9900	0	72	100	160	100	2000	150	0	0	0	3	0	3	3	3	20	-5	-10	-5	-15	-5	20	0	0	0	0	0	0	0	0	0	0	0	0	0	0	0	0	2.0	5114	0	13619199	70107	0	0	0	0	0	0	0	0	0	0	0	0	0	0	0	0	0	0	0	0.0
5121	guclu_maymun_asker	PAWN	MONSTER	MELEE	45	100		AGGR	0	ANIMAL		0	monkey	0	59	44	30	15	0	0	0	0	95	116	2340	3	5	124	186	724	0	74	100	170	100	2000	150	0	0	0	0	0	0	0	3	0	0	0	0	0	0	-20	0	0	0	0	0	0	0	0	0	0	0	0	0	0	0	0	1.0	0	0	0	70104	0	0	0	0	0	0	0	0	0	0	0	0	0	0	0	0	0	0	0	0.0
5122	guclu_maymun_atici	S_PAWN	MONSTER	RANGE	47	100		AGGR	0	ANIMAL		0	monkey	0	62	46	31	15	0	0	0	0	87	131	3007	7	5	204	306	907	0	76	100	150	100	2000	850	0	0	0	3	0	3	0	0	20	-5	-20	0	0	0	20	0	0	0	-30	0	0	0	0	0	0	0	0	0	0	0	0	1.0	0	0	11184810	0	0	0	0	0	0	0	0	0	0	0	0	0	0	0	0	0	0	0	0	0.0
5123	guclu_maymun_savasci	KNIGHT	MONSTER	MELEE	49	100		AGGR	0	ANIMAL		0	monkey	0	64	48	32	16	0	0	0	0	79	147	4286	12	10	290	435	1576	0	78	100	170	100	2000	150	0	0	0	0	0	0	0	3	0	0	0	-25	0	0	0	0	0	0	0	0	0	0	0	0	0	0	0	0	0	0	0	2.0	0	0	8947848	70106	0	0	0	0	0	0	0	0	0	0	0	0	0	0	0	0	0	0	0	0.0
5124	guclu_maymun_general	S_KNIGHT	MONSTER	MELEE	52	100		AGGR	0	ANIMAL		0	monkey	0	68	51	34	17	0	0	0	0	107	131	7380	7	10	390	585	3344	0	79	100	150	100	2000	150	0	0	0	0	0	0	0	3	0	0	0	0	0	0	-20	0	0	0	0	0	0	0	0	0	0	0	0	0	0	0	0	2.0	0	0	6710886	70107	0	0	0	0	0	0	0	0	0	0	0	0	0	0	0	0	0	0	0	0.0
5125	guclu_tas_maymun	S_KNIGHT	MONSTER	MELEE	53	100		AGGR	0	ANIMAL		0	monkey	0	69	52	34	17	0	0	0	0	108	132	7618	7	10	397	596	3360	0	81	100	150	100	2000	150	0	0	0	1	0	0	3	3	20	-5	-15	0	0	0	20	0	0	0	0	0	0	0	0	0	0	0	0	0	0	0	0	2.0	0	0	16764879	70107	0	0	0	0	0	0	0	0	0	0	0	0	0	0	0	0	0	0	0	0.0
5126	guclu_altin_maymun	S_KNIGHT	MONSTER	MELEE	54	100		AGGR	0	ANIMAL		0	monkey	0	70	53	35	17	0	0	0	0	109	133	7858	7	10	404	607	3440	0	82	100	160	100	2000	150	0	0	0	0	0	1	3	3	0	0	0	-20	0	0	0	0	0	0	0	0	0	0	0	0	0	0	0	0	0	0	0	2.0	0	0	16764879	70107	0	0	0	0	0	0	0	0	0	0	0	0	0	0	0	0	0	0	0	0.0
5127	guclu_maymun_lider	S_KNIGHT	MONSTER	MELEE	54	100		AGGR	0	ANIMAL		0	monkey	0	70	53	35	17	0	0	0	0	119	146	15715	7	10	404	607	12900	0	82	100	170	100	2000	150	0	0	0	3	0	3	0	3	20	-5	-10	-5	-15	-5	20	0	0	0	0	0	0	0	0	0	0	0	0	0	0	0	0	2.0	5124	0	16764879	70107	0	0	0	0	0	0	0	0	0	0	0	0	0	0	0	0	0	0	0	0.0
5131	zeki_kucuk_maymun_asker	PAWN	MONSTER	MELEE	22	100		AGGR	0	ANIMAL		0	monkey	0	32	24	16	8	0	0	0	0	67	82	681	3	5	68	103	249	0	51	100	170	100	2000	150	0	0	0	0	0	0	0	1	0	0	0	0	0	0	-10	0	0	0	0	0	0	0	0	0	0	0	0	0	0	0	0	1.0	0	0	16764108	70104	0	0	0	0	0	0	0	0	0	0	0	0	0	0	0	0	0	0	0	0.0
5132	zeki_kucuk_maymun_atici	S_PAWN	MONSTER	RANGE	25	100		AGGR	0	ANIMAL		0	monkey	0	35	26	18	9	0	0	0	0	73	89	975	7	5	116	174	339	0	54	100	150	100	2000	850	0	0	0	1	0	1	1	0	20	-5	-20	0	0	0	20	0	0	0	-30	0	0	0	0	0	0	0	0	0	0	0	0	1.0	0	0	16764108	0	0	0	0	0	0	0	0	0	0	0	0	0	0	0	0	0	0	0	0	0.0
5133	zeki_kucuk_maymunsavasci	KNIGHT	MONSTER	MELEE	27	100		AGGR	0	ANIMAL		0	monkey	0	38	28	19	9	0	0	0	0	68	103	1444	12	10	167	250	610	0	57	100	170	100	2000	150	0	0	0	2	0	0	0	1	0	0	0	-25	0	0	0	0	0	0	0	0	0	0	0	0	0	0	0	0	0	0	0	2.0	0	0	16764108	70106	0	0	0	0	0	0	0	0	0	0	0	0	0	0	0	0	0	0	0	0.0
5134	zeki_kucuk_maymun_generalzeki_kucuk_maymun_general	S_KNIGHT	MONSTER	MELEE	29	100		AGGR	0	ANIMAL		0	monkey	0	40	30	20	10	0	0	0	0	63	117	2478	7	10	224	337	1310	0	58	100	150	100	2000	150	0	0	0	0	0	2	1	1	0	5	-10	0	-10	-10	-10	0	0	0	0	0	0	0	0	0	0	0	0	0	0	0	0	2.0	0	0	16764108	70107	0	0	0	0	0	0	0	0	0	0	0	0	0	0	0	0	0	0	0	0.0
5141	zeki_maymun_asker	PAWN	MONSTER	MELEE	35	100		AGGR	0	ANIMAL		0	monkey	0	47	35	24	12	0	0	0	0	93	114	1284	3	5	100	150	395	0	66	100	170	100	2000	150	0	0	0	0	0	0	0	3	0	0	0	0	0	0	-20	0	0	0	0	0	0	0	0	0	0	0	0	0	0	0	0	1.0	0	0	16764108	70104	0	0	0	0	0	0	0	0	0	0	0	0	0	0	0	0	0	0	0	0.0
5142	zeki_maymun_atici	S_PAWN	MONSTER	RANGE	37	100		AGGR	0	ANIMAL		0	monkey	0	50	37	25	12	0	0	0	0	98	119	1670	7	5	164	246	501	0	68	100	150	100	2000	850	0	0	0	3	0	3	0	0	20	-5	-20	0	0	0	20	0	0	0	-30	0	0	0	0	0	0	0	0	0	0	0	0	1.0	0	0	16764108	0	0	0	0	0	0	0	0	0	0	0	0	0	0	0	0	0	0	0	0	0.0
5143	zeki_maymun_savasci	KNIGHT	MONSTER	MELEE	39	100		AGGR	0	ANIMAL		0	monkey	0	52	39	26	13	0	0	0	0	102	124	2406	12	10	234	351	879	0	69	100	170	100	2000	150	0	0	0	0	0	0	0	3	0	0	0	-25	0	0	0	0	0	0	0	0	0	0	0	0	0	0	0	0	0	0	0	2.0	0	0	16764108	70106	0	0	0	0	0	0	0	0	0	0	0	0	0	0	0	0	0	0	0	0.0
5144	zeki_maymun_general	S_KNIGHT	MONSTER	MELEE	40	100		AGGR	0	ANIMAL		0	monkey	0	53	40	27	13	0	0	0	0	104	127	3906	7	10	304	456	1803	0	70	100	150	100	2000	150	0	0	0	3	0	0	1	3	0	5	-10	0	-10	-10	-10	0	0	0	0	0	0	0	0	0	0	0	0	0	0	0	0	2.0	0	0	16764108	70107	0	0	0	0	0	0	0	0	0	0	0	0	0	0	0	0	0	0	0	0.0
5145	zeki_tas_maymun	S_KNIGHT	MONSTER	MELEE	41	100		AGGR	0	ANIMAL		0	monkey	0	55	41	27	14	0	0	0	0	104	130	4206	7	10	318	477	1848	0	72	100	160	100	2000	150	0	0	0	0	0	3	2	1	0	0	0	0	0	0	0	0	0	0	0	0	0	0	0	0	0	0	0	0	0	0	0	2.0	0	0	16764108	70107	0	0	0	0	0	0	0	0	0	0	0	0	0	0	0	0	0	0	0	0.0
5146	zeki_maymun_lider	S_KNIGHT	MONSTER	MELEE	42	100		AGGR	0	ANIMAL		0	monkey	0	56	42	28	14	0	0	0	0	120	146	8412	7	10	318	477	6930	0	72	100	160	100	2000	150	0	0	0	3	0	3	3	3	20	-5	-10	-5	-15	-5	20	0	0	0	0	0	0	0	0	0	0	0	0	0	0	0	0	2.0	5114	0	16764108	70107	0	0	0	0	0	0	0	0	0	0	0	0	0	0	0	0	0	0	0	0.0
5151	kotu_guclu_maymun_asker	PAWN	MONSTER	MELEE	45	100		AGGR	0	ANIMAL		0	monkey	0	59	44	30	15	0	0	0	0	114	139	1872	3	5	124	186	507	0	74	100	170	100	2000	150	0	0	0	0	0	0	0	3	0	0	0	0	0	0	-20	0	0	0	0	0	0	0	0	0	0	0	0	0	0	0	0	1.0	0	0	16764108	70104	0	0	0	0	0	0	0	0	0	0	0	0	0	0	0	0	0	0	0	0.0
5152	kotu_guclu_maymun_atici	S_PAWN	MONSTER	RANGE	47	100		AGGR	0	ANIMAL		0	monkey	0	62	46	31	15	0	0	0	0	105	157	2406	7	5	204	306	635	0	76	100	150	100	2000	850	0	0	0	3	0	3	0	0	20	-5	-20	0	0	0	20	0	0	0	-30	0	0	0	0	0	0	0	0	0	0	0	0	1.0	0	0	16764108	0	0	0	0	0	0	0	0	0	0	0	0	0	0	0	0	0	0	0	0	0.0
5153	kotu_guclu_maymunsavasci	KNIGHT	MONSTER	MELEE	49	100		AGGR	0	ANIMAL		0	monkey	0	64	48	32	16	0	0	0	0	95	176	3429	12	10	290	435	1103	0	78	100	170	100	2000	150	0	0	0	0	0	0	0	3	0	0	0	-25	0	0	0	0	0	0	0	0	0	0	0	0	0	0	0	0	0	0	0	2.0	0	0	16764108	70106	0	0	0	0	0	0	0	0	0	0	0	0	0	0	0	0	0	0	0	0.0
5154	kotu_guclu_maymun_generalkotu_guclu_maymun_general	S_KNIGHT	MONSTER	MELEE	52	100		AGGR	0	ANIMAL		0	monkey	0	68	51	34	17	0	0	0	0	128	157	5904	7	10	390	585	2341	0	79	100	150	100	2000	150	0	0	0	0	0	0	0	3	0	0	0	0	0	0	-20	0	0	0	0	0	0	0	0	0	0	0	0	0	0	0	0	2.0	0	0	16764108	70107	0	0	0	0	0	0	0	0	0	0	0	0	0	0	0	0	0	0	0	0.0
5155	kotu_guclu_tas_maymun	S_KNIGHT	MONSTER	MELEE	53	100		AGGR	0	ANIMAL		0	monkey	0	69	52	34	17	0	0	0	0	130	158	6094	7	10	397	596	2352	0	81	100	150	100	2000	150	0	0	0	1	0	0	3	3	20	-5	-15	0	0	0	20	0	0	0	0	0	0	0	0	0	0	0	0	0	0	0	0	2.0	0	0	16764108	70107	0	0	0	0	0	0	0	0	0	0	0	0	0	0	0	0	0	0	0	0.0
5156	kotu_guclu_altin_maymun	S_KNIGHT	MONSTER	MELEE	54	100		AGGR	0	ANIMAL		0	monkey	0	70	53	35	17	0	0	0	0	131	160	6286	7	10	404	607	2408	0	82	100	160	100	2000	150	0	0	0	0	0	1	3	3	0	0	0	-20	0	0	0	0	0	0	0	0	0	0	0	0	0	0	0	0	0	0	0	2.0	0	0	16764108	70107	0	0	0	0	0	0	0	0	0	0	0	0	0	0	0	0	0	0	0	0.0
5157	kotu_guclu_maymun_lider	S_KNIGHT	MONSTER	MELEE	54	100		AGGR	0	ANIMAL		0	monkey	0	70	53	35	17	0	0	0	0	143	175	12572	7	10	404	607	9030	0	82	100	170	100	2000	150	0	0	0	3	0	3	0	3	20	-5	-10	-5	-15	-5	20	0	0	0	0	0	0	0	0	0	0	0	0	0	0	0	0	2.0	5124	0	16764108	70107	0	0	0	0	0	0	0	0	0	0	0	0	0	0	0	0	0	0	0	0.0
5161	kaya_maymun	KING	MONSTER	MELEE	30	100		AGGR	0	ANIMAL	STUN,SLOW,CURSE,TERROR	0	stone_monkey	0	41	31	21	10	0	0	0	0	69	85	12960	10	10	11280	16920	19360	0	59	100	180	100	2000	150	0	0	0	3	0	0	0	3	20	-5	-10	-5	-15	-5	20	0	0	0	0	0	0	0	0	0	0	0	0	0	0	0	0	2.0	5104	0	0	0	0	0	0	0	0	0	0	0	0	0	0	0	0	0	0	0	0	0	0	0.0
5162	yuruyen_maymun	KING	MONSTER	MELEE	43	100		AGGR	0	ANIMAL	STUN,SLOW,CURSE,TERROR	0	gold_monkey	0	57	43	28	14	0	0	0	0	115	152	21800	10	10	22876	34314	27680	0	70	100	180	100	2000	150	0	0	0	0	0	3	0	5	20	-5	-10	-5	-15	-5	20	0	0	0	0	0	0	0	0	0	0	0	0	0	0	0	0	2.0	5115	0	0	0	0	0	0	0	0	0	0	0	0	0	0	0	0	0	0	0	0	0	0	0.0
5163	maymun_lordu	BOSS	MONSTER	MELEE	55	100		AGGR	0	ANIMAL	STUN,SLOW,CURSE,TERROR	0	god_monkey	0	71	53	36	18	0	0	0	0	125	167	32410	10	10	37180	55770	35360	0	84	100	180	100	2000	150	0	0	0	3	0	3	5	5	20	-5	-10	-5	-15	-5	20	0	0	0	0	0	0	0	0	0	0	0	0	0	0	0	0	2.0	5126	0	0	0	0	0	0	0	0	0	0	0	0	0	0	0	0	0	0	0	0	0	0	0.0
5201	yabani_kopek	PAWN	MONSTER	MELEE	1	100			0	ANIMAL		0	stray_dog	0	3	6	5	2	0	0	0	0	20	24	123	3	2	0	0	4	0	4	110	100	0	2000	150	0	0	0	0	0	0	0	0	0	0	-5	0	0	0	0	0	0	0	0	0	0	0	0	0	0	0	0	0	0	0	0	0.0	0	0	16764879	0	0	0	0	0	0	0	0	0	0	0	0	0	0	0	0	0	0	0	0	0.0
5202	yaban_domuzu	PAWN	MONSTER	MELEE	3	100			0	ANIMAL		0	wild_boar	0	4	6	7	2	0	0	0	0	23	28	130	3	2	0	0	5	0	5	90	100	25	2000	150	0	0	0	0	0	0	5	0	0	0	-5	0	0	0	0	0	0	0	0	0	0	0	0	0	0	0	0	0	0	0	0	0.0	0	0	16764879	0	0	0	0	0	0	0	0	0	0	0	0	0	0	0	0	0	0	0	0	0.0
5203	kirmizi_yaban_domuzu	S_PAWN	MONSTER	MELEE	4	100			0	ANIMAL		0	wild_boar	0	8	5	8	3	0	0	0	0	24	30	145	3	2	0	0	6	0	6	90	100	25	2000	150	0	0	0	0	0	0	5	0	0	0	-5	0	0	0	0	0	0	0	0	0	0	0	0	0	0	0	0	0	0	0	0	1.0	0	0	16764879	0	0	0	0	0	0	0	0	0	0	0	0	0	0	0	0	0	0	0	0	0.0
5204	ayi	PAWN	MONSTER	POWER	4	100			0	ANIMAL		0	bear	0	8	6	8	3	0	0	0	0	24	30	157	3	2	0	0	8	0	7	110	70	25	2000	150	0	0	0	0	0	0	0	0	0	0	-5	0	0	0	0	0	0	0	0	0	0	0	0	0	0	0	0	0	0	0	0	0.0	0	0	16764879	0	0	0	0	0	0	0	0	0	0	0	0	0	0	0	0	0	0	0	0	0.0
5205	kahverengi_ayi	S_PAWN	MONSTER	TANKER	5	100			0	ANIMAL		0	bear	0	8	8	8	3	0	0	0	0	25	34	168	3	2	0	0	9	0	8	110	100	25	2000	150	0	0	0	0	0	0	0	0	0	0	-5	0	0	0	0	0	0	0	0	0	0	0	0	0	0	0	0	0	0	0	0	1.0	0	0	16764879	0	0	0	0	0	0	0	0	0	0	0	0	0	0	0	0	0	0	0	0	0.0
5206	siyah_ayi	PAWN	MONSTER	POWER	6	100			0	ANIMAL		0	bear	0	9	9	10	4	0	0	0	0	27	35	175	3	2	0	0	10	0	9	110	100	25	2000	150	0	0	0	0	0	0	0	0	0	0	-5	0	0	0	0	0	0	0	0	0	0	0	0	0	0	0	0	0	0	0	0	0.0	0	0	16764879	0	0	0	0	0	0	0	0	0	0	0	0	0	0	0	0	0	0	0	0	0.0
5207	ac_kahverengi_ayi	S_PAWN	MONSTER	POWER	6	100			0	ANIMAL		0	bear	0	10	9	9	4	0	0	0	0	28	36	180	3	2	0	0	12	0	9	110	100	25	2000	150	0	0	0	0	0	0	0	0	0	0	-5	0	0	0	0	0	0	0	0	0	0	0	0	0	0	0	0	0	0	0	0	1.0	0	0	16764879	0	0	0	0	0	0	0	0	0	0	0	0	0	0	0	0	0	0	0	0	0.0
5208	kaplan	PAWN	MONSTER	POWER	7	100			0	ANIMAL		0	tiger	0	10	10	10	5	0	0	0	0	30	38	185	3	2	0	0	14	0	10	110	100	25	2000	150	0	0	0	0	0	0	0	0	0	0	-5	0	0	0	0	0	0	0	0	0	0	0	0	0	0	0	0	0	0	0	0	0.0	0	0	16764879	0	0	0	0	0	0	0	0	0	0	0	0	0	0	0	0	0	0	0	0	0.0
5209	beyaz_kaplan	S_PAWN	MONSTER	POWER	8	100			0	ANIMAL		0	tiger	0	12	10	12	5	0	0	0	0	32	40	214	3	2	0	0	15	0	10	110	110	25	2000	150	0	0	0	0	0	0	0	0	0	0	-5	0	0	0	0	0	0	0	0	0	0	0	0	0	0	0	0	0	0	0	0	1.0	0	0	16764879	0	0	0	0	0	0	0	0	0	0	0	0	0	0	0	0	0	0	0	0	0.0
6001	kor_alev_hayaleti	PAWN	MONSTER	MAGIC	97	100		AGGR,GODSPEED	0		SLOW,TERROR	0	fire_ghost	0	125	62	125	31	0	0	0	0	389	431	13735	3	5	192	288	1323	0	100	110	110	100	2000	850	0	0	0	0	0	0	0	10	20	0	-5	0	0	0	20	0	-70	0	0	0	0	0	0	1	0	0	0	0	0	0	0	1.0	0	5	0	0	0	0	0	0	0	0	0	0	0	0	0	0	0	0	0	0	0	0	0	0.0
6002	kor_alev_kaplani	PAWN	MONSTER	MELEE	99	100		AGGR,REVIVE	0		SLOW,TERROR	0	fire_tiger_boss	0	126	63	126	31	0	0	0	0	390	433	27865	3	5	387	580	3207	0	121	110	110	100	2000	100	0	0	0	0	5	0	0	12	20	-10	-25	5	-20	-20	20	0	-70	0	0	0	0	0	0	1	0	0	0	0	0	0	0	1.0	0	10	0	0	0	0	0	0	0	0	0	0	0	0	0	0	0	0	0	0	0	0	0	0.0
6003	kor_alev	S_PAWN	MONSTER	MELEE	100	100		AGGR,STONESKIN	0		SLOW,TERROR	0	fire_man	0	64	128	64	32	0	0	0	0	394	437	28653	5	7	393	590	3270	0	123	110	110	100	2000	100	0	0	0	0	3	0	3	15	20	-5	-5	10	10	10	20	0	-60	0	0	0	0	0	0	1	0	0	0	0	0	0	0	1.0	0	15	0	0	0	0	0	0	0	0	0	0	0	0	0	0	0	0	0	0	0	0	0	0.0
6004	kor_alev_savascisi	S_PAWN	MONSTER	MELEE	100	100		AGGR,GODSPEED	0		SLOW,TERROR	0	fire_knight	0	125	62	125	31	0	0	0	0	389	431	13735	3	5	192	288	1323	0	100	110	110	100	2000	100	0	0	0	0	0	0	0	10	20	0	-5	0	0	0	20	0	-60	0	0	0	0	0	0	1	0	0	0	0	0	0	0	1.0	0	5	0	0	0	0	0	0	0	0	0	0	0	0	0	0	0	0	0	0	0	0	0	0.0
6005	kor_alev_krali	KNIGHT	MONSTER	MELEE	103	100		AGGR,REVIVE	0		SLOW,TERROR	0	fire_king	0	126	63	126	31	0	0	0	0	390	433	27865	3	5	387	580	3207	0	121	110	110	100	2000	100	0	0	0	0	5	0	0	12	20	-10	-25	5	-20	-20	20	0	-50	0	0	0	0	0	0	1	0	0	0	0	0	0	0	1.0	0	10	0	0	0	0	0	0	0	0	0	0	0	0	0	0	0	0	0	0	0	0	0	0.0
6006	kor_ates_golemi	KNIGHT	MONSTER	MELEE	103	100		AGGR,STONESKIN	0		SLOW,TERROR	0	firegolem_soldier	0	64	128	64	32	0	0	0	0	394	437	28653	5	7	393	590	3270	0	123	110	110	100	2000	100	0	0	0	0	3	0	3	15	20	-5	-5	10	10	10	20	0	-50	0	0	0	0	0	0	1	0	0	0	0	0	0	0	1.0	0	15	0	0	0	0	0	0	0	0	0	0	0	0	0	0	0	0	0	0	0	0	0	0.0
6007	kor_alev_sakallisi	KNIGHT	MONSTER	MELEE	105	100		AGGR,BERSERK	0		SLOW,TERROR	0	firegolem_magician	0	130	65	130	32	0	0	0	0	374	461	72626	5	10	595	892	9907	0	145	110	110	100	2000	100	0	0	0	0	0	10	10	16	20	-5	-25	0	0	0	20	0	-50	0	0	0	0	0	0	1	0	0	0	0	0	0	0	2.0	0	15	0	0	0	0	0	0	0	0	0	0	0	0	0	0	0	0	0	0	0	0	0	0.0
6008	kor_alev_generali	S_KNIGHT	MONSTER	MELEE	105	100		AGGR,GODSPEED	0		SLOW,TERROR	0	firegolem_general	0	131	65	131	32	0	0	0	0	375	463	147212	5	15	800	1200	23895	0	178	110	110	100	2000	100	0	0	0	0	5	0	5	15	20	0	-5	-25	0	0	20	0	-40	0	0	0	0	0	0	1	0	0	0	0	0	0	0	2.0	0	15	0	0	0	0	0	0	0	0	0	0	0	0	0	0	0	0	0	0	0	0	0	0.0
6009	kor_alev_lordu	S_KNIGHT	MONSTER	MELEE	107	100		AGGR,BERSERK,STONESKIN,DEATHBLOW,REVIVE	0		STUN,SLOW,TERROR	0	firegolem_boss	0	99	132	66	33	0	0	0	0	354	487	596772	10	15	1008	1512	116266	0	212	110	110	100	2000	100	0	0	0	0	0	0	3	15	40	40	35	40	40	40	40	0	-40	0	0	0	0	0	0	1	0	0	0	0	0	0	0	3.0	0	20	0	0	0	0	0	0	0	0	0	0	0	0	0	0	0	0	0	0	0	0	0	0.0
6051	ignator	S_KNIGHT	MONSTER	MELEE	107	100		AGGR,BERSERK,STONESKIN,DEATHBLOW,REVIVE	0		STUN,SLOW,TERROR	0	firegolem_boss	0	99	132	66	33	0	0	0	0	354	487	596772	10	15	1008	1512	116266	0	212	110	110	100	2000	100	0	0	0	0	0	0	3	15	40	40	35	40	40	40	40	0	-40	0	0	0	0	0	0	1	0	0	0	0	0	0	0	3.0	6008	20	0	0	0	0	0	0	0	0	0	0	0	0	0	0	0	0	0	0	0	0	0	0.0
6091	razador	BOSS	MONSTER	MELEE	108	100		AGGR,BERSERK,STONESKIN,DEATHBLOW,REVIVE	0		STUN,SLOW,TERROR	0	yamachun	0	133	66	133	33	0	0	0	0	356	490	1813838	30	20	1828	2743	422585	0	256	110	110	100	2000	300	0	0	0	0	5	5	10	15	40	40	35	40	40	40	40	35	-30	0	0	0	0	0	0	10	0	0	0	0	0	0	0	4.0	6008	25	0	0	20	257	25	258	0	0	0	0	0	0	0	0	0	0	0	0	0	0	0	0.0
6101	ayaz_kristali	PAWN	MONSTER	MAGIC	97	100		AGGR,GODSPEED	0		SLOW,CURSE,TERROR	0	ice_snow_monster	0	125	62	125	31	0	0	0	0	389	431	13735	3	5	190	285	1323	0	100	110	110	100	2000	850	0	0	0	0	0	0	0	10	20	0	-5	0	0	0	20	0	0	0	0	0	0	0	0	0	1	0	0	0	0	-70	0	1.0	0	5	0	0	0	0	0	0	0	0	0	0	0	0	0	0	0	0	0	0	0	0	0	0.0
6102	ayaz_bocegi	PAWN	MONSTER	MELEE	99	100		AGGR,REVIVE	0		SLOW,CURSE,TERROR	0	ice_snow_insect	0	126	63	126	31	0	0	0	0	390	433	27865	3	5	384	576	3207	0	121	110	110	100	2000	100	0	0	0	0	5	0	0	12	20	-10	-25	5	-20	-20	20	0	0	0	0	0	0	0	0	0	1	0	0	0	0	-70	0	1.0	0	10	0	0	0	0	0	0	0	0	0	0	0	0	0	0	0	0	0	0	0	0	0	0.0
6103	ayaz_adam	S_PAWN	MONSTER	MELEE	100	100		AGGR,STONESKIN	0		SLOW,CURSE,TERROR	0	ice_snow_man	0	64	128	64	32	0	0	0	0	394	437	28653	5	7	387	580	3270	0	123	110	110	100	2000	100	0	0	0	0	3	0	3	15	20	-5	-5	10	10	10	20	0	0	0	0	0	0	0	0	0	1	0	0	0	0	-60	0	1.0	0	15	0	0	0	0	0	0	0	0	0	0	0	0	0	0	0	0	0	0	0	0	0	0.0
6104	ayaz_yetisi	S_PAWN	MONSTER	MELEE	100	100		AGGR,GODSPEED	0		SLOW,CURSE,TERROR	0	ice_snow_giant_man	0	125	62	125	31	0	0	0	0	389	431	13735	3	5	190	285	1323	0	100	110	110	100	2000	100	0	0	0	0	0	0	0	10	20	0	-5	0	0	0	20	0	0	0	0	0	0	0	0	0	1	0	0	0	0	-60	0	1.0	0	5	0	0	0	0	0	0	0	0	0	0	0	0	0	0	0	0	0	0	0	0	0	0.0
6105	ayaz_golemi	KNIGHT	MONSTER	MELEE	103	100		AGGR,REVIVE	0		SLOW,CURSE,TERROR	0	ice_snow_golem	0	126	63	126	31	0	0	0	0	390	433	27865	3	5	384	576	3207	0	121	110	110	100	2000	100	0	0	0	0	5	0	0	12	20	-10	-25	5	-20	-20	20	0	0	0	0	0	0	0	0	0	1	0	0	0	0	-50	0	1.0	0	10	0	0	0	0	0	0	0	0	0	0	0	0	0	0	0	0	0	0	0	0	0	0.0
6106	ayaz_trolu	KNIGHT	MONSTER	MELEE	103	100		AGGR,STONESKIN	0		SLOW,CURSE,TERROR	0	icegolem_soldier	0	64	128	64	32	0	0	0	0	394	437	28653	5	7	387	580	3270	0	123	110	110	100	2000	100	0	0	0	0	3	0	3	15	20	-5	-5	10	10	10	20	0	0	0	0	0	0	0	0	0	1	0	0	0	0	-50	0	1.0	0	15	0	0	0	0	0	0	0	0	0	0	0	0	0	0	0	0	0	0	0	0	0	0.0
6107	ayaz_sakal	KNIGHT	MONSTER	MELEE	105	100		AGGR,BERSERK	0		SLOW,CURSE,TERROR	0	icegolem_magician	0	130	65	130	32	0	0	0	0	374	461	72626	5	10	585	878	9907	0	145	110	110	100	2000	100	0	0	0	0	0	10	10	16	20	-5	-25	0	0	0	20	0	0	0	0	0	0	0	0	0	1	0	0	0	0	-50	0	2.0	0	15	0	0	0	0	0	0	0	0	0	0	0	0	0	0	0	0	0	0	0	0	0	0.0
6108	ayaz_generali	S_KNIGHT	MONSTER	MELEE	105	100		AGGR,GODSPEED	0		SLOW,CURSE,TERROR	0	icegolem_general	0	131	65	131	32	0	0	0	0	375	463	147212	5	15	787	1180	23895	0	178	110	110	100	2000	100	0	0	0	0	5	0	5	15	20	0	-5	-25	0	0	20	0	0	0	0	0	0	0	0	0	1	0	0	0	0	-40	0	2.0	0	15	0	0	0	0	0	0	0	0	0	0	0	0	0	0	0	0	0	0	0	0	0	0.0
6109	ayaz_lordu	S_KNIGHT	MONSTER	MELEE	107	100		AGGR,BERSERK,STONESKIN,DEATHBLOW,REVIVE	0		STUN,SLOW,CURSE,TERROR	0	icegolem_boss	0	99	132	66	33	0	0	0	0	354	487	596772	10	15	1000	1500	116266	0	212	110	110	100	2000	100	0	0	0	0	0	0	3	15	40	40	35	40	40	40	40	0	0	0	0	0	0	0	0	0	1	0	0	0	0	-40	0	3.0	0	20	0	0	0	0	0	0	0	0	0	0	0	0	0	0	0	0	0	0	0	0	0	0.0
6110	magma_yeti	PAWN	MONSTER	MELEE	103	100		AGGR,GODSPEED	0		STUN,SLOW,TERROR	0	ice_snow_giant_man	0	125	62	125	31	0	0	0	0	183	262	97407	3	7	0	0	0	0	100	110	110	100	2000	100	0	0	0	0	0	0	0	10	20	0	-5	0	0	0	20	0	-70	0	0	0	0	0	0	1	0	0	0	0	0	0	0	3.0	0	5	0	0	0	0	0	0	0	0	0	0	0	0	0	0	0	0	0	0	0	0	0	0.0
6111	magma_golemi	KNIGHT	MONSTER	MELEE	107	100		AGGR,STONESKIN	0		STUN,SLOW,TERROR	0	ice_snow_golem	0	126	63	126	31	0	0	0	0	183	262	159159	4	7	0	0	0	0	121	110	110	100	2000	100	0	0	0	0	5	0	0	12	40	40	35	40	40	40	40	35	-50	0	0	0	0	0	0	1	0	0	0	0	0	0	0	3.0	0	10	0	0	0	0	0	0	0	0	0	0	0	0	0	0	0	0	0	0	0	0	0	0.0
6112	magma_bocegi	S_PAWN	MONSTER	MELEE	105	100		AGGR,GODSPEED	0		STUN,SLOW,TERROR	0	ice_snow_insect	0	64	128	64	32	0	0	0	0	183	262	159159	4	14	0	0	0	0	123	110	110	100	2000	100	0	0	0	0	3	0	3	15	40	40	35	40	40	40	40	35	-60	0	0	0	0	0	0	1	0	0	0	0	0	0	0	3.0	0	15	0	0	0	0	0	0	0	0	0	0	0	0	0	0	0	0	0	0	0	0	0	0.0
6113	magma_adami	KNIGHT	MONSTER	MELEE	105	100		AGGR,GODSPEED	0		STUN,SLOW,TERROR	0	ice_snow_man	0	125	128	125	31	0	0	0	0	183	262	147212	5	14	0	0	0	0	100	110	110	100	2000	100	0	0	0	0	0	0	0	10	40	40	35	40	40	40	40	35	-50	0	0	0	0	0	0	1	0	0	0	0	0	0	0	3.0	0	5	0	0	0	0	0	0	0	0	0	0	0	0	0	0	0	0	0	0	0	0	0	0.0
6114	magma_kristali	PAWN	MONSTER	MAGIC	103	100		AGGR,BERSERK	0		STUN,SLOW,TERROR	0	magma_crystal	0	126	63	126	31	0	0	0	0	183	262	159159	7	15	0	0	0	0	121	110	110	100	2000	850	0	0	0	0	5	0	0	12	40	40	35	40	40	40	40	35	-70	0	0	0	0	0	0	1	0	0	0	0	0	0	0	3.0	0	10	0	0	0	0	0	0	0	0	0	0	0	0	0	0	0	0	0	0	0	0	0	0.0
6115	magma_ejderi	S_KNIGHT	MONSTER	MAGIC	110	100		AGGR,BERSERK	0	DRAGON	STUN,SLOW,POISON,TERROR	0	reddragon_room_fly	0	125	100	125	31	0	0	0	0	179	246	289159	3	7	0	0	0	0	100	110	110	100	2000	850	0	0	0	0	0	0	0	10	70	70	70	70	70	70	70	70	-40	0	0	0	0	0	0	1	0	0	0	0	0	0	0	4.0	0	5	0	0	0	0	0	0	0	0	0	0	0	0	0	0	0	0	0	0	0	0	0	0.0
6116	ejderha_bekcisi_idall	BOSS	MONSTER	MELEE	113	200		AGGR,BERSERK,STONESKIN,DEATHBLOW,REVIVE	0		STUN,SLOW,POISON,TERROR	0	reddragon_room_human_boss	0	125	132	125	31	0	0	0	0	389	431	996772	4	7	0	0	4564000	0	100	110	110	100	2000	220	0	0	0	0	0	0	0	10	70	70	70	70	70	70	70	70	-30	0	0	0	0	0	0	10	0	0	0	0	0	0	0	4.0	6117	5	0	0	0	0	0	0	0	0	0	0	0	0	0	0	0	0	0	0	0	0	0	0.0
6117	idallin_cellati	S_KNIGHT	MONSTER	MELEE	97	100		AGGR,BERSERK	0		STUN,SLOW,POISON,TERROR	0	reddragon_room_human_boss	0	121	132	60	30	0	0	0	0	183	262	297407	4	14	0	0	0	0	100	110	110	100	2000	220	0	0	0	0	0	0	0	10	40	40	35	40	40	40	40	35	-40	0	0	0	0	0	0	1	0	0	0	0	0	0	0	3.0	0	5	0	0	0	0	0	0	0	0	0	0	0	0	0	0	0	0	0	0	0	0	0	0.0
6118	ejderha_heykeli	KING	STONE	MELEE	120	100		NOMOVE,NORECOVERY	0		STUN,SLOW,POISON,TERROR	0	metinstone_reddragon_statue	0	0	132	100	0	0	0	0	0	0	0	7000000	5	1	0	0	0	0	296	6337	6339	0	2000	150	0	0	0	0	0	0	0	0	70	70	70	70	70	70	70	70	0	0	0	0	100	100	0	0	0	0	0	0	0	0	0	0.0	0	0	0	0	0	0	0	0	0	0	0	0	0	0	0	0	0	0	0	0	0	0	0	0.0
6151	szel	BOSS	MONSTER	MELEE	107	100		AGGR,BERSERK,STONESKIN,DEATHBLOW,REVIVE	0		STUN,SLOW,TERROR	0	icegolem_boss	0	99	132	66	33	0	0	0	0	354	487	596772	10	15	1000	1500	116266	0	212	110	110	100	2000	100	0	0	0	0	0	0	3	15	40	40	35	40	40	40	40	35	0	0	0	0	0	0	0	0	1	0	0	0	0	-30	0	3.0	6108	20	0	0	0	0	0	0	0	0	0	0	0	0	0	0	0	0	0	0	0	0	0	0.0
6191	nemere	BOSS	MONSTER	MELEE	108	100		AGGR,BERSERK,STONESKIN,DEATHBLOW,REVIVE	0		STUN,SLOW,TERROR	0	hanma_boss	0	133	66	133	33	0	0	0	0	356	490	1813838	30	20	1828	2743	422585	0	256	110	110	100	2000	300	0	0	0	0	5	5	10	15	40	40	35	40	40	40	40	35	0	0	0	0	0	0	0	0	10	0	0	0	0	-30	0	4.0	6108	25	0	0	20	257	25	258	0	0	0	0	0	0	0	0	0	0	0	0	0	0	0	0.0
6192	jotun_thrym	BOSS	MONSTER	MELEE	123	140		AGGR,BERSERK,STONESKIN,DEATHBLOW,REVIVE	0	ORC	STUN,SLOW,TERROR	0	thunder_boss	0	133	66	133	33	0	0	0	0	346	470	1813838	30	2	0	0	4564000	0	256	110	110	100	2000	400	0	0	0	0	5	5	10	15	20	40	40	20	20	20	20	40	0	0	0	0	0	0	0	0	0	0	10	0	0	0	-20	4.0	6406	25	0	0	25	264	25	268	25	269	0	0	0	0	0	0	0	0	0	0	0	0	0	0.0
6193	ejderha_kralicesi_meley	KING	MONSTER	MELEE	123	100		AGGR,NOMOVE,BERSERK,STONESKIN,DEATHBLOW,REVIVE	0	DRAGON	STUN,SLOW,TERROR	0	reddragon_room_boss2	0	133	66	133	33	0	0	0	0	346	470	1813838	30	2	0	0	4564000	0	256	110	110	100	2000	400	0	0	0	0	5	5	10	15	20	40	40	20	20	20	20	40	-20	0	0	0	0	0	0	1	0	0	0	0	0	0	0	4.0	0	25	0	0	35	267	35	268	35	269	0	0	0	0	0	0	0	0	0	0	0	0	0	7,000.0
6201	magma_yeti	PAWN	MONSTER	MELEE	97	100		AGGR,GODSPEED	0		STUN,SLOW,TERROR	0	ice_snow_giant_man	0	125	62	125	31	0	0	0	0	173	234	97407	3	7	0	0	0	0	100	110	110	100	2000	100	0	0	0	0	0	0	0	10	20	0	-5	0	0	0	20	0	-70	0	0	0	0	0	0	1	0	0	0	0	0	0	0	3.0	0	5	0	0	0	0	0	0	0	0	0	0	0	0	0	0	0	0	0	0	0	0	0	0.0
6202	magma_golemi	KNIGHT	MONSTER	MELEE	98	100		AGGR,STONESKIN	0		STUN,SLOW,TERROR	0	ice_snow_golem	0	126	63	126	31	0	0	0	0	179	246	159159	4	7	0	0	0	0	121	110	110	100	2000	100	0	0	0	0	5	0	0	12	20	20	20	20	20	20	20	20	-50	0	0	0	0	0	0	1	0	0	0	0	0	0	0	2.0	0	10	0	0	0	0	0	0	0	0	0	0	0	0	0	0	0	0	0	0	0	0	0	0.0
6203	magma_bocegi	S_PAWN	MONSTER	MELEE	99	100		AGGR,GODSPEED	0		STUN,SLOW,TERROR	0	ice_snow_insect	0	64	128	64	32	0	0	0	0	207	258	159159	4	14	0	0	0	0	123	110	110	100	2000	100	0	0	0	0	3	0	3	15	20	20	20	20	20	20	20	20	-60	0	0	0	0	0	0	1	0	0	0	0	0	0	0	3.0	0	15	0	0	0	0	0	0	0	0	0	0	0	0	0	0	0	0	0	0	0	0	0	0.0
6204	magma_adami	KNIGHT	MONSTER	MELEE	101	100		AGGR,GODSPEED	0		STUN,SLOW,TERROR	0	ice_snow_man	0	125	128	125	31	0	0	0	0	207	258	147212	5	14	0	0	0	0	100	110	110	100	2000	100	0	0	0	0	0	0	0	10	20	20	20	20	20	20	20	20	-50	0	0	0	0	0	0	1	0	0	0	0	0	0	0	3.0	0	5	0	0	0	0	0	0	0	0	0	0	0	0	0	0	0	0	0	0	0	0	0	0.0
6205	magma_kristali	PAWN	MONSTER	MAGIC	103	100		AGGR,BERSERK	0		STUN,SLOW,TERROR	0	magma_crystal	0	126	63	126	31	0	0	0	0	207	258	159159	7	15	0	0	0	0	121	110	110	100	2000	850	0	0	0	0	5	0	0	12	20	20	20	20	20	20	20	20	-70	0	0	0	0	0	0	1	0	0	0	0	0	0	0	3.0	0	10	0	0	0	0	0	0	0	0	0	0	0	0	0	0	0	0	0	0	0	0	0	0.0
6206	magma_ejderi	S_KNIGHT	MONSTER	MAGIC	105	100		AGGR,BERSERK	0	DRAGON	STUN,SLOW,POISON,TERROR	0	reddragon_room_fly	0	125	100	125	31	0	0	0	0	207	258	147212	3	7	0	0	0	0	100	110	110	100	2000	850	0	0	0	0	0	0	0	10	20	20	20	20	20	20	20	20	-40	0	0	0	0	0	0	1	0	0	0	0	0	0	0	3.0	0	5	0	0	0	0	0	0	0	0	0	0	0	0	0	0	0	0	0	0	0	0	0	0.0
6207	ejderha_bekcisi_idall	BOSS	MONSTER	MELEE	107	200		AGGR,BERSERK,STONESKIN,DEATHBLOW,REVIVE	0		STUN,SLOW,POISON,TERROR	0	reddragon_room_human_boss	0	125	132	125	31	0	0	0	0	354	487	496772	4	7	0	0	2282000	0	100	110	110	100	2000	220	0	0	0	0	0	0	0	10	20	20	20	20	20	20	20	20	-30	0	0	0	0	0	0	1	0	0	0	0	0	0	0	3.0	6208	5	0	0	0	0	0	0	0	0	0	0	0	0	0	0	0	0	0	0	0	0	0	0.0
6209	ejderha_heykeli	KING	STONE	MELEE	105	100		NOMOVE,NORECOVERY	0		STUN,SLOW,POISON,TERROR	0	metinstone_reddragon_statue	0	0	132	100	0	0	0	0	0	0	0	4500000	5	1	0	0	0	0	296	6337	6339	0	2000	150	0	0	0	0	0	0	0	0	20	20	20	20	20	20	20	20	0	0	0	0	100	100	0	0	0	0	0	0	0	0	0	0.0	0	0	0	0	0	0	0	0	0	0	0	0	0	0	0	0	0	0	0	0	0	0	0	0.0
6301	ochao_savascisi	PAWN	MONSTER	MELEE	98	140		AGGR	0	DEVIL	SLOW,CURSE,TERROR	0	lemures_soldier	0	121	91	60	30	0	0	0	0	173	234	21825	3	7	0	0	9375	0	111	200	110	100	2000	100	0	0	0	0	0	0	0	10	0	0	0	0	0	0	0	0	0	0	0	-70	0	0	0	0	0	1	0	0	0	0	0	3.0	0	5	0	0	0	0	0	0	0	0	0	0	0	0	0	0	0	0	0	0	0	0	0	0.0
6302	ochao_askeri	S_PAWN	MONSTER	MELEE	99	130		AGGR,REVIVE	0	DEVIL	SLOW,CURSE,TERROR	0	lemures_soldier2	0	122	92	61	30	0	0	0	0	179	246	25634	4	7	0	0	11255	0	117	110	110	100	2000	100	0	0	0	0	5	0	0	12	0	5	5	-10	-10	-10	-10	5	0	0	0	-60	0	0	0	0	0	1	0	0	0	0	0	3.0	0	10	0	0	0	0	0	0	0	0	0	0	0	0	0	0	0	0	0	0	0	0	0	0.0
6303	ochao_buyucusu	S_PAWN	MONSTER	MAGIC	100	100		AGGR,STONESKIN	0	DEVIL	SLOW,CURSE,TERROR	0	lemures_magic	0	93	124	62	31	0	0	0	0	207	258	29043	4	14	0	0	11380	0	103	110	110	100	2000	850	0	0	0	0	3	0	3	15	10	10	10	10	10	10	10	10	0	0	15	-60	0	0	0	0	0	1	0	0	0	0	0	3.0	0	15	0	0	0	0	0	0	0	0	0	0	0	0	0	0	0	0	0	0	0	0	0	0.0
6304	ochao_celladi	KNIGHT	MONSTER	MELEE	101	100		AGGR,BERSERK	0	DEVIL	SLOW,CURSE,TERROR	0	lemures_officer	0	125	62	125	31	0	0	0	0	183	262	38159	5	14	0	0	25316	0	140	110	110	100	2000	100	0	0	0	0	0	10	10	16	0	0	0	-5	0	-5	0	0	0	0	0	-50	0	0	0	0	0	1	0	0	0	0	0	3.0	0	15	0	0	0	0	0	0	0	0	0	0	0	0	0	0	0	0	0	0	0	0	0	0.0
6305	ochao_generali	S_KNIGHT	MONSTER	MELEE	102	100		AGGR	0	DEVIL	SLOW,CURSE,TERROR	0	lemures_general	0	126	63	126	31	0	0	0	0	196	264	97407	7	15	0	0	39580	0	171	200	110	100	2000	100	0	0	0	0	5	0	5	15	0	0	-5	-5	-5	0	0	0	0	0	0	-40	0	0	0	0	0	1	0	0	0	0	0	3.0	0	15	0	0	0	0	0	0	0	0	0	0	0	0	0	0	0	0	0	0	0	0	0	0.0
6306	guclu_ochao_savascisi	PAWN	MONSTER	MELEE	117	140		AGGR	0	DEVIL	SLOW,CURSE,TERROR	0	lemures_soldier	0	121	91	60	30	0	0	0	0	193	254	22825	3	7	0	0	11375	0	111	200	110	100	2000	100	0	0	0	0	0	0	0	10	0	0	0	0	0	0	0	0	0	0	0	-70	0	0	0	0	0	1	0	0	0	0	0	3.0	0	5	0	0	0	0	0	0	0	0	0	0	0	0	0	0	0	0	0	0	0	0	0	0.0
6307	guclu_ochao_askeri	S_PAWN	MONSTER	MELEE	117	130		AGGR,REVIVE	0	DEVIL	SLOW,CURSE,TERROR	0	lemures_soldier2	0	122	92	61	30	0	0	0	0	199	266	26634	4	7	0	0	15255	0	117	110	110	100	2000	100	0	0	0	0	5	0	0	12	0	5	5	-10	-10	-10	-10	5	0	0	0	-60	0	0	0	0	0	1	0	0	0	0	0	3.0	0	10	0	0	0	0	0	0	0	0	0	0	0	0	0	0	0	0	0	0	0	0	0	0.0
6308	guclu_ochao_buyucusu	S_PAWN	MONSTER	MAGIC	118	100		AGGR,STONESKIN	0	DEVIL	SLOW,CURSE,TERROR	0	lemures_magic	0	93	124	62	31	0	0	0	0	207	268	30043	4	14	0	0	16380	0	103	110	110	100	2000	850	0	0	0	0	3	0	3	15	10	10	10	10	10	10	10	10	0	0	15	-60	0	0	0	0	0	1	0	0	0	0	0	3.0	0	15	0	0	0	0	0	0	0	0	0	0	0	0	0	0	0	0	0	0	0	0	0	0.0
6309	guclu_ochao_celladi	KNIGHT	MONSTER	MELEE	118	100		AGGR,BERSERK	0	DEVIL	SLOW,CURSE,TERROR	0	lemures_officer	0	125	62	125	31	0	0	0	0	193	272	39159	5	14	0	0	29316	0	140	110	110	100	2000	100	0	0	0	0	0	10	10	16	0	0	0	-5	0	-5	0	0	0	0	0	-50	0	0	0	0	0	1	0	0	0	0	0	3.0	0	15	0	0	0	0	0	0	0	0	0	0	0	0	0	0	0	0	0	0	0	0	0	0.0
6310	guclu_ochao_generali	S_KNIGHT	MONSTER	MELEE	119	100		AGGR	0	DEVIL	SLOW,CURSE,TERROR	0	lemures_general	0	126	63	126	31	0	0	0	0	206	284	98407	7	15	0	0	42580	0	171	200	110	100	2000	100	0	0	0	0	5	0	5	15	0	0	-5	-5	-5	0	0	0	0	0	0	-40	0	0	0	0	0	1	0	0	0	0	0	3.0	0	15	0	0	0	0	0	0	0	0	0	0	0	0	0	0	0	0	0	0	0	0	0	0.0
6391	ochao_duku	BOSS	MONSTER	MELEE	103	110		AGGR,BERSERK,DEATHBLOW,REVIVE	0	DEVIL	STUN,SLOW,CURSE,TERROR	0	lemures_boss	0	128	64	128	32	0	0	0	0	162	280	3000000	10	10	0	0	142984	0	206	110	110	100	2000	100	0	0	0	0	0	0	3	15	15	40	40	15	15	15	15	40	0	0	0	-30	0	0	0	0	0	1	0	0	0	0	0	3.0	6304	20	0	0	0	0	0	0	0	0	0	0	0	0	0	0	0	0	0	0	0	0	0	0.0
6392	ochao_muhafizi	BOSS	MONSTER	MELEE	108	110		AGGR,BERSERK,DEATHBLOW,REVIVE	0	DEVIL	STUN,SLOW,CURSE,TERROR	0	lemures_boss2	0	131	65	131	32	0	0	0	0	173	285	3000000	10	10	0	0	514705	0	252	110	110	100	2000	100	0	0	0	0	5	5	10	15	15	40	40	15	15	15	15	40	0	0	0	0	0	0	0	0	1	0	0	0	0	-20	0	4.0	6305	25	0	0	0	0	0	0	0	0	0	0	0	0	0	0	0	0	0	0	0	0	0	0.0
6393	guclu_ochao_duku	BOSS	MONSTER	MELEE	120	110		AGGR,BERSERK,DEATHBLOW,REVIVE	0	DEVIL	STUN,SLOW,CURSE,TERROR	0	lemures_boss	0	128	64	128	32	0	0	0	0	172	290	3000000	10	10	0	0	182984	0	206	110	110	100	2000	100	0	0	0	0	0	0	3	15	15	40	40	15	15	15	15	40	0	0	0	-30	0	0	0	0	0	1	0	0	0	0	0	3.0	6309	20	0	0	0	0	0	0	0	0	0	0	0	0	0	0	0	0	0	0	0	0	0	0.0
6394	guclu_ochao_muhafizi	BOSS	MONSTER	MELEE	120	110		AGGR,BERSERK,DEATHBLOW,REVIVE	0	DEVIL	STUN,SLOW,CURSE,TERROR	0	lemures_boss2	0	131	65	131	32	0	0	0	0	183	295	3000000	10	10	0	0	584705	0	252	110	110	100	2000	100	0	0	0	0	5	5	10	15	15	40	40	15	15	15	15	40	0	0	0	0	0	0	0	0	1	0	0	0	0	-20	0	4.0	6310	25	0	0	0	0	0	0	0	0	0	0	0	0	0	0	0	0	0	0	0	0	0	0.0
6401	en_tai_savascisi	PAWN	MONSTER	MELEE	100	130		AGGR	0	DEVIL	SLOW,CURSE,TERROR	0	trent_soldier	0	112	84	56	28	0	0	0	0	257	257	22605	3	10	0	0	24334	0	112	110	120	100	2000	180	0	0	0	0	0	0	5	5	0	10	10	5	-5	-5	-5	0	0	0	0	-5000	0	0	0	0	0	5000	0	0	0	0	0	3.0	0	15	0	0	0	0	0	0	0	0	0	0	0	0	0	0	0	0	0	0	0	0	0	0.0
6402	en_tai_savascisi	S_PAWN	MONSTER	MELEE	102	140		AGGR,STONESKIN	0	DEVIL	SLOW,CURSE,TERROR	0	trent_soldier	0	115	87	60	30	0	0	0	0	183	268	29319	4	14	0	0	28934	0	119	110	130	100	2000	180	0	0	0	0	5	5	10	16	0	0	0	0	0	0	0	0	0	0	0	-60	0	0	0	0	0	1	0	0	0	0	0	3.0	0	15	0	0	0	0	0	0	0	0	0	0	0	0	0	0	0	0	0	0	0	0	0	0.0
6403	en_tai_rahibi	S_PAWN	MONSTER	MAGIC	104	140		AGGR,STONESKIN	0	DEVIL	SLOW,CURSE,TERROR	0	trent_magic	0	61	114	122	30	0	0	0	0	211	256	39563	5	7	0	0	35468	0	106	110	110	100	2000	850	0	0	0	0	3	0	3	15	0	10	10	5	0	0	0	10	0	0	15	-60	0	0	0	0	0	1	0	0	0	0	0	3.0	0	15	0	0	0	0	0	0	0	0	0	0	0	0	0	0	0	0	0	0	0	0	0	0.0
6404	en_tai_sifacisi	KNIGHT	MONSTER	MAGIC	105	140		AGGR,BERSERK	0	DEVIL	SLOW,CURSE,TERROR	0	trent_magic	0	62	93	120	30	0	0	0	0	211	268	42159	5	7	0	0	37900	0	117	110	110	100	2000	850	0	0	0	0	3	0	3	15	0	10	10	5	0	0	0	10	0	0	15	-50	0	0	0	0	0	1	0	0	0	0	0	3.0	0	15	0	0	0	0	0	0	0	0	0	0	0	0	0	0	0	0	0	0	0	0	0	0.0
6405	en_tai_bekcisi	KING	MONSTER	RANGE	105	100		AGGR,STONESKIN	0	DEVIL	STUN,SLOW,CURSE,TERROR	0	trent_officer	0	115	93	125	31	0	0	0	0	214	273	109159	5	20	0	0	9754	0	120	110	110	100	2000	300	0	0	0	0	3	0	3	15	0	10	10	0	0	0	0	10	0	0	0	-20	0	0	0	0	0	10	0	0	0	0	0	4.0	6401	15	0	0	10	256	0	0	0	0	0	0	0	0	0	0	0	0	0	0	0	0	0	0.0
6406	en_tai_imhacisi	S_KNIGHT	MONSTER	MELEE	108	90		AGGR,BERSERK	0	DEVIL	SLOW,CURSE,TERROR	0	trent_general	0	125	62	125	31	0	0	0	0	226	272	108570	10	14	0	0	53214	0	142	110	110	100	2000	100	0	0	0	0	0	0	3	15	10	40	40	10	10	10	10	40	0	0	0	-40	0	0	0	0	0	1	0	0	0	0	0	4.0	6401	20	0	0	10	256	0	0	0	0	0	0	0	0	0	0	0	0	0	0	0	0	0	0.0
6407	en_tai_hukumdari	BOSS	MONSTER	MELEE	112	100		AGGR,BERSERK,STONESKIN,DEATHBLOW,REVIVE	0	DEVIL	STUN,SLOW,CURSE,TERROR	0	trent_boss	0	128	64	128	32	0	0	0	0	212	290	822784	10	15	0	0	517920	0	171	110	110	100	2000	300	0	0	0	0	0	0	3	15	15	40	40	15	15	15	15	40	0	0	0	0	0	0	0	0	10	0	0	0	0	-30	0	3.0	6404	25	0	0	15	256	0	0	0	0	0	0	0	0	0	0	0	0	0	0	0	0	0	0.0
6408	bagjanamu	BOSS	MONSTER	MELEE	120	130		AGGR,BERSERK,STONESKIN,DEATHBLOW,REVIVE	0	DEVIL	STUN,SLOW,CURSE,TERROR	0	trent_boss2	0	131	65	131	33	0	0	0	0	354	487	1507688	30	15	0	0	1154705	0	260	110	110	100	2000	300	0	0	0	0	5	5	10	15	15	40	40	15	15	15	15	40	0	0	0	0	0	0	0	0	10	0	0	0	0	-30	0	4.0	6404	25	0	0	20	256	0	0	0	0	0	0	0	0	0	0	0	0	0	0	0	0	0	0.0
6409	ochao_sifacisi	S_PAWN	MONSTER	MAGIC	110	140		AGGR,STONESKIN,HEALER	0	DEVIL	SLOW,CURSE,TERROR	0	lemures_magic	0	93	124	62	31	0	0	0	0	187	228	159159	5	5	0	0	9843	0	118	120	110	100	2000	850	0	0	0	0	3	0	3	15	0	5	5	0	0	0	0	5	0	0	0	-60	0	0	0	0	0	1	0	0	0	0	0	3.0	0	15	0	0	20	265	0	0	0	0	0	0	0	0	0	0	0	0	0	0	0	0	0	0.0
6410	guclu_en_tai_savascisi	PAWN	MONSTER	MELEE	117	130		AGGR	0	DEVIL	SLOW,CURSE,TERROR	0	trent_soldier	0	112	84	56	28	0	0	0	0	189	267	23605	3	10	0	0	27334	0	112	110	120	100	2000	180	0	0	0	0	0	0	5	5	0	10	10	5	-5	-5	-5	0	0	0	0	-70	0	0	0	0	0	1	0	0	0	0	0	3.0	0	15	0	0	0	0	0	0	0	0	0	0	0	0	0	0	0	0	0	0	0	0	0	0.0
6411	guclu_en_tai_savascisi	S_PAWN	MONSTER	MELEE	118	140		AGGR,STONESKIN	0	DEVIL	SLOW,CURSE,TERROR	0	trent_soldier	0	115	87	60	30	0	0	0	0	193	278	30319	4	14	0	0	31934	0	119	110	130	100	2000	180	0	0	0	0	5	5	10	16	0	0	0	0	0	0	0	0	0	0	0	-60	0	0	0	0	0	1	0	0	0	0	0	3.0	0	15	0	0	0	0	0	0	0	0	0	0	0	0	0	0	0	0	0	0	0	0	0	0.0
6412	guclu_en_tai_rahibi	S_PAWN	MONSTER	MAGIC	118	140		AGGR,STONESKIN	0	DEVIL	SLOW,CURSE,TERROR	0	trent_magic	0	61	114	122	30	0	0	0	0	221	266	40563	5	7	0	0	38468	0	106	110	110	100	2000	850	0	0	0	0	3	0	3	15	0	10	10	5	0	0	0	10	0	0	15	-60	0	0	0	0	0	1	0	0	0	0	0	3.0	0	15	0	0	0	0	0	0	0	0	0	0	0	0	0	0	0	0	0	0	0	0	0	0.0
6413	guclu_en_tai_sifacisi	KNIGHT	MONSTER	MAGIC	119	140		AGGR,BERSERK	0	DEVIL	SLOW,CURSE,TERROR	0	trent_magic	0	62	93	120	30	0	0	0	0	221	278	43159	5	7	0	0	40900	0	117	110	110	100	2000	850	0	0	0	0	3	0	3	15	0	10	10	5	0	0	0	10	0	0	15	-50	0	0	0	0	0	1	0	0	0	0	0	3.0	0	15	0	0	0	0	0	0	0	0	0	0	0	0	0	0	0	0	0	0	0	0	0	0.0
6414	guclu_en_tai_imhacisi	S_KNIGHT	MONSTER	MELEE	120	90		AGGR,BERSERK	0	DEVIL	SLOW,CURSE,TERROR	0	trent_general	0	125	62	125	31	0	0	0	0	236	282	110570	10	14	0	0	56214	0	142	110	110	100	2000	100	0	0	0	0	0	0	3	15	10	40	40	10	10	10	10	40	0	0	0	-40	0	0	0	0	0	1	0	0	0	0	0	4.0	6410	20	0	0	10	256	0	0	0	0	0	0	0	0	0	0	0	0	0	0	0	0	0	0.0
6415	beran_setaou_etkinligi	KING	MONSTER	MELEE	105	140		AGGR,COUNT,NORECOVERY	0	DRAGON	STUN,SLOW,TERROR,UNK_IMMUNE_FLAG7,UNK_IMMUNE_FLAG8	0	blue_dragon	0	33	33	33	33	0	0	0	0	66	110	15000	5	7	0	0	1	0	256	110	110	100	2000	300	0	0	0	0	0	0	15	20	0	0	0	0	0	0	0	0	0	-20	0	0	0	0	1	0	0	0	0	0	0	0	0	4.0	0	25	0	0	0	0	0	0	0	0	0	0	0	0	0	0	0	0	0	0	0	0	0	0.0
6416	nemere_etkinligi	KING	MONSTER	MELEE	105	140		AGGR,COUNT,NORECOVERY	0		STUN,SLOW,TERROR	0	hanma_boss	0	33	33	33	33	0	0	0	0	66	110	15000	5	7	0	0	1	0	256	110	110	100	2000	300	0	0	0	0	5	5	10	15	0	0	0	0	0	0	0	0	0	0	0	0	0	0	0	0	1	0	0	0	0	-20	0	4.0	0	25	0	0	0	0	0	0	0	0	0	0	0	0	0	0	0	0	0	0	0	0	0	0.0
6417	razador_etkinligi	KING	MONSTER	MELEE	105	140		AGGR,COUNT,NORECOVERY	0		STUN,SLOW,TERROR	0	yamachun	0	33	33	33	33	0	0	0	0	66	110	15000	5	7	0	0	1	0	256	110	110	100	2000	300	0	0	0	0	5	5	10	15	0	0	0	0	0	0	0	0	-20	0	0	0	0	0	0	1	0	0	0	0	0	0	0	4.0	0	25	0	0	0	0	0	0	0	0	0	0	0	0	0	0	0	0	0	0	0	0	0	0.0
6418	jotun_thrym_etkinligi	KING	MONSTER	MELEE	105	140		AGGR,COUNT,NORECOVERY	0	ORC	STUN,SLOW,TERROR	0	thunder_boss	0	33	33	33	33	0	0	0	0	66	110	15000	5	7	0	0	1	0	256	110	110	100	2000	300	0	0	0	0	5	5	10	15	0	0	0	0	0	0	0	0	0	0	0	0	0	0	0	0	0	0	1	0	0	0	-20	4.0	0	25	0	0	0	0	0	0	0	0	0	0	0	0	0	0	0	0	0	0	0	0	0	0.0
6419	kirmizi_ejderha_etkinl.	KING	MONSTER	MELEE	105	100		AGGR,COUNT,NORECOVERY	0	DRAGON	STUN,SLOW,TERROR,UNK_IMMUNE_FLAG7,UNK_IMMUNE_FLAG8	0	fire_dragon	0	133	66	133	33	0	0	0	0	346	470	15000	5	7	0	0	1	0	256	110	110	100	2000	300	0	0	0	0	5	5	10	15	0	0	0	0	0	0	0	0	-20	0	0	0	0	0	0	1	0	0	0	0	0	0	0	4.0	0	25	0	0	0	0	0	0	0	0	0	0	0	0	0	0	0	0	0	0	0	0	0	0.0
6420	golge_savascisi	KING	MONSTER	MELEE	115	200		AGGR,COUNT,NORECOVERY	0	DEVIL	STUN,SLOW,TERROR	0	ten_warrior_monster	0	33	33	33	33	0	0	0	0	66	110	15000	5	7	0	0	1	0	256	110	110	100	2000	300	0	0	0	0	5	5	10	15	0	0	0	0	0	0	0	0	0	-20	0	0	0	0	1	0	0	0	0	0	0	0	0	4.0	0	25	0	0	30	260	0	0	0	0	0	0	0	0	0	0	0	0	0	0	0	0	0	0.0
6421	baashido	KING	MONSTER	MAGIC	105	120		AGGR,COUNT,NORECOVERY	0	DEVIL	STUN,SLOW,TERROR,UNK_IMMUNE_FLAG4,UNK_IMMUNE_FLAG5,UNK_IMMUNE_FLAG6	0	luck_sheep_boss	0	124	100	80	30	0	0	0	0	50	371	100	5	7	0	0	1	0	256	110	110	100	2000	850	0	0	5	5	5	10	10	15	0	0	0	0	0	0	0	0	0	0	0	0	100	100	0	0	0	0	0	0	0	0	0	4.0	0	25	0	0	0	0	0	0	0	0	0	0	0	0	0	0	0	0	0	0	0	0	0	0.0
6422	agoni_metini	KING	STONE	SPECIAL	50	100		NOMOVE,COUNT,NORECOVERY	0		STUN,SLOW,TERROR	0	metinstone_02	0	0	0	48	0	0	0	0	0	0	0	700	5	1	0	0	1	0	46	0	0	0	2000	175	0	0	0	0	0	0	0	0	0	0	0	0	0	0	0	0	0	0	0	0	100	100	0	0	0	0	0	0	0	0	0	0.0	0	0	0	0	0	0	0	0	0	0	0	0	0	0	0	0	0	0	0	0	0	0	0	0.0
6430	vahsi_yuzbasi	BOSS	MONSTER	MELEE	42	100		AGGR,UNK_AI_FLAG24	0	HUMAN	STUN,SLOW,TERROR	0	barbarian_boss	0	40	27	54	13	0	0	0	0	68	126	18810	29	32	0	0	1	1	49	100	100	100	2000	175	30075	0	0	0	0	0	50	15	0	0	0	0	0	0	0	0	0	0	0	0	0	0	0	0	0	0	0	0	0	0	0	2.0	0	0	0	0	0	0	0	0	0	0	0	0	0	0	0	0	0	0	0	0	0	0	0	0.0
6431	ork_reisi	BOSS	MONSTER	MELEE	50	100		AGGR,UNK_AI_FLAG24	0	ORC	STUN,SLOW,TERROR	0	orc_lord	0	48	32	63	16	0	0	0	0	79	146	24618	19	22	0	0	1	1	57	100	100	100	2000	175	0	0	0	0	0	10	0	0	0	0	0	0	0	0	0	0	0	0	0	0	0	0	0	0	0	0	0	0	0	0	0	2.0	0	0	0	0	0	0	0	0	0	0	0	0	0	0	0	0	0	0	0	0	0	0	0	0.0
6432	dokuz_kuyruk	BOSS	MONSTER	MELEE	72	100		AGGR,UNK_AI_FLAG24	0			0	fox_ninetail	0	91	68	46	23	0	0	0	0	109	203	166120	24	32	0	0	1	1	81	100	100	100	2000	175	0	0	0	0	0	0	0	0	0	0	0	0	0	0	0	0	0	0	0	0	0	0	0	0	1	0	0	0	0	-30	0	2.0	0	0	0	0	0	0	0	0	0	0	0	0	0	0	0	0	0	0	0	0	0	0	0	0.0
6433	guclu_buz_cadisi	BOSS	MONSTER	MAGIC	89	100		AGGR,BERSERK,STONESKIN,DEATHBLOW,UNK_AI_FLAG24	0		STUN,SLOW,TERROR	0	ice_snow_witch	0	97	73	49	24	0	0	0	0	174	293	352410	6	16	0	0	1	1	86	130	160	100	2000	1000	0	0	0	50	0	0	0	2	60	60	60	40	40	40	60	60	0	0	40	0	100	100	0	0	1	0	0	0	0	-30	0	3.0	0	30	6750207	0	0	0	0	0	0	0	0	0	0	0	0	0	0	0	0	0	0	0	0	0.0
6434	general	BOSS	MONSTER	MELEE	95	100		AGGR,BERSERK,DEATHBLOW,REVIVE,UNK_AI_FLAG24	0	DEVIL	STUN,SLOW,TERROR	0	ch_general	0	119	89	60	30	0	0	0	0	147	268	900000	17	30	0	0	1	1	92	140	130	100	2000	100	0	0	0	5	5	15	10	10	50	45	45	40	35	35	50	45	0	-30	20	0	0	0	1	0	0	0	0	0	0	0	0	4.0	0	40	0	0	0	0	0	0	0	0	0	0	0	0	0	0	0	0	0	0	0	0	0	0.0
6435	nemere	BOSS	MONSTER	MELEE	108	100		AGGR,BERSERK,STONESKIN,DEATHBLOW,REVIVE,UNK_AI_FLAG24	0		STUN,SLOW,TERROR	0	hanma_boss	0	133	66	133	33	0	0	0	0	356	490	1813838	30	20	0	0	1	1	256	110	110	100	2000	300	0	0	0	0	5	5	10	15	40	40	35	40	40	40	40	35	0	0	0	0	0	0	0	0	10	0	0	0	0	-30	0	4.0	0	25	0	0	0	0	0	0	0	0	0	0	0	0	0	0	0	0	0	0	0	0	0	0.0
6436	beran_setaou	KING	MONSTER	MELEE	97	100		AGGR,BERSERK,STONESKIN,UNK_AI_FLAG24	0	DRAGON	STUN,SLOW,TERROR	0	blue_dragon	0	153	114	76	37	0	0	0	0	289	449	6300000	44	6	0	0	1	1	930	150	180	100	2000	350	0	0	25	25	25	25	25	25	25	25	25	25	25	25	25	25	0	-10	25	0	25	25	50	0	0	0	0	0	0	0	0	4.0	0	100	0	0	0	0	0	0	0	0	0	0	0	0	0	0	0	0	0	0	0	0	0	0.0
6437	razador	BOSS	MONSTER	MELEE	108	100		AGGR,BERSERK,STONESKIN,DEATHBLOW,REVIVE,UNK_AI_FLAG24	0		STUN,SLOW,TERROR	0	yamachun	0	133	66	133	33	0	0	0	0	356	490	1813838	30	20	0	0	1	1	256	110	110	100	2000	300	0	0	0	0	5	5	10	15	40	40	35	40	40	40	40	35	-30	0	0	0	0	0	0	10	0	0	0	0	0	0	0	4.0	0	25	0	0	0	0	0	0	0	0	0	0	0	0	0	0	0	0	0	0	0	0	0	0.0
6438	jotun_thrym	KING	MONSTER	MELEE	123	140		AGGR,BERSERK,STONESKIN,DEATHBLOW,REVIVE,UNK_AI_FLAG24	0	ORC	STUN,SLOW,TERROR	0	thunder_boss	0	133	66	133	33	0	0	0	0	346	470	1813838	30	2	0	0	1	1	256	110	110	100	2000	400	0	0	0	0	5	5	10	15	20	40	40	20	20	20	20	40	0	0	0	0	0	0	0	0	0	0	10	0	0	0	-20	4.0	0	25	0	0	0	0	0	0	0	0	0	0	0	0	0	0	0	0	0	0	0	0	0	0.0
6439	gizemli_rahip	BOSS	MONSTER	MAGIC	127	100		AGGR,BERSERK,STONESKIN,DEATHBLOW,UNK_AI_FLAG24	0	MYSTERY_DUNGEON	STUN,SLOW,TERROR,UNK_IMMUNE_FLAG7	0	empire_zhanglu	0	140	94	126	33	0	30	80	15	513	653	1852410	6	16	0	0	1	1	150	100	100	100	2000	1000	0	0	0	50	0	20	20	50	60	60	60	40	40	40	60	60	0	0	40	0	100	100	0	0	65	0	0	0	0	-10	0	5.0	0	30	0	0	0	0	0	0	0	0	0	0	0	0	0	0	0	0	0	0	0	0	0	0.0
6500	ejderha_krali_akzadur	BOSS	MONSTER	MELEE	120	110		AGGR,BERSERK,STONESKIN,DEATHBLOW,REVIVE	0		STUN,SLOW,TERROR,UNK_IMMUNE_FLAG4,UNK_IMMUNE_FLAG5,UNK_IMMUNE_FLAG6	0	pve_dragonmaster_boss	0	112	132	125	31	0	0	0	0	339	381	18967720	30	3	0	0	1	0	100	120	150	100	3000	650	0	0	0	0	0	0	0	10	40	40	40	40	40	40	40	40	-30	0	0	0	0	0	0	35	0	0	0	0	0	0	0	3.0	0	5	0	0	0	0	0	0	0	0	0	0	0	0	0	0	0	0	0	0	0	0	0	0.0
6501	ejderha_krali_nafaroth	BOSS	MONSTER	MELEE	121	110		AGGR,BERSERK,STONESKIN,DEATHBLOW,REVIVE	0		STUN,SLOW,TERROR,UNK_IMMUNE_FLAG4,UNK_IMMUNE_FLAG5,UNK_IMMUNE_FLAG6	0	pve_dragonmaster_boss	0	129	132	125	31	0	0	0	0	359	401	23967720	30	3	0	0	1	0	100	120	150	100	3000	650	0	0	0	0	0	0	0	10	90	90	90	90	90	90	90	90	-5	0	0	0	0	0	0	50	0	0	0	0	0	0	0	3.0	0	5	0	0	0	0	0	0	0	0	0	0	0	0	0	0	0	0	0	0	0	0	0	0.0
6502	ejderha_krali_exedyar	BOSS	MONSTER	MELEE	122	160		AGGR,BERSERK,STONESKIN,DEATHBLOW,REVIVE	0		STUN,SLOW,TERROR,UNK_IMMUNE_FLAG4,UNK_IMMUNE_FLAG5,UNK_IMMUNE_FLAG6	0	pve_dragonmaster_boss	0	125	132	125	31	0	0	0	0	379	411	28967720	25	4	0	0	1	0	100	120	150	100	3000	650	0	0	0	0	0	0	0	10	50	50	50	50	50	50	50	50	-30	0	0	0	0	0	0	55	0	0	0	0	0	0	0	3.0	0	5	0	0	0	0	0	0	0	0	0	0	0	0	0	0	0	0	0	0	0	0	0	0.0
6503	ejderha_krali_ruilith	BOSS	MONSTER	MELEE	123	160		AGGR,BERSERK,STONESKIN,DEATHBLOW,REVIVE	0		STUN,SLOW,TERROR,UNK_IMMUNE_FLAG4,UNK_IMMUNE_FLAG5,UNK_IMMUNE_FLAG6	0	pve_dragonmaster_boss	0	128	132	125	31	0	0	0	0	389	431	32967720	25	4	0	0	1	0	100	120	150	100	3000	650	0	0	0	0	0	0	0	10	55	55	55	55	55	55	55	55	-30	0	0	0	0	0	0	60	0	0	0	0	0	0	0	4.0	0	5	0	0	0	0	0	0	0	0	0	0	0	0	0	0	0	0	0	0	0	0	0	0.0
6504	tyolduran	KING	MONSTER	MELEE	115	70		AGGR,BERSERK,STONESKIN,DEATHBLOW,REVIVE	0	DRAGON	STUN,SLOW,TERROR,UNK_IMMUNE_FLAG4,UNK_IMMUNE_FLAG5,UNK_IMMUNE_FLAG6	0	fire_dragon	0	105	66	125	31	0	0	0	0	379	411	12967720	30	3	0	0	1	0	100	110	110	100	2000	300	0	0	0	0	5	5	10	10	20	20	20	20	20	20	20	20	-30	0	0	0	0	0	0	25	0	0	0	0	0	0	0	4.0	0	25	0	0	0	0	0	0	0	0	0	0	0	0	0	0	0	0	0	0	0	0	0	0.0
6513	ejderha_portali	KING	NPC	MELEE	1	100		NOMOVE	0		STUN,SLOW,TERROR	0		2	0	0	0	0	0	0	0	0	0	0	120	3	1	0	0	10	0	4	100	100	0	2000	150	0	0	0	0	0	0	0	0	0	0	0	0	0	0	0	0	0	0	0	0	0	0	0	0	0	0	0	0	0	0	0	0.0	0	0	0	0	0	0	0	0	0	0	0	0	0	0	0	0	0	0	0	0	0	0	0	0.0
6514	ejderha_kralina_git	KING	GOTO	MELEE	1	100		NOMOVE	0		STUN,SLOW,TERROR	0		0	0	0	0	0	0	0	0	0	0	0	120	3	1	0	0	10	0	4	100	0	0	2000	150	0	0	0	0	0	0	0	0	0	0	0	0	0	0	0	0	0	0	0	0	0	0	0	0	0	0	0	0	0	0	0	0.0	0	0	0	0	0	0	0	0	0	0	0	0	0	0	0	0	0	0	0	0	0	0	0	0.0
6515	cikis	KING	NPC	MELEE	1	100		NOMOVE	0		STUN,SLOW,TERROR	0		2	0	0	0	0	0	0	0	0	0	0	120	3	1	0	0	10	0	4	100	100	0	2000	150	0	0	0	0	0	0	0	0	0	0	0	0	0	0	0	0	0	0	0	0	0	0	0	0	0	0	0	0	0	0	0	0.0	0	0	0	0	0	0	0	0	0	0	0	0	0	0	0	0	0	0	0	0	0	0	0	0.0
6541	헬하운드(신비)	S_PAWN	MONSTER	MELEE	120	100			0	ANIMAL,MYSTERY_DUNGEON	STUN,SLOW,TERROR,UNK_IMMUNE_FLAG7	0	gnoll_hellhound	0	120	91	122	31	0	10	50	1	354	500	63421	6	5	0	0	0	27	110	100	100	100	2000	150	0	0	0	0	0	0	0	5	50	15	20	20	20	20	20	20	0	0	0	0	0	0	0	0	0	0	0	28	-15	0	0	4.0	0	0	0	0	0	0	0	0	0	0	0	0	0	0	0	0	0	0	0	0	0	0	0	0.0
6542	트롤일꾼(신비)	KNIGHT	MONSTER	MELEE	120	100			0	DEVIL,MYSTERY_DUNGEON	STUN,SLOW,TERROR,UNK_IMMUNE_FLAG7	0	gnoll_commander	0	121	92	122	31	0	10	50	1	359	486	87364	6	5	0	0	0	28	110	100	100	100	2000	100	0	0	0	0	0	0	0	8	50	15	20	20	20	20	20	20	0	0	0	0	0	0	0	0	0	0	0	28	-15	0	0	4.0	0	0	0	0	0	0	0	0	0	0	0	0	0	0	0	0	0	0	0	0	0	0	0	0.0
6543	트롤전사(신비)	KNIGHT	MONSTER	MELEE	120	100			0	DEVIL,MYSTERY_DUNGEON	STUN,SLOW,TERROR,UNK_IMMUNE_FLAG7	0	troll_warrior	0	121	90	125	31	0	10	50	1	354	487	93487	6	8	0	0	0	29	110	100	100	100	2000	150	0	0	0	0	0	0	1	12	50	15	20	20	20	20	20	20	0	0	0	0	0	0	0	0	0	0	0	28	-15	0	0	4.0	0	0	0	0	0	0	0	0	0	0	0	0	0	0	0	0	0	0	0	0	0	0	0	0.0
6544	트롤사냥꾼(신비)	KNIGHT	MONSTER	RANGE	120	100			0	DEVIL,MYSTERY_DUNGEON	STUN,SLOW,TERROR,UNK_IMMUNE_FLAG7	0	troll_archer	0	122	90	125	32	0	10	50	1	372	488	86648	6	8	0	0	0	29	110	100	100	100	2000	1350	0	0	0	0	0	0	1	12	50	15	20	20	20	20	20	20	0	0	0	0	0	0	0	0	0	0	0	28	-15	0	0	4.0	0	0	0	0	0	0	0	0	0	0	0	0	0	0	0	0	0	0	0	0	0	0	0	0.0
6545	나타난(신비)	S_KNIGHT	MONSTER	MELEE	122	100		STONESKIN	0	DEVIL,MYSTERY_DUNGEON	STUN,SLOW,TERROR,UNK_IMMUNE_FLAG7	0	troll_commander	0	125	90	125	32	0	10	50	1	372	488	139377	7	10	0	0	0	64	135	100	100	100	2000	100	0	0	0	0	0	0	1	33	50	15	20	20	20	20	20	20	0	0	0	0	0	0	0	0	0	0	0	28	-15	0	0	4.0	0	0	0	0	0	0	0	0	0	0	0	0	0	0	0	0	0	0	0	0	0	0	0	0.0
6546	아르고스(신비)	BOSS	MONSTER	MELEE	123	100		AGGR,BERSERK,STONESKIN,DEATHBLOW	0	DEVIL,MYSTERY_DUNGEON	STUN,SLOW,TERROR,UNK_IMMUNE_FLAG7	0	troll_argus	0	135	94	126	33	0	10	50	2	410	522	617470	7	12	0	0	0	70	135	100	100	100	2000	100	0	0	0	5	0	0	3	45	50	25	25	25	25	25	25	25	0	0	10	0	100	100	0	0	0	0	0	35	-15	0	0	4.0	6544	5	0	0	0	0	0	0	0	0	0	0	0	0	0	0	0	0	0	0	0	0	0	0.0
6547	포탈(신비)	KING	NPC	MELEE	1	100		NOMOVE	0		STUN,SLOW,TERROR	0		2	0	0	0	0	0	0	0	0	0	0	120	3	1	0	0	10	0	4	100	0	0	2000	150	0	0	0	0	0	0	0	0	0	0	0	0	0	0	0	0	0	0	0	0	0	0	0	0	0	0	0	0	0	0	0	0.0	0	0	0	0	0	0	0	0	0	0	0	0	0	0	0	0	0	0	0	0	0	0	0	0.0
6686	jin_bing	S_PAWN	MONSTER	MELEE	119	100			0	HUMAN	STUN,SLOW,TERROR,UNK_IMMUNE_FLAG7	0	empire_jianbing	0	125	91	122	33	0	30	0	0	443	625	64750	3	7	0	0	0	23	100	100	100	100	2000	150	0	0	0	0	0	0	0	10	50	10	15	15	15	15	15	15	0	0	0	0	0	0	0	0	0	0	0	35	-10	0	0	4.0	0	5	0	0	0	0	0	0	0	0	0	0	0	0	0	0	0	0	0	0	0	0	0	0.0
6687	er_ki	KNIGHT	MONSTER	MELEE	119	100		REVIVE	0	HUMAN	STUN,SLOW,TERROR,UNK_IMMUNE_FLAG7	0	empire_qiangbing	0	125	92	122	33	0	30	0	0	449	608	87364	4	7	0	0	0	24	100	100	100	100	2000	150	0	0	0	0	0	0	0	12	50	10	15	15	15	15	15	15	0	0	0	0	0	0	0	0	0	0	0	35	-10	0	0	4.0	0	10	0	0	0	0	0	0	0	0	0	0	0	0	0	0	0	0	0	0	0	0	0	0.0
6688	er_mao	KNIGHT	MONSTER	MELEE	120	100		BERSERK	0	HUMAN	STUN,SLOW,TERROR,UNK_IMMUNE_FLAG7	0	empire_maobing	0	125	90	125	33	0	30	0	0	443	609	93487	5	14	0	0	0	24	100	100	100	100	2000	150	0	0	0	0	0	10	10	16	50	10	15	15	15	15	15	15	0	0	0	0	0	0	0	0	0	0	0	35	-10	0	0	4.0	0	15	0	0	0	0	0	0	0	0	0	0	0	0	0	0	0	0	0	0	0	0	0	0.0
6689	er_gong	S_KNIGHT	MONSTER	RANGE	120	100		BERSERK	0	HUMAN	STUN,SLOW,TERROR,UNK_IMMUNE_FLAG7	0	empire_gongbing	0	125	90	125	33	0	30	0	0	465	610	97364	5	14	0	0	0	25	100	100	100	100	2000	1350	0	0	0	0	0	10	10	16	50	10	15	15	15	15	15	15	0	0	0	0	0	0	0	0	0	0	0	35	-10	0	0	4.0	0	15	0	0	0	0	0	0	0	0	0	0	0	0	0	0	0	0	0	0	0	0	0	0.0
6690	cephe_buyucusu	S_KNIGHT	MONSTER	MAGIC	120	100		BERSERK	0	HUMAN	STUN,SLOW,TERROR,UNK_IMMUNE_FLAG7	0	empire_zhanglu	0	125	90	125	33	0	30	0	0	465	610	86648	5	14	0	0	0	26	100	100	100	100	2000	1250	0	0	0	0	0	10	10	16	50	10	15	15	15	15	15	15	0	0	0	0	0	0	0	0	0	0	0	35	-10	0	0	4.0	0	15	0	0	0	0	0	0	0	0	0	0	0	0	0	0	0	0	0	0	0	0	0	0.0
6691	kao	BOSS	MONSTER	MELEE	123	100		AGGR	0	HUMAN	STUN,SLOW,TERROR,UNK_IMMUNE_FLAG7	0	empire_caocao_boss	0	135	94	126	33	0	30	0	0	513	653	424864	6	15	0	0	0	27	150	100	100	100	2000	150	0	0	0	0	0	20	5	50	50	10	15	15	15	15	15	15	0	0	0	0	0	0	0	0	0	0	0	45	-10	0	0	4.0	0	15	0	0	0	0	0	0	0	0	0	0	0	0	0	0	0	0	0	0	0	0	0	0.0
6692	kral_bao_(gorev)	BOSS	MONSTER	MELEE	125	100		AGGR,BERSERK,DEATHBLOW,REVIVE	0	HUMAN	STUN,SLOW,TERROR,UNK_IMMUNE_FLAG7	0	empire_zhangbao_king	0	135	96	128	33	30	50	0	0	531	672	467518	9	10	0	0	0	1	180	100	100	100	2000	150	0	0	0	0	0	20	5	50	50	30	35	15	20	20	20	20	0	0	0	0	0	0	0	0	0	0	0	55	-10	0	0	4.0	0	20	0	0	0	0	0	0	0	0	0	0	0	0	0	0	0	0	0	0	0	0	0	0.0
6693	jin_bing	S_PAWN	MONSTER	MELEE	119	100			0	HUMAN	STUN,SLOW,TERROR,UNK_IMMUNE_FLAG7	0	empire_jianbing	0	125	91	128	33	0	30	0	0	443	608	64750	3	7	0	0	0	23	100	100	100	100	2000	150	0	0	0	0	0	0	0	10	50	10	15	15	15	15	15	15	0	0	0	0	0	0	0	0	35	0	0	0	0	-10	0	4.0	0	5	0	0	0	0	0	0	0	0	0	0	0	0	0	0	0	0	0	0	0	0	0	0.0
6694	er_ki	KNIGHT	MONSTER	MELEE	119	100		REVIVE	0	HUMAN	STUN,SLOW,TERROR,UNK_IMMUNE_FLAG7	0	empire_qiangbing	0	125	92	128	33	0	30	0	0	449	609	87364	4	7	0	0	0	24	100	100	100	100	2000	150	0	0	0	0	0	0	0	12	50	10	15	15	15	15	15	15	0	0	0	0	0	0	0	0	35	0	0	0	0	-10	0	4.0	0	10	0	0	0	0	0	0	0	0	0	0	0	0	0	0	0	0	0	0	0	0	0	0.0
6695	er_mao	KNIGHT	MONSTER	MELEE	120	100		BERSERK	0	HUMAN	STUN,SLOW,TERROR,UNK_IMMUNE_FLAG7	0	empire_maobing	0	125	90	125	33	0	30	0	0	443	610	93487	5	14	0	0	0	24	100	100	100	100	2000	150	0	0	0	0	0	10	10	16	50	10	15	15	15	15	15	15	0	0	0	0	0	0	0	0	35	0	0	0	0	-10	0	4.0	0	15	0	0	0	0	0	0	0	0	0	0	0	0	0	0	0	0	0	0	0	0	0	0.0
6696	er_gong	S_KNIGHT	MONSTER	RANGE	120	100		BERSERK	0	HUMAN	STUN,SLOW,TERROR,UNK_IMMUNE_FLAG7	0	empire_gongbing	0	125	90	125	33	0	30	0	0	465	610	97364	5	14	0	0	0	25	100	100	100	100	2000	1350	0	0	0	10	10	10	10	16	50	10	15	15	15	15	15	15	0	0	0	0	0	0	0	0	35	0	0	0	0	-10	0	4.0	0	15	0	0	0	0	0	0	0	0	0	0	0	0	0	0	0	0	0	0	0	0	0	0.0
6697	cephe_buyucusu	S_KNIGHT	MONSTER	MAGIC	120	100		BERSERK	0	HUMAN	STUN,SLOW,TERROR,UNK_IMMUNE_FLAG7	0	empire_zhanglu	0	125	90	125	33	0	30	0	0	465	610	86648	5	14	0	0	0	26	100	100	100	100	2000	1250	0	0	0	10	10	10	10	16	50	10	15	15	15	15	15	15	0	0	0	0	0	0	0	0	35	0	0	0	0	-10	0	4.0	0	15	0	0	0	0	0	0	0	0	0	0	0	0	0	0	0	0	0	0	0	0	0	0.0
6698	kao	BOSS	MONSTER	MELEE	123	100		AGGR	0	HUMAN	STUN,SLOW,TERROR,UNK_IMMUNE_FLAG7	0	empire_caocao_boss	0	135	94	126	33	0	30	0	0	513	653	424864	6	15	0	0	0	27	150	100	100	100	2000	150	0	0	0	20	0	0	5	50	50	10	15	15	15	15	15	15	0	0	0	0	0	0	0	0	45	0	0	0	0	-10	0	4.0	0	15	0	0	0	0	0	0	0	0	0	0	0	0	0	0	0	0	0	0	0	0	0	0.0
6699	kral_bao	BOSS	MONSTER	MELEE	125	100		AGGR,BERSERK,DEATHBLOW,REVIVE	0	HUMAN	STUN,SLOW,TERROR,UNK_IMMUNE_FLAG7	0	empire_zhangbao_king	0	135	96	128	33	30	50	0	0	532	672	567518	9	10	0	0	0	64	180	100	100	100	2000	150	0	0	0	20	0	0	5	50	50	30	35	25	20	20	20	35	0	0	0	0	0	0	0	0	55	0	0	0	0	-10	0	4.0	0	20	0	0	0	0	0	0	0	0	0	0	0	0	0	0	0	0	0	0	0	0	0	0.0
6700	cehennem_kopegi	S_PAWN	MONSTER	MELEE	119	100			0	ANIMAL	STUN,SLOW,TERROR,UNK_IMMUNE_FLAG7	0	gnoll_hellhound	0	125	91	125	33	0	30	0	0	443	625	63421	3	7	0	0	0	27	211	100	100	100	2000	150	0	0	0	0	0	0	0	10	50	10	15	15	15	15	15	15	0	0	0	0	0	0	0	0	0	0	0	35	-10	0	0	4.0	0	5	0	0	0	0	0	0	0	0	0	0	0	0	0	0	0	0	0	0	0	0	0	0.0
6701	troll_askeri	KNIGHT	MONSTER	MELEE	119	100		REVIVE	0	DEVIL	STUN,SLOW,TERROR,UNK_IMMUNE_FLAG7	0	gnoll_commander	0	125	92	125	33	0	30	0	0	449	608	87364	4	7	0	0	0	28	212	100	100	100	2000	100	0	0	0	0	0	0	0	12	50	10	15	15	15	15	15	15	0	0	0	0	0	0	0	0	0	0	0	35	-10	0	0	4.0	0	10	0	0	0	0	0	0	0	0	0	0	0	0	0	0	0	0	0	0	0	0	0	0.0
6702	troll_savascisi	KNIGHT	MONSTER	MELEE	120	100		BERSERK	0	DEVIL	STUN,SLOW,TERROR,UNK_IMMUNE_FLAG7	0	troll_warrior	0	125	90	125	33	0	30	50	3	443	609	93487	5	14	0	0	0	29	213	100	100	100	2000	150	0	0	0	0	0	10	10	16	50	10	15	15	15	15	15	15	0	0	0	0	0	0	0	0	0	0	0	35	-10	0	0	4.0	0	15	0	0	0	0	0	0	0	0	0	0	0	0	0	0	0	0	0	0	0	0	0	0.0
6703	troll_nisancisi	S_KNIGHT	MONSTER	RANGE	120	100		BERSERK	0	DEVIL	STUN,SLOW,TERROR,UNK_IMMUNE_FLAG7	0	troll_archer	0	125	90	125	33	0	30	50	2	465	610	86648	5	14	0	0	0	29	214	100	100	100	2000	1350	0	0	0	0	10	10	10	16	50	10	15	15	15	15	15	15	0	0	0	0	0	0	0	0	0	0	0	35	-10	0	0	4.0	0	15	0	0	0	0	0	0	0	0	0	0	0	0	0	0	0	0	0	0	0	0	0	0.0
6704	trol_samani	S_KNIGHT	MONSTER	MAGIC	120	100		BERSERK	0	DEVIL	STUN,SLOW,TERROR,UNK_IMMUNE_FLAG7	0	troll_mage	0	125	90	125	33	0	30	50	2	465	610	86648	5	14	0	0	0	30	215	100	100	100	2000	850	0	0	0	0	10	10	10	16	50	10	15	15	15	15	15	15	0	0	0	0	0	0	0	0	0	0	0	35	-10	0	0	4.0	0	15	0	0	0	0	0	0	0	0	0	0	0	0	0	0	0	0	0	0	0	0	0	0.0
6705	natanan	BOSS	MONSTER	MELEE	123	100		AGGR	0	DEVIL	STUN,SLOW,TERROR,UNK_IMMUNE_FLAG7	0	troll_commander	0	135	94	126	33	0	30	50	3	513	653	454864	7	15	0	0	0	64	253	100	100	100	2000	100	0	0	0	5	0	0	5	50	50	20	20	20	20	20	20	20	0	0	0	0	0	0	0	0	0	0	0	50	-10	0	0	4.0	0	15	0	0	0	0	0	0	0	0	0	0	0	0	0	0	0	0	0	0	0	0	0	0.0
6706	argos	BOSS	MONSTER	MELEE	125	100		AGGR,BERSERK,DEATHBLOW,REVIVE	0	DEVIL	STUN,SLOW,TERROR,UNK_IMMUNE_FLAG7	0	troll_argus	0	135	96	128	33	30	50	50	5	531	672	687518	10	10	0	0	0	70	262	100	100	100	2000	100	0	0	0	5	25	0	3	50	50	30	35	25	20	20	20	35	0	0	0	0	0	0	0	0	0	0	0	60	-10	0	0	4.0	0	20	0	0	0	0	0	0	0	0	0	0	0	0	0	0	0	0	0	0	0	0	0	0.0
6707	troll_askeri	S_PAWN	MONSTER	MELEE	119	100		AGGR,REVIVE	0	DEVIL	STUN,SLOW,TERROR,UNK_IMMUNE_FLAG7	0	gnoll_commander	0	125	91	125	33	0	30	50	2	443	609	87364	4	7	0	0	0	24	211	100	100	100	2000	100	0	0	0	0	5	0	0	12	50	10	15	15	15	15	15	15	0	0	0	-10	0	0	0	0	0	35	0	0	0	0	0	4.0	0	10	0	0	0	0	0	0	0	0	0	0	0	0	0	0	0	0	0	0	0	0	0	0.0
6708	troll_savascisi	KNIGHT	MONSTER	MELEE	120	100		AGGR,BERSERK	0	DEVIL	STUN,SLOW,TERROR,UNK_IMMUNE_FLAG7	0	troll_warrior	0	125	92	125	33	0	30	50	3	465	610	93487	5	14	0	0	0	25	212	100	100	100	2000	100	0	0	0	0	0	10	10	16	50	10	15	15	15	15	15	15	0	0	0	-10	0	0	0	0	0	35	0	0	0	0	0	4.0	0	15	0	0	0	0	0	0	0	0	0	0	0	0	0	0	0	0	0	0	0	0	0	0.0
6709	troll_nisancisi	KNIGHT	MONSTER	RANGE	120	100		AGGR,BERSERK	0	DEVIL	STUN,SLOW,TERROR,UNK_IMMUNE_FLAG7	0	troll_archer	0	125	92	125	33	0	30	50	3	465	610	86648	5	14	0	0	0	25	213	100	100	100	2000	1350	0	0	0	0	10	10	10	16	50	10	15	15	15	15	15	15	0	0	0	-10	0	0	0	0	0	35	0	0	0	0	0	4.0	0	15	0	0	0	0	0	0	0	0	0	0	0	0	0	0	0	0	0	0	0	0	0	0.0
6710	bagli_ruh	S_KNIGHT	MONSTER	MAGIC	119	70		AGGR,BERSERK	0	DEVIL	STUN,SLOW,TERROR,UNK_IMMUNE_FLAG7	0	elemental_soul_6	0	125	93	125	33	0	30	50	3	465	610	86648	20	5	0	0	0	28	214	100	100	100	2000	1350	0	0	0	0	5	0	5	15	50	10	15	15	15	15	15	15	0	0	0	0	0	0	0	0	0	0	0	55	-10	0	0	4.0	0	20	0	0	0	0	0	0	0	0	0	0	0	0	0	0	0	0	0	0	0	0	0	0.0
6711	cehennem_kopegi	S_PAWN	MONSTER	MELEE	119	100			0	ANIMAL	STUN,SLOW,TERROR,UNK_IMMUNE_FLAG7	0	east_gnoll_hellhound	0	125	91	125	33	0	30	50	3	443	625	83421	3	7	0	0	0	27	211	100	100	100	2000	100	0	0	0	0	0	0	0	10	50	10	15	15	15	15	15	15	-10	0	0	0	0	0	0	35	0	0	0	0	0	0	0	4.0	0	5	0	0	0	0	0	0	0	0	0	0	0	0	0	0	0	0	0	0	0	0	0	0.0
6712	troll_askeri	KNIGHT	MONSTER	MELEE	119	100		REVIVE	0	DEVIL	STUN,SLOW,TERROR,UNK_IMMUNE_FLAG7	0	east_gnoll_soldier	0	125	92	126	33	0	30	50	2	449	608	87364	4	7	0	0	0	28	212	100	100	100	2000	100	0	0	0	0	5	0	0	12	50	10	15	15	15	15	15	15	-10	0	0	0	0	0	0	35	0	0	0	0	0	0	0	4.0	0	10	0	0	0	0	0	0	0	0	0	0	0	0	0	0	0	0	0	0	0	0	0	0.0
6713	troll_savascisi	KNIGHT	MONSTER	MELEE	120	100		BERSERK	0	DEVIL	STUN,SLOW,TERROR,UNK_IMMUNE_FLAG7	0	east_troll_warrior	0	125	92	128	33	0	30	50	3	443	609	93487	5	14	0	0	0	29	213	100	100	100	2000	200	0	0	0	0	0	10	10	16	50	10	15	15	15	15	15	15	-10	0	0	0	0	0	0	35	0	0	0	0	0	0	0	4.0	0	15	0	0	0	0	0	0	0	0	0	0	0	0	0	0	0	0	0	0	0	0	0	0.0
6714	troll_nisancisi	S_KNIGHT	MONSTER	RANGE	120	100		BERSERK	0	DEVIL	STUN,SLOW,TERROR,UNK_IMMUNE_FLAG7	0	east_troll_archer	0	125	91	125	33	0	30	50	2	465	610	86648	5	14	0	0	0	29	214	100	100	100	2000	1350	0	0	0	0	10	10	10	16	50	10	15	15	15	15	15	15	-10	0	0	0	0	0	0	35	0	0	0	0	0	0	0	4.0	0	15	0	0	0	0	0	0	0	0	0	0	0	0	0	0	0	0	0	0	0	0	0	0.0
6715	trol_samani	S_KNIGHT	MONSTER	MAGIC	120	100		BERSERK	0	DEVIL	STUN,SLOW,TERROR,UNK_IMMUNE_FLAG7	0	east_troll_mage	0	125	92	125	33	0	30	50	2	465	610	86648	5	14	0	0	0	30	215	100	100	100	2000	1350	0	0	0	0	10	10	10	16	50	10	15	15	15	15	15	15	-10	0	0	0	0	0	0	35	0	0	0	0	0	0	0	4.0	0	15	0	0	0	0	0	0	0	0	0	0	0	0	0	0	0	0	0	0	0	0	0	0.0
6716	natanan	BOSS	MONSTER	MELEE	123	100		AGGR	0	DEVIL	STUN,SLOW,TERROR,UNK_IMMUNE_FLAG7	0	east_troll_commander	0	135	94	126	33	0	30	50	3	513	653	454864	7	15	0	0	0	64	253	100	100	100	2000	100	0	0	0	5	5	0	10	50	50	20	20	20	20	20	20	20	-10	0	0	0	0	0	0	50	0	0	0	0	0	0	0	4.0	0	15	0	0	0	0	0	0	0	0	0	0	0	0	0	0	0	0	0	0	0	0	0	0.0
6717	argos	BOSS	MONSTER	MELEE	125	100		AGGR,BERSERK,DEATHBLOW,REVIVE	0	DEVIL	STUN,SLOW,TERROR,UNK_IMMUNE_FLAG7	0	east_troll_argus_boss	0	135	96	128	33	10	50	50	5	531	672	687518	10	10	0	0	0	70	262	100	100	100	2000	100	0	0	0	5	25	0	10	50	50	30	35	25	20	20	20	20	-10	0	0	0	0	0	0	60	0	0	0	0	0	0	0	4.0	0	20	0	0	0	0	0	0	0	0	0	0	0	0	0	0	0	0	0	0	0	0	0	0.0
6718	myr_kovix	KNIGHT	MONSTER	MELEE	119	100			0	DESERT	STUN,SLOW,TERROR,UNK_IMMUNE_FLAG7	0	east_earth_soldier	0	125	91	125	33	0	0	100	4	458	650	114750	3	7	0	0	0	29	221	100	100	100	2000	300	0	0	0	0	0	0	0	10	50	10	15	15	15	15	15	15	0	0	0	0	0	0	0	0	0	0	35	0	0	0	-10	4.0	0	5	0	0	0	0	0	0	0	0	0	0	0	0	0	0	0	0	0	0	0	0	0	0.0
6719	myr_proleteri	KNIGHT	MONSTER	MELEE	119	100		BERSERK	0	DESERT	STUN,SLOW,TERROR,UNK_IMMUNE_FLAG7	0	east_earth_knight	0	125	92	126	33	0	0	100	4	464	633	147364	4	7	0	0	0	30	222	100	100	100	2000	150	0	0	0	0	0	0	0	12	50	10	15	15	15	15	15	15	0	0	0	0	0	0	0	0	0	0	35	0	0	0	-10	4.0	0	10	0	0	0	0	0	0	0	0	0	0	0	0	0	0	0	0	0	0	0	0	0	0.0
6720	myr_golemi	S_KNIGHT	MONSTER	MELEE	120	100		BERSERK	0	DESERT	STUN,SLOW,TERROR,UNK_IMMUNE_FLAG7	0	east_earth_soldier2	0	125	92	128	33	0	0	100	5	458	634	173487	5	14	0	0	0	30	223	100	100	100	2000	150	0	0	0	0	0	10	10	16	50	10	15	15	15	15	15	15	0	0	0	0	0	0	0	0	0	0	35	0	0	0	-10	4.0	0	15	0	0	0	0	0	0	0	0	0	0	0	0	0	0	0	0	0	0	0	0	0	0.0
6721	myr_savasci	S_KNIGHT	MONSTER	MELEE	120	100		BERSERK	0	DESERT	STUN,SLOW,TERROR,UNK_IMMUNE_FLAG7	0	east_earth_officer	0	125	91	125	33	0	0	100	5	480	635	147364	5	14	0	0	0	30	224	100	100	100	2000	150	0	0	0	0	10	10	10	16	50	10	15	15	15	15	15	15	0	0	0	0	0	0	0	0	0	0	35	0	0	0	-10	4.0	0	15	0	0	0	0	0	0	0	0	0	0	0	0	0	0	0	0	0	0	0	0	0	0.0
6722	myr_buyucu	S_KNIGHT	MONSTER	MAGIC	120	100		AGGR,BERSERK	0	DESERT	STUN,SLOW,TERROR,UNK_IMMUNE_FLAG7	0	east_earth_magic	0	125	92	125	33	0	0	100	5	480	635	106648	5	14	0	0	0	30	225	100	100	100	2000	1300	0	0	0	0	10	10	10	16	50	10	15	15	15	15	15	15	0	0	0	0	0	0	0	0	0	0	35	0	0	0	-10	4.0	0	15	0	0	0	0	0	0	0	0	0	0	0	0	0	0	0	0	0	0	0	0	0	0.0
6723	myr_gazisi	BOSS	MONSTER	MELEE	123	100		AGGR	0	DESERT	STUN,SLOW,TERROR,UNK_IMMUNE_FLAG7	0	east_earth_general	0	135	94	128	33	0	30	100	7	532	708	514864	7	15	0	0	0	66	263	100	100	100	2000	150	0	0	0	5	5	0	10	50	50	10	25	25	25	25	25	25	0	0	0	0	0	0	0	0	0	0	55	0	0	0	-10	5.0	0	15	0	0	0	0	0	0	0	0	0	0	0	0	0	0	0	0	0	0	0	0	0	0.0
6724	myr_primus	BOSS	MONSTER	MELEE	125	100		AGGR,BERSERK,DEATHBLOW,REVIVE	0	DESERT	STUN,SLOW,TERROR,UNK_IMMUNE_FLAG7	0	east_earth_king	0	135	96	130	33	35	50	100	10	561	754	767518	10	10	0	0	0	72	272	100	100	100	2000	150	0	0	0	5	25	0	10	50	50	30	35	30	30	30	30	30	0	0	0	0	0	0	0	0	0	0	65	0	0	0	-10	5.0	0	20	0	0	0	0	0	0	0	0	0	0	0	0	0	0	0	0	0	0	0	0	0	0.0
6725	myr_kovix	KNIGHT	MONSTER	MELEE	119	100			0	DESERT	STUN,SLOW,TERROR,UNK_IMMUNE_FLAG7	0	east_earth_soldier	0	125	91	125	33	0	0	100	4	458	650	114750	3	7	0	0	0	30	221	100	100	100	2000	300	0	0	0	0	0	0	0	10	50	10	15	15	15	15	15	15	0	0	0	-10	0	0	0	0	0	35	0	0	0	0	0	4.0	0	5	0	0	0	0	0	0	0	0	0	0	0	0	0	0	0	0	0	0	0	0	0	0.0
6726	myr_proleteri	KNIGHT	MONSTER	MELEE	119	100		BERSERK	0	DESERT	STUN,SLOW,TERROR,UNK_IMMUNE_FLAG7	0	east_earth_knight	0	125	92	126	33	0	0	100	4	464	633	147364	4	7	0	0	0	30	222	100	100	100	2000	150	0	0	0	0	5	0	0	12	50	10	15	15	15	15	15	15	0	0	0	-10	0	0	0	0	0	35	0	0	0	0	0	4.0	0	10	0	0	0	0	0	0	0	0	0	0	0	0	0	0	0	0	0	0	0	0	0	0.0
6727	myr_golemi	S_KNIGHT	MONSTER	MELEE	120	100		BERSERK	0	DESERT	STUN,SLOW,TERROR,UNK_IMMUNE_FLAG7	0	east_earth_soldier2	0	125	92	128	33	0	0	100	5	458	634	173487	5	14	0	0	0	30	223	100	100	100	2000	150	0	0	0	0	0	10	10	16	50	10	15	15	15	15	15	15	0	0	0	-10	0	0	0	0	0	35	0	0	0	0	0	4.0	0	15	0	0	0	0	0	0	0	0	0	0	0	0	0	0	0	0	0	0	0	0	0	0.0
6728	myr_savasci	S_KNIGHT	MONSTER	RANGE	120	100		BERSERK	0	DESERT	STUN,SLOW,TERROR,UNK_IMMUNE_FLAG7	0	east_earth_officer	0	125	91	125	33	0	0	100	5	480	635	147364	5	14	0	0	0	30	224	100	100	100	2000	150	0	0	0	0	10	10	10	16	50	10	15	15	15	15	15	15	0	0	0	-10	0	0	0	0	0	35	0	0	0	0	0	4.0	0	15	0	0	0	0	0	0	0	0	0	0	0	0	0	0	0	0	0	0	0	0	0	0.0
6729	myr_buyucu	S_KNIGHT	MONSTER	MAGIC	120	100		AGGR,BERSERK	0	DESERT	STUN,SLOW,TERROR,UNK_IMMUNE_FLAG7	0	east_earth_magic	0	125	92	125	33	0	0	100	5	480	635	106648	5	14	0	0	0	30	225	100	100	100	2000	1300	0	0	0	0	10	10	10	16	50	10	15	15	15	15	15	15	0	0	0	-10	0	0	0	0	0	35	0	0	0	0	0	4.0	0	15	0	0	0	0	0	0	0	0	0	0	0	0	0	0	0	0	0	0	0	0	0	0.0
6730	myr_gazisi	BOSS	MONSTER	MELEE	123	100		AGGR	0	DESERT	STUN,SLOW,TERROR,UNK_IMMUNE_FLAG7	0	east_earth_general	0	135	94	128	33	0	30	100	7	532	708	514864	7	15	0	0	0	66	263	100	100	100	2000	150	0	0	0	5	5	0	10	50	50	10	25	25	25	25	25	25	0	0	0	-10	0	0	0	0	0	55	0	0	0	0	0	5.0	0	15	0	0	0	0	0	0	0	0	0	0	0	0	0	0	0	0	0	0	0	0	0	0.0
6731	myr_primus	BOSS	MONSTER	MELEE	125	100		AGGR,BERSERK,DEATHBLOW,REVIVE	0	DESERT	STUN,SLOW,TERROR,UNK_IMMUNE_FLAG7	0	east_earth_king	0	135	96	130	33	35	50	100	10	561	754	767518	10	10	0	0	0	72	272	100	100	100	2000	150	0	0	0	5	25	0	10	50	50	30	35	30	30	30	30	30	0	0	0	-10	0	0	0	0	0	65	0	0	0	0	0	5.0	0	20	0	0	0	0	0	0	0	0	0	0	0	0	0	0	0	0	0	0	0	0	0	0.0
6744	kappa_askeri	BOSS	MONSTER	MELEE	124	100		AGGR,BERSERK	0		STUN,SLOW,TERROR	0	naga_warrior	0	135	90	125	33	100	100	100	20	460	650	173487	4	7	0	0	0	36	250	100	100	100	2000	150	0	0	0	0	0	0	15	20	50	45	45	45	45	45	45	45	0	0	0	-10	0	0	0	0	0	45	0	0	0	0	0	4.0	0	10	0	0	0	0	0	0	0	0	0	0	0	0	0	0	0	0	0	0	0	0	0	0.0
6745	kappa_iscisi	S_PAWN	MONSTER	MELEE	123	100			0		STUN,SLOW,TERROR	0	naga_soldier	0	135	90	125	33	0	0	100	15	418	520	95000	3	7	0	0	0	35	233	100	100	100	2000	150	0	0	0	0	0	15	25	20	50	45	45	45	45	45	45	45	0	0	0	-10	0	0	0	0	0	45	0	0	0	0	0	4.0	0	5	0	0	0	0	0	0	0	0	0	0	0	0	0	0	0	0	0	0	0	0	0	0.0
6746	kappa_askeri	KNIGHT	MONSTER	MELEE	123	100		BERSERK	0		STUN,SLOW,TERROR	0	naga_warrior	0	135	90	125	33	0	0	100	15	432	525	147364	4	7	0	0	0	35	232	100	100	100	2000	150	0	0	0	0	0	0	15	20	50	45	45	45	45	45	45	45	0	0	0	-10	0	0	0	0	0	45	0	0	0	0	0	4.0	0	10	0	0	0	0	0	0	0	0	0	0	0	0	0	0	0	0	0	0	0	0	0	0.0
6747	kappa_sihirbazi	S_KNIGHT	MONSTER	MAGIC	123	100		AGGR,BERSERK	0		STUN,SLOW,TERROR	0	naga_mage	0	135	90	125	33	0	0	100	15	418	625	173487	5	14	0	0	0	36	241	100	100	100	2000	600	0	0	0	0	0	0	15	20	50	45	45	45	45	45	45	45	0	0	0	-10	0	0	0	0	0	45	0	0	0	0	0	4.0	0	15	0	0	0	0	0	0	0	0	0	0	0	0	0	0	0	0	0	0	0	0	0	0.0
6748	kappa_avcisi	S_KNIGHT	MONSTER	RANGE	123	100		AGGR,BERSERK	0		STUN,SLOW,TERROR	0	naga_archer	0	135	90	125	33	0	0	100	15	420	526	147364	5	14	0	0	0	36	242	100	100	100	2000	800	0	0	0	0	0	0	15	25	50	45	45	45	45	45	45	45	0	0	0	-10	0	0	0	0	0	45	0	0	0	0	0	4.0	0	15	0	0	0	0	0	0	0	0	0	0	0	0	0	0	0	0	0	0	0	0	0	0.0
6749	siddetli_kappa	S_KNIGHT	MONSTER	MELEE	124	100		AGGR,BERSERK,REVIVE	0		STUN,SLOW,TERROR	0	naga_commander	0	135	90	128	33	100	100	100	20	532	688	797518	7	15	0	0	0	76	250	100	100	100	2000	150	0	0	0	5	0	15	25	25	50	50	50	50	50	50	50	50	0	0	0	-10	0	0	0	0	0	65	0	0	0	0	0	4.0	6746	15	0	0	0	0	0	0	0	0	0	0	0	0	0	0	0	0	0	0	0	0	0	0.0
6750	yilan_akrebi	S_PAWN	MONSTER	MELEE	123	100		AGGR	0		STUN,SLOW,TERROR,UNK_IMMUNE_FLAG7	0	snaketemple_pawn	0	135	62	125	31	0	0	100	15	418	520	167518	7	3	0	0	0	40	200	100	100	100	60000	150	0	0	0	0	10	0	15	10	45	45	45	45	45	45	45	45	0	0	0	0	0	0	0	0	0	0	55	0	0	0	-10	4.0	0	5	0	0	0	0	0	0	0	0	0	0	0	0	0	0	0	0	0	0	0	0	0	0.0
6751	yilan_iscisi	KNIGHT	MONSTER	MELEE	123	100		AGGR	0		STUN,SLOW,TERROR,UNK_IMMUNE_FLAG7	0	snaketemple_s_pawn	0	135	62	125	31	0	0	100	15	432	525	178248	7	3	0	0	0	41	200	100	100	100	60000	200	0	0	0	0	10	0	15	12	45	45	45	45	45	45	45	45	0	0	0	0	0	0	0	0	55	0	0	0	0	-10	0	4.0	0	10	0	0	0	0	0	0	0	0	0	0	0	0	0	0	0	0	0	0	0	0	0	0.0
6752	yilan_kappasi	S_KNIGHT	MONSTER	MELEE	124	100		AGGR	0		STUN,SLOW,TERROR,UNK_IMMUNE_FLAG7	0	snaketemple_knight03	0	135	63	126	31	0	0	100	15	418	525	174581	5	3	0	0	0	41	200	100	100	100	60000	250	0	0	0	0	10	0	15	16	45	45	45	45	45	45	45	45	0	0	0	-10	0	0	0	0	0	55	0	0	0	0	0	4.0	0	15	0	0	0	0	0	0	0	0	0	0	0	0	0	0	0	0	0	0	0	0	0	0.0
6753	yilan_askeri	S_KNIGHT	MONSTER	MELEE	125	100		AGGR	0		STUN,SLOW,TERROR,UNK_IMMUNE_FLAG7	0	snaketemple_knight01	0	135	64	128	32	0	0	100	15	420	526	176487	5	3	0	0	0	40	200	100	100	100	60000	250	0	0	0	0	10	5	15	16	45	45	45	45	45	45	45	45	0	0	0	-10	0	0	0	0	0	55	0	0	0	0	0	4.0	0	15	0	0	0	0	0	0	0	0	0	0	0	0	0	0	0	0	0	0	0	0	0	0.0
6754	yilan_munzevisi	S_KNIGHT	MONSTER	MELEE	124	100		AGGR	0		STUN,SLOW,TERROR,UNK_IMMUNE_FLAG7	0	snaketemple_knight02	0	135	63	126	31	0	0	100	15	460	605	197364	5	3	0	0	0	42	200	100	100	100	60000	250	0	0	0	0	10	5	20	16	45	45	45	45	45	45	45	45	0	0	0	0	0	0	0	0	0	0	55	0	0	0	-10	4.0	0	15	0	0	0	0	0	0	0	0	0	0	0	0	0	0	0	0	0	0	0	0	0	0.0
6755	guclu_yilan_savascisi	S_KNIGHT	MONSTER	RANGE	128	100		AGGR,BERSERK	0		STUN,SLOW,TERROR,UNK_IMMUNE_FLAG4,UNK_IMMUNE_FLAG5,UNK_IMMUNE_FLAG6,UNK_IMMUNE_FLAG7	0	snaketemple_s_knight	0	141	64	128	32	0	0	100	20	532	688	1914864	7	2	0	0	0	43	200	100	100	100	60000	600	0	0	0	5	10	25	25	18	45	45	45	45	45	45	45	45	0	0	0	0	90	90	0	0	60	0	0	0	0	-10	0	4.0	0	15	0	0	0	0	0	0	0	0	0	0	0	0	0	0	0	0	0	0	0	0	0	0.0
6756	yilan_kralicesi_nethis	BOSS	MONSTER	MELEE	129	100		AGGR,BERSERK,REVIVE	0		STUN,SLOW,TERROR,UNK_IMMUNE_FLAG4,UNK_IMMUNE_FLAG5,UNK_IMMUNE_FLAG6,UNK_IMMUNE_FLAG7	0	snaketemple_boss	0	141	64	128	32	100	100	100	20	534	717	23247518	15	1	0	0	0	168	200	100	100	100	60000	300	0	0	0	5	10	25	30	20	45	45	45	45	45	45	45	45	0	0	0	0	90	90	0	0	0	0	60	0	0	0	-10	4.0	6753	20	0	0	0	0	0	0	0	0	0	0	0	0	0	0	0	0	0	0	0	0	0	0.0
6757	yilan_sutunu	KNIGHT	NPC	MELEE	1	100		NOMOVE	0		STUN,SLOW,TERROR	0		0	0	0	0	0	0	0	0	0	0	0	120	3	1	0	0	10	0	200	100	100	0	2000	150	0	0	0	0	0	0	0	0	0	0	0	0	0	0	0	0	0	0	0	0	0	0	0	0	0	0	0	0	0	0	0	0.0	0	0	0	0	0	0	0	0	0	0	0	0	0	0	0	0	0	0	0	0	0	0	0	0.0
6758	bozulmus_asker	S_PAWN	MONSTER	MELEE	122	100			0	DEVIL	STUN,SLOW,TERROR	0	snakevalley_pawn	0	135	91	60	36	0	30	100	12	360	650	124750	3	8	0	0	0	32	200	100	100	100	2000	250	0	0	0	0	0	0	10	16	50	45	45	45	45	45	45	45	0	0	0	0	0	0	0	0	0	0	0	35	-10	0	0	4.0	0	5	0	0	0	0	0	0	0	0	0	0	0	0	0	0	0	0	0	0	0	0	0	0.0
6759	bozulmus_catisma	KNIGHT	MONSTER	MELEE	122	100		AGGR	0	DEVIL	STUN,SLOW,TERROR	0	snakevalley_s_pawn	0	135	92	61	36	0	30	100	12	318	520	167364	4	8	0	0	0	32	200	100	100	100	2000	250	0	0	0	0	0	0	10	12	50	45	45	45	45	45	45	45	0	0	0	0	0	0	0	0	0	0	0	35	-10	0	0	4.0	0	10	0	0	0	0	0	0	0	0	0	0	0	0	0	0	0	0	0	0	0	0	0	0.0
6760	bozulmus_savasci	S_KNIGHT	MONSTER	MELEE	122	100		AGGR	0	DEVIL	STUN,SLOW,TERROR	0	snakevalley_knight	0	135	92	61	36	0	30	100	12	332	525	183487	4	8	0	0	0	33	200	100	100	100	2000	250	0	0	0	0	0	0	10	12	50	45	45	45	45	45	45	45	0	0	0	0	0	0	0	0	0	0	0	35	-10	0	0	4.0	0	10	0	0	0	0	0	0	0	0	0	0	0	0	0	0	0	0	0	0	0	0	0	0.0
6761	bozulmus_rahip	S_KNIGHT	MONSTER	MAGIC	123	100		AGGR,BERSERK	0	DEVIL	STUN,SLOW,TERROR	0	snakevalley_s_knight	0	135	62	125	36	0	30	100	12	318	625	157364	5	7	0	0	0	33	200	100	100	100	2000	1200	0	0	0	0	0	10	10	16	50	45	45	45	45	45	45	45	0	0	0	0	0	0	0	0	0	0	0	35	-10	0	0	4.0	0	15	0	0	0	0	0	0	0	0	0	0	0	0	0	0	0	0	0	0	0	0	0	0.0
6762	bozulmus_general	S_KNIGHT	MONSTER	MELEE	123	100		AGGR,BERSERK	0	DEVIL	STUN,SLOW,TERROR	0	snakevalley_knight02	0	135	92	61	36	0	35	100	12	320	526	176648	5	10	0	0	0	34	200	100	100	100	2000	250	0	0	0	5	0	0	15	15	50	45	45	45	45	45	45	45	0	0	0	0	0	0	0	0	0	0	0	35	-10	0	0	4.0	0	15	0	0	0	0	0	0	0	0	0	0	0	0	0	0	0	0	0	0	0	0	0	0.0
6763	bozulmus_reis	BOSS	MONSTER	MELEE	124	100		AGGR,BERSERK,STONESKIN,FALL	0	DEVIL	STUN,SLOW,TERROR	0	snakevalley_knight03	0	135	62	125	36	30	40	100	12	432	688	614864	5	7	0	0	0	36	200	100	100	100	2000	250	0	0	0	0	5	0	20	20	50	50	50	50	50	50	50	50	0	0	0	0	90	90	0	0	0	0	0	55	-10	0	0	5.0	0	20	0	0	0	0	0	0	0	0	0	0	0	0	0	0	0	0	0	0	0	0	0	0.0
6764	bozlm._savas_reisi	BOSS	MONSTER	MELEE	126	100		AGGR,BERSERK,STONESKIN	0	DEVIL	STUN,SLOW,TERROR	0	snakevalley_boss	0	142	64	128	36	40	50	100	15	463	698	867518	10	15	0	0	0	77	200	100	100	100	2000	250	0	0	0	5	0	0	20	15	50	50	50	50	50	50	50	50	0	0	0	0	90	90	0	0	0	0	0	65	-10	0	0	5.0	0	20	0	0	0	0	0	0	0	0	0	0	0	0	0	0	0	0	0	0	0	0	0	0.0
6765	guclu_yilan_savascisi	S_KNIGHT	MONSTER	RANGE	128	100		AGGR,BERSERK,STONESKIN	0		STUN,SLOW,TERROR	0	snaketemple_s_knight	0	141	64	128	32	0	0	100	15	301	453	1014864	7	15	0	0	0	38	200	100	100	100	60000	1200	0	0	0	5	10	25	25	18	50	45	45	45	45	45	45	45	0	0	0	0	90	90	0	0	0	0	60	0	0	0	-10	4.0	0	15	0	0	0	0	0	0	0	0	0	0	0	0	0	0	0	0	0	0	0	0	0	0.0
6770	donmus_tilki	S_PAWN	MONSTER	MELEE	123	100		REFLECT	0		STUN,SLOW,TERROR	0	icecrystal_valley_pawn	0	145	91	125	33	0	30	100	15	458	650	129750	3	7	0	0	0	37	200	100	100	100	2000	150	0	0	0	0	0	0	0	10	50	45	45	45	45	45	45	45	0	0	0	0	0	0	0	0	35	0	0	0	0	-10	0	4.0	0	5	0	0	0	0	0	0	0	0	0	0	0	0	0	0	0	0	0	0	0	0	0	0.0
6771	donmus_gozcu	KNIGHT	MONSTER	MELEE	123	100		AGGR,REFLECT	0		STUN,SLOW,TERROR	0	icecrystal_valley_s_pawn	0	145	92	126	33	0	30	100	15	464	633	170364	4	7	0	0	0	37	200	100	100	100	2000	150	0	0	0	0	0	0	0	12	50	45	45	45	45	45	45	45	0	0	0	0	0	0	0	0	35	0	0	0	0	-10	0	4.0	0	10	0	0	0	0	0	0	0	0	0	0	0	0	0	0	0	0	0	0	0	0	0	0.0
6772	donmus_savasci	S_KNIGHT	MONSTER	MELEE	123	100		AGGR,REFLECT	0		STUN,SLOW,TERROR	0	icecrystal_valley_knight01	0	145	92	128	33	0	30	100	15	458	634	184487	5	9	0	0	0	36	200	100	100	100	2000	200	0	0	0	0	0	10	10	16	50	45	45	45	45	45	45	45	0	0	0	0	0	0	0	0	35	0	0	0	0	-10	0	4.0	0	15	0	0	0	0	0	0	0	0	0	0	0	0	0	0	0	0	0	0	0	0	0	0.0
6773	donmus_avci	S_KNIGHT	MONSTER	RANGE	124	100		AGGR,REFLECT	0		STUN,SLOW,TERROR	0	icecrystal_valley_knight02	0	145	64	128	32	0	30	100	15	468	638	168488	5	9	0	0	0	36	200	100	100	100	2000	1200	0	0	0	5	10	10	10	16	50	45	45	45	45	45	45	45	0	0	0	0	0	0	0	0	35	0	0	0	0	-10	0	4.0	0	5	0	0	0	0	0	0	0	0	0	0	0	0	0	0	0	0	0	0	0	0	0	0.0
6774	donmus_general	S_KNIGHT	MONSTER	MELEE	124	100		AGGR,REFLECT	0		STUN,SLOW,TERROR	0	icecrystal_valley_knight03	0	145	92	125	33	0	35	100	15	480	635	179648	5	9	0	0	0	37	200	100	100	100	2000	150	0	0	0	0	10	10	10	16	50	45	45	45	45	45	45	45	0	0	0	0	0	0	0	0	35	0	0	0	0	-10	0	4.0	0	15	0	0	0	0	0	0	0	0	0	0	0	0	0	0	0	0	0	0	0	0	0	0.0
6775	donmus_reis	BOSS	MONSTER	MELEE	125	100		AGGR,REFLECT	0		STUN,SLOW,TERROR	0	icecrystal_valley_s_knight	0	145	94	128	33	0	40	100	15	532	708	644864	7	12	0	0	0	78	200	100	100	100	2000	200	0	0	0	5	5	0	10	50	50	50	50	50	50	50	50	50	0	0	0	0	0	0	0	0	55	0	0	0	0	-10	0	5.0	0	15	0	0	0	0	0	0	0	0	0	0	0	0	0	0	0	0	0	0	0	0	0	0.0
6776	donmus_savas_reisi	BOSS	MONSTER	MELEE	127	100		AGGR,BERSERK,STONESKIN,REFLECT	0		STUN,SLOW,TERROR	0	icecrystal_valley_boss	0	145	96	130	33	35	50	100	15	561	754	897518	10	10	0	0	0	82	200	100	100	100	2000	200	0	0	0	5	25	0	10	50	50	50	50	50	50	50	50	50	0	0	0	0	0	0	0	0	65	0	0	0	0	-10	0	5.0	0	20	0	0	0	0	0	0	0	0	0	0	0	0	0	0	0	0	0	0	0	0	0	0.0
6777	ele_gecrlms._buz_geyigi	S_PAWN	MONSTER	MELEE	123	100		REFLECT	0		STUN,SLOW,TERROR	0	whitedragonvalley_pawn	0	145	91	125	33	0	30	100	16	458	650	131750	3	7	0	0	0	38	200	100	100	100	2000	175	0	0	0	0	0	0	0	10	50	45	45	45	45	45	45	45	0	0	0	0	0	0	0	0	40	0	0	0	0	-10	0	4.0	0	5	0	0	0	0	0	0	0	0	0	0	0	0	0	0	0	0	0	0	0	0	0	0.0
6778	ele_gecrlms._kar_leopari	KNIGHT	MONSTER	MELEE	123	100		AGGR,REFLECT	0		STUN,SLOW,TERROR	0	whitedragonvalley_s_pawn	0	145	92	126	33	0	30	100	16	464	633	173364	4	7	0	0	0	38	200	100	100	100	2000	200	0	0	0	0	0	0	0	12	50	45	45	45	45	45	45	45	0	0	0	0	0	0	0	0	40	0	0	0	0	-10	0	4.0	0	10	0	0	0	0	0	0	0	0	0	0	0	0	0	0	0	0	0	0	0	0	0	0.0
6779	kuzey_ruzgari_yeti	S_KNIGHT	MONSTER	MELEE	123	100		AGGR,REFLECT	0		STUN,SLOW,TERROR	0	whitedragonvalley_knight01	0	145	92	128	33	0	30	100	16	458	634	187487	5	10	0	0	0	37	200	100	100	100	2000	150	0	0	0	0	0	10	10	16	50	45	45	45	45	45	45	45	0	0	0	0	0	0	0	0	40	0	0	0	0	-10	0	4.0	0	15	0	0	0	0	0	0	0	0	0	0	0	0	0	0	0	0	0	0	0	0	0	0.0
6780	kuzey_ruzgari_hayaleti	S_KNIGHT	MONSTER	MAGIC	124	100		AGGR,REFLECT	0		STUN,SLOW,TERROR	0	defensewave_watersoul	0	145	91	125	33	0	30	100	16	480	635	164364	5	11	0	0	0	39	200	100	100	100	2000	600	0	0	0	0	10	10	10	16	50	45	45	45	45	45	45	45	0	0	0	0	0	0	0	0	40	0	0	0	0	-10	0	4.0	0	15	0	0	0	0	0	0	0	0	0	0	0	0	0	0	0	0	0	0	0	0	0	0.0
6781	kuzey_ruzgari_golemi	S_KNIGHT	MONSTER	MELEE	124	100		AGGR,REFLECT	0		STUN,SLOW,TERROR	0	whitedragonvalley_knight02	0	145	92	125	33	0	35	100	16	480	635	183648	5	12	0	0	0	38	200	100	100	100	2000	150	0	0	0	0	10	10	10	16	50	45	45	45	45	45	45	45	0	0	0	0	0	0	0	0	40	0	0	0	0	-10	0	4.0	0	15	0	0	0	0	0	0	0	0	0	0	0	0	0	0	0	0	0	0	0	0	0	0.0
6782	bigfoot	BOSS	MONSTER	MELEE	125	100		AGGR,REFLECT	0		STUN,SLOW,TERROR	0	whitedragonvalley_s_knight	0	145	94	128	33	0	40	100	16	532	708	664864	7	14	0	0	0	80	200	100	100	100	2000	150	0	0	0	5	5	0	10	50	50	50	50	50	50	50	50	50	0	0	0	0	0	0	0	0	50	0	0	0	0	-10	0	5.0	0	15	0	0	0	0	0	0	0	0	0	0	0	0	0	0	0	0	0	0	0	0	0	0.0
6783	kuzey_r._savas_reisi	BOSS	MONSTER	MELEE	127	100		AGGR,BERSERK,STONESKIN,REFLECT	0		STUN,SLOW,TERROR	0	whitedragonvalley_boss	0	145	96	130	33	35	50	100	16	561	754	917518	10	15	0	0	0	84	200	100	100	100	2000	200	0	0	0	5	25	0	10	50	50	50	50	50	50	50	50	50	0	0	0	0	0	0	0	0	65	0	0	0	0	-10	0	5.0	0	20	0	0	0	0	0	0	0	0	0	0	0	0	0	0	0	0	0	0	0	0	0	0.0
6784	kuzey_ruzgari_z._gozcusu	S_PAWN	MONSTER	MELEE	124	100		AGGR,REFLECT	0		STUN,SLOW,TERROR	0	whitedragon_cave_s_pawn	0	145	91	125	33	0	30	100	17	458	650	175364	4	8	0	0	0	44	200	100	100	100	2000	150	0	0	0	0	0	0	0	10	50	45	45	45	45	45	45	45	0	0	0	0	0	0	0	0	45	0	0	0	0	-10	0	4.0	0	5	0	0	0	0	0	0	0	0	0	0	0	0	0	0	0	0	0	0	0	0	0	0.0
6785	zula_catismacisi	KNIGHT	MONSTER	MELEE	124	100		AGGR,REFLECT	0		STUN,SLOW,TERROR	0	whitedragon_cave_knight01	0	145	92	126	33	0	30	100	17	464	633	189487	4	8	0	0	0	46	200	100	100	100	2000	250	0	0	0	0	0	0	0	12	50	45	45	45	45	45	45	45	0	0	0	0	0	0	0	0	45	0	0	0	0	-10	0	4.0	0	10	0	0	0	0	0	0	0	0	0	0	0	0	0	0	0	0	0	0	0	0	0	0.0
6786	kuzey_ruzg._z._savascisi	S_KNIGHT	MONSTER	MELEE	124	100		AGGR,REFLECT	0		STUN,SLOW,TERROR	0	whitedragon_cave_knight02	0	145	92	128	33	0	30	100	17	458	634	167364	5	7	0	0	0	46	200	100	100	100	2000	250	0	0	0	0	0	10	10	16	50	45	45	45	45	45	45	45	0	0	0	0	0	0	0	0	45	0	0	0	0	-10	0	4.0	0	15	0	0	0	0	0	0	0	0	0	0	0	0	0	0	0	0	0	0	0	0	0	0.0
6787	kuzey_ruzg._z._sihirbazi	S_KNIGHT	MONSTER	MAGIC	125	100		AGGR,REFLECT	0		STUN,SLOW,TERROR	0	whitedragon_cave_s_knight	0	145	92	125	33	0	30	100	17	480	635	187648	5	10	0	0	0	48	200	100	100	100	2000	600	0	0	0	0	10	10	10	16	50	45	45	45	45	45	45	45	0	0	0	0	0	0	0	0	45	0	0	0	0	-10	0	4.0	0	15	0	0	0	0	0	0	0	0	0	0	0	0	0	0	0	0	0	0	0	0	0	0.0
6788	kuzey_ruzg._z._generali	S_KNIGHT	MONSTER	MELEE	125	100		AGGR,REFLECT	0		STUN,SLOW,TERROR	0	whitedragon_cave_knight03	0	145	92	125	33	0	35	100	17	480	635	694864	5	7	0	0	0	49	200	100	100	100	2000	200	0	0	0	0	10	10	10	16	50	45	45	45	45	45	45	45	0	0	0	0	0	0	0	0	50	0	0	0	0	-10	0	4.0	0	15	0	0	0	0	0	0	0	0	0	0	0	0	0	0	0	0	0	0	0	0	0	0.0
6789	zula_savas_reisi	BOSS	MONSTER	MELEE	130	100		AGGR,BERSERK,STONESKIN,REFLECT	0		STUN,SLOW,TERROR	0	whitedragon_cave_boss	0	145	96	130	33	35	50	100	18	561	754	937518	10	5	0	0	0	106	200	100	100	100	2000	250	0	0	0	5	25	0	10	50	50	50	50	50	50	50	50	50	0	0	0	0	0	0	0	0	65	0	0	0	0	-10	0	5.0	0	20	0	0	0	0	0	0	0	0	0	0	0	0	0	0	0	0	0	0	0	0	0	0.0
6790	alastor	KING	MONSTER	MELEE	135	100		AGGR,BERSERK,STONESKIN,REFLECT,FALL	0	DRAGON	SLOW,TERROR,UNK_IMMUNE_FLAG4,UNK_IMMUNE_FLAG5,UNK_IMMUNE_FLAG6,UNK_IMMUNE_FLAG7,UNK_IMMUNE_FLAG9	0	whitedragon_cave_boss2	0	145	100	130	33	65	100	100	37	886	954	22587258	30	1	0	0	0	256	200	100	100	100	60000	350	0	0	0	5	25	0	10	50	57	57	57	57	57	57	57	57	0	-10	0	0	0	0	65	0	0	0	0	0	0	0	0	5.0	0	20	0	0	0	0	0	0	0	0	0	0	0	0	0	0	0	0	0	0	0	0	0	0.0
6791	alastor	KING	MONSTER	MELEE	135	100		AGGR,BERSERK,REFLECT,FALL	0	DRAGON	SLOW,TERROR,UNK_IMMUNE_FLAG4,UNK_IMMUNE_FLAG5,UNK_IMMUNE_FLAG6,UNK_IMMUNE_FLAG7,UNK_IMMUNE_FLAG9	0	whitedragon_cave_boss2	0	145	100	130	33	65	100	100	37	886	954	22587258	30	1	0	0	0	548	200	100	100	100	60000	350	0	0	0	5	25	0	10	50	55	55	55	55	55	55	55	55	0	0	0	0	0	0	0	0	60	0	0	0	0	-10	0	5.0	0	20	0	0	0	0	0	0	0	0	0	0	0	0	0	0	0	0	0	0	0	0	0	0.0
6792	kuzey_ruzgari_z._gozcusu	S_PAWN	MONSTER	MELEE	125	100		AGGR,REFLECT	0		STUN,SLOW,TERROR	0	whitedragon_cave_s_pawn	0	145	91	125	33	0	30	100	18	458	650	178364	4	8	0	0	0	48	200	100	100	100	2000	150	0	0	0	0	0	0	0	10	50	45	45	45	45	45	45	45	0	-10	0	0	0	0	50	0	25	0	0	0	0	-10	0	4.0	0	5	0	0	0	0	0	0	0	0	0	0	0	0	0	0	0	0	0	0	0	0	0	0.0
6793	zula_catismacisi	KNIGHT	MONSTER	MELEE	125	100		AGGR,BERSERK,REFLECT	0		STUN,SLOW,TERROR	0	whitedragon_cave_knight01	0	145	92	126	33	0	30	100	18	464	633	191487	4	8	0	0	0	50	200	100	100	100	2000	250	0	0	0	0	0	0	0	12	50	45	45	45	45	45	45	45	0	-10	0	0	0	0	50	0	25	0	0	0	0	-10	0	4.0	0	10	0	0	0	0	0	0	0	0	0	0	0	0	0	0	0	0	0	0	0	0	0	0.0
6794	kuzey_ruzg._z._savascisi	S_KNIGHT	MONSTER	MELEE	125	100		AGGR,BERSERK,REFLECT	0		STUN,SLOW,TERROR	0	whitedragon_cave_knight02	0	145	92	128	33	0	30	100	18	458	634	169364	5	7	0	0	0	50	200	100	100	100	2000	250	0	0	0	0	0	10	10	16	50	45	45	45	45	45	45	45	0	-10	0	0	0	0	50	0	25	0	0	0	0	-10	0	4.0	0	15	0	0	0	0	0	0	0	0	0	0	0	0	0	0	0	0	0	0	0	0	0	0.0
6795	kuzey_ruzg._z._sihirbazi	S_KNIGHT	MONSTER	MAGIC	125	100		AGGR,BERSERK,REFLECT	0		STUN,SLOW,TERROR	0	whitedragon_cave_s_knight	0	145	93	125	33	0	30	100	18	480	635	189648	5	10	0	0	0	52	200	100	100	100	2000	600	0	0	0	0	10	10	10	16	50	45	45	45	45	45	45	45	0	-10	0	0	0	0	50	0	25	0	0	0	0	-10	0	4.0	0	15	0	0	0	0	0	0	0	0	0	0	0	0	0	0	0	0	0	0	0	0	0	0.0
6796	kuzey_ruzg._z._generali	S_KNIGHT	MONSTER	MELEE	126	100		AGGR,BERSERK,REFLECT	0		STUN,SLOW,TERROR	0	whitedragon_cave_knight03	0	145	93	125	33	0	35	100	18	480	635	714864	5	7	0	0	0	53	200	100	100	100	2000	200	0	0	0	0	10	10	10	16	50	55	55	55	55	55	55	55	0	-10	0	0	0	0	50	0	25	0	0	0	0	-10	0	4.0	0	15	0	0	0	0	0	0	0	0	0	0	0	0	0	0	0	0	0	0	0	0	0	0.0
6797	zula_savas_reisi	BOSS	MONSTER	MELEE	131	100		AGGR,BERSERK,STONESKIN,REFLECT	0		STUN,SLOW,TERROR	0	whitedragon_cave_boss	0	145	96	130	33	35	50	100	19	561	754	947518	10	5	0	0	0	119	200	100	100	100	2000	250	0	0	0	5	25	0	10	50	50	60	60	60	60	60	60	60	0	-10	0	0	0	0	65	0	30	0	0	0	0	-10	0	5.0	0	20	0	0	0	0	0	0	0	0	0	0	0	0	0	0	0	0	0	0	0	0	0	0.0
6800	gnoll_savasci	S_PAWN	MONSTER	MELEE	119	100		AGGR,GODSPEED	0	ANIMAL	SLOW,TERROR,UNK_IMMUNE_FLAG7	0	maze_gnoll_soldier	0	131	91	60	30	0	30	25	5	441	536	95312	3	8	0	0	0	30	210	100	100	100	2000	150	0	0	0	0	0	0	0	10	50	15	15	15	15	15	20	15	0	0	0	0	0	0	0	0	0	0	35	0	0	0	-10	4.0	0	5	0	0	0	0	0	0	0	0	0	0	0	0	0	0	0	0	0	0	0	0	0	0.0
6801	gnoll_gozcu	KNIGHT	MONSTER	MELEE	120	100		AGGR,STONESKIN	0	ANIMAL	SLOW,TERROR,UNK_IMMUNE_FLAG7	0	maze_gnoll_soldier	0	132	92	61	30	0	30	25	5	543	639	96100	4	8	0	0	0	30	210	100	100	100	2000	150	0	0	0	0	0	0	0	12	50	15	15	15	15	15	20	15	0	0	0	0	0	0	0	0	0	0	35	0	0	0	-10	4.0	0	10	0	0	0	0	0	0	0	0	0	0	0	0	0	0	0	0	0	0	0	0	0	0.0
6802	gnoll_buyucu	S_KNIGHT	MONSTER	MAGIC	120	100		AGGR,BERSERK	0	ANIMAL	SLOW,TERROR,UNK_IMMUNE_FLAG7	0	maze_gnoll_magic	0	134	62	125	31	0	30	25	5	539	652	77700	5	7	0	0	0	30	200	100	100	100	2000	1200	0	0	0	0	0	10	10	16	50	15	15	15	15	15	20	15	0	0	0	0	0	0	0	0	0	0	35	0	0	0	-15	4.0	0	15	0	0	0	0	0	0	0	0	0	0	0	0	0	0	0	0	0	0	0	0	0	0.0
6803	gnoll_maresal	S_KNIGHT	MONSTER	MELEE	122	100		AGGR,GODSPEED,FALL	0	ANIMAL	SLOW,TERROR,UNK_IMMUNE_FLAG7	0	maze_gnoll_general	0	133	92	61	30	0	35	25	5	571	681	107100	5	10	0	0	0	30	215	100	100	100	2000	150	0	0	0	5	0	0	5	15	50	20	20	20	15	15	25	20	0	0	0	0	0	0	0	0	0	0	40	0	0	0	-20	4.0	0	15	0	0	0	0	0	0	0	0	0	0	0	0	0	0	0	0	0	0	0	0	0	0.0
6804	gnoll_usta	BOSS	MONSTER	MELEE	124	100		AGGR,BERSERK,STONESKIN,DEATHBLOW,REVIVE,FALL	0	ANIMAL	STUN,SLOW,TERROR,UNK_IMMUNE_FLAG7	0	maze_gnoll_boss	0	134	62	125	31	30	40	100	5	576	689	467350	7	10	0	0	0	35	200	100	100	100	2000	400	0	0	0	5	0	0	3	15	50	35	35	20	20	20	35	20	0	0	0	0	0	0	0	0	0	0	45	0	0	0	-25	4.0	0	20	0	0	0	0	0	0	0	0	0	0	0	0	0	0	0	0	0	0	0	0	0	0.0
6805	gnoll_yuzbasi	BOSS	MONSTER	MELEE	125	100		AGGR,BERSERK,STONESKIN,DEATHBLOW,REVIVE,FALL	0	ANIMAL	STUN,SLOW,TERROR,UNK_IMMUNE_FLAG7	0	maze_gnoll_boss	0	141	64	128	32	30	40	100	7	580	741	624270	10	15	0	0	0	40	200	100	100	100	2000	400	0	0	0	5	0	0	3	15	50	35	35	20	20	15	35	30	0	0	0	0	0	0	0	0	0	0	55	0	0	0	-25	5.0	0	20	0	0	0	0	0	0	0	0	0	0	0	0	0	0	0	0	0	0	0	0	0	0.0
6806	gnoll_asker	S_PAWN	MONSTER	MELEE	119	100		AGGR,GODSPEED	0	ANIMAL	SLOW,TERROR,UNK_IMMUNE_FLAG7	0	maze_gnoll_soldier	0	131	91	60	30	0	30	50	5	441	555	104843	3	8	0	0	0	30	210	100	100	100	2000	150	0	0	0	0	0	0	0	10	50	15	15	15	15	15	20	15	0	0	0	0	0	0	0	0	0	0	35	0	0	0	-10	4.0	0	5	0	0	0	0	0	0	0	0	0	0	0	0	0	0	0	0	0	0	0	0	0	0.0
6807	gnoll_ajan	KNIGHT	MONSTER	MELEE	119	100		AGGR,STONESKIN	0	ANIMAL	SLOW,TERROR,UNK_IMMUNE_FLAG7	0	maze_gnoll_soldier	0	132	92	61	30	0	30	50	5	543	658	105710	4	8	0	0	0	30	210	100	100	100	2000	150	0	0	0	0	0	0	0	12	50	15	15	15	15	15	20	15	0	0	0	0	0	0	0	0	0	0	35	0	0	0	-10	4.0	0	10	0	0	0	0	0	0	0	0	0	0	0	0	0	0	0	0	0	0	0	0	0	0.0
6808	gnoll_buyucu	S_KNIGHT	MONSTER	MAGIC	120	100		AGGR,BERSERK	0	ANIMAL	SLOW,TERROR,UNK_IMMUNE_FLAG7	0	maze_gnoll_magic	0	134	62	125	31	0	30	50	5	539	671	85470	5	7	0	0	0	30	200	100	100	100	2000	1200	0	0	0	0	0	10	10	16	50	15	15	15	15	15	20	15	0	0	0	0	0	0	0	0	0	0	35	0	0	0	-15	4.0	0	15	0	0	0	0	0	0	0	0	0	0	0	0	0	0	0	0	0	0	0	0	0	0.0
6809	gnoll_komutan	S_KNIGHT	MONSTER	MELEE	123	100		AGGR,GODSPEED,FALL	0	ANIMAL	SLOW,TERROR,UNK_IMMUNE_FLAG7	0	maze_gnoll_general	0	126	63	126	31	0	35	50	5	471	703	117810	6	15	0	0	0	30	220	100	100	100	2000	150	0	0	0	5	0	0	5	15	50	20	20	20	15	15	25	20	0	0	0	0	0	0	0	0	0	0	40	0	0	0	-20	4.0	0	15	0	0	0	0	0	0	0	0	0	0	0	0	0	0	0	0	0	0	0	0	0	0.0
6810	ahtrin_savasci	S_PAWN	MONSTER	MELEE	120	100		AGGR,GODSPEED	0	DEVIL	SLOW,TERROR,UNK_IMMUNE_FLAG7	0	maze_keindog_soldier	0	131	91	60	30	0	30	50	5	457	660	115327	3	8	0	0	0	35	200	100	100	100	2000	150	0	0	0	0	0	0	0	10	50	15	15	15	15	15	20	15	0	0	0	0	0	0	0	0	0	0	0	35	-10	0	0	4.0	0	5	0	0	0	0	0	0	0	0	0	0	0	0	0	0	0	0	0	0	0	0	0	0.0
6811	ahtrin_izci	KNIGHT	MONSTER	MELEE	121	100		AGGR,STONESKIN	0	DEVIL	SLOW,TERROR,UNK_IMMUNE_FLAG7	0	maze_keindog_soldier	0	132	92	61	30	0	30	50	5	457	660	116281	4	8	0	0	0	35	220	100	100	100	2000	150	0	0	0	0	0	0	0	12	50	15	15	15	15	15	20	15	0	0	0	0	0	0	0	0	0	0	0	35	-10	0	0	4.0	0	10	0	0	0	0	0	0	0	0	0	0	0	0	0	0	0	0	0	0	0	0	0	0.0
6812	ahtrin_sihirbaz	S_KNIGHT	MONSTER	MAGIC	121	100		AGGR,BERSERK	0	DEVIL	SLOW,TERROR,UNK_IMMUNE_FLAG7	0	maze_keindog_magic	0	134	62	125	31	0	30	50	5	450	670	94017	5	7	0	0	0	35	200	100	100	100	2000	1200	0	0	0	0	0	10	10	16	50	15	15	15	15	15	20	15	0	0	0	0	0	0	0	0	0	0	0	35	-15	0	0	4.0	0	15	0	0	0	0	0	0	0	0	0	0	0	0	0	0	0	0	0	0	0	0	0	0.0
6813	ahtrin_komutan	S_KNIGHT	MONSTER	MELEE	124	100		AGGR,GODSPEED,FALL	0	DEVIL	SLOW,TERROR,UNK_IMMUNE_FLAG7	0	maze_keindog_general	0	133	92	61	30	0	35	50	5	475	687	129591	5	10	0	0	0	35	225	100	100	100	2000	150	0	0	0	5	0	0	5	15	50	20	20	20	15	15	25	20	0	0	0	0	0	0	0	0	0	0	0	40	-20	0	0	4.0	0	15	0	0	0	0	0	0	0	0	0	0	0	0	0	0	0	0	0	0	0	0	0	0.0
6814	ahtrin_yuzbasi	BOSS	MONSTER	MELEE	126	100		AGGR,BERSERK,STONESKIN,DEATHBLOW,REVIVE,FALL	0	DEVIL	STUN,SLOW,TERROR,UNK_IMMUNE_FLAG7	0	maze_keindog_boss	0	134	62	125	31	35	40	100	10	481	696	560820	7	10	0	0	0	35	200	100	100	100	2000	300	0	0	0	5	0	0	3	15	50	35	35	20	20	20	35	20	0	0	0	0	0	0	0	0	0	0	0	45	-25	0	0	4.0	0	20	0	0	0	0	0	0	0	0	0	0	0	0	0	0	0	0	0	0	0	0	0	0.0
6815	ahtrin_yuzbasi	BOSS	MONSTER	MELEE	127	100		AGGR,BERSERK,STONESKIN,DEATHBLOW,REVIVE,FALL	0	DEVIL	STUN,SLOW,TERROR,UNK_IMMUNE_FLAG7	0	maze_keindog_boss	0	141	64	128	32	35	45	100	10	486	751	749124	10	15	0	0	0	45	200	100	100	100	2000	300	0	0	0	5	0	0	3	15	50	40	40	20	20	20	40	30	0	0	0	0	0	0	0	0	0	0	0	50	-25	0	0	5.0	0	20	0	0	0	0	0	0	0	0	0	0	0	0	0	0	0	0	0	0	0	0	0	0.0
6816	ahtrin_ajan	KNIGHT	MONSTER	MELEE	123	100		AGGR,STONESKIN	0	DEVIL	SLOW,TERROR,UNK_IMMUNE_FLAG7	0	maze_keindog_soldier	0	132	92	61	30	0	30	50	5	514	726	151165	4	8	0	0	0	35	220	100	100	100	2000	150	0	0	0	0	0	0	0	12	50	15	15	15	15	15	20	15	0	0	0	0	0	0	0	0	0	0	0	35	-10	0	0	4.0	0	10	0	0	0	0	0	0	0	0	0	0	0	0	0	0	0	0	0	0	0	0	0	0.0
6817	ahtrin_buyucu	S_KNIGHT	MONSTER	MAGIC	123	100		AGGR,BERSERK	0	DEVIL	SLOW,TERROR,UNK_IMMUNE_FLAG7	0	maze_keindog_magic	0	134	62	125	31	0	30	50	5	515	747	122222	5	7	0	0	0	35	210	100	100	100	2000	1200	0	0	0	0	0	10	10	16	50	15	15	15	15	15	20	15	0	0	0	0	0	0	0	0	0	0	0	35	-10	0	0	4.0	0	15	0	0	0	0	0	0	0	0	0	0	0	0	0	0	0	0	0	0	0	0	0	0.0
6818	ahtrin_komutan	S_KNIGHT	MONSTER	MELEE	127	100		AGGR,GODSPEED,FALL	0	DEVIL	SLOW,TERROR,UNK_IMMUNE_FLAG7	0	maze_keindog_general	0	135	63	126	31	0	35	50	5	529	796	168468	6	10	0	0	0	35	240	100	100	100	2000	150	0	0	0	5	0	0	5	15	50	25	25	25	15	15	30	25	0	0	0	0	0	0	0	0	0	0	0	40	-15	0	0	4.0	0	15	0	0	0	0	0	0	0	0	0	0	0	0	0	0	0	0	0	0	0	0	0	0.0
6819	ahtrin_buyuk_ustat	BOSS	MONSTER	MELEE	129	100		AGGR,BERSERK,STONESKIN,DEATHBLOW,REVIVE,FALL	0	ANIMAL	STUN,SLOW,TERROR,UNK_IMMUNE_FLAG7	0	maze_keingnoll_boss	0	141	64	128	32	40	45	100	10	530	770	729066	8	10	0	0	0	40	200	100	100	100	2000	400	0	0	0	5	0	0	3	15	50	40	40	30	20	20	40	30	0	0	0	0	0	0	0	0	0	0	45	0	0	0	-25	5.0	0	20	0	0	0	0	0	0	0	0	0	0	0	0	0	0	0	0	0	0	0	0	0	0.0
6820	ahtrin_buyuk_ustat	BOSS	MONSTER	MELEE	130	100		AGGR,BERSERK,STONESKIN,DEATHBLOW,REVIVE,FALL	0	DEVIL	STUN,SLOW,TERROR,UNK_IMMUNE_FLAG7	0	maze_keingnoll_boss	0	142	64	128	32	40	50	100	12	544	791	1048773	10	15	0	0	0	50	200	100	100	100	2000	400	0	0	0	5	0	0	3	15	50	40	40	30	20	20	40	30	0	0	0	0	0	0	0	0	0	0	0	55	-25	0	0	5.0	0	20	0	0	0	0	0	0	0	0	0	0	0	0	0	0	0	0	0	0	0	0	0	0.0
6850	yilan_akrebi	S_PAWN	MONSTER	MELEE	123	100		AGGR	0		STUN,SLOW,TERROR,UNK_IMMUNE_FLAG4,UNK_IMMUNE_FLAG5,UNK_IMMUNE_FLAG6,UNK_IMMUNE_FLAG7	0	snaketemple_pawn	0	141	62	125	31	0	0	100	20	458	590	137518	7	3	0	0	0	40	200	100	100	100	60000	150	0	0	0	0	10	0	15	10	50	45	45	45	45	45	45	45	0	0	0	0	0	0	0	0	0	0	0	55	-10	0	0	4.0	0	0	0	0	0	0	0	0	0	0	0	0	0	0	0	0	0	0	0	0	0	0	0	0.0
6851	yilan_iscisi	KNIGHT	MONSTER	MELEE	123	100		AGGR	0		STUN,SLOW,TERROR,UNK_IMMUNE_FLAG4,UNK_IMMUNE_FLAG5,UNK_IMMUNE_FLAG6,UNK_IMMUNE_FLAG7	0	snaketemple_s_pawn	0	141	62	125	31	0	0	100	20	464	585	148248	7	3	0	0	0	41	200	100	100	100	60000	200	0	0	0	0	10	0	15	12	50	45	45	45	45	45	45	45	-10	0	0	0	0	0	0	55	0	0	0	0	0	0	0	4.0	0	10	0	0	0	0	0	0	0	0	0	0	0	0	0	0	0	0	0	0	0	0	0	0.0
6852	yilan_kappasi	S_KNIGHT	MONSTER	MELEE	124	100		AGGR,BERSERK	0		STUN,SLOW,TERROR,UNK_IMMUNE_FLAG4,UNK_IMMUNE_FLAG5,UNK_IMMUNE_FLAG6,UNK_IMMUNE_FLAG7	0	snaketemple_knight03	0	141	63	126	31	0	0	100	20	458	595	154581	5	3	0	0	0	41	200	100	100	100	60000	250	0	0	0	0	10	10	15	16	50	45	45	45	45	45	45	45	0	0	0	0	0	0	0	0	55	0	0	0	0	-10	0	4.0	0	15	0	0	0	0	0	0	0	0	0	0	0	0	0	0	0	0	0	0	0	0	0	0.0
6853	yilan_askeri	S_KNIGHT	MONSTER	MELEE	125	100		AGGR,BERSERK	0		STUN,SLOW,TERROR,UNK_IMMUNE_FLAG4,UNK_IMMUNE_FLAG5,UNK_IMMUNE_FLAG6,UNK_IMMUNE_FLAG7	0	snaketemple_knight01	0	141	64	128	32	0	0	100	20	480	586	156487	5	3	0	0	0	40	200	100	100	100	60000	250	0	0	0	0	10	10	15	16	50	45	45	45	45	45	45	45	0	0	0	0	0	0	0	0	55	0	0	0	0	-10	0	4.0	0	15	0	0	0	0	0	0	0	0	0	0	0	0	0	0	0	0	0	0	0	0	0	0.0
6854	yilan_kasabi	S_KNIGHT	MONSTER	MELEE	124	100		AGGR,BERSERK	0		STUN,SLOW,TERROR,UNK_IMMUNE_FLAG4,UNK_IMMUNE_FLAG5,UNK_IMMUNE_FLAG6,UNK_IMMUNE_FLAG7	0	snaketemple_knight02	0	141	63	126	31	0	0	100	20	480	605	157364	5	3	0	0	0	42	200	100	100	100	60000	250	0	0	0	0	10	10	20	16	50	45	45	45	45	45	45	45	0	0	0	-10	0	0	0	0	0	55	0	0	0	0	0	4.0	0	15	0	0	0	0	0	0	0	0	0	0	0	0	0	0	0	0	0	0	0	0	0	0.0
6855	guclu_yilan_savascisi	S_KNIGHT	MONSTER	RANGE	128	100		AGGR,BERSERK	0		STUN,SLOW,TERROR,UNK_IMMUNE_FLAG4,UNK_IMMUNE_FLAG5,UNK_IMMUNE_FLAG6,UNK_IMMUNE_FLAG7	0	snaketemple_s_knight	0	141	64	128	32	0	0	100	20	532	708	1914864	7	15	0	0	0	43	200	100	100	100	60000	600	0	0	0	5	10	25	25	18	50	45	45	45	45	45	45	45	-10	0	0	0	90	90	0	60	0	0	0	0	0	0	0	4.0	0	15	0	0	0	0	0	0	0	0	0	0	0	0	0	0	0	0	0	0	0	0	0	0.0
6856	yilan_kralicesi_nethis	BOSS	MONSTER	MELEE	129	100		AGGR,BERSERK,STONESKIN,DEATHBLOW,REVIVE	0		STUN,SLOW,TERROR,UNK_IMMUNE_FLAG4,UNK_IMMUNE_FLAG5,UNK_IMMUNE_FLAG6,UNK_IMMUNE_FLAG7	0	snaketemple_boss	0	141	64	128	32	100	100	100	20	561	754	24467518	12	7	0	0	0	59	200	100	100	100	60000	300	0	0	0	5	10	25	30	20	50	50	50	50	50	50	50	50	0	0	0	-10	90	90	0	0	0	65	0	0	0	0	0	5.0	6753	20	0	0	0	0	0	0	0	0	0	0	0	0	0	0	0	0	0	0	0	0	0	0.0
6860	kilic_ustasi_jin	KNIGHT	MONSTER	MELEE	123	100		AGGR	0	HUMAN,MYSTERY_DUNGEON	STUN,SLOW,TERROR,UNK_IMMUNE_FLAG7	0	empire_jianbing	0	130	91	122	33	0	30	80	10	425	483	114750	5	7	0	0	0	53	120	100	100	100	2000	150	0	0	0	0	0	0	0	10	50	15	20	20	20	20	20	20	0	0	0	0	0	0	0	0	0	0	0	40	-10	0	0	4.0	0	0	0	0	0	0	0	0	0	0	0	0	0	0	0	0	0	0	0	0	0	0	0	0.0
6861	mizrak_ustasi_ki	KNIGHT	MONSTER	MELEE	123	100		AGGR	0	HUMAN,MYSTERY_DUNGEON	STUN,SLOW,TERROR,UNK_IMMUNE_FLAG7	0	empire_qiangbing	0	130	92	122	33	0	30	80	10	429	490	139364	5	7	0	0	0	55	120	100	100	100	2000	150	0	0	0	0	0	0	0	12	50	15	20	20	20	20	20	20	0	0	0	0	0	0	0	0	0	0	0	40	-10	0	0	4.0	0	0	0	0	0	0	0	0	0	0	0	0	0	0	0	0	0	0	0	0	0	0	0	0.0
6862	mizrak_ustasi_mao	KNIGHT	MONSTER	MELEE	123	100		AGGR	0	HUMAN,MYSTERY_DUNGEON	STUN,SLOW,TERROR,UNK_IMMUNE_FLAG7	0	empire_maobing	0	130	90	125	33	0	30	80	10	429	490	133487	5	12	0	0	0	57	120	100	100	100	2000	150	0	0	0	0	0	3	10	16	50	15	20	20	20	20	20	20	0	0	0	0	0	0	0	0	0	0	0	40	-10	0	0	4.0	0	0	0	0	0	0	0	0	0	0	0	0	0	0	0	0	0	0	0	0	0	0	0	0.0
6863	okcu_gong	KNIGHT	MONSTER	RANGE	123	100		AGGR	0	HUMAN,MYSTERY_DUNGEON	STUN,SLOW,TERROR,UNK_IMMUNE_FLAG7	0	empire_gongbing	0	130	90	125	33	0	30	80	10	405	435	149364	5	12	0	0	0	59	120	100	100	100	2000	600	0	0	0	0	0	3	10	16	50	15	20	20	20	20	20	20	0	0	0	0	0	0	0	0	0	0	0	40	-10	0	0	4.0	0	0	0	0	0	0	0	0	0	0	0	0	0	0	0	0	0	0	0	0	0	0	0	0.0
6864	kilic_ustasi_kao	S_KNIGHT	MONSTER	MELEE	125	100		AGGR,STONESKIN	0	HUMAN,MYSTERY_DUNGEON	STUN,SLOW,TERROR,UNK_IMMUNE_FLAG7	0	empire_caocao_boss	0	140	94	126	33	0	30	80	10	435	475	154864	6	13	0	0	0	62	150	100	100	100	2000	150	0	0	0	0	0	10	5	50	50	15	20	20	20	20	20	20	0	0	0	0	0	0	0	0	0	0	0	50	-10	0	0	4.0	0	0	0	0	0	0	0	0	0	0	0	0	0	0	0	0	0	0	0	0	0	0	0	0.0
6865	kilic_ustasi_jin	KNIGHT	MONSTER	MELEE	123	100		AGGR	0	HUMAN,MYSTERY_DUNGEON	STUN,SLOW,TERROR,UNK_IMMUNE_FLAG7	0	empire_jianbing	0	130	91	128	33	0	30	80	10	435	483	114750	5	7	0	0	0	53	120	100	100	100	2000	150	0	0	0	0	0	0	0	10	50	15	20	20	20	20	20	20	0	0	0	0	0	0	0	0	40	0	0	0	0	-10	0	4.0	0	0	0	0	0	0	0	0	0	0	0	0	0	0	0	0	0	0	0	0	0	0	0	0.0
6866	mizrak_ustasi_ki	KNIGHT	MONSTER	MELEE	123	100		AGGR	0	HUMAN,MYSTERY_DUNGEON	STUN,SLOW,TERROR,UNK_IMMUNE_FLAG7	0	empire_qiangbing	0	130	92	128	33	0	30	80	10	429	490	139364	5	7	0	0	0	55	120	100	100	100	2000	150	0	0	0	0	0	0	0	12	50	15	20	20	20	20	20	20	0	0	0	0	0	0	0	0	40	0	0	0	0	-10	0	4.0	0	0	0	0	0	0	0	0	0	0	0	0	0	0	0	0	0	0	0	0	0	0	0	0.0
6867	mizrak_ustasi_mao	KNIGHT	MONSTER	MELEE	123	100		AGGR	0	HUMAN,MYSTERY_DUNGEON	STUN,SLOW,TERROR,UNK_IMMUNE_FLAG7	0	empire_maobing	0	130	90	125	33	0	30	80	10	429	490	133487	5	12	0	0	0	57	120	100	100	100	2000	150	0	0	0	0	0	3	10	16	50	15	20	20	20	20	20	20	0	0	0	0	0	0	0	0	40	0	0	0	0	-10	0	4.0	0	0	0	0	0	0	0	0	0	0	0	0	0	0	0	0	0	0	0	0	0	0	0	0.0
6868	okcu_gong	KNIGHT	MONSTER	RANGE	123	100		AGGR	0	HUMAN,MYSTERY_DUNGEON	STUN,SLOW,TERROR,UNK_IMMUNE_FLAG7	0	empire_gongbing	0	130	90	125	33	0	30	80	10	435	495	149364	5	12	0	0	0	59	120	100	100	100	2000	600	0	0	0	0	0	3	10	16	50	15	20	20	20	20	20	20	0	0	0	0	0	0	0	0	40	0	0	0	0	-10	0	4.0	0	0	0	0	0	0	0	0	0	0	0	0	0	0	0	0	0	0	0	0	0	0	0	0.0
6869	kilic_ustasi_kao	S_KNIGHT	MONSTER	MELEE	125	100		AGGR,STONESKIN	0	HUMAN,MYSTERY_DUNGEON	STUN,SLOW,TERROR,UNK_IMMUNE_FLAG7	0	empire_caocao_boss	0	140	94	126	33	0	30	80	10	435	475	154864	6	13	0	0	0	62	150	100	100	100	2000	150	0	0	0	0	0	10	10	50	50	15	20	20	20	20	20	20	0	0	0	0	0	0	0	0	50	0	0	0	0	-10	0	4.0	0	0	0	0	0	0	0	0	0	0	0	0	0	0	0	0	0	0	0	0	0	0	0	0.0
6870	gizemli_rahip	BOSS	MONSTER	MAGIC	127	100		AGGR,BERSERK,STONESKIN,DEATHBLOW	0	MYSTERY_DUNGEON	STUN,SLOW,TERROR,UNK_IMMUNE_FLAG7	0	empire_zhanglu	0	140	94	126	33	0	30	80	15	513	653	1852410	6	16	0	0	0	120	150	100	100	100	2000	1000	0	0	0	50	0	20	20	50	60	60	60	40	40	40	60	60	0	0	40	0	100	100	0	0	65	0	0	0	0	-10	0	5.0	6868	30	0	0	0	0	0	0	0	0	0	0	0	0	0	0	0	0	0	0	0	0	0	0.0
6871	gizemli_rahip	BOSS	MONSTER	MAGIC	127	100		AGGR,BERSERK,STONESKIN,DEATHBLOW	0	MYSTERY_DUNGEON	STUN,SLOW,TERROR,UNK_IMMUNE_FLAG7	0	empire_zhanglu	0	140	94	126	33	0	30	80	15	513	653	1852410	6	16	0	0	0	120	150	100	100	100	2000	1000	0	0	0	50	0	20	20	50	60	60	60	40	40	40	60	60	0	0	40	0	100	100	0	0	0	0	0	65	-10	0	0	5.0	6868	30	0	0	0	0	0	0	0	0	0	0	0	0	0	0	0	0	0	0	0	0	0	0.0
6875	bozulmus_asker	S_PAWN	MONSTER	MELEE	122	100			0	DEVIL	STUN,SLOW,TERROR	0	snakevalley_pawn	0	135	91	60	36	0	30	100	12	360	650	124750	3	8	0	0	0	32	200	100	100	100	2000	250	0	0	0	0	0	0	10	16	50	45	45	45	45	45	45	45	0	0	0	0	0	0	0	0	0	0	35	0	0	0	-10	4.0	0	5	0	0	0	0	0	0	0	0	0	0	0	0	0	0	0	0	0	0	0	0	0	0.0
6876	bozulmus_catisma	KNIGHT	MONSTER	MELEE	122	100		AGGR	0	DEVIL	STUN,SLOW,TERROR	0	snakevalley_s_pawn	0	135	92	61	36	0	30	100	12	318	520	167364	4	8	0	0	0	32	200	100	100	100	2000	250	0	0	0	0	0	0	10	12	50	45	45	45	45	45	45	45	0	0	0	0	0	0	0	0	0	0	35	0	0	0	-10	4.0	0	10	0	0	0	0	0	0	0	0	0	0	0	0	0	0	0	0	0	0	0	0	0	0.0
6877	bozulmus_savasci	S_KNIGHT	MONSTER	MELEE	122	100		AGGR	0	DEVIL	STUN,SLOW,TERROR	0	snakevalley_knight	0	135	92	61	36	0	30	100	12	332	525	183487	4	8	0	0	0	33	200	100	100	100	2000	250	0	0	0	0	0	0	10	12	50	45	45	45	45	45	45	45	0	0	0	0	0	0	0	0	0	0	35	0	0	0	-10	4.0	0	10	0	0	0	0	0	0	0	0	0	0	0	0	0	0	0	0	0	0	0	0	0	0.0
6878	bozulmus_rahip	S_KNIGHT	MONSTER	MAGIC	123	100		AGGR,BERSERK	0	DEVIL	STUN,SLOW,TERROR	0	snakevalley_s_knight	0	135	62	125	36	0	30	100	12	318	625	157364	5	7	0	0	0	33	200	100	100	100	2000	1200	0	0	0	0	0	10	10	16	50	45	45	45	45	45	45	45	0	0	0	0	0	0	0	0	0	0	35	0	0	0	-10	4.0	0	15	0	0	0	0	0	0	0	0	0	0	0	0	0	0	0	0	0	0	0	0	0	0.0
6879	bozulmus_general	S_KNIGHT	MONSTER	MELEE	123	100		AGGR,BERSERK	0	DEVIL	STUN,SLOW,TERROR	0	snakevalley_knight02	0	135	92	61	36	0	35	100	12	320	526	176648	5	10	0	0	0	34	200	100	100	100	2000	250	0	0	0	5	0	0	15	15	50	45	45	45	45	45	45	45	0	0	0	0	0	0	0	0	0	0	35	0	0	0	-10	4.0	0	15	0	0	0	0	0	0	0	0	0	0	0	0	0	0	0	0	0	0	0	0	0	0.0
6880	bozulmus_reis	BOSS	MONSTER	MELEE	124	100		AGGR,BERSERK,STONESKIN,FALL	0	DEVIL	STUN,SLOW,TERROR	0	snakevalley_knight03	0	135	62	125	36	30	40	100	12	432	688	614864	5	7	0	0	0	36	200	100	100	100	2000	250	0	0	0	0	5	0	20	20	50	50	50	50	50	50	50	50	0	0	0	0	90	90	0	0	0	0	55	0	0	0	-10	5.0	0	20	0	0	0	0	0	0	0	0	0	0	0	0	0	0	0	0	0	0	0	0	0	0.0
6881	bozlm._savas_reisi	BOSS	MONSTER	MELEE	126	100		AGGR,BERSERK,STONESKIN	0	DEVIL	STUN,SLOW,TERROR	0	snakevalley_boss	0	142	64	128	36	40	50	100	15	463	698	867518	10	15	0	0	0	38	200	100	100	100	2000	250	0	0	0	5	0	0	20	15	50	50	50	50	50	50	50	50	0	0	0	0	90	90	0	0	0	0	65	0	0	0	-10	5.0	0	20	0	0	0	0	0	0	0	0	0	0	0	0	0	0	0	0	0	0	0	0	0	0.0
6882	donmus_tilki	S_PAWN	MONSTER	MELEE	123	100		REFLECT	0		STUN,SLOW,TERROR	0	icecrystal_valley_pawn	0	145	91	125	33	0	30	100	15	458	650	129750	3	7	0	0	0	37	200	100	100	100	2000	150	0	0	0	0	0	0	0	10	50	45	45	45	45	45	45	45	0	-10	0	0	0	0	35	0	0	0	0	0	0	0	0	4.0	0	5	0	0	0	0	0	0	0	0	0	0	0	0	0	0	0	0	0	0	0	0	0	0.0
6883	donmus_gozcu	KNIGHT	MONSTER	MELEE	123	100		AGGR,REFLECT	0		STUN,SLOW,TERROR	0	icecrystal_valley_s_pawn	0	145	92	126	33	0	30	100	15	464	633	170364	4	7	0	0	0	37	200	100	100	100	2000	150	0	0	0	0	0	0	0	12	50	45	45	45	45	45	45	45	0	-10	0	0	0	0	35	0	0	0	0	0	0	0	0	4.0	0	10	0	0	0	0	0	0	0	0	0	0	0	0	0	0	0	0	0	0	0	0	0	0.0
6884	donmus_savasci	S_KNIGHT	MONSTER	MELEE	123	100		AGGR,REFLECT	0		STUN,SLOW,TERROR	0	icecrystal_valley_knight01	0	145	92	128	33	0	30	100	15	458	634	184487	5	9	0	0	0	36	200	100	100	100	2000	200	0	0	0	0	0	10	10	16	50	45	45	45	45	45	45	45	0	-10	0	0	0	0	35	0	0	0	0	0	0	0	0	4.0	0	15	0	0	0	0	0	0	0	0	0	0	0	0	0	0	0	0	0	0	0	0	0	0.0
6885	donmus_avci	S_KNIGHT	MONSTER	RANGE	124	100		AGGR,REFLECT	0		STUN,SLOW,TERROR	0	icecrystal_valley_knight02	0	145	64	128	32	0	30	100	15	468	638	168488	5	9	0	0	0	36	200	100	100	100	2000	1200	0	0	0	5	10	10	10	16	50	45	45	45	45	45	45	45	0	-10	0	0	0	0	35	0	0	0	0	0	0	0	0	4.0	0	5	0	0	0	0	0	0	0	0	0	0	0	0	0	0	0	0	0	0	0	0	0	0.0
6886	donmus_general	S_KNIGHT	MONSTER	MELEE	124	100		AGGR,REFLECT	0		STUN,SLOW,TERROR	0	icecrystal_valley_knight03	0	145	92	125	33	0	35	100	15	480	635	179648	5	9	0	0	0	37	200	100	100	100	2000	150	0	0	0	0	10	10	10	16	50	45	45	45	45	45	45	45	0	-10	0	0	0	0	35	0	0	0	0	0	0	0	0	4.0	0	15	0	0	0	0	0	0	0	0	0	0	0	0	0	0	0	0	0	0	0	0	0	0.0
6887	donmus_reis	BOSS	MONSTER	MELEE	125	100		AGGR,REFLECT	0		STUN,SLOW,TERROR	0	icecrystal_valley_s_knight	0	145	94	128	33	0	40	100	15	532	708	644864	7	12	0	0	0	78	200	100	100	100	2000	200	0	0	0	5	5	0	10	50	50	50	50	50	50	50	50	50	0	-10	0	0	0	0	55	0	0	0	0	0	0	0	0	5.0	0	15	0	0	0	0	0	0	0	0	0	0	0	0	0	0	0	0	0	0	0	0	0	0.0
6888	donmus_savas_reisi	BOSS	MONSTER	MELEE	127	100		AGGR,BERSERK,STONESKIN,REFLECT	0		STUN,SLOW,TERROR	0	icecrystal_valley_boss	0	145	96	130	33	35	50	100	15	561	754	897518	10	10	0	0	0	82	200	100	100	100	2000	200	0	0	0	5	25	0	10	50	50	50	50	50	50	50	50	50	0	-10	0	0	0	0	65	0	0	0	0	0	0	0	0	5.0	0	20	0	0	0	0	0	0	0	0	0	0	0	0	0	0	0	0	0	0	0	0	0	0.0
6889	ele_gecrlms._buz_geyigi	S_PAWN	MONSTER	MELEE	123	100		REFLECT	0		STUN,SLOW,TERROR	0	whitedragonvalley_pawn	0	145	91	125	33	0	30	100	16	458	650	131750	3	7	0	0	0	38	200	100	100	100	2000	175	0	0	0	0	0	0	0	10	50	45	45	45	45	45	45	45	0	-10	0	0	0	0	40	0	0	0	0	0	0	0	0	4.0	0	5	0	0	0	0	0	0	0	0	0	0	0	0	0	0	0	0	0	0	0	0	0	0.0
6890	ele_gecrlms._kar_leopari	KNIGHT	MONSTER	MELEE	123	100		AGGR,REFLECT	0		STUN,SLOW,TERROR	0	whitedragonvalley_s_pawn	0	145	92	126	33	0	30	100	16	464	633	173364	4	7	0	0	0	38	200	100	100	100	2000	200	0	0	0	0	0	0	0	12	50	45	45	45	45	45	45	45	0	-10	0	0	0	0	40	0	0	0	0	0	0	0	0	4.0	0	10	0	0	0	0	0	0	0	0	0	0	0	0	0	0	0	0	0	0	0	0	0	0.0
6891	kuzey_ruzgari_yeti	S_KNIGHT	MONSTER	MELEE	123	100		AGGR,REFLECT	0		STUN,SLOW,TERROR	0	whitedragonvalley_knight01	0	145	92	128	33	0	30	100	16	458	634	187487	5	10	0	0	0	37	200	100	100	100	2000	150	0	0	0	0	0	10	10	16	50	45	45	45	45	45	45	45	0	-10	0	0	0	0	40	0	0	0	0	0	0	0	0	4.0	0	15	0	0	0	0	0	0	0	0	0	0	0	0	0	0	0	0	0	0	0	0	0	0.0
6892	kuzey_ruzgari_hayaleti	S_KNIGHT	MONSTER	MAGIC	124	100		AGGR,REFLECT	0		STUN,SLOW,TERROR	0	defensewave_watersoul	0	145	91	125	33	0	30	100	16	480	635	164364	5	11	0	0	0	39	200	100	100	100	2000	600	0	0	0	0	10	10	10	16	50	45	45	45	45	45	45	45	0	-10	0	0	0	0	40	0	0	0	0	0	0	0	0	4.0	0	15	0	0	0	0	0	0	0	0	0	0	0	0	0	0	0	0	0	0	0	0	0	0.0
6893	kuzey_ruzgari_golemi	S_KNIGHT	MONSTER	MELEE	124	100		AGGR,REFLECT	0		STUN,SLOW,TERROR	0	whitedragonvalley_knight02	0	145	92	125	33	0	35	100	16	480	635	183648	5	12	0	0	0	38	200	100	100	100	2000	150	0	0	0	0	10	10	10	16	50	45	45	45	45	45	45	45	0	-10	0	0	0	0	40	0	0	0	0	0	0	0	0	4.0	0	15	0	0	0	0	0	0	0	0	0	0	0	0	0	0	0	0	0	0	0	0	0	0.0
6894	bigfoot	BOSS	MONSTER	MELEE	125	100		AGGR,REFLECT	0		STUN,SLOW,TERROR	0	whitedragonvalley_s_knight	0	145	94	128	33	0	40	100	16	532	708	664864	7	14	0	0	0	80	200	100	100	100	2000	150	0	0	0	5	5	0	10	50	50	50	50	50	50	50	50	50	0	-10	0	0	0	0	50	0	0	0	0	0	0	0	0	5.0	0	15	0	0	0	0	0	0	0	0	0	0	0	0	0	0	0	0	0	0	0	0	0	0.0
6895	kuzey_r._savas_reisi	BOSS	MONSTER	MELEE	127	100		AGGR,BERSERK,STONESKIN,REFLECT	0		STUN,SLOW,TERROR	0	whitedragonvalley_boss	0	145	96	130	33	35	50	100	16	561	754	917518	10	15	0	0	0	84	200	100	100	100	2000	200	0	0	0	5	25	0	10	50	50	50	50	50	50	50	50	50	0	-10	0	0	0	0	65	0	0	0	0	0	0	0	0	5.0	0	20	0	0	0	0	0	0	0	0	0	0	0	0	0	0	0	0	0	0	0	0	0	0.0
6896	aaa	KING	MONSTER	MELEE	135	100		AGGR,NORECOVERY,REFLECT	0	DRAGON	SLOW,TERROR,UNK_IMMUNE_FLAG4,UNK_IMMUNE_FLAG5,UNK_IMMUNE_FLAG6,UNK_IMMUNE_FLAG7,UNK_IMMUNE_FLAG9	0	guild_whitedragon_boss01	0	146	100	130	33	70	100	100	42	886	954	27467518	30	1	0	0	0	1	200	100	100	100	60000	850	0	0	0	0	0	0	10	50	55	55	55	55	55	55	55	55	0	0	0	0	0	0	0	0	60	0	0	0	0	-10	0	5.0	0	20	0	0	0	0	0	0	0	0	0	0	0	0	0	0	0	0	0	0	0	0	0	0.0
6897	aaa	KING	MONSTER	MELEE	135	100		AGGR,BERSERK,STONESKIN,REFLECT	0	DRAGON	SLOW,TERROR,UNK_IMMUNE_FLAG4,UNK_IMMUNE_FLAG5,UNK_IMMUNE_FLAG6,UNK_IMMUNE_FLAG7,UNK_IMMUNE_FLAG9	0	guild_whitedragon_boss02	0	147	100	131	34	70	100	100	42	886	954	16467518	30	1	0	0	0	657	200	100	100	100	60000	850	0	0	0	5	0	0	10	50	57	57	57	57	57	57	57	57	0	0	0	0	0	0	0	0	65	0	0	0	0	-5	0	5.0	0	20	0	0	0	0	0	0	0	0	0	0	0	0	0	0	0	0	0	0	0	0	0	0.0
6898	aaa	S_KNIGHT	MONSTER	MELEE	123	100		AGGR,REFLECT	0	DEVIL	STUN,SLOW,TERROR	0	guild_whitedragon_knight01	0	140	92	128	33	0	30	100	16	458	634	227577	7	1	0	0	0	61	100	100	100	100	4000	150	0	0	0	0	0	0	3	12	50	45	45	45	45	45	45	45	0	0	0	0	0	0	0	0	45	0	0	0	0	-10	0	4.0	0	0	0	0	0	0	0	0	0	0	0	0	0	0	0	0	0	0	0	0	0	0	0	0.0
6899	aaa	S_KNIGHT	MONSTER	RANGE	124	100		AGGR,REFLECT	0	DEVIL	STUN,SLOW,TERROR	0	guild_whitedragon_knight02	0	140	64	128	32	0	30	100	16	468	638	214036	7	1	0	0	0	61	100	100	100	100	4000	1200	0	0	0	0	0	10	5	12	50	45	45	45	45	45	45	45	0	0	0	0	0	0	0	0	45	0	0	0	0	-10	0	4.0	0	5	0	0	0	0	0	0	0	0	0	0	0	0	0	0	0	0	0	0	0	0	0	0.0
6900	aaa	S_KNIGHT	MONSTER	MAGIC	123	100		AGGR,BERSERK	0	DEVIL	STUN,SLOW,TERROR	0	guild_whitedragon_ice_ghost	0	135	62	125	36	0	30	100	12	318	625	173869	7	1	0	0	0	53	100	100	100	100	4000	850	0	0	0	5	0	0	10	16	50	45	45	45	45	45	45	45	-10	0	0	0	0	0	0	50	0	0	0	0	0	0	0	4.0	0	0	0	0	0	0	0	0	0	0	0	0	0	0	0	0	0	0	0	0	0	0	0	0.0
6901	aaa	S_PAWN	MONSTER	MELEE	126	100		AGGR,REFLECT	0		STUN,SLOW,TERROR	0	moonlight_warrior	0	140	92	128	33	0	30	100	22	494	702	183765	5	8	0	0	0	66	200	100	100	100	2000	180	0	0	0	0	0	0	0	10	50	45	45	45	45	45	45	45	0	0	30	0	0	0	0	0	0	0	0	35	-10	0	0	4.0	0	0	0	0	0	0	0	0	0	0	0	0	0	0	0	0	0	0	0	0	0	0	0	0.0
6902	aaa	KNIGHT	MONSTER	MELEE	126	100		AGGR,REFLECT	0		STUN,SLOW,TERROR	0	moonlight_knight	0	140	64	128	32	0	30	100	22	501	683	198736	5	8	0	0	0	72	200	100	100	100	2000	180	0	0	0	0	0	0	0	10	50	45	45	45	45	45	45	45	0	0	30	0	0	0	0	0	0	0	0	35	-10	0	0	4.0	0	0	0	0	0	0	0	0	0	0	0	0	0	0	0	0	0	0	0	0	0	0	0	0.0
6903	aaa	S_KNIGHT	MONSTER	MELEE	126	100		AGGR,REFLECT	0		STUN,SLOW,TERROR	0	moonlight_wraith	0	145	92	128	33	0	30	100	22	494	684	198736	5	7	0	0	0	74	200	100	100	100	2000	150	0	0	0	0	0	5	10	16	50	45	45	45	45	45	45	45	0	0	30	0	0	0	0	0	0	0	0	35	-10	0	0	4.0	0	0	0	0	0	0	0	0	0	0	0	0	0	0	0	0	0	0	0	0	0	0	0	0.0
6904	aaa	S_KNIGHT	MONSTER	MAGIC	127	100		AGGR,REFLECT	0		STUN,SLOW,TERROR	0	moonlight_wraith_magic	0	145	64	128	32	0	30	100	22	518	685	194666	4	10	0	0	0	78	200	100	100	100	2000	1200	0	0	0	5	10	0	10	16	50	45	45	45	45	45	45	45	0	0	30	0	0	0	0	0	0	0	0	35	-10	0	0	4.0	0	15	0	0	0	0	0	0	0	0	0	0	0	0	0	0	0	0	0	0	0	0	0	0.0
6905	aaa	S_PAWN	MONSTER	MELEE	126	100		AGGR,REFLECT	0		STUN,SLOW,TERROR	0	moonlight_warrior	0	140	92	128	33	0	30	100	22	494	702	183765	5	7	0	0	0	66	200	100	100	100	2000	180	0	0	0	0	0	0	0	10	50	45	45	45	45	45	45	45	0	0	30	0	0	0	0	0	0	0	0	35	-10	0	0	4.0	0	0	0	0	0	0	0	0	0	0	0	0	0	0	0	0	0	0	0	0	0	0	0	0.0
6906	aaa	KNIGHT	MONSTER	MELEE	126	100		AGGR,REFLECT	0		STUN,SLOW,TERROR	0	moonlight_knight	0	140	64	128	32	0	30	100	22	501	683	198736	5	8	0	0	0	72	200	100	100	100	2000	180	0	0	0	0	0	0	0	10	50	45	45	45	45	45	45	45	0	0	30	0	0	0	0	0	0	0	0	35	-10	0	0	4.0	0	0	0	0	0	0	0	0	0	0	0	0	0	0	0	0	0	0	0	0	0	0	0	0.0
6907	aaa	S_KNIGHT	MONSTER	MELEE	126	100		AGGR,REFLECT	0		STUN,SLOW,TERROR	0	moonlight_wraith	0	145	92	128	33	0	30	100	22	494	684	198736	5	8	0	0	0	74	200	100	100	100	2000	150	0	0	0	0	0	5	10	16	50	45	45	45	45	45	45	45	0	0	30	0	0	0	0	0	0	0	0	35	-10	0	0	4.0	0	0	0	0	0	0	0	0	0	0	0	0	0	0	0	0	0	0	0	0	0	0	0	0.0
6908	aaa	S_KNIGHT	MONSTER	MAGIC	127	100		AGGR,REFLECT	0		STUN,SLOW,TERROR	0	moonlight_wraith_magic	0	145	64	128	32	0	30	100	22	518	685	194666	5	7	0	0	0	78	200	100	100	100	2000	1200	0	0	0	5	10	0	10	16	50	45	45	45	45	45	45	45	0	0	30	0	0	0	0	0	0	0	0	35	-10	0	0	4.0	0	15	0	0	0	0	0	0	0	0	0	0	0	0	0	0	0	0	0	0	0	0	0	0.0
6909	aaa	S_PAWN	MONSTER	MELEE	126	100		AGGR,REFLECT	0		STUN,SLOW,TERROR	0	moonlight_warrior	0	140	92	128	33	0	30	100	22	494	702	183765	5	10	0	0	0	66	200	100	100	100	2000	180	0	0	0	0	0	0	0	10	50	45	45	45	45	45	45	45	0	0	30	0	0	0	0	0	0	0	0	35	-10	0	0	4.0	0	0	0	0	0	0	0	0	0	0	0	0	0	0	0	0	0	0	0	0	0	0	0	0.0
6910	aaa	KNIGHT	MONSTER	MELEE	126	100		AGGR,REFLECT	0		STUN,SLOW,TERROR	0	moonlight_knight	0	140	64	128	32	0	30	100	22	501	683	198736	5	7	0	0	0	74	200	100	100	100	2000	180	0	0	0	0	0	0	10	10	50	45	45	45	45	45	45	45	0	0	30	0	0	0	0	0	0	0	0	35	-10	0	0	4.0	0	0	0	0	0	0	0	0	0	0	0	0	0	0	0	0	0	0	0	0	0	0	0	0.0
6911	aaa	S_KNIGHT	MONSTER	MAGIC	127	100		AGGR,REFLECT	0		STUN,SLOW,TERROR	0	moonlight_wraith_magic	0	145	92	128	33	0	30	100	22	494	684	198736	4	8	0	0	0	78	200	100	100	100	2000	1200	0	0	0	0	0	0	10	10	50	45	45	45	45	45	45	45	0	0	30	0	0	0	0	0	0	0	0	35	-10	0	0	4.0	0	0	0	0	0	0	0	0	0	0	0	0	0	0	0	0	0	0	0	0	0	0	0	0.0
6912	aaa	S_PAWN	MONSTER	MELEE	126	100		AGGR,REFLECT	0		STUN,SLOW,TERROR	0	moonlight_warrior	0	140	92	128	33	0	30	100	22	494	702	183765	4	8	0	0	0	66	200	100	100	100	2000	180	0	0	0	0	0	0	0	10	50	45	45	45	45	45	45	45	0	0	30	0	0	0	0	0	0	0	0	35	-10	0	0	4.0	0	0	0	0	0	0	0	0	0	0	0	0	0	0	0	0	0	0	0	0	0	0	0	0.0
6913	aaa	KNIGHT	MONSTER	MELEE	126	100		AGGR,REFLECT	0		STUN,SLOW,TERROR	0	moonlight_knight	0	140	64	128	32	0	30	100	22	501	683	198736	5	7	0	0	0	72	200	100	100	100	2000	180	0	0	0	0	0	0	10	10	50	45	45	45	45	45	45	45	0	0	30	0	0	0	0	0	0	0	0	35	-10	0	0	4.0	0	0	0	0	0	0	0	0	0	0	0	0	0	0	0	0	0	0	0	0	0	0	0	0.0
6914	aaa	S_KNIGHT	MONSTER	MAGIC	127	100		AGGR,REFLECT	0		STUN,SLOW,TERROR	0	moonlight_wraith_magic	0	145	92	128	33	0	30	100	22	494	684	198736	4	10	0	0	0	78	200	100	100	100	2000	1200	0	0	0	0	0	0	10	10	50	45	45	45	45	45	45	45	0	0	30	0	0	0	0	0	0	0	0	35	-10	0	0	4.0	0	0	0	0	0	0	0	0	0	0	0	0	0	0	0	0	0	0	0	0	0	0	0	0.0
6915	aaa	S_PAWN	MONSTER	MELEE	126	100		AGGR,REFLECT	0		STUN,SLOW,TERROR	0	moonlight_warrior	0	140	92	128	33	0	30	100	22	494	702	183765	5	8	0	0	0	66	200	100	100	100	2000	180	0	0	0	0	0	0	0	10	50	45	45	45	45	45	45	45	0	0	30	0	0	0	0	0	0	0	0	35	-10	0	0	4.0	0	0	0	0	0	0	0	0	0	0	0	0	0	0	0	0	0	0	0	0	0	0	0	0.0
6916	aaa	KNIGHT	MONSTER	MELEE	126	100		AGGR,REFLECT	0		STUN,SLOW,TERROR	0	moonlight_knight	0	140	64	128	32	0	30	100	22	501	683	198736	5	8	0	0	0	72	200	100	100	100	2000	180	0	0	0	0	0	0	10	10	50	45	45	45	45	45	45	45	0	0	30	0	0	0	0	0	0	0	0	35	-10	0	0	4.0	0	0	0	0	0	0	0	0	0	0	0	0	0	0	0	0	0	0	0	0	0	0	0	0.0
6917	aaa	S_KNIGHT	MONSTER	MELEE	126	100		AGGR,REFLECT	0		STUN,SLOW,TERROR	0	moonlight_wraith	0	145	92	128	33	0	30	100	22	494	684	198736	5	7	0	0	0	74	200	100	100	100	2000	150	0	0	0	0	0	5	10	16	50	45	45	45	45	45	45	45	0	0	30	0	0	0	0	0	0	0	0	35	-10	0	0	4.0	0	0	0	0	0	0	0	0	0	0	0	0	0	0	0	0	0	0	0	0	0	0	0	0.0
6918	aaa	S_KNIGHT	MONSTER	MAGIC	127	100		AGGR,REFLECT	0		STUN,SLOW,TERROR	0	moonlight_wraith_magic	0	145	92	128	33	0	30	100	22	518	685	194666	4	10	0	0	0	78	200	100	100	100	2000	1200	0	0	0	0	0	0	10	16	50	45	45	45	45	45	45	45	0	0	30	0	0	0	0	0	0	0	0	35	-10	0	0	4.0	0	15	0	0	0	0	0	0	0	0	0	0	0	0	0	0	0	0	0	0	0	0	0	0.0
6919	aaa	BOSS	MONSTER	MELEE	132	100		AGGR,REFLECT	0		SLOW,TERROR,UNK_IMMUNE_FLAG4,UNK_IMMUNE_FLAG5,UNK_IMMUNE_FLAG6,UNK_IMMUNE_FLAG7,UNK_IMMUNE_FLAG9	0	moonlight_boss	0	145	94	128	33	70	40	100	24	605	814	1279149	10	4	0	0	0	152	200	120	100	100	2000	200	0	0	0	5	5	10	10	35	50	50	50	50	50	50	50	50	0	0	35	0	0	0	0	0	0	0	0	50	-10	0	0	5.0	0	15	0	0	0	0	0	0	0	0	0	0	0	0	0	0	0	0	0	0	0	0	0	0.0
6920	aaa	KING	MONSTER	MELEE	133	100		AGGR,BERSERK,STONESKIN,REFLECT	0		SLOW,TERROR,UNK_IMMUNE_FLAG4,UNK_IMMUNE_FLAG5,UNK_IMMUNE_FLAG6,UNK_IMMUNE_FLAG7,UNK_IMMUNE_FLAG9	0	moonlight_king	0	145	93	125	33	70	50	100	26	645	867	3170756	10	5	0	0	0	238	200	120	100	100	4000	200	0	0	0	5	5	10	10	35	50	50	50	50	50	50	50	50	0	0	45	0	0	0	0	0	0	0	0	65	-10	0	0	5.0	0	20	0	0	0	0	0	0	0	0	0	0	0	0	0	0	0	0	0	0	0	0	0	0.0
6921	aaa	BOSS	MONSTER	MELEE	132	100		AGGR,REFLECT	0		SLOW,TERROR,UNK_IMMUNE_FLAG4,UNK_IMMUNE_FLAG5,UNK_IMMUNE_FLAG6,UNK_IMMUNE_FLAG7,UNK_IMMUNE_FLAG9	0	moonlight_boss	0	145	96	130	33	70	40	100	24	605	814	1279149	10	5	0	0	0	152	200	120	100	100	2000	200	0	0	0	5	5	10	10	35	50	50	50	50	50	50	50	50	0	0	35	0	0	0	0	0	0	0	0	50	-10	0	0	5.0	0	15	0	0	0	0	0	0	0	0	0	0	0	0	0	0	0	0	0	0	0	0	0	0.0
6922	aaa	KING	MONSTER	MELEE	133	100		AGGR,BERSERK,STONESKIN,REFLECT	0		SLOW,TERROR,UNK_IMMUNE_FLAG4,UNK_IMMUNE_FLAG5,UNK_IMMUNE_FLAG6,UNK_IMMUNE_FLAG7,UNK_IMMUNE_FLAG9	0	moonlight_king	0	145	93	125	33	70	50	100	26	645	867	3170756	10	4	0	0	0	238	200	120	100	100	4000	200	0	0	0	5	5	10	10	35	50	50	50	50	50	50	50	50	0	0	45	0	0	0	0	0	0	0	0	65	-10	0	0	5.0	0	20	0	0	0	0	0	0	0	0	0	0	0	0	0	0	0	0	0	0	0	0	0	0.0
6923	aaa	BOSS	MONSTER	MELEE	133	100		AGGR,BERSERK	0		SLOW,TERROR,UNK_IMMUNE_FLAG4,UNK_IMMUNE_FLAG5,UNK_IMMUNE_FLAG6,UNK_IMMUNE_FLAG7,UNK_IMMUNE_FLAG9	0	moonlight_berserk	0	145	96	130	33	70	40	100	25	645	867	1421277	10	5	0	0	0	238	200	160	100	100	2000	250	0	0	0	25	5	10	25	50	50	50	50	50	50	50	50	50	0	0	45	0	0	0	0	0	0	0	0	50	-10	0	0	5.0	0	15	0	0	0	0	0	0	0	0	0	0	0	0	0	0	0	0	0	0	0	0	0	0.0
6924	aaa	S_PAWN	MONSTER	MAGIC	127	100		AGGR,REFLECT	0	DEVIL	STUN,SLOW,TERROR	0	greedy_cave_spawn	0	144	91	129	35	0	28	100	22	518	685	187282	4	7	0	0	0	84	100	100	100	100	2000	1200	0	0	0	0	0	0	0	10	50	42	42	42	42	42	42	42	0	0	34	0	0	0	0	0	0	0	0	52	-10	0	0	4.0	0	5	0	0	0	0	0	0	0	0	0	0	0	0	0	0	0	0	0	0	0	0	0	0.0
6925	aaa	KNIGHT	MONSTER	MELEE	127	100		AGGR,REFLECT	0	DEVIL	STUN,SLOW,TERROR	0	greedy_cave_knight01	0	149	92	129	34	0	30	100	23	543	772	201061	5	7	0	0	0	90	200	100	100	100	2000	200	0	0	0	0	0	0	0	12	50	45	45	45	45	45	45	45	0	0	34	0	0	0	0	0	0	0	0	53	-10	0	0	4.0	0	10	0	0	0	0	0	0	0	0	0	0	0	0	0	0	0	0	0	0	0	0	0	0.0
6926	aaa	KNIGHT	MONSTER	MELEE	127	100		AGGR,REFLECT	0	DEVIL	STUN,SLOW,TERROR	0	greedy_cave_knight02	0	150	92	129	34	0	30	100	23	551	751	201061	5	9	0	0	0	94	200	100	100	100	2000	200	0	0	0	0	0	0	5	16	50	45	45	45	45	45	45	45	0	0	34	0	0	0	0	0	0	0	0	53	-10	0	0	4.0	0	15	0	0	0	0	0	0	0	0	0	0	0	0	0	0	0	0	0	0	0	0	0	0.0
6927	aaa	KNIGHT	MONSTER	MELEE	127	100		AGGR,REFLECT	0	DEVIL	STUN,SLOW,TERROR	0	greedy_cave_knight03	0	150	64	129	34	0	30	100	23	551	751	202976	5	9	0	0	0	94	200	100	100	100	2000	200	0	0	0	5	10	0	5	16	50	45	45	45	45	45	45	45	0	0	34	0	0	0	0	0	0	0	0	53	-10	0	0	4.0	0	5	0	0	0	0	0	0	0	0	0	0	0	0	0	0	0	0	0	0	0	0	0	0.0
6928	aaa	S_KNIGHT	MONSTER	MELEE	127	100		AGGR,REFLECT	0	DEVIL	STUN,SLOW,TERROR	0	greedy_cave_sknight	0	151	91	129	34	0	30	100	23	556	758	202976	5	7	0	0	0	98	200	100	100	100	2000	150	0	0	0	0	0	0	0	10	50	45	45	45	45	45	45	45	0	0	34	0	0	0	0	0	0	0	0	54	-10	0	0	4.0	0	5	0	0	0	0	0	0	0	0	0	0	0	0	0	0	0	0	0	0	0	0	0	0.0
6929	aaa	S_KNIGHT	MONSTER	MAGIC	128	100		AGGR,REFLECT	0	DEVIL	STUN,SLOW,TERROR	0	greedy_cave_magic	0	144	91	129	36	0	30	100	23	569	753	199130	4	7	0	0	0	98	200	100	100	100	2000	1200	0	0	0	0	0	5	0	12	50	45	45	45	45	45	45	45	0	0	34	0	0	0	0	0	0	0	0	52	-10	0	0	4.0	0	10	0	0	0	0	0	0	0	0	0	0	0	0	0	0	0	0	0	0	0	0	0	0.0
6930	aaa	S_PAWN	MONSTER	MAGIC	127	100		AGGR,REFLECT	0	DEVIL	STUN,SLOW,TERROR	0	greedy_cave_spawn	0	149	92	129	35	0	28	100	22	518	685	187282	5	9	0	0	0	84	100	100	100	100	2000	1200	0	0	0	0	0	0	5	16	50	42	42	42	42	42	42	42	0	0	34	0	0	0	0	0	0	0	52	0	0	0	-10	4.0	0	15	0	0	0	0	0	0	0	0	0	0	0	0	0	0	0	0	0	0	0	0	0	0.0
6931	aaa	KNIGHT	MONSTER	MELEE	127	100		AGGR,REFLECT	0	DEVIL	STUN,SLOW,TERROR	0	greedy_cave_knight01	0	150	64	129	34	0	30	100	23	543	772	201061	5	9	0	0	0	90	200	100	100	100	2000	200	0	0	0	5	10	0	5	16	50	45	45	45	45	45	45	45	0	0	34	0	0	0	0	0	0	0	53	0	0	0	-10	4.0	0	5	0	0	0	0	0	0	0	0	0	0	0	0	0	0	0	0	0	0	0	0	0	0.0
6932	aaa	KNIGHT	MONSTER	MELEE	127	100		AGGR,REFLECT	0	DEVIL	STUN,SLOW,TERROR	0	greedy_cave_knight02	0	150	91	129	34	0	30	100	23	551	751	201061	5	7	0	0	0	94	200	100	100	100	2000	200	0	0	0	0	0	0	0	10	50	45	45	45	45	45	45	45	0	0	34	0	0	0	0	0	0	0	53	0	0	0	-10	4.0	0	5	0	0	0	0	0	0	0	0	0	0	0	0	0	0	0	0	0	0	0	0	0	0.0
6933	aaa	KNIGHT	MONSTER	MELEE	127	100		AGGR,REFLECT	0	DEVIL	STUN,SLOW,TERROR	0	greedy_cave_knight03	0	151	92	129	34	0	30	100	23	551	751	202976	5	9	0	0	0	94	200	100	100	100	2000	200	0	0	0	0	0	0	5	16	50	45	45	45	45	45	45	45	0	0	34	0	0	0	0	0	0	0	53	0	0	0	-10	4.0	0	15	0	0	0	0	0	0	0	0	0	0	0	0	0	0	0	0	0	0	0	0	0	0.0
6934	aaa	S_KNIGHT	MONSTER	MELEE	127	100		AGGR,REFLECT	0	DEVIL	STUN,SLOW,TERROR	0	greedy_cave_sknight	0	150	92	129	34	0	30	100	23	556	758	202976	5	9	0	0	0	98	200	100	100	100	2000	200	0	0	0	0	0	0	5	16	50	45	45	45	45	45	45	45	0	0	34	0	0	0	0	0	0	0	54	0	0	0	-10	4.0	0	15	0	0	0	0	0	0	0	0	0	0	0	0	0	0	0	0	0	0	0	0	0	0.0
6935	aaa	S_KNIGHT	MONSTER	MAGIC	128	100		AGGR,REFLECT	0	DEVIL	STUN,SLOW,TERROR	0	greedy_cave_magic	0	144	91	129	36	0	30	100	23	569	753	199130	3	7	0	0	0	98	200	100	100	100	2000	200	0	0	0	0	0	5	0	10	50	45	45	45	45	45	45	45	0	0	34	0	0	0	0	0	0	0	52	0	0	0	-10	4.0	0	5	0	0	0	0	0	0	0	0	0	0	0	0	0	0	0	0	0	0	0	0	0	0.0
6936	aaa	S_KNIGHT	MONSTER	MELEE	129	100		AGGR,REFLECT	0	DEVIL	STUN,SLOW,TERROR	0	greedy_cave_sknight01	0	150	92	130	34	80	45	100	24	576	785	819939	5	9	0	0	0	182	200	100	100	100	2000	200	0	0	0	0	0	10	10	16	50	45	45	45	45	45	45	45	0	0	34	0	0	0	0	0	0	0	0	57	-10	0	0	4.0	0	15	0	0	0	0	0	0	0	0	0	0	0	0	0	0	0	0	0	0	0	0	0	0.0
6937	aaa	BOSS	MONSTER	MELEE	134	100		AGGR,DEATHBLOW,REFLECT	0	DEVIL	SLOW,TERROR,UNK_IMMUNE_FLAG4,UNK_IMMUNE_FLAG5,UNK_IMMUNE_FLAG6,UNK_IMMUNE_FLAG7,UNK_IMMUNE_FLAG9	0	greedy_cave_boss	0	150	92	131	35	80	45	100	26	695	936	1509395	10	4	0	0	0	182	200	100	100	100	2000	200	0	0	0	15	0	10	10	16	50	45	45	45	45	45	45	45	0	0	36	0	0	0	0	0	0	0	0	60	-10	0	0	4.0	0	15	0	0	0	0	0	0	0	0	0	0	0	0	0	0	0	0	0	0	0	0	0	0.0
6938	aaa	KING	MONSTER	MELEE	135	100		AGGR,REFLECT	0	DEVIL	SLOW,TERROR,UNK_IMMUNE_FLAG4,UNK_IMMUNE_FLAG5,UNK_IMMUNE_FLAG6,UNK_IMMUNE_FLAG7,UNK_IMMUNE_FLAG9	0	greedy_room_boss	0	145	92	132	35	85	90	100	39	886	954	13552355	12	3	0	0	0	788	200	100	100	100	4000	350	0	0	0	0	0	10	10	16	55	55	55	55	55	55	55	55	0	0	42	0	0	0	0	0	0	0	0	65	-10	0	0	5.0	0	15	0	0	0	0	0	0	0	0	0	0	0	0	0	0	0	0	0	0	0	0	0	0.0
6939	aaa	KING	MONSTER	MAGIC	136	100		AGGR,REFLECT	0	DEVIL	SLOW,TERROR,UNK_IMMUNE_FLAG4,UNK_IMMUNE_FLAG5,UNK_IMMUNE_FLAG6,UNK_IMMUNE_FLAG7,UNK_IMMUNE_FLAG9	0	greedy_room_king	0	148	92	133	36	90	100	100	43	1071	1153	27104710	15	2	0	0	0	945	200	100	200	100	4000	450	0	0	0	5	3	10	10	16	61	61	61	63	60	60	61	59	0	0	45	0	0	0	0	0	0	0	0	75	-10	0	0	5.0	0	15	0	0	0	0	0	0	0	0	0	0	0	0	0	0	0	0	0	0	0	0	0	0.0
6940	aaa	KING	STONE	MELEE	120	100		NOMOVE,NORECOVERY	0		SLOW,TERROR,UNK_IMMUNE_FLAG4,UNK_IMMUNE_FLAG5,UNK_IMMUNE_FLAG6,UNK_IMMUNE_FLAG7,UNK_IMMUNE_FLAG9	0	metinstone_moonlight	0	0	0	100	0	0	0	100	27	0	0	3500000	5	1	0	0	0	1	100	6937	6938	0	2000	150	0	0	0	0	0	0	0	0	0	0	0	0	0	0	0	0	0	0	35	0	100	100	0	0	0	0	0	0	0	0	0	0.0	0	0	0	0	0	0	0	0	0	0	0	0	0	0	0	0	0	0	0	0	0	0	0	0.0
6941	aaa	KING	STONE	MELEE	120	100		NOMOVE,NORECOVERY	0		SLOW,TERROR,UNK_IMMUNE_FLAG4,UNK_IMMUNE_FLAG5,UNK_IMMUNE_FLAG6,UNK_IMMUNE_FLAG7,UNK_IMMUNE_FLAG9	0	metinstone_moonlight	0	0	0	100	0	0	0	100	27	0	0	3500000	5	1	0	0	0	1	100	6937	6938	0	2000	150	0	0	0	0	0	0	0	0	0	0	0	0	0	0	0	0	0	0	35	0	100	100	0	0	0	0	0	0	0	0	0	0.0	0	0	0	0	0	0	0	0	0	0	0	0	0	0	0	0	0	0	0	0	0	0	0	0.0
6942	aaa	KING	STONE	MELEE	120	100		NOMOVE,NORECOVERY	0		SLOW,TERROR,UNK_IMMUNE_FLAG4,UNK_IMMUNE_FLAG5,UNK_IMMUNE_FLAG6,UNK_IMMUNE_FLAG7,UNK_IMMUNE_FLAG9	0	metinstone_moonlight	0	0	0	100	0	0	0	100	27	0	0	3500000	5	1	0	0	0	1	100	6937	6938	0	2000	150	0	0	0	0	0	0	0	0	0	0	0	0	0	0	0	0	0	0	35	0	100	100	0	0	0	0	0	0	0	0	0	0.0	0	0	0	0	0	0	0	0	0	0	0	0	0	0	0	0	0	0	0	0	0	0	0	0.0
6943	aaa	KNIGHT	NPC	MELEE	1	100		NOMOVE	0	HIDE	STUN,SLOW,TERROR	0		0	0	0	0	0	0	0	0	0	0	0	120	3	1	0	0	0	0	200	100	100	0	2000	150	0	0	0	0	0	0	0	0	0	0	0	0	0	0	0	0	0	0	0	0	0	0	0	0	0	0	0	0	0	0	0	0.0	0	0	0	0	0	0	0	0	0	0	0	0	0	0	0	0	0	0	0	0	0	0	0	0.0
6944	aaa	KING	STONE	MELEE	120	100		NOMOVE	0		SLOW,TERROR,UNK_IMMUNE_FLAG4,UNK_IMMUNE_FLAG5,UNK_IMMUNE_FLAG6,UNK_IMMUNE_FLAG7,UNK_IMMUNE_FLAG9	0	metinstone_greedy_cave	0	0	0	100	0	0	0	100	27	0	0	2500000	5	1	0	0	0	1	100	0	0	0	2000	150	0	0	0	0	0	0	0	0	0	0	0	0	0	0	0	0	0	0	0	0	100	100	0	0	0	0	0	0	0	0	0	0.0	0	0	0	0	0	0	0	0	0	0	0	0	0	0	0	0	0	0	0	0	0	0	0	0.0
6945	aaa	S_KNIGHT	MONSTER	MAGIC	128	100		AGGR,NOMOVE,REFLECT	0	DEVIL	SLOW,TERROR,UNK_IMMUNE_FLAG4,UNK_IMMUNE_FLAG5,UNK_IMMUNE_FLAG6,UNK_IMMUNE_FLAG7,UNK_IMMUNE_FLAG9	0	greedy_cave_magic	0	145	92	129	34	0	30	100	23	869	1153	465507	8	7	0	0	0	1	200	100	100	100	4000	2500	0	0	0	0	0	0	0	12	50	45	45	45	45	45	45	45	0	-10	0	0	0	0	0	0	0	0	0	60	-10	0	0	5.0	0	10	0	0	0	0	0	0	0	0	0	0	0	0	0	0	0	0	0	0	0	0	0	0.0
6946	aaa	KING	STONE	MELEE	120	100		NOMOVE,NORECOVERY	0		SLOW,TERROR,UNK_IMMUNE_FLAG4,UNK_IMMUNE_FLAG5,UNK_IMMUNE_FLAG6,UNK_IMMUNE_FLAG7,UNK_IMMUNE_FLAG9	0	metinstone_moonlight	0	0	0	100	0	0	0	100	27	0	0	3200000	5	1	0	0	0	1	100	0	0	0	2000	150	0	0	0	0	0	0	0	0	0	0	0	0	0	0	0	0	0	0	0	0	100	100	0	0	0	0	0	0	-10	0	0	0.0	0	0	0	0	0	0	0	0	0	0	0	0	0	0	0	0	0	0	0	0	0	0	0	0.0
6947	aaa	S_KNIGHT	MONSTER	MAGIC	128	100		NOMOVE,REFLECT	0	DEVIL	SLOW,TERROR,UNK_IMMUNE_FLAG4,UNK_IMMUNE_FLAG5,UNK_IMMUNE_FLAG6,UNK_IMMUNE_FLAG7,UNK_IMMUNE_FLAG9	0	greedy_cave_magic_chain	0	145	92	129	34	0	30	100	24	569	753	837912	8	7	0	0	0	1	200	100	100	100	2500	2500	0	0	0	0	0	0	0	12	55	55	55	55	55	55	55	55	0	-10	40	0	0	0	0	0	0	0	0	54	-10	0	0	4.0	0	10	0	0	0	0	0	0	0	0	0	0	0	0	0	0	0	0	0	0	0	0	0	0.0
7001	maymun_asker	S_PAWN	MONSTER	MELEE	52	100		AGGR	0	ANIMAL		0	monkey	0	60	80	40	20	0	0	0	0	95	116	3370	3	5	1000	2000	2000	0	69	90	100	100	2000	100	0	0	0	10	0	0	0	2	0	15	15	15	15	15	0	0	-30	0	0	0	1	0	0	1	0	0	0	0	0	0	0	1.0	0	0	16764879	0	0	0	0	0	0	0	0	0	0	0	0	0	0	0	0	0	0	0	0	0.0
7002	maymun_binici	S_PAWN	MONSTER	MELEE	53	100		AGGR,NOMOVE	0	ANIMAL		0	monkey	0	61	81	40	20	0	0	0	0	87	131	4330	7	5	1000	2000	2000	0	75	100	100	100	2000	150	0	0	0	10	0	0	0	2	0	15	15	15	15	15	0	0	-30	0	0	0	1	0	0	1	0	0	0	0	0	0	0	1.0	0	0	16764879	0	0	0	0	0	0	0	0	0	0	0	0	0	0	0	0	0	0	0	0	0.0
7003	gimu_maymun_asker	S_PAWN	MONSTER	MELEE	54	100		AGGR	0	ANIMAL		0	monkey	0	61	81	41	20	0	0	0	0	79	147	6172	12	10	1000	2000	2000	0	78	110	100	100	2000	150	0	0	0	15	0	0	0	2	0	15	15	15	15	15	0	0	-30	0	0	0	1	0	0	1	0	0	0	0	0	0	0	1.0	0	0	16764879	0	0	0	0	0	0	0	0	0	0	0	0	0	0	0	0	0	0	0	0	0.0
7004	maymun_komutan	KNIGHT	MONSTER	MELEE	54	100		AGGR	0	ANIMAL	STUN,SLOW	0	monkey	0	62	82	41	20	0	0	0	0	107	131	10627	7	10	1000	2000	2000	0	69	110	100	100	2000	150	0	0	0	15	0	0	0	2	0	15	15	15	15	15	0	0	-30	0	0	0	1	0	0	1	0	0	0	0	0	0	0	1.0	0	0	16764879	0	0	0	0	0	0	0	0	0	0	0	0	0	0	0	0	0	0	0	0	0.0
7005	tas_maymun	KNIGHT	MONSTER	MELEE	55	100		AGGR	0	ANIMAL	STUN,SLOW	0	monkey	0	83	41	62	21	0	0	0	0	108	132	10969	7	10	1000	2000	2000	0	75	90	100	100	2000	150	0	0	0	20	0	0	0	2	0	15	15	15	15	15	0	0	-30	0	0	0	1	0	0	1	0	0	0	0	0	0	0	1.0	0	0	16764879	0	0	0	0	0	0	0	0	0	0	0	0	0	0	0	0	0	0	0	0	0.0
7006	altin_maymun	KNIGHT	MONSTER	MELEE	56	100		AGGR	0	ANIMAL	STUN,SLOW	0	monkey	0	84	63	42	21	0	0	0	0	109	133	11315	7	10	1000	2000	2000	0	78	80	100	100	2000	150	0	0	0	20	0	0	0	2	0	15	15	15	15	15	0	0	-30	0	0	0	1	0	0	1	0	0	0	0	0	0	0	1.0	0	0	16764879	0	0	0	0	0	0	0	0	0	0	0	0	0	0	0	0	0	0	0	0	0.0
7007	maymun_general	S_KNIGHT	MONSTER	MELEE	56	100		AGGR	0	ANIMAL	STUN,SLOW	0	monkey	0	99	97	42	21	0	0	0	0	119	146	22630	15	15	1000	2000	2000	0	69	70	100	100	2000	150	0	0	0	20	0	0	0	2	0	40	40	40	40	40	0	0	-30	0	0	0	1	0	0	1	0	0	0	0	0	0	0	1.0	0	0	16764879	0	0	0	0	0	0	0	0	0	0	0	0	0	0	0	0	0	0	0	0	0.0
7008	tu_gui_isci	S_PAWN	MONSTER	MELEE	52	100		AGGR	0	ORC		0	nersluck_1	0	85	43	65	22	0	0	0	0	112	208	37814	10	7	1000	2000	2000	0	75	110	110	100	2000	150	0	0	0	0	0	0	5	5	0	15	15	15	15	15	0	0	0	0	0	0	0	0	0	0	0	0	1	0	0	0	-60	1.0	0	0	16764879	0	0	0	0	0	0	0	0	0	0	0	0	0	0	0	0	0	0	0	0	0.0
7009	tu_gui_asker_mufettis	S_KNIGHT	MONSTER	MELEE	53	100		AGGR	0	ORC		0	nersluck_2	0	85	43	65	22	0	0	0	0	140	172	60733	6	10	1000	2000	2000	0	69	110	100	100	2000	150	0	0	0	0	0	0	10	5	0	15	15	15	15	15	0	0	0	0	0	0	0	0	0	0	0	0	1	0	0	0	-40	2.0	0	0	16764879	0	0	0	0	0	0	0	0	0	0	0	0	0	0	0	0	0	0	0	0	0.0
7010	tu_gui_beyaz_komutan	S_PAWN	MONSTER	MELEE	54	100		AGGR	0	ORC		0	nersluck_3	0	85	43	65	22	0	0	0	0	112	208	66632	10	7	1000	2000	2000	0	75	80	100	100	2000	150	0	0	0	0	0	0	0	5	0	15	15	15	15	15	0	0	0	0	0	0	0	0	0	0	0	0	1	0	0	0	-60	1.0	0	0	16764879	0	0	0	0	0	0	0	0	0	0	0	0	0	0	0	0	0	0	0	0	0.0
7012	bi_ma_gui_an	S_PAWN	MONSTER	MELEE	52	100		AGGR	0	DESERT		0	evil_eye	0	60	80	40	20	0	0	0	0	95	116	2457	3	5	1000	2000	2000	0	78	110	100	100	2000	150	0	0	0	0	0	3	0	5	50	15	15	15	15	15	50	0	0	0	0	0	0	0	0	0	0	0	0	0	0	0	0	1.0	0	0	16764879	0	0	0	0	0	0	0	0	0	0	0	0	0	0	0	0	0	0	0	0	0.0
7013	akrep_kral	S_PAWN	MONSTER	MELEE	53	100		AGGR	0	DESERT		0	giant_scorpion	0	61	81	40	20	0	0	0	0	87	131	2651	3	5	1000	2000	2000	0	69	110	80	100	2000	150	0	0	0	0	0	0	0	5	50	15	15	15	15	15	50	0	0	0	0	0	0	0	0	0	0	0	0	0	0	0	0	1.0	0	0	16764879	0	0	0	0	0	0	0	0	0	0	0	0	0	0	0	0	0	0	0	0	0.0
7014	zeki_akrep_adam	KNIGHT	MONSTER	MELEE	54	100		AGGR	0	DESERT	POISON	0	scorpionman_sword	0	61	81	41	20	0	0	0	0	79	147	4226	12	10	1000	2000	2000	0	75	120	120	100	2000	150	0	0	0	0	5	0	0	5	50	15	15	15	15	15	50	0	0	0	0	0	0	0	0	0	0	0	0	0	0	0	0	1.0	0	0	16764879	0	0	0	0	0	0	0	0	0	0	0	0	0	0	0	0	0	0	0	0	0.0
7015	akrep_okcu	S_PAWN	MONSTER	RANGE	54	100		AGGR	0	DESERT	POISON	0	scorpionman_bow	0	62	82	41	20	0	0	0	0	107	131	2455	7	5	1000	2000	2000	0	78	70	70	100	2000	850	0	0	0	0	5	0	5	5	5	15	15	15	15	15	5	0	0	0	0	0	0	0	0	0	0	0	0	0	0	0	0	1.0	0	0	16764879	0	0	0	0	0	0	0	0	0	0	0	0	0	0	0	0	0	0	0	0	0.0
7016	yilan_kilicci	KNIGHT	MONSTER	MELEE	55	100		AGGR	0	DESERT	POISON	0	snakeman_sword	0	83	41	62	21	0	0	0	0	108	132	4834	12	10	1000	2000	2000	0	69	120	110	100	2000	150	0	0	0	0	5	0	0	5	10	15	15	15	15	15	10	0	0	0	0	0	0	0	0	0	0	0	0	0	0	0	0	1.0	0	0	16764879	0	0	0	0	0	0	0	0	0	0	0	0	0	0	0	0	0	0	0	0	0.0
7017	yilan_okcu	KNIGHT	MONSTER	RANGE	56	100		AGGR	0	DESERT	POISON	0	snakeman_bow	0	84	63	42	21	0	0	0	0	109	133	3726	7	5	1000	2000	2000	0	75	70	110	100	2000	850	0	0	0	0	5	0	0	5	5	15	15	15	15	15	5	0	0	0	0	0	0	0	0	0	0	0	0	0	0	0	0	1.0	0	0	16764879	0	0	0	0	0	0	0	0	0	0	0	0	0	0	0	0	0	0	0	0	0.0
7018	col_haydutu	S_KNIGHT	MONSTER	MELEE	56	100		AGGR	0	DESERT		0	outlaw	0	99	97	42	21	0	0	0	0	119	146	9122	7	10	1000	2000	2000	0	78	110	120	100	2000	150	0	0	0	0	0	0	5	5	0	15	15	15	15	15	0	0	0	0	0	0	0	0	0	0	0	0	0	0	0	0	0	2.0	0	0	16764879	0	0	0	0	0	0	0	0	0	0	0	0	0	0	0	0	0	0	0	0	0.0
7019	tu_ji_asker	S_PAWN	MONSTER	MELEE	59	100		AGGR	0			0	fire_tiger	0	85	43	65	22	0	0	0	0	130	159	6660	6	10	1000	2000	2000	0	69	110	130	100	2000	150	0	0	0	0	0	0	15	20	50	15	15	15	15	15	50	0	-60	0	0	0	0	0	0	1	0	0	0	0	0	0	0	1.0	0	0	16764879	0	0	0	0	0	0	0	0	0	0	0	0	0	0	0	0	0	0	0	0	0.0
7020	hwa_ryung	S_PAWN	MONSTER	MAGIC	59	100		AGGR,NOMOVE	0			0	fire_ghost	0	85	43	65	22	0	0	0	0	132	161	6660	10	7	1000	2000	2000	0	75	110	130	100	2000	850	0	0	0	0	0	0	15	20	5	15	15	15	15	15	5	0	-60	0	0	0	0	0	0	1	0	0	0	0	0	0	0	1.0	0	0	16764879	0	0	0	0	0	0	0	0	0	0	0	0	0	0	0	0	0	0	0	0	0.0
7021	tu_ji_serseri	KNIGHT	MONSTER	MELEE	60	100		AGGR	0			0	fire_tiger_boss	0	85	43	65	22	0	0	0	0	119	178	9110	10	10	1000	2000	2000	0	78	110	130	100	2000	150	0	0	0	0	0	0	15	20	10	15	15	15	15	15	10	0	-50	0	0	0	0	0	0	1	0	0	0	0	0	0	0	1.0	0	0	16764879	0	0	0	0	0	0	0	0	0	0	0	0	0	0	0	0	0	0	0	0	0.0
7022	cham_ma	KNIGHT	MONSTER	POWER	61	100		AGGR	0		CURSE	0	fire_man	0	85	43	65	22	0	0	0	0	105	195	9338	6	10	1000	2000	2000	0	69	110	130	100	2000	150	0	0	0	0	0	0	15	20	5	15	15	15	15	15	5	0	-50	0	0	0	0	0	0	1	0	0	0	0	0	0	0	1.0	0	0	16764879	0	0	0	0	0	0	0	0	0	0	0	0	0	0	0	0	0	0	0	0	0.0
7023	teawha_mu	S_KNIGHT	MONSTER	POWER	62	100		AGGR	0		SLOW,CURSE	0	fire_knight	0	85	43	65	22	0	0	0	0	106	198	14951	10	7	1000	2000	2000	0	75	110	130	100	2000	150	0	0	0	0	0	0	15	20	0	15	15	15	15	15	0	0	-40	0	0	0	0	0	0	1	0	0	0	0	0	0	0	2.0	0	0	16764879	0	0	0	0	0	0	0	0	0	0	0	0	0	0	0	0	0	0	0	0	0.0
7024	juk_gui	S_PAWN	MONSTER	MAGIC	64	100		AGGR,NOMOVE	0			0	ent_trent	0	75	57	50	10	0	0	0	0	128	193	2158	10	10	1000	2000	2000	0	78	110	130	100	2000	900	0	0	0	3	0	0	15	20	50	15	15	15	15	15	50	0	0	0	50	0	0	0	0	0	0	0	1	0	0	0	-60	1.0	0	15	16764879	0	0	0	0	0	0	0	0	0	0	0	0	0	0	0	0	0	0	0	0	0.0
7025	dung_juk	KNIGHT	MONSTER	MELEE	66	100		AGGR	0			0	ent_guru	0	92	42	65	10	0	0	0	0	148	181	4219	6	10	1000	2000	2000	0	69	130	130	100	2000	150	0	0	0	0	0	0	15	20	5	15	15	15	15	15	5	0	0	0	25	0	0	0	0	0	0	0	1	0	0	0	-50	1.0	0	15	16764879	0	0	0	0	0	0	0	0	0	0	0	0	0	0	0	0	0	0	0	0	0.0
7026	juk_mok	KNIGHT	MONSTER	MAGIC	67	100		AGGR	0			0	ent_hu	0	86	55	65	10	0	0	0	0	133	200	3419	6	10	1000	2000	2000	0	69	110	170	100	2000	650	0	0	0	0	10	0	5	15	10	15	15	15	15	15	10	0	0	0	30	0	0	0	0	0	0	0	1	0	0	0	-50	1.0	0	20	16764879	0	0	0	0	0	0	0	0	0	0	0	0	0	0	0	0	0	0	0	0	0.0
7027	hwaryu_juk	S_KNIGHT	MONSTER	MELEE	70	100		AGGR	0		SLOW,CURSE	0	ent_red	0	89	49	77	10	0	0	0	0	120	224	6935	10	7	1000	2000	2000	0	75	125	150	100	2000	150	0	0	0	0	0	0	15	20	5	15	15	15	15	15	5	0	0	0	35	0	0	0	0	0	0	0	1	0	0	0	-40	2.0	0	25	16764879	0	0	0	0	0	0	0	0	0	0	0	0	0	0	0	0	0	0	0	0	0.0
7028	siyah_juk_guimok	S_KNIGHT	MONSTER	MELEE	72	100		AGGR	0		SLOW,CURSE	0	ent_black	0	94	75	75	10	0	0	0	0	123	229	7106	10	10	1000	2000	2000	0	78	125	150	100	2000	150	0	0	0	0	3	0	15	20	0	15	15	15	15	15	0	0	0	0	40	0	0	0	0	0	0	0	1	0	0	0	-40	2.0	0	25	16764879	0	0	0	0	0	0	0	0	0	0	0	0	0	0	0	0	0	0	0	0	0.0
7029	buz_seytani	S_PAWN	MONSTER	MAGIC	35	100			0			0	ice_snow_monster	0	35	23	42	12	0	0	0	0	59	110	1389	5	7	156	234	1184	0	41	90	100	100	2000	850	30048	0	0	10	0	0	0	2	0	15	15	15	15	15	0	0	0	0	0	0	1	0	0	0	1	0	0	0	0	-60	0	1.0	0	0	0	0	0	0	0	0	0	0	0	0	0	0	0	0	0	0	0	0	0	0	0	0.0
7030	buz_boynuzlu_katil_balinabuz_boynuzlu_katil_balina	S_PAWN	MONSTER	MELEE	31	100			0			0	ice_snow_whale	0	37	25	49	12	0	0	0	0	55	101	1571	10	9	528	792	1750	0	37	100	100	100	2000	150	30049	0	0	10	0	0	0	2	0	15	15	15	15	15	0	0	0	0	0	0	1	0	0	0	1	0	0	0	0	-60	0	1.0	0	0	0	0	0	0	0	0	0	0	0	0	0	0	0	0	0	0	0	0	0	0	0	0.0
7031	buz_bocegi	S_PAWN	MONSTER	MELEE	33	100			0			0	ice_snow_insect	0	37	49	25	12	0	0	0	0	73	89	1733	10	9	560	840	1862	0	39	110	100	100	2000	150	30088	0	0	15	0	0	0	2	0	15	15	15	15	15	0	0	0	0	0	0	1	0	0	0	1	0	0	0	0	-60	0	1.0	0	0	0	0	0	0	0	0	0	0	0	0	0	0	0	0	0	0	0	0	0	0	0	0.0
7032	seol_gu	KNIGHT	MONSTER	MELEE	35	100			0		STUN,SLOW	0	ice_snow_dog	0	38	25	50	13	0	0	0	0	59	110	1852	10	9	592	888	1974	0	41	110	100	100	2000	150	30014	0	0	15	0	0	0	2	0	15	15	15	15	15	0	0	0	0	0	0	1	0	0	0	1	0	0	0	0	-50	0	2.0	0	0	0	0	0	0	0	0	0	0	0	0	0	0	0	0	0	0	0	0	0	0	0	0.0
7033	buz_adam	KNIGHT	MONSTER	MELEE	36	100			0		STUN,SLOW	0	ice_snow_man	0	38	50	25	13	0	0	0	0	78	95	3010	5	9	608	912	4060	0	42	90	100	100	2000	150	30089	0	0	20	0	0	0	2	0	15	15	15	15	15	0	0	0	0	0	0	1	0	0	0	1	0	0	0	0	-50	0	2.0	0	0	0	0	0	0	0	0	0	0	0	0	0	0	0	0	0	0	0	0	0	0	0	0.0
7034	buz_devi	KNIGHT	MONSTER	MELEE	38	100			0		STUN,SLOW	0	ice_snow_giant_man	0	26	39	51	13	0	0	0	0	63	117	3249	5	9	640	960	4284	0	44	80	100	100	2000	150	30090	0	0	20	0	0	0	2	0	15	15	15	15	15	0	0	0	0	0	0	1	0	0	0	1	0	0	0	0	-50	0	2.0	0	0	0	0	0	0	0	0	0	0	0	0	0	0	0	0	0	0	0	0	0	0	0	0.0
7035	buz_golemi	S_KNIGHT	MONSTER	MELEE	40	100			0		STUN,SLOW	0	ice_snow_golem	0	51	26	39	13	0	0	0	0	66	122	3500	5	9	672	1008	4508	0	46	70	100	100	2000	150	30050	0	0	20	0	0	0	2	0	40	40	40	40	40	0	0	0	0	0	0	1	0	0	0	1	0	0	0	0	-40	0	2.0	0	0	0	0	0	0	0	0	0	0	0	0	0	0	0	0	0	0	0	0	0	0	0	0.0
7036	buz_seytani	S_PAWN	MONSTER	MAGIC	52	100			0			0	ice_snow_monster	0	67	50	34	17	0	0	0	0	106	130	1906	7	2	168	253	1045	0	59	90	100	100	2000	850	30048	0	0	10	0	0	0	2	0	15	15	15	15	15	0	0	0	0	0	0	1	0	0	0	1	0	0	0	0	-60	0	1.0	0	0	0	0	0	0	0	0	0	0	0	0	0	0	0	0	0	0	0	0	0	0	0	0.0
7037	buz_boynuzlu_katil_balinabuz_boynuzlu_katil_balina	S_PAWN	MONSTER	MELEE	53	100			0			0	ice_snow_whale	0	68	50	34	17	0	0	0	0	107	144	2360	7	2	273	410	1278	0	60	100	100	100	2000	150	30049	0	0	10	0	0	0	2	0	15	15	15	15	15	0	0	0	0	0	0	1	0	0	0	1	0	0	0	0	-60	0	1.0	0	0	0	0	0	0	0	0	0	0	0	0	0	0	0	0	0	0	0	0	0	0	0	0.0
7038	buz_bocegi	S_PAWN	MONSTER	MELEE	54	100			0			0	ice_snow_insect	0	69	52	35	17	0	0	0	0	109	134	2433	7	2	278	417	1302	0	62	110	100	100	2000	150	30088	0	0	15	0	0	0	2	0	15	15	15	15	15	0	0	0	0	0	0	1	0	0	0	1	0	0	0	0	-60	0	1.0	0	0	0	0	0	0	0	0	0	0	0	0	0	0	0	0	0	0	0	0	0	0	0	0.0
7039	seol_gu	KNIGHT	MONSTER	MELEE	54	100			0		STUN,SLOW	0	ice_snow_dog	0	69	52	35	17	0	0	0	0	110	146	3244	12	7	382	573	2170	0	62	110	100	100	2000	150	30014	0	0	15	0	0	0	2	0	15	15	15	15	15	0	0	0	0	0	0	1	0	0	0	1	0	0	0	0	-50	0	2.0	0	0	0	0	0	0	0	0	0	0	0	0	0	0	0	0	0	0	0	0	0	0	0	0.0
7040	buz_adam	KNIGHT	MONSTER	MELEE	55	100			0		STUN,SLOW	0	ice_snow_man	0	71	53	35	18	0	0	0	0	112	161	2508	7	2	283	424	1326	0	63	90	100	100	2000	150	30089	0	0	20	0	0	0	2	0	15	15	15	15	15	0	0	0	0	0	0	1	0	0	0	1	0	0	0	0	-50	0	2.0	0	0	0	0	0	0	0	0	0	0	0	0	0	0	0	0	0	0	0	0	0	0	0	0.0
7041	buz_devi	KNIGHT	MONSTER	MELEE	56	100			0		STUN,SLOW	0	ice_snow_giant_man	0	72	54	36	18	0	0	0	0	113	138	5382	7	7	482	723	4500	0	64	80	100	100	2000	150	30090	0	0	20	0	0	0	2	0	15	15	15	15	15	0	0	0	0	0	0	1	0	0	0	1	0	0	0	0	-50	0	2.0	0	0	0	0	0	0	0	0	0	0	0	0	0	0	0	0	0	0	0	0	0	0	0	0.0
7042	buz_golemi	S_KNIGHT	MONSTER	MELEE	57	100			0		STUN,SLOW	0	ice_snow_golem	0	73	55	37	18	0	0	0	0	115	140	5542	7	7	490	735	4580	0	65	70	100	100	2000	150	30050	0	0	20	0	0	0	2	0	40	40	40	40	40	0	0	0	0	0	0	1	0	0	0	1	0	0	0	0	-40	0	2.0	0	0	0	0	0	0	0	0	0	0	0	0	0	0	0	0	0	0	0	0	0	0	0	0.0
7043	buz_seytani	S_PAWN	MONSTER	MAGIC	81	100			0			0	ice_snow_monster	0	78	104	52	20	0	0	0	0	173	320	5523	7	5	522	783	2689	0	70	90	100	100	2000	850	30048	0	0	10	0	0	0	2	0	15	15	15	15	15	0	0	0	0	0	0	1	0	0	0	1	0	0	0	0	-60	0	1.0	0	0	0	0	0	0	0	0	0	0	0	0	0	0	0	0	0	0	0	0	0	0	0	0.0
7044	buz_boynuzlu_katil_balinabuz_boynuzlu_katil_balina	S_PAWN	MONSTER	MELEE	81	100			0			0	ice_snow_whale	0	79	105	52	20	0	0	0	0	225	275	5676	7	5	529	796	2732	0	71	100	100	100	2000	150	30049	0	0	10	0	0	0	2	0	15	15	15	15	15	0	0	0	0	0	0	1	0	0	0	1	0	0	0	0	-60	0	1.0	0	0	0	0	0	0	0	0	0	0	0	0	0	0	0	0	0	0	0	0	0	0	0	0.0
7045	buz_bocegi	S_PAWN	MONSTER	MELEE	82	100			0			0	ice_snow_insect	0	79	105	53	20	0	0	0	0	176	329	5834	7	5	587	880	2776	0	72	110	100	100	2000	150	30088	0	0	15	0	0	0	2	0	15	15	15	15	15	0	0	0	0	0	0	1	0	0	0	1	0	0	0	0	-60	0	1.0	0	0	0	0	0	0	0	0	0	0	0	0	0	0	0	0	0	0	0	0	0	0	0	0.0
7046	seol_gu	KNIGHT	MONSTER	MELEE	83	100			0		STUN,SLOW	0	ice_snow_dog	0	81	107	53	20	0	0	0	0	176	329	7778	12	10	875	1314	4626	0	72	110	100	100	2000	150	30014	0	0	15	0	0	0	2	0	15	15	15	15	15	0	0	0	0	0	0	1	0	0	0	1	0	0	0	0	-50	0	2.0	0	0	0	0	0	0	0	0	0	0	0	0	0	0	0	0	0	0	0	0	0	0	0	0.0
7047	buz_adam	KNIGHT	MONSTER	MELEE	83	100			0		STUN,SLOW	0	ice_snow_man	0	108	53	81	21	0	0	0	0	230	283	7993	12	10	889	1334	4698	0	73	90	100	100	2000	150	30089	0	0	20	0	0	0	2	0	15	15	15	15	15	0	0	0	0	0	0	1	0	0	0	1	0	0	0	0	-50	0	2.0	0	0	0	0	0	0	0	0	0	0	0	0	0	0	0	0	0	0	0	0	0	0	0	0.0
7048	buz_devi	KNIGHT	MONSTER	MELEE	84	100			0		STUN,SLOW	0	ice_snow_giant_man	0	109	82	55	21	0	0	0	0	182	338	8207	7	5	902	1352	4770	0	75	80	100	100	2000	150	30090	0	0	20	0	0	0	2	0	15	15	15	15	15	0	0	0	0	0	0	1	0	0	0	1	0	0	0	0	-50	0	2.0	0	0	0	0	0	0	0	0	0	0	0	0	0	0	0	0	0	0	0	0	0	0	0	0.0
7049	buz_golemi	S_KNIGHT	MONSTER	MELEE	85	100			0		STUN,SLOW	0	ice_snow_golem	0	129	126	55	21	0	0	0	0	182	338	12823	7	10	1148	1723	9540	0	75	70	100	100	2000	150	30050	0	0	20	0	0	0	2	0	40	40	40	40	40	0	0	0	0	0	0	1	0	0	0	1	0	0	0	0	-40	0	2.0	0	0	0	0	0	0	0	0	0	0	0	0	0	0	0	0	0	0	0	0	0	0	0	0.0
7050	colun_ucan_gozu	S_PAWN	MONSTER	MELEE	35	100		AGGR	0	DESERT		0	evil_eye	0	35	23	42	12	0	0	0	0	59	110	1389	5	7	156	234	1184	0	41	110	100	100	2000	150	0	0	0	0	0	3	0	5	50	15	15	15	15	15	50	0	0	0	0	0	0	0	0	0	0	0	0	0	0	0	0	1.0	0	0	0	0	0	0	0	0	0	0	0	0	0	0	0	0	0	0	0	0	0	0	0	0.0
7051	kral_akrep	S_PAWN	MONSTER	MELEE	31	100		AGGR	0	DESERT		0	giant_scorpion	0	37	25	49	12	0	0	0	0	55	101	1571	10	9	528	792	1750	0	37	110	80	100	2000	150	0	0	0	0	0	0	0	5	50	15	15	15	15	15	50	0	0	0	0	0	0	0	0	0	0	0	0	0	0	0	0	1.0	0	0	0	0	0	0	0	0	0	0	0	0	0	0	0	0	0	0	0	0	0	0	0	0.0
7052	genc_akrep_adam	KNIGHT	MONSTER	MELEE	33	100		AGGR	0	DESERT	POISON	0	scorpionman_sword	0	37	49	25	12	0	0	0	0	73	89	1733	10	9	560	840	1862	0	39	120	120	100	2000	150	0	0	0	0	5	0	0	5	50	15	15	15	15	15	50	0	0	0	0	0	0	0	0	0	0	0	0	0	0	0	0	2.0	0	0	0	0	0	0	0	0	0	0	0	0	0	0	0	0	0	0	0	0	0	0	0	0.0
7053	akrep_okcu	S_PAWN	MONSTER	RANGE	35	100		AGGR	0	DESERT	POISON	0	scorpionman_bow	0	38	25	50	13	0	0	0	0	59	110	1852	10	9	592	888	1974	0	41	70	70	100	2000	850	0	0	0	0	5	0	5	5	5	15	15	15	15	15	5	0	0	0	0	0	0	0	0	0	0	0	0	0	0	0	0	1.0	0	0	0	0	0	0	0	0	0	0	0	0	0	0	0	0	0	0	0	0	0	0	0	0.0
7054	yilan_kilicci	KNIGHT	MONSTER	MELEE	36	100		AGGR	0	DESERT	POISON	0	snakeman_sword	0	38	50	25	13	0	0	0	0	78	95	3010	5	9	608	912	4060	0	42	120	110	100	2000	150	0	0	0	0	5	0	0	5	10	15	15	15	15	15	10	0	0	0	0	0	0	0	0	0	0	0	0	0	0	0	0	2.0	0	0	0	0	0	0	0	0	0	0	0	0	0	0	0	0	0	0	0	0	0	0	0	0.0
7055	yilan_okcu	KNIGHT	MONSTER	RANGE	38	100		AGGR	0	DESERT	POISON	0	snakeman_bow	0	26	39	51	13	0	0	0	0	63	117	3249	5	9	640	960	4284	0	44	70	110	100	2000	850	0	0	0	0	5	0	0	5	5	15	15	15	15	15	5	0	0	0	0	0	0	0	0	0	0	0	0	0	0	0	0	2.0	0	0	0	0	0	0	0	0	0	0	0	0	0	0	0	0	0	0	0	0	0	0	0	0.0
7056	col_haydutu	S_KNIGHT	MONSTER	MELEE	40	100		AGGR	0	DESERT		0	outlaw	0	51	26	39	13	0	0	0	0	66	122	3500	5	9	672	1008	4508	0	46	110	120	100	2000	150	0	0	0	0	0	0	5	5	0	15	15	15	15	15	0	0	0	0	0	0	0	0	0	0	0	0	0	0	0	0	0	2.0	0	0	0	0	0	0	0	0	0	0	0	0	0	0	0	0	0	0	0	0	0	0	0	0.0
7057	colun_ucan_gozu	S_PAWN	MONSTER	MELEE	52	100		AGGR	0	DESERT		0	evil_eye	0	67	50	34	17	0	0	0	0	106	130	1906	7	2	168	253	1045	0	59	110	100	100	2000	150	0	0	0	0	0	3	0	5	50	15	15	15	15	15	50	0	0	0	0	0	0	0	0	0	0	0	0	0	0	0	0	1.0	0	0	0	0	0	0	0	0	0	0	0	0	0	0	0	0	0	0	0	0	0	0	0	0.0
7058	kral_akrep	S_PAWN	MONSTER	MELEE	53	100		AGGR	0	DESERT		0	giant_scorpion	0	68	50	34	17	0	0	0	0	107	144	2360	7	2	273	410	1278	0	60	110	80	100	2000	150	0	0	0	0	0	0	0	5	50	15	15	15	15	15	50	0	0	0	0	0	0	0	0	0	0	0	0	0	0	0	0	1.0	0	0	0	0	0	0	0	0	0	0	0	0	0	0	0	0	0	0	0	0	0	0	0	0.0
7059	genc_akrep_adam	KNIGHT	MONSTER	MELEE	54	100		AGGR	0	DESERT	POISON	0	scorpionman_sword	0	69	52	35	17	0	0	0	0	109	134	2433	7	2	278	417	1302	0	62	120	120	100	2000	150	0	0	0	0	5	0	0	5	50	15	15	15	15	15	50	0	0	0	0	0	0	0	0	0	0	0	0	0	0	0	0	2.0	0	0	0	0	0	0	0	0	0	0	0	0	0	0	0	0	0	0	0	0	0	0	0	0.0
7060	akrep_okcu	S_PAWN	MONSTER	RANGE	54	100		AGGR	0	DESERT	POISON	0	scorpionman_bow	0	69	52	35	17	0	0	0	0	110	146	3244	12	7	382	573	2170	0	62	70	70	100	2000	850	0	0	0	0	5	0	5	5	5	15	15	15	15	15	5	0	0	0	0	0	0	0	0	0	0	0	0	0	0	0	0	1.0	0	0	0	0	0	0	0	0	0	0	0	0	0	0	0	0	0	0	0	0	0	0	0	0.0
7061	yilan_kilicci	KNIGHT	MONSTER	MELEE	55	100		AGGR	0	DESERT	POISON	0	snakeman_sword	0	71	53	35	18	0	0	0	0	112	161	2508	7	2	283	424	1326	0	63	120	110	100	2000	150	0	0	0	0	5	0	0	5	10	15	15	15	15	15	10	0	0	0	0	0	0	0	0	0	0	0	0	0	0	0	0	2.0	0	0	0	0	0	0	0	0	0	0	0	0	0	0	0	0	0	0	0	0	0	0	0	0.0
7062	yilan_okcu	KNIGHT	MONSTER	RANGE	56	100		AGGR	0	DESERT	POISON	0	snakeman_bow	0	72	54	36	18	0	0	0	0	113	138	5382	7	7	482	723	4500	0	64	70	110	100	2000	850	0	0	0	0	5	0	0	5	5	15	15	15	15	15	5	0	0	0	0	0	0	0	0	0	0	0	0	0	0	0	0	2.0	0	0	0	0	0	0	0	0	0	0	0	0	0	0	0	0	0	0	0	0	0	0	0	0.0
7063	col_haydutu	S_KNIGHT	MONSTER	MELEE	57	100		AGGR	0	DESERT		0	outlaw	0	73	55	37	18	0	0	0	0	115	140	5542	7	7	490	735	4580	0	65	110	120	100	2000	150	0	0	0	0	0	0	5	5	0	15	15	15	15	15	0	0	0	0	0	0	0	0	0	0	0	0	0	0	0	0	0	2.0	0	0	0	0	0	0	0	0	0	0	0	0	0	0	0	0	0	0	0	0	0	0	0	0.0
7064	colun_ucan_gozu	S_PAWN	MONSTER	MELEE	81	100		AGGR	0	DESERT		0	evil_eye	0	78	104	52	20	0	0	0	0	173	320	5523	7	5	522	783	2689	0	70	110	100	100	2000	150	0	0	0	0	0	3	0	5	50	15	15	15	15	15	50	0	0	0	0	0	0	0	0	0	0	0	0	0	0	0	0	1.0	0	0	0	0	0	0	0	0	0	0	0	0	0	0	0	0	0	0	0	0	0	0	0	0.0
7065	kral_akrep	S_PAWN	MONSTER	MELEE	81	100		AGGR	0	DESERT		0	giant_scorpion	0	79	105	52	20	0	0	0	0	225	275	5676	7	5	529	796	2732	0	71	110	80	100	2000	150	0	0	0	0	0	0	0	5	50	15	15	15	15	15	50	0	0	0	0	0	0	0	0	0	0	0	0	0	0	0	0	1.0	0	0	0	0	0	0	0	0	0	0	0	0	0	0	0	0	0	0	0	0	0	0	0	0.0
7066	genc_akrep_adam	KNIGHT	MONSTER	MELEE	82	100		AGGR	0	DESERT	POISON	0	scorpionman_sword	0	79	105	53	20	0	0	0	0	176	329	5834	7	5	587	880	2776	0	72	120	120	100	2000	150	0	0	0	0	5	0	0	5	50	15	15	15	15	15	50	0	0	0	0	0	0	0	0	0	0	0	0	0	0	0	0	2.0	0	0	0	0	0	0	0	0	0	0	0	0	0	0	0	0	0	0	0	0	0	0	0	0.0
7067	akrep_okcu	S_PAWN	MONSTER	RANGE	83	100		AGGR	0	DESERT	POISON	0	scorpionman_bow	0	81	107	53	20	0	0	0	0	176	329	7778	12	10	875	1314	4626	0	72	70	70	100	2000	850	0	0	0	0	5	0	5	5	5	15	15	15	15	15	5	0	0	0	0	0	0	0	0	0	0	0	0	0	0	0	0	1.0	0	0	0	0	0	0	0	0	0	0	0	0	0	0	0	0	0	0	0	0	0	0	0	0.0
7068	yilan_kilicci	KNIGHT	MONSTER	MELEE	83	100		AGGR	0	DESERT	POISON	0	snakeman_sword	0	108	53	81	21	0	0	0	0	230	283	7993	12	10	889	1334	4698	0	73	120	110	100	2000	150	0	0	0	0	5	0	0	5	10	15	15	15	15	15	10	0	0	0	0	0	0	0	0	0	0	0	0	0	0	0	0	2.0	0	0	0	0	0	0	0	0	0	0	0	0	0	0	0	0	0	0	0	0	0	0	0	0.0
7069	yilan_okcu	KNIGHT	MONSTER	RANGE	84	100		AGGR	0	DESERT	POISON	0	snakeman_bow	0	109	82	55	21	0	0	0	0	182	338	8207	7	5	902	1352	4770	0	75	70	110	100	2000	850	0	0	0	0	5	0	0	5	5	15	15	15	15	15	5	0	0	0	0	0	0	0	0	0	0	0	0	0	0	0	0	2.0	0	0	0	0	0	0	0	0	0	0	0	0	0	0	0	0	0	0	0	0	0	0	0	0.0
7070	col_haydutu	S_KNIGHT	MONSTER	MELEE	85	100		AGGR	0	DESERT		0	outlaw	0	129	126	55	21	0	0	0	0	182	338	12823	7	10	1148	1723	9540	0	75	110	120	100	2000	150	0	0	0	0	0	0	5	5	0	15	15	15	15	15	0	0	0	0	0	0	0	0	0	0	0	0	0	0	0	0	0	2.0	0	0	0	0	0	0	0	0	0	0	0	0	0	0	0	0	0	0	0	0	0	0	0	0.0
7071	savas_kaplani_kolesi	S_PAWN	MONSTER	MELEE	33	100		AGGR	0			0	fire_tiger	0	37	49	25	12	0	0	0	0	73	89	1733	10	9	560	840	1862	0	39	110	130	100	2000	150	0	0	0	0	0	0	15	20	50	15	15	15	15	15	50	0	-60	0	0	0	0	0	0	1	0	0	0	0	0	0	0	1.0	0	0	0	0	0	0	0	0	0	0	0	0	0	0	0	0	0	0	0	0	0	0	0	0.0
7072	alev_hayaleti	S_PAWN	MONSTER	MAGIC	35	100		AGGR,NOMOVE	0			0	fire_ghost	0	38	25	50	13	0	0	0	0	59	110	1852	10	9	592	888	1974	0	41	110	130	100	2000	850	0	0	0	0	0	0	15	20	5	15	15	15	15	15	5	0	-60	0	0	0	0	0	0	1	0	0	0	0	0	0	0	1.0	0	0	0	0	0	0	0	0	0	0	0	0	0	0	0	0	0	0	0	0	0	0	0	0.0
7073	savas_kaplani	KNIGHT	MONSTER	MELEE	36	100		AGGR	0			0	fire_tiger_boss	0	38	50	25	13	0	0	0	0	78	95	3010	5	9	608	912	4060	0	42	110	130	100	2000	150	0	0	0	0	0	0	15	20	10	15	15	15	15	15	10	0	-50	0	0	0	0	0	0	1	0	0	0	0	0	0	0	2.0	0	0	0	0	0	0	0	0	0	0	0	0	0	0	0	0	0	0	0	0	0	0	0	0.0
7074	alev	KNIGHT	MONSTER	POWER	38	100		AGGR	0		CURSE	0	fire_man	0	26	39	51	13	0	0	0	0	63	117	3249	5	9	640	960	4284	0	44	110	130	100	2000	150	0	0	0	0	0	0	15	20	5	15	15	15	15	15	5	0	-50	0	0	0	0	0	0	1	0	0	0	0	0	0	0	2.0	0	0	0	0	0	0	0	0	0	0	0	0	0	0	0	0	0	0	0	0	0	0	0	0.0
7075	alev_savasci	S_KNIGHT	MONSTER	POWER	40	100		AGGR	0		SLOW,CURSE	0	fire_knight	0	51	26	39	13	0	0	0	0	66	122	3500	5	9	672	1008	4508	0	46	110	130	100	2000	150	0	0	0	0	0	0	15	20	0	15	15	15	15	15	0	0	-40	0	0	0	0	0	0	1	0	0	0	0	0	0	0	2.0	0	0	0	0	0	0	0	0	0	0	0	0	0	0	0	0	0	0	0	0	0	0	0	0.0
7076	savas_kaplani_kolesi	S_PAWN	MONSTER	MELEE	54	100		AGGR	0			0	fire_tiger	0	69	52	35	17	0	0	0	0	109	134	2433	7	2	278	417	1302	0	62	110	130	100	2000	150	0	0	0	0	0	0	15	20	50	15	15	15	15	15	50	0	-60	0	0	0	0	0	0	1	0	0	0	0	0	0	0	1.0	0	0	0	0	0	0	0	0	0	0	0	0	0	0	0	0	0	0	0	0	0	0	0	0.0
7077	alev_hayaleti	S_PAWN	MONSTER	MAGIC	54	100		AGGR,NOMOVE	0			0	fire_ghost	0	69	52	35	17	0	0	0	0	110	146	3244	12	7	382	573	2170	0	62	110	130	100	2000	850	0	0	0	0	0	0	15	20	5	15	15	15	15	15	5	0	-60	0	0	0	0	0	0	1	0	0	0	0	0	0	0	1.0	0	0	0	0	0	0	0	0	0	0	0	0	0	0	0	0	0	0	0	0	0	0	0	0.0
7078	savas_kaplani	KNIGHT	MONSTER	MELEE	55	100		AGGR	0			0	fire_tiger_boss	0	71	53	35	18	0	0	0	0	112	161	2508	7	2	283	424	1326	0	63	110	130	100	2000	150	0	0	0	0	0	0	15	20	10	15	15	15	15	15	10	0	-50	0	0	0	0	0	0	1	0	0	0	0	0	0	0	2.0	0	0	0	0	0	0	0	0	0	0	0	0	0	0	0	0	0	0	0	0	0	0	0	0.0
7079	alev	KNIGHT	MONSTER	POWER	56	100		AGGR	0		CURSE	0	fire_man	0	72	54	36	18	0	0	0	0	113	138	5382	7	7	482	723	4500	0	64	110	130	100	2000	150	0	0	0	0	0	0	15	20	5	15	15	15	15	15	5	0	-50	0	0	0	0	0	0	1	0	0	0	0	0	0	0	2.0	0	0	0	0	0	0	0	0	0	0	0	0	0	0	0	0	0	0	0	0	0	0	0	0.0
7080	alev_savasci	S_KNIGHT	MONSTER	POWER	57	100		AGGR	0		SLOW,CURSE	0	fire_knight	0	73	55	37	18	0	0	0	0	115	140	5542	7	7	490	735	4580	0	65	110	130	100	2000	150	0	0	0	0	0	0	15	20	0	15	15	15	15	15	0	0	-40	0	0	0	0	0	0	1	0	0	0	0	0	0	0	2.0	0	0	0	0	0	0	0	0	0	0	0	0	0	0	0	0	0	0	0	0	0	0	0	0.0
7081	savas_kaplani_kolesi	S_PAWN	MONSTER	MELEE	82	100		AGGR	0			0	fire_tiger	0	79	105	53	20	0	0	0	0	176	329	5834	7	5	587	880	2776	0	72	110	130	100	2000	150	0	0	0	0	0	0	15	20	50	15	15	15	15	15	50	0	-60	0	0	0	0	0	0	1	0	0	0	0	0	0	0	1.0	0	0	0	0	0	0	0	0	0	0	0	0	0	0	0	0	0	0	0	0	0	0	0	0.0
7082	alev_hayaleti	S_PAWN	MONSTER	MAGIC	83	100		AGGR,NOMOVE	0			0	fire_ghost	0	81	107	53	20	0	0	0	0	176	329	7778	12	10	875	1314	4626	0	72	110	130	100	2000	850	0	0	0	0	0	0	15	20	5	15	15	15	15	15	5	0	-60	0	0	0	0	0	0	1	0	0	0	0	0	0	0	1.0	0	0	0	0	0	0	0	0	0	0	0	0	0	0	0	0	0	0	0	0	0	0	0	0.0
7083	savas_kaplani	KNIGHT	MONSTER	MELEE	83	100		AGGR	0			0	fire_tiger_boss	0	108	53	81	21	0	0	0	0	230	283	7993	12	10	889	1334	4698	0	73	110	130	100	2000	150	0	0	0	0	0	0	15	20	10	15	15	15	15	15	10	0	-50	0	0	0	0	0	0	1	0	0	0	0	0	0	0	2.0	0	0	0	0	0	0	0	0	0	0	0	0	0	0	0	0	0	0	0	0	0	0	0	0.0
7084	alev	KNIGHT	MONSTER	POWER	84	100		AGGR	0		CURSE	0	fire_man	0	109	82	55	21	0	0	0	0	182	338	8207	7	5	902	1352	4770	0	75	110	130	100	2000	150	0	0	0	0	0	0	15	20	5	15	15	15	15	15	5	0	-50	0	0	0	0	0	0	1	0	0	0	0	0	0	0	2.0	0	0	0	0	0	0	0	0	0	0	0	0	0	0	0	0	0	0	0	0	0	0	0	0.0
7085	alev_savasci	S_KNIGHT	MONSTER	POWER	85	100		AGGR	0		SLOW,CURSE	0	fire_knight	0	129	126	55	21	0	0	0	0	182	338	12823	7	10	1148	1723	9540	0	75	110	130	100	2000	150	0	0	0	0	0	0	15	20	0	15	15	15	15	15	0	0	-40	0	0	0	0	0	0	1	0	0	0	0	0	0	0	2.0	0	0	0	0	0	0	0	0	0	0	0	0	0	0	0	0	0	0	0	0	0	0	0	0.0
7086	hayalet_agac_koku	PAWN	MONSTER	MELEE	35	100			0			0	ent_guru	0	38	25	50	13	0	0	0	0	59	110	1852	10	9	592	888	1974	0	41	130	100	100	2000	150	0	0	0	0	0	0	5	5	5	-5	-15	0	5	5	5	0	0	0	15	0	0	0	0	0	0	0	1	0	0	0	-70	1.0	0	5	0	0	0	0	0	0	0	0	0	0	0	0	0	0	0	0	0	0	0	0	0	0.0
7087	orman_perisi	S_PAWN	MONSTER	MAGIC	36	100			0			0	ent_hu	0	38	50	25	13	0	0	0	0	78	95	3010	5	9	608	912	4060	0	42	110	100	100	2000	650	0	0	0	0	10	0	0	0	10	10	10	5	-10	-10	10	0	0	0	10	0	0	0	0	0	0	0	1	0	0	0	-60	1.0	0	10	0	0	0	0	0	0	0	0	0	0	0	0	0	0	0	0	0	0	0	0	0	0.0
7088	hayalet_sogut	S_PAWN	MONSTER	MELEE	38	100			0			0	ent_red	0	26	39	51	13	0	0	0	0	63	117	3249	5	9	640	960	4284	0	44	125	100	100	2000	150	0	0	0	0	0	0	5	5	5	-5	-15	-5	5	5	5	0	0	0	15	0	0	0	0	0	0	0	1	0	0	0	-60	1.0	0	15	0	0	0	0	0	0	0	0	0	0	0	0	0	0	0	0	0	0	0	0	0	0.0
7089	kotu_agac	KNIGHT	MONSTER	MELEE	40	100		AGGR	0		SLOW,CURSE	0	ent_black	0	51	26	39	13	0	0	0	0	66	122	3500	5	9	672	1008	4508	0	46	125	100	100	2000	150	0	0	0	0	3	0	5	10	0	10	0	10	15	15	0	0	0	0	20	0	0	0	0	0	0	0	1	0	0	0	-50	1.0	0	15	0	0	0	0	0	0	0	0	0	0	0	0	0	0	0	0	0	0	0	0	0	0.0
7090	hayalet_agac_koku	PAWN	MONSTER	MELEE	54	100			0			0	ent_guru	0	69	52	35	17	0	0	0	0	110	146	3244	12	7	382	573	2170	0	62	130	100	100	2000	150	0	0	0	0	0	0	5	5	5	-5	-15	0	5	5	5	0	0	0	15	0	0	0	0	0	0	0	1	0	0	0	-70	1.0	0	5	0	0	0	0	0	0	0	0	0	0	0	0	0	0	0	0	0	0	0	0	0	0.0
7091	orman_perisi	S_PAWN	MONSTER	MAGIC	55	100			0			0	ent_hu	0	71	53	35	18	0	0	0	0	112	161	2508	7	2	283	424	1326	0	63	110	100	100	2000	650	0	0	0	0	10	0	0	0	10	10	10	5	-10	-10	10	0	0	0	10	0	0	0	0	0	0	0	1	0	0	0	-60	1.0	0	10	0	0	0	0	0	0	0	0	0	0	0	0	0	0	0	0	0	0	0	0	0	0.0
7092	hayalet_sogut	S_PAWN	MONSTER	MELEE	56	100			0			0	ent_red	0	72	54	36	18	0	0	0	0	113	138	5382	7	7	482	723	4500	0	64	125	100	100	2000	150	0	0	0	0	0	0	5	5	5	-5	-15	-5	5	5	5	0	0	0	15	0	0	0	0	0	0	0	1	0	0	0	-60	1.0	0	15	0	0	0	0	0	0	0	0	0	0	0	0	0	0	0	0	0	0	0	0	0	0.0
7093	kotu_agac	KNIGHT	MONSTER	MELEE	57	100		AGGR	0		SLOW,CURSE	0	ent_black	0	73	55	37	18	0	0	0	0	115	140	5542	7	7	490	735	4580	0	65	125	100	100	2000	150	0	0	0	0	3	0	5	10	0	10	0	10	15	15	0	0	0	0	20	0	0	0	0	0	0	0	1	0	0	0	-50	1.0	0	15	0	0	0	0	0	0	0	0	0	0	0	0	0	0	0	0	0	0	0	0	0	0.0
7094	hayalet_agac_koku	PAWN	MONSTER	MELEE	83	100			0			0	ent_guru	0	81	107	53	20	0	0	0	0	176	329	7778	12	10	875	1314	4626	0	72	130	100	100	2000	150	0	0	0	0	0	0	5	5	5	-5	-15	0	5	5	5	0	0	0	15	0	0	0	0	0	0	0	1	0	0	0	-70	1.0	0	5	0	0	0	0	0	0	0	0	0	0	0	0	0	0	0	0	0	0	0	0	0	0.0
7095	orman_perisi	S_PAWN	MONSTER	MAGIC	83	100			0			0	ent_hu	0	108	53	81	21	0	0	0	0	230	283	7993	12	10	889	1334	4698	0	73	110	100	100	2000	650	0	0	0	0	10	0	0	0	10	10	10	5	-10	-10	10	0	0	0	10	0	0	0	0	0	0	0	1	0	0	0	-60	1.0	0	10	0	0	0	0	0	0	0	0	0	0	0	0	0	0	0	0	0	0	0	0	0	0.0
7096	hayalet_sogut	S_PAWN	MONSTER	MELEE	84	100			0			0	ent_red	0	109	82	55	21	0	0	0	0	182	338	8207	7	5	902	1352	4770	0	75	125	100	100	2000	150	0	0	0	0	0	0	5	5	5	-5	-15	-5	5	5	5	0	0	0	15	0	0	0	0	0	0	0	1	0	0	0	-60	1.0	0	15	0	0	0	0	0	0	0	0	0	0	0	0	0	0	0	0	0	0	0	0	0	0.0
7101	top	KNIGHT	MONSTER	MELEE	100	100		NOMOVE	0		STUN,SLOW,TERROR	0	guild_target_daepo	0	0	0	90	0	0	0	0	0	0	0	200000	10	1	0	0	100000	0	100	101	101	0	2000	150	0	0	0	0	0	0	0	0	0	-30	-30	-30	-30	-30	-30	0	0	0	-15	0	0	0	0	0	0	0	0	0	0	0	0	0.0	0	0	0	0	0	0	0	0	0	0	0	0	0	0	0	0	0	0	0	0	0	0	0	0.0
7102	top	KNIGHT	MONSTER	MELEE	100	100		NOMOVE	0		STUN,SLOW,TERROR	0	guild_target_daepo	0	0	0	90	0	0	0	0	0	0	0	200000	10	3	0	0	100000	0	100	101	101	0	2000	150	0	0	0	0	0	0	0	0	0	-30	-30	-30	-30	-30	-30	0	0	0	-15	0	0	0	0	0	0	0	0	0	0	0	0	0.0	0	0	0	0	0	0	0	0	0	0	0	0	0	0	0	0	0	0	0	0	0	0	0	0.0
7103	ok_yagmuru_mancinigi	KNIGHT	MONSTER	MELEE	100	100		NOMOVE	0		STUN,SLOW,TERROR	0	guild_target_hwacha	0	0	0	90	0	0	0	0	0	0	0	200000	20	1	0	0	100000	0	150	101	101	0	2000	150	0	0	0	0	0	0	0	0	0	-30	-30	-30	-30	-30	-30	0	0	0	-15	0	0	0	0	0	0	0	0	0	0	0	0	0.0	0	0	0	0	0	0	0	0	0	0	0	0	0	0	0	0	0	0	0	0	0	0	0	0.0
7104	ok_yagmuru_mancinigi	KNIGHT	MONSTER	MELEE	100	100		NOMOVE	0		STUN,SLOW,TERROR	0	guild_target_hwacha	0	0	0	90	0	0	0	0	0	0	0	200000	20	3	0	0	100000	0	150	101	101	0	2000	150	0	0	0	0	0	0	0	0	0	-30	-30	-30	-30	-30	-30	0	0	0	-15	0	0	0	0	0	0	0	0	0	0	0	0	0.0	0	0	0	0	0	0	0	0	0	0	0	0	0	0	0	0	0	0	0	0	0	0	0	0.0
7105	kule	KNIGHT	MONSTER	MELEE	100	100		NOMOVE	0		STUN,SLOW,TERROR	0	guild_target_bonghwa	0	0	0	90	0	0	0	0	0	0	0	300000	20	1	0	0	100000	0	150	101	101	0	2000	150	0	0	0	0	0	0	0	0	0	-30	-30	-30	-30	-30	-30	0	0	0	-15	0	0	0	0	0	0	0	0	0	0	0	0	0.0	0	0	0	0	0	0	0	0	0	0	0	0	0	0	0	0	0	0	0	0	0	0	0	0.0
7106	ocak	KNIGHT	MONSTER	MELEE	100	100		NOMOVE	0		STUN,SLOW,TERROR	0	signal_fire	0	0	0	90	0	0	0	0	0	0	0	300000	20	1	0	0	100000	0	150	101	101	0	2000	150	0	0	0	0	0	0	0	0	0	-30	-30	-30	-30	-30	-30	0	0	0	-15	0	0	0	0	0	0	0	0	0	0	0	0	0.0	0	0	0	0	0	0	0	0	0	0	0	0	0	0	0	0	0	0	0	0	0	0	0	0.0
7107	ocak	KING	STONE	SPECIAL	85	100		NOMOVE	0		STUN,SLOW,TERROR	0	signal_fire	0	0	0	78	0	0	0	0	0	0	0	330000	5	1	0	0	36	0	73	7122	7122	0	2000	150	0	0	0	0	0	0	0	0	0	0	0	0	0	0	0	0	0	0	0	0	100	100	0	0	0	0	0	0	0	0	0	0.0	0	0	0	0	0	0	0	0	0	0	0	0	0	0	0	0	0	0	0	0	0	0	0	0.0
7108	ocak	KING	STONE	SPECIAL	85	100		NOMOVE	0		STUN,SLOW,TERROR	0	signal_fire	0	0	0	78	0	0	0	0	0	0	0	330000	5	1	0	0	36	0	73	7122	7122	0	2000	150	0	0	0	0	0	0	0	0	0	0	0	0	0	0	0	0	0	0	0	0	100	100	0	0	0	0	0	0	0	0	0	0.0	0	0	0	0	0	0	0	0	0	0	0	0	0	0	0	0	0	0	0	0	0	0	0	0.0
7109	ocak	KING	STONE	SPECIAL	85	100		NOMOVE	0		STUN,SLOW,TERROR	0	signal_fire	0	0	0	78	0	0	0	0	0	0	0	330000	5	1	0	0	36	0	73	7117	7117	0	2000	150	0	0	0	0	0	0	0	0	0	0	0	0	0	0	0	0	0	0	0	0	100	100	0	0	0	0	0	0	0	0	0	0.0	0	0	0	0	0	0	0	0	0	0	0	0	0	0	0	0	0	0	0	0	0	0	0	0.0
7110	ocak	KING	STONE	SPECIAL	85	100		NOMOVE	0		STUN,SLOW,TERROR	0	signal_fire	0	0	0	78	0	0	0	0	0	0	0	330000	5	1	0	0	36	0	73	7117	7117	0	2000	150	0	0	0	0	0	0	0	0	0	0	0	0	0	0	0	0	0	0	0	0	100	100	0	0	0	0	0	0	0	0	0	0.0	0	0	0	0	0	0	0	0	0	0	0	0	0	0	0	0	0	0	0	0	0	0	0	0.0
7111	ocak	KING	STONE	SPECIAL	85	100		NOMOVE	0		STUN,SLOW,TERROR	0	signal_fire	0	0	0	78	0	0	0	0	0	0	0	330000	5	1	0	0	36	0	73	7117	7117	0	2000	150	0	0	0	0	0	0	0	0	0	0	0	0	0	0	0	0	0	0	0	0	100	100	0	0	0	0	0	0	0	0	0	0.0	0	0	0	0	0	0	0	0	0	0	0	0	0	0	0	0	0	0	0	0	0	0	0	0.0
7112	ocak	KING	STONE	SPECIAL	85	100		NOMOVE	0		STUN,SLOW,TERROR	0	signal_fire	0	0	0	78	0	0	0	0	0	0	0	330000	5	1	0	0	36	0	73	7117	7117	0	2000	150	0	0	0	0	0	0	0	0	0	0	0	0	0	0	0	0	0	0	0	0	100	100	0	0	0	0	0	0	0	0	0	0.0	0	0	0	0	0	0	0	0	0	0	0	0	0	0	0	0	0	0	0	0	0	0	0	0.0
7113	cheeta	S_PAWN	MONSTER	MELEE	72	100		AGGR	0			0	monkey	0	60	80	40	20	0	0	0	0	95	116	15616	3	5	0	0	2000	0	79	90	100	100	2000	150	0	0	0	10	0	0	0	2	0	15	15	15	15	15	0	0	-30	0	0	0	1	0	0	1	0	0	0	0	0	0	0	1.0	0	0	16764879	0	0	0	0	0	0	0	0	0	0	0	0	0	0	0	0	0	0	0	0	0.0
7114	kraton	S_PAWN	MONSTER	MAGIC	73	100		AGGR	0			0	monkey	0	61	81	40	20	0	0	0	0	87	131	17217	7	5	0	0	2000	0	85	100	100	100	2000	850	0	0	0	10	0	0	0	2	0	15	15	15	15	15	0	0	-30	0	0	0	1	0	0	1	0	0	0	0	0	0	0	1.0	0	0	16764879	0	0	0	0	0	0	0	0	0	0	0	0	0	0	0	0	0	0	0	0	0.0
7115	charly	S_PAWN	MONSTER	MELEE	74	100		AGGR	0			0	monkey	0	61	81	41	20	0	0	0	0	79	147	20287	12	10	0	0	2000	0	88	110	100	100	2000	150	0	0	0	15	0	0	0	2	0	15	15	15	15	15	0	0	-30	0	0	0	1	0	0	1	0	0	0	0	0	0	0	1.0	0	0	16764879	0	0	0	0	0	0	0	0	0	0	0	0	0	0	0	0	0	0	0	0	0.0
7116	nini	KNIGHT	MONSTER	MELEE	74	100		AGGR	0		STUN,SLOW	0	monkey	0	62	82	41	20	0	0	0	0	107	131	27712	7	10	0	0	2000	0	79	110	100	100	2000	150	0	0	0	15	0	0	0	2	0	15	15	15	15	15	0	0	-30	0	0	0	1	0	0	1	0	0	0	0	0	0	0	2.0	0	0	16764879	0	0	0	0	0	0	0	0	0	0	0	0	0	0	0	0	0	0	0	0	0.0
7117	zulu	KNIGHT	MONSTER	MELEE	75	100		AGGR	0		STUN,SLOW	0	monkey	0	83	41	62	21	0	0	0	0	108	132	28282	7	10	0	0	2000	0	85	90	100	100	2000	150	0	0	0	20	0	0	0	2	0	15	15	15	15	15	0	0	-30	0	0	0	1	0	0	1	0	0	0	0	0	0	0	2.0	0	0	16764879	0	0	0	0	0	0	0	0	0	0	0	0	0	0	0	0	0	0	0	0	0.0
7118	maymun_savascisi_deka	KNIGHT	MONSTER	MELEE	76	100		AGGR	0		STUN,SLOW	0	monkey	0	84	63	42	21	0	0	0	0	109	133	28858	7	10	0	0	2000	0	88	80	100	100	2000	150	0	0	0	20	0	0	0	2	0	15	15	15	15	15	0	0	-30	0	0	0	1	0	0	1	0	0	0	0	0	0	0	2.0	0	0	16764879	0	0	0	0	0	0	0	0	0	0	0	0	0	0	0	0	0	0	0	0	0.0
7119	maymun_savascisi_oba	S_KNIGHT	MONSTER	MELEE	76	100		AGGR	0		STUN,SLOW	0	monkey	0	99	97	42	21	0	0	0	0	119	146	47716	15	15	0	0	2000	0	79	70	100	100	2000	150	0	0	0	20	0	0	0	2	0	40	40	40	40	40	0	0	-30	0	0	0	1	0	0	1	0	0	0	0	0	0	0	2.0	0	0	16764879	0	0	0	0	0	0	0	0	0	0	0	0	0	0	0	0	0	0	0	0	0.0
7120	kral_keung	S_PAWN	MONSTER	MELEE	72	200		AGGR	0			0	nersluck_1	0	85	43	65	22	0	0	0	0	112	208	73024	10	7	0	0	2000	0	85	110	110	100	2000	150	0	0	0	0	0	0	5	5	0	15	15	15	15	15	0	0	0	0	0	0	0	0	0	0	0	0	0	0	0	0	0	1.0	0	0	16764879	0	0	0	0	0	0	0	0	0	0	0	0	0	0	0	0	0	0	0	0	0.0
7121	kiros	S_KNIGHT	MONSTER	MELEE	73	100		AGGR	0			0	nersluck_2	0	85	43	65	22	0	0	0	0	140	172	111222	6	10	0	0	2000	0	79	110	100	100	2000	150	0	0	0	0	0	0	10	5	0	15	15	15	15	15	0	0	0	0	0	0	0	0	0	0	0	0	0	0	0	0	0	1.0	0	0	16764879	0	0	0	0	0	0	0	0	0	0	0	0	0	0	0	0	0	0	0	0	0.0
7122	manchu	S_PAWN	MONSTER	MELEE	74	100		AGGR	0			0	nersluck_3	0	85	43	65	22	0	0	0	0	112	208	121053	10	7	0	0	2000	0	85	80	100	100	2000	150	0	0	0	0	0	0	0	5	0	15	15	15	15	15	0	0	0	0	0	0	0	0	0	0	0	0	0	0	0	0	0	1.0	0	0	16764879	0	0	0	0	0	0	0	0	0	0	0	0	0	0	0	0	0	0	0	0	0.0
7123	sgok	BOSS	MONSTER	MELEE	75	180		AGGR	0	ANIMAL	STUN,SLOW,TERROR	0	fox_ninetail	0	88	49	57	19	0	0	0	0	140	172	265680	10	10	0	0	24080	0	84	100	100	0	2000	150	0	0	0	0	0	0	15	20	50	30	25	30	30	30	50	25	0	0	50	0	20	20	0	0	1	0	0	0	0	-30	0	2.0	0	10	0	0	0	0	0	0	0	0	0	0	0	0	0	0	0	0	0	0	0	0	0	0.0
7124	indrik	BOSS	MONSTER	MELEE	85	200		AGGR	0		STUN,SLOW,TERROR	0	yellow_tigerman	0	88	49	57	19	0	0	0	0	140	172	265680	10	10	0	0	24080	0	84	100	100	0	2000	150	0	0	0	0	0	0	15	20	50	30	25	30	30	30	50	25	0	-30	50	0	20	20	1	0	0	0	0	0	0	0	0	2.0	0	0	0	0	0	0	0	0	0	0	0	0	0	0	0	0	0	0	0	0	0	0	0	0.0
7125	lanetli_kurt	S_KNIGHT	MONSTER	MELEE	130	100		AGGR	0	ANIMAL	UNK_IMMUNE_FLAG7	0	wolf	0	120	90	60	31	25	30	100	7	390	530	101325	7	5	0	0	0	72	100	100	120	100	2500	175	0	0	10	0	0	1	1	5	50	15	20	20	20	20	20	20	0	0	0	0	0	0	0	0	0	0	0	0	0	0	0	4.0	0	0	16764159	0	0	0	0	0	0	0	0	0	0	0	0	0	0	0	0	0	0	0	0	0.0
7126	lanetli_alfa_kurt	S_KNIGHT	MONSTER	MELEE	130	100		AGGR	0	ANIMAL	UNK_IMMUNE_FLAG7	0	wolf	0	120	90	60	31	25	30	100	7	390	530	101325	7	5	0	0	0	72	100	100	120	100	2500	175	0	0	10	0	0	1	1	5	50	15	20	20	20	20	20	20	0	0	0	0	0	0	0	0	0	0	0	0	0	0	0	4.0	0	0	16764159	0	0	0	0	0	0	0	0	0	0	0	0	0	0	0	0	0	0	0	0	0.0
7127	lanetli_mavi_kurt	S_KNIGHT	MONSTER	MELEE	130	100		AGGR	0	ANIMAL	UNK_IMMUNE_FLAG7	0	wolf	0	120	90	60	31	25	30	100	7	390	530	101325	7	5	0	0	0	72	100	100	120	100	2500	175	0	0	10	0	0	1	1	5	50	15	20	20	20	20	20	20	0	0	0	0	0	0	0	0	0	0	0	0	0	0	0	4.0	0	0	16764159	0	0	0	0	0	0	0	0	0	0	0	0	0	0	0	0	0	0	0	0	0.0
7128	lanetli_gri_kurt	S_KNIGHT	MONSTER	MELEE	130	100		AGGR	0	ANIMAL	UNK_IMMUNE_FLAG7	0	wolf	0	120	90	60	31	25	30	100	7	390	530	101325	7	5	0	0	0	72	100	100	120	100	2500	175	0	0	10	0	0	1	1	5	50	15	20	20	20	20	20	20	0	0	0	0	0	0	0	0	0	0	0	0	0	0	0	4.0	0	0	16764159	0	0	0	0	0	0	0	0	0	0	0	0	0	0	0	0	0	0	0	0	0.0
7129	lanetli_yaban_domuzu	S_KNIGHT	MONSTER	MELEE	130	100		AGGR	0	ANIMAL	UNK_IMMUNE_FLAG7	0	wild_boar	0	120	90	60	31	25	30	100	7	390	530	101325	7	5	0	0	0	72	100	100	120	100	2500	175	0	0	10	0	0	1	1	5	50	15	20	20	20	20	20	20	0	0	0	0	0	0	0	0	0	0	0	0	0	0	0	4.0	0	0	16764159	0	0	0	0	0	0	0	0	0	0	0	0	0	0	0	0	0	0	0	0	0.0
7130	lan.kirmizi_yaban_domuzu	S_KNIGHT	MONSTER	MELEE	130	100		AGGR,STONESKIN	0	ANIMAL	UNK_IMMUNE_FLAG7	0	wild_boar	0	120	90	60	31	25	30	100	7	390	530	101325	7	5	0	0	0	72	100	100	120	100	2500	175	0	0	10	0	0	1	1	5	50	15	20	20	20	20	20	20	0	0	0	0	0	0	0	0	0	0	0	0	0	0	0	4.0	0	0	16764159	0	0	0	0	0	0	0	0	0	0	0	0	0	0	0	0	0	0	0	0	0.0
7131	lanetli_ayi	S_KNIGHT	MONSTER	MELEE	130	100		AGGR	0	ANIMAL	UNK_IMMUNE_FLAG7	0	bear	0	120	90	60	31	25	30	100	7	390	530	101325	7	5	0	0	0	72	100	100	120	100	2500	175	0	0	10	0	0	1	1	5	50	15	20	20	20	20	20	20	0	0	0	0	0	0	0	0	0	0	0	0	0	0	0	4.0	0	0	16764159	0	0	0	0	0	0	0	0	0	0	0	0	0	0	0	0	0	0	0	0	0.0
7132	lanetli_gri_ayi	S_KNIGHT	MONSTER	TANKER	130	100		AGGR	0	ANIMAL	UNK_IMMUNE_FLAG7	0	bear	0	120	90	60	31	25	30	100	7	390	530	101325	7	5	0	0	0	72	100	100	120	100	2500	175	0	0	10	0	0	1	1	5	50	15	20	20	20	20	20	20	0	0	0	0	0	0	0	0	0	0	0	0	0	0	0	4.0	0	0	16764159	0	0	0	0	0	0	0	0	0	0	0	0	0	0	0	0	0	0	0	0	0.0
7133	lanetli_siyah_ayi	S_KNIGHT	MONSTER	TANKER	130	100		AGGR	0	ANIMAL	UNK_IMMUNE_FLAG7	0	bear	0	120	90	60	31	25	30	100	7	390	530	101325	7	5	0	0	0	72	100	100	120	100	2500	175	0	0	10	0	0	1	1	5	50	15	20	20	20	20	20	20	0	0	0	0	0	0	0	0	0	0	0	0	0	0	0	4.0	0	0	16764159	0	0	0	0	0	0	0	0	0	0	0	0	0	0	0	0	0	0	0	0	0.0
7134	lanetli_kahverengi_ayi	S_KNIGHT	MONSTER	TANKER	130	100		AGGR	0	ANIMAL	UNK_IMMUNE_FLAG7	0	bear	0	120	90	60	31	25	30	100	7	390	530	101325	7	5	0	0	0	72	100	100	120	100	2500	175	0	0	10	0	0	1	1	5	50	15	20	20	20	20	20	20	0	0	0	0	0	0	0	0	0	0	0	0	0	0	0	4.0	0	0	16764159	0	0	0	0	0	0	0	0	0	0	0	0	0	0	0	0	0	0	0	0	0.0
7135	lanetli_kaplan	S_KNIGHT	MONSTER	POWER	130	100		AGGR,STONESKIN	0	ANIMAL	UNK_IMMUNE_FLAG7	0	tiger	0	120	90	60	31	25	30	100	7	390	530	101325	7	5	0	0	0	72	100	100	120	100	2500	175	0	0	10	0	0	1	1	5	50	15	20	20	20	20	20	20	0	0	0	0	0	0	0	0	0	0	0	0	0	0	0	4.0	0	0	16764159	0	0	0	0	0	0	0	0	0	0	0	0	0	0	0	0	0	0	0	0	0.0
7136	elit_ork	S_KNIGHT	MONSTER	MELEE	130	100		AGGR	0	ORC	UNK_IMMUNE_FLAG7	0	orc_soldier	0	120	90	60	31	25	30	100	8	390	530	101325	7	5	0	0	0	72	100	120	150	100	2500	175	0	0	0	0	0	1	1	1	50	15	20	20	20	20	20	20	0	-10	0	0	0	0	40	0	0	0	0	0	0	0	0	4.0	0	0	0	0	0	0	0	0	0	0	0	0	0	0	0	0	0	0	0	0	0	0	0	0.0
7137	elit_ork_gozcusu	S_KNIGHT	MONSTER	MELEE	130	100		AGGR	0	ORC	UNK_IMMUNE_FLAG7	0	orc_scouter	0	120	90	60	31	25	30	100	8	390	530	101325	7	5	0	0	0	72	100	100	150	100	2500	175	0	0	0	0	0	1	1	1	50	15	20	20	20	20	20	20	0	-10	0	0	0	0	40	0	0	0	0	0	0	0	0	4.0	0	0	0	0	0	0	0	0	0	0	0	0	0	0	0	0	0	0	0	0	0	0	0	0.0
7138	elit_ork_savascisi	S_KNIGHT	MONSTER	MELEE	130	100		AGGR	0	ORC	UNK_IMMUNE_FLAG7	0	orc_knight	0	120	90	60	31	25	30	100	8	390	530	101325	7	5	0	0	0	72	100	100	100	100	2500	175	0	0	0	0	0	1	1	1	50	15	20	20	20	20	20	20	0	-10	0	0	0	0	40	0	0	0	0	0	0	0	0	4.0	0	0	0	0	0	0	0	0	0	0	0	0	0	0	0	0	0	0	0	0	0	0	0	0.0
7139	elit_ork_buyucusu	S_KNIGHT	MONSTER	MAGIC	130	100		AGGR	0	ORC	UNK_IMMUNE_FLAG7	0	orc_magician	0	120	90	60	31	25	30	100	8	490	540	70927	7	5	0	0	0	72	100	100	100	100	2500	175	0	0	0	10	0	1	1	1	50	15	20	20	20	20	10	20	0	-15	0	0	0	0	45	0	0	0	0	0	0	0	0	4.0	0	0	0	0	0	0	0	0	0	0	0	0	0	0	0	0	0	0	0	0	0	0	0	0.0
7140	elit_ork_generali	S_KNIGHT	MONSTER	MELEE	130	100		AGGR	0	ORC	UNK_IMMUNE_FLAG7	0	orc_general	0	120	90	60	31	25	30	100	8	390	530	101325	7	5	0	0	0	72	100	100	100	100	2500	175	0	0	0	0	0	1	1	1	50	15	20	20	20	20	20	20	0	-10	0	0	0	0	40	0	0	0	0	0	0	0	0	4.0	0	0	0	0	0	0	0	0	0	0	0	0	0	0	0	0	0	0	0	0	0	0	0	0.0
7141	siyah_ork	S_KNIGHT	MONSTER	MELEE	130	100		AGGR,STONESKIN	0	ORC	UNK_IMMUNE_FLAG7	0	orc_black	0	120	90	60	31	25	30	100	8	390	530	101325	7	5	0	0	0	72	100	100	100	100	2500	175	0	0	0	0	0	1	1	1	50	15	20	20	20	20	20	20	0	-10	0	0	0	0	40	0	0	0	0	0	0	0	0	4.0	0	0	0	0	0	0	0	0	0	0	0	0	0	0	0	0	0	0	0	0	0	0	0	0.0
7142	siyah_ork_devi	S_KNIGHT	MONSTER	MELEE	130	100		AGGR	0	ORC	UNK_IMMUNE_FLAG7	0	orc_bigblack	0	120	90	60	31	25	30	100	8	390	530	101325	7	5	0	0	0	72	100	100	100	100	2500	175	0	0	0	0	0	1	1	1	50	15	20	20	20	20	20	20	0	-10	0	0	0	0	40	0	0	0	0	0	0	0	0	4.0	0	0	0	0	0	0	0	0	0	0	0	0	0	0	0	0	0	0	0	0	0	0	0	0.0
7143	cesur_buyuk_ork	S_KNIGHT	MONSTER	MELEE	130	100		AGGR	0	ORC	UNK_IMMUNE_FLAG7	0	orc_soldier	0	120	90	60	31	25	30	100	8	390	530	101325	7	5	0	0	0	72	100	120	150	100	2500	175	0	0	0	0	0	1	1	1	50	15	20	20	20	20	20	20	0	-10	0	0	0	0	40	0	0	0	0	0	0	0	0	4.0	0	0	16764108	0	0	0	0	0	0	0	0	0	0	0	0	0	0	0	0	0	0	0	0	0.0
7144	cesur_buyuk_ork_gozcusu	S_KNIGHT	MONSTER	MELEE	130	100		AGGR	0	ORC	UNK_IMMUNE_FLAG7	0	orc_scouter	0	120	90	60	31	25	30	100	8	390	530	101325	7	5	0	0	0	72	100	100	150	100	2500	175	0	0	0	0	0	1	1	1	50	15	20	20	20	20	20	20	0	-10	0	0	0	0	40	0	0	0	0	0	0	0	0	4.0	0	0	16764108	0	0	0	0	0	0	0	0	0	0	0	0	0	0	0	0	0	0	0	0	0.0
7145	cesur_buyuk_orksavascisi	S_KNIGHT	MONSTER	MELEE	130	100		AGGR	0	ORC	UNK_IMMUNE_FLAG7	0	orc_knight	0	120	90	60	31	25	30	100	8	390	530	101325	7	5	0	0	0	72	100	100	100	100	2500	175	0	0	0	0	0	1	1	1	50	15	20	20	20	20	20	20	0	-10	0	0	0	0	40	0	0	0	0	0	0	0	0	4.0	0	0	16764108	0	0	0	0	0	0	0	0	0	0	0	0	0	0	0	0	0	0	0	0	0.0
7146	cesur_buyuk_ork_buyucusu	S_KNIGHT	MONSTER	MAGIC	130	100		AGGR	0	ORC	UNK_IMMUNE_FLAG7	0	orc_magician	0	120	90	60	31	25	30	100	8	490	540	70927	7	5	0	0	0	72	100	100	100	100	2500	175	0	0	0	10	0	1	1	1	50	15	20	20	20	20	10	20	0	-15	0	0	0	0	45	0	0	0	0	0	0	0	0	4.0	0	0	16764108	0	0	0	0	0	0	0	0	0	0	0	0	0	0	0	0	0	0	0	0	0.0
7147	cesur_buyuk_ork_generali	S_KNIGHT	MONSTER	MELEE	130	100		AGGR	0	ORC	UNK_IMMUNE_FLAG7	0	orc_general	0	120	90	60	31	25	30	100	8	390	530	101325	7	5	0	0	0	72	100	100	100	100	2500	175	0	0	0	0	0	1	1	1	50	15	20	20	20	20	20	20	0	-10	0	0	0	0	40	0	0	0	0	0	0	0	0	4.0	0	0	16764108	0	0	0	0	0	0	0	0	0	0	0	0	0	0	0	0	0	0	0	0	0.0
7148	cesur_siyah_ork	S_KNIGHT	MONSTER	MELEE	130	100		AGGR,STONESKIN	0	ORC	UNK_IMMUNE_FLAG7	0	orc_black	0	120	90	60	31	25	30	100	8	390	530	101325	7	5	0	0	0	72	100	100	100	100	2500	175	0	0	0	0	0	1	1	1	50	15	20	20	20	20	20	20	0	-10	0	0	0	0	40	0	0	0	0	0	0	0	0	4.0	0	0	16764108	0	0	0	0	0	0	0	0	0	0	0	0	0	0	0	0	0	0	0	0	0.0
7149	cesur_siyah_ork_devi	S_KNIGHT	MONSTER	MELEE	130	100		AGGR	0	ORC	UNK_IMMUNE_FLAG7	0	orc_bigblack	0	120	90	60	31	25	30	100	8	390	530	101325	7	5	0	0	0	72	100	100	100	100	2500	175	0	0	0	0	0	1	1	1	50	15	20	20	20	20	20	20	0	-10	0	0	0	0	40	0	0	0	0	0	0	0	0	4.0	0	0	16764108	0	0	0	0	0	0	0	0	0	0	0	0	0	0	0	0	0	0	0	0	0.0
7152	colun_ucan_gozu	S_KNIGHT	MONSTER	MELEE	130	100		AGGR	0	DESERT	UNK_IMMUNE_FLAG7	0	evil_eye	0	120	90	60	31	25	30	100	8	390	530	101325	7	5	0	0	0	72	100	100	100	100	2500	175	0	0	0	0	0	1	2	5	50	15	20	20	20	20	20	20	0	0	0	0	0	0	0	0	0	0	40	0	0	0	-10	4.0	0	0	0	0	0	0	0	0	0	0	0	0	0	0	0	0	0	0	0	0	0	0	0	0.0
7153	kral_akrep	S_KNIGHT	MONSTER	MELEE	130	100		AGGR	0	DESERT	UNK_IMMUNE_FLAG7	0	giant_scorpion	0	120	90	60	31	25	30	100	8	390	530	101325	7	5	0	0	0	72	100	100	80	100	2500	175	0	0	0	0	0	1	2	5	50	15	20	20	20	20	20	20	0	0	0	0	0	0	0	0	0	0	40	0	0	0	-10	4.0	0	0	0	0	0	0	0	0	0	0	0	0	0	0	0	0	0	0	0	0	0	0	0	0.0
7154	genc_akrep_adam	S_KNIGHT	MONSTER	MELEE	130	100		AGGR	0	DESERT	POISON,UNK_IMMUNE_FLAG7	0	scorpionman_sword	0	120	90	60	31	25	30	100	8	390	530	101325	7	5	0	0	0	72	100	110	120	100	2500	175	0	0	0	0	5	1	2	5	50	15	20	20	20	20	20	20	0	0	0	0	0	0	0	0	0	0	40	0	0	0	-10	4.0	0	0	0	0	0	0	0	0	0	0	0	0	0	0	0	0	0	0	0	0	0	0	0	0.0
7155	akrep_okcu	S_KNIGHT	MONSTER	RANGE	130	100		AGGR	0	DESERT	POISON,UNK_IMMUNE_FLAG7	0	scorpionman_bow	0	120	90	60	31	25	30	100	8	390	530	70927	7	5	0	0	0	72	100	60	70	100	2500	850	0	0	0	0	5	1	5	5	50	15	20	20	20	20	20	20	0	0	10	0	0	0	0	0	0	0	40	0	0	0	-15	4.0	0	0	0	0	0	0	0	0	0	0	0	0	0	0	0	0	0	0	0	0	0	0	0	0.0
7156	yilan_kilicci	S_KNIGHT	MONSTER	MELEE	130	100		AGGR,STONESKIN	0	DESERT	POISON,UNK_IMMUNE_FLAG7	0	snakeman_sword	0	120	90	60	31	25	30	100	8	390	530	101325	7	5	0	0	0	72	100	110	110	100	2500	175	0	0	0	0	5	1	0	5	50	15	20	20	20	20	20	20	0	0	0	0	0	0	0	0	0	0	40	0	0	0	-10	4.0	0	0	0	0	0	0	0	0	0	0	0	0	0	0	0	0	0	0	0	0	0	0	0	0.0
7157	yilan_okcu	S_KNIGHT	MONSTER	RANGE	130	100		AGGR	0	DESERT	POISON,UNK_IMMUNE_FLAG7	0	snakeman_bow	0	120	90	60	31	25	30	100	8	390	530	70927	7	5	0	0	0	72	100	60	110	100	2500	850	0	0	0	0	5	1	1	5	50	15	20	20	20	20	20	20	0	0	10	0	0	0	0	0	0	0	40	0	0	0	-15	4.0	0	0	0	0	0	0	0	0	0	0	0	0	0	0	0	0	0	0	0	0	0	0	0	0.0
7158	col_haydutu	S_KNIGHT	MONSTER	MELEE	130	100		AGGR	0	DESERT	UNK_IMMUNE_FLAG7	0	outlaw	0	120	90	60	31	25	30	100	8	390	530	101325	7	5	0	0	0	72	100	100	120	100	2500	175	0	0	0	0	0	1	5	5	50	15	20	20	20	20	20	20	0	0	0	0	0	0	0	0	0	0	40	0	0	0	-10	4.0	0	0	0	0	0	0	0	0	0	0	0	0	0	0	0	0	0	0	0	0	0	0	0	0.0
7159	vahsi_akrep_adam	S_KNIGHT	MONSTER	MELEE	130	100		AGGR	0	INSECT	UNK_IMMUNE_FLAG7	0	scorpionman_sword	0	120	90	60	31	25	30	100	8	390	530	101325	7	5	0	0	0	72	100	110	120	100	2500	150	0	0	0	0	5	1	5	0	50	15	20	20	20	20	20	20	0	0	0	0	10	0	0	0	0	0	40	0	0	0	-10	4.0	0	0	0	0	0	0	0	0	0	0	0	0	0	0	0	0	0	0	0	0	0	0	0	0.0
7160	huysuz_z._yavru_orumcek	S_KNIGHT	MONSTER	MELEE	130	100		AGGR	0	INSECT	UNK_IMMUNE_FLAG7	0	spider_young	0	120	90	60	31	25	30	100	8	390	530	101325	7	5	0	0	0	72	100	100	100	50	2500	175	0	0	0	0	0	1	1	1	50	15	20	20	20	20	20	20	0	0	0	0	5	0	0	0	0	0	40	0	0	0	-10	4.0	0	0	13421823	0	0	0	0	0	0	0	0	0	0	0	0	0	0	0	0	0	0	0	0	0.0
7161	huysuz_olmcl._z._orumcek	S_KNIGHT	MONSTER	MELEE	130	100		AGGR	0	INSECT	UNK_IMMUNE_FLAG7	0	spider_poison	0	120	90	60	31	25	30	100	8	390	530	101325	7	5	0	0	0	72	100	90	100	50	2500	175	0	0	0	0	3	1	1	1	50	15	20	20	20	20	20	20	0	0	0	0	5	0	0	0	0	0	40	0	0	0	-10	4.0	0	0	13421823	0	0	0	0	0	0	0	0	0	0	0	0	0	0	0	0	0	0	0	0	0.0
7162	huys.kirm.ol.zeh.orumcek	S_KNIGHT	MONSTER	MELEE	130	100		AGGR	0	INSECT	UNK_IMMUNE_FLAG7	0	spider_redpoison	0	120	90	60	31	25	30	100	8	390	530	101325	7	5	0	0	0	72	100	110	100	50	2500	175	0	0	0	0	3	1	1	1	50	15	20	20	20	20	20	20	0	0	0	0	5	0	0	0	0	0	40	0	0	0	-10	4.0	0	0	13421823	0	0	0	0	0	0	0	0	0	0	0	0	0	0	0	0	0	0	0	0	0.0
7163	huys.zeh._pence_orumcegi	S_KNIGHT	MONSTER	MELEE	130	100		AGGR	0	INSECT	UNK_IMMUNE_FLAG7	0	spider_nipper	0	120	90	60	31	25	30	100	8	390	530	101325	7	5	0	0	0	72	100	90	100	50	2500	175	0	0	0	0	0	1	1	1	50	15	20	20	20	20	20	20	0	0	0	0	5	0	0	0	0	0	40	0	0	0	-10	4.0	0	0	13421823	0	0	0	0	0	0	0	0	0	0	0	0	0	0	0	0	0	0	0	0	0.0
7164	savas_kaplani_kolesi	S_KNIGHT	MONSTER	MELEE	130	100		AGGR	0		UNK_IMMUNE_FLAG7	0	fire_tiger	0	120	90	60	31	25	30	100	8	390	530	101325	7	5	0	0	0	72	100	100	130	100	2500	175	0	0	0	0	0	1	15	20	50	15	20	20	20	20	20	20	-10	0	0	0	0	0	0	40	0	0	0	0	0	0	0	4.0	0	0	0	0	0	0	0	0	0	0	0	0	0	0	0	0	0	0	0	0	0	0	0	0.0
7165	alev_hayaleti	S_KNIGHT	MONSTER	MAGIC	130	100		AGGR	0		UNK_IMMUNE_FLAG7	0	fire_ghost	0	120	90	60	31	25	30	100	8	490	540	70927	7	5	0	0	0	72	100	100	130	100	2500	850	0	0	0	10	0	1	15	20	50	15	20	20	20	20	10	20	-15	0	20	0	0	0	0	45	0	0	0	0	0	0	0	4.0	0	0	0	0	0	0	0	0	0	0	0	0	0	0	0	0	0	0	0	0	0	0	0	0.0
7166	savas_kaplani	S_KNIGHT	MONSTER	MELEE	130	100		AGGR	0		UNK_IMMUNE_FLAG7	0	fire_tiger_boss	0	120	90	60	31	25	30	100	8	390	530	101325	7	5	0	0	0	72	100	100	130	100	2500	175	0	0	0	0	0	1	15	20	50	15	20	20	20	20	20	20	-10	0	0	0	0	0	0	40	0	0	0	0	0	0	0	4.0	0	0	0	0	0	0	0	0	0	0	0	0	0	0	0	0	0	0	0	0	0	0	0	0.0
7167	alev	S_KNIGHT	MONSTER	POWER	130	100		AGGR,STONESKIN	0		UNK_IMMUNE_FLAG7	0	fire_man	0	120	90	60	31	25	30	100	8	390	530	101325	7	5	0	0	0	72	100	100	130	100	2500	175	0	0	0	0	0	1	15	20	50	15	20	20	20	20	20	20	-10	0	0	0	0	0	0	40	0	0	0	0	0	0	0	4.0	0	0	0	0	0	0	0	0	0	0	0	0	0	0	0	0	0	0	0	0	0	0	0	0.0
7168	alev_savasci	S_KNIGHT	MONSTER	POWER	130	100		AGGR	0		SLOW,UNK_IMMUNE_FLAG7	0	fire_knight	0	120	90	60	31	25	30	100	8	390	530	101325	7	5	0	0	0	72	100	100	130	100	2500	175	0	0	0	0	0	1	15	20	50	15	20	20	20	20	20	20	-10	0	10	0	0	0	0	40	0	0	0	0	0	0	0	4.0	0	0	0	0	0	0	0	0	0	0	0	0	0	0	0	0	0	0	0	0	0	0	0	0.0
7169	guclusavaskaplani_kolesi	S_KNIGHT	MONSTER	MELEE	130	100		AGGR	0		UNK_IMMUNE_FLAG7	0	fire_tiger	0	120	90	60	31	25	30	100	8	390	530	101325	7	5	0	0	0	72	100	100	130	100	2500	175	0	0	0	0	0	1	15	20	50	15	20	20	20	20	20	20	-10	0	0	0	0	0	0	40	0	0	0	0	0	0	0	4.0	0	0	16764108	0	0	0	0	0	0	0	0	0	0	0	0	0	0	0	0	0	0	0	0	0.0
7170	guclu_alev_hayaleti	S_KNIGHT	MONSTER	MAGIC	130	100		AGGR	0		UNK_IMMUNE_FLAG7	0	fire_ghost	0	120	90	60	31	25	30	100	8	490	540	70927	7	5	0	0	0	72	100	100	130	100	2500	850	0	0	0	10	0	1	15	20	50	15	20	20	20	20	10	20	-15	0	20	0	0	0	0	45	0	0	0	0	0	0	0	4.0	0	0	16764108	0	0	0	0	0	0	0	0	0	0	0	0	0	0	0	0	0	0	0	0	0.0
7171	guclu_savas_kaplani	S_KNIGHT	MONSTER	MELEE	130	100		AGGR	0		UNK_IMMUNE_FLAG7	0	fire_tiger_boss	0	120	90	60	31	25	30	100	8	390	530	101325	7	5	0	0	0	72	100	100	130	100	2500	175	0	0	0	0	0	1	15	20	50	15	20	20	20	20	20	20	-10	0	0	0	0	0	0	40	0	0	0	0	0	0	0	4.0	0	0	16764108	0	0	0	0	0	0	0	0	0	0	0	0	0	0	0	0	0	0	0	0	0.0
7172	guclu_alev_hayaleti	S_KNIGHT	MONSTER	POWER	130	100		AGGR	0		UNK_IMMUNE_FLAG7	0	fire_man	0	120	90	60	31	25	30	100	8	390	530	101325	7	5	0	0	0	72	100	100	130	100	2500	175	0	0	0	0	0	1	15	20	50	15	20	20	20	20	20	20	-10	0	0	0	0	0	0	40	0	0	0	0	0	0	0	4.0	0	0	16764108	0	0	0	0	0	0	0	0	0	0	0	0	0	0	0	0	0	0	0	0	0.0
7173	guclu_alev_savascisi	S_KNIGHT	MONSTER	POWER	130	100		AGGR	0		SLOW,UNK_IMMUNE_FLAG7	0	fire_knight	0	120	90	60	31	25	30	100	8	390	530	101325	7	5	0	0	0	72	100	100	130	100	2500	175	0	0	0	0	0	1	15	20	50	15	20	20	20	20	20	20	-10	0	10	0	0	0	0	40	0	0	0	0	0	0	0	4.0	0	0	16764108	0	0	0	0	0	0	0	0	0	0	0	0	0	0	0	0	0	0	0	0	0.0
7174	buyulu_buz	S_KNIGHT	MONSTER	MAGIC	130	100		AGGR	0		UNK_IMMUNE_FLAG7	0	ice_snow_monster	0	120	90	60	31	25	30	100	8	490	540	70927	7	5	0	0	0	72	100	80	100	100	2500	850	0	0	0	10	0	1	1	2	50	15	20	20	20	20	10	20	0	0	0	0	1	0	0	0	45	0	0	0	0	-15	0	4.0	0	0	0	0	0	0	0	0	0	0	0	0	0	0	0	0	0	0	0	0	0	0	0	0.0
7175	buz_katil_balinasi	S_KNIGHT	MONSTER	MELEE	130	100		AGGR	0		UNK_IMMUNE_FLAG7	0	ice_snow_whale	0	120	90	60	31	25	30	100	8	390	530	101325	7	5	0	0	0	72	100	90	100	100	2500	175	0	0	0	0	0	1	1	2	50	15	20	20	20	20	20	20	0	0	0	0	1	0	0	0	40	0	0	0	0	-10	0	4.0	0	0	0	0	0	0	0	0	0	0	0	0	0	0	0	0	0	0	0	0	0	0	0	0.0
7176	buz_bocegi	S_KNIGHT	MONSTER	MELEE	130	100		AGGR	0		UNK_IMMUNE_FLAG7	0	ice_snow_insect	0	120	90	60	31	25	30	100	8	390	530	101325	7	5	0	0	0	72	100	100	100	100	2500	175	0	0	0	0	0	1	1	2	50	15	20	20	20	20	20	20	0	0	0	0	1	0	0	0	40	0	0	0	0	-10	0	4.0	0	0	0	0	0	0	0	0	0	0	0	0	0	0	0	0	0	0	0	0	0	0	0	0.0
7177	buz_arslani	S_KNIGHT	MONSTER	MELEE	130	100		AGGR	0		STUN,SLOW,UNK_IMMUNE_FLAG7	0	ice_snow_dog	0	120	90	60	31	25	30	100	8	390	530	101325	7	5	0	0	0	72	100	100	100	100	2500	175	0	0	0	0	0	1	1	2	50	15	20	20	20	20	20	20	0	0	0	0	1	0	0	0	40	0	0	0	0	-10	0	4.0	0	0	0	0	0	0	0	0	0	0	0	0	0	0	0	0	0	0	0	0	0	0	0	0.0
7178	buz_adam	S_KNIGHT	MONSTER	MELEE	130	100		AGGR	0		STUN,SLOW,UNK_IMMUNE_FLAG7	0	ice_snow_man	0	120	90	60	31	25	30	100	8	390	530	101325	7	5	0	0	0	72	100	80	100	100	2500	175	0	0	0	0	0	1	1	2	50	15	20	20	20	20	20	20	0	0	0	0	1	0	0	0	40	0	0	0	0	-10	0	4.0	0	0	0	0	0	0	0	0	0	0	0	0	0	0	0	0	0	0	0	0	0	0	0	0.0
7179	yeti	S_KNIGHT	MONSTER	MELEE	130	100		AGGR,STONESKIN	0		STUN,SLOW,UNK_IMMUNE_FLAG7	0	ice_snow_giant_man	0	120	90	60	31	25	30	100	8	390	530	101325	7	5	0	0	0	72	100	70	100	100	2500	175	0	0	0	0	0	1	1	2	50	15	20	20	20	20	20	20	0	0	0	0	1	0	0	0	40	0	0	0	0	-10	0	4.0	0	0	0	0	0	0	0	0	0	0	0	0	0	0	0	0	0	0	0	0	0	0	0	0.0
7180	buz_golemi	S_KNIGHT	MONSTER	MELEE	130	100		AGGR,STONESKIN	0		STUN,SLOW	0	ice_snow_golem	0	120	90	60	31	25	30	100	8	390	530	101325	7	5	0	0	0	72	100	60	100	100	2500	175	0	0	0	0	0	1	1	2	50	15	20	20	20	20	20	20	0	0	0	0	1	0	0	0	40	0	0	0	0	-10	0	4.0	0	0	0	0	0	0	0	0	0	0	0	0	0	0	0	0	0	0	0	0	0	0	0	0.0
7181	hastalikli_kopek	S_KNIGHT	MONSTER	MELEE	130	100		AGGR	0	UNDEAD	UNK_IMMUNE_FLAG7	0	misterious_diseased_dog	0	120	90	60	31	25	30	100	8	390	530	101325	7	5	0	0	0	72	100	100	100	100	2500	175	0	0	1	0	1	1	1	10	50	15	20	20	20	20	20	20	0	0	0	0	10	0	0	0	40	0	0	0	0	-10	0	4.0	0	0	0	0	0	0	0	0	0	0	0	0	0	0	0	0	0	0	0	0	0	0	0	0.0
7182	hastalikli_adam	S_KNIGHT	MONSTER	MELEE	130	100		AGGR	0	UNDEAD	UNK_IMMUNE_FLAG7	0	misterious_diseased_infector	0	120	90	60	31	25	30	100	8	390	530	101325	7	5	0	0	0	72	100	100	100	100	2500	175	0	0	1	0	1	1	1	5	50	15	20	20	20	20	20	20	0	0	0	0	10	0	0	0	40	0	0	0	0	-10	0	4.0	0	0	0	0	0	0	0	0	0	0	0	0	0	0	0	0	0	0	0	0	0	0	0	0.0
7183	hast._kilic_savascisi	S_KNIGHT	MONSTER	MELEE	130	100		AGGR	0	UNDEAD	UNK_IMMUNE_FLAG7	0	misterious_diseased_sword	0	120	90	60	31	25	30	100	8	390	530	101325	7	5	0	0	0	72	100	100	100	100	2500	175	0	0	1	0	1	1	1	5	50	15	20	20	20	20	20	20	0	0	0	0	10	0	0	0	40	0	0	0	0	-10	0	4.0	0	0	0	0	0	0	0	0	0	0	0	0	0	0	0	0	0	0	0	0	0	0	0	0.0
7184	hastalikli_mizrakci	S_KNIGHT	MONSTER	MELEE	130	100		AGGR	0	UNDEAD	UNK_IMMUNE_FLAG7	0	misterious_diseased_spear	0	120	90	60	31	25	30	100	8	390	530	101325	7	5	0	0	0	72	100	100	100	100	2500	175	0	0	1	0	1	1	1	10	50	15	20	20	20	20	20	20	0	0	0	0	10	0	0	0	40	0	0	0	0	-10	0	4.0	0	0	0	0	0	0	0	0	0	0	0	0	0	0	0	0	0	0	0	0	0	0	0	0.0
7185	hastalikli_okcu	S_KNIGHT	MONSTER	RANGE	130	100		AGGR	0	UNDEAD	UNK_IMMUNE_FLAG7	0	misterious_diseased_bow	0	120	90	60	31	25	30	100	8	390	530	70927	7	5	0	0	0	72	100	80	100	100	2500	850	0	0	1	0	1	1	1	10	50	15	20	20	20	20	20	20	0	0	0	0	10	0	0	0	40	0	0	0	0	-15	0	4.0	0	0	0	0	0	0	0	0	0	0	0	0	0	0	0	0	0	0	0	0	0	0	0	0.0
7186	cehennem_deniz_anasi	S_KNIGHT	MONSTER	MELEE	130	100		AGGR	0	UNDEAD	UNK_IMMUNE_FLAG7	0	zombie_diseased_kid	0	120	90	60	31	25	30	100	8	390	530	101325	7	5	0	0	0	72	100	110	100	90	2500	150	0	0	1	1	1	1	1	5	50	15	20	20	20	20	20	20	0	0	0	0	10	0	0	0	0	0	0	40	-10	0	0	4.0	0	5	0	0	0	0	0	0	0	0	0	0	0	0	0	0	0	0	0	0	0	0	0	0.0
7187	cehennem_kopegi	S_KNIGHT	MONSTER	MELEE	130	100		AGGR	0	UNDEAD	UNK_IMMUNE_FLAG7	0	zombie_diseased_dog	0	120	90	60	31	25	30	100	8	390	530	101325	7	5	0	0	0	72	100	110	100	100	2500	150	0	0	1	1	1	1	1	10	50	15	20	20	20	20	20	20	0	0	0	0	10	0	0	0	0	0	0	40	-10	0	0	4.0	0	5	0	0	0	0	0	0	0	0	0	0	0	0	0	0	0	0	0	0	0	0	0	0.0
7188	zombi	S_KNIGHT	MONSTER	MELEE	130	100		AGGR,STONESKIN	0	UNDEAD	UNK_IMMUNE_FLAG7	0	zombie_diseased_infector	0	120	90	60	31	25	30	100	8	390	530	101325	7	5	0	0	0	72	100	110	100	100	2500	150	0	0	1	1	1	1	1	5	50	15	20	20	20	20	20	20	0	0	0	0	10	0	0	0	0	0	0	40	-10	0	0	4.0	0	5	0	0	0	0	0	0	0	0	0	0	0	0	0	0	0	0	0	0	0	0	0	0.0
7189	cehennem_subayi	S_KNIGHT	MONSTER	MELEE	130	100		AGGR,BERSERK	0	UNDEAD	UNK_IMMUNE_FLAG7	0	zombie_diseased_sword	0	120	90	60	31	25	30	100	8	390	530	101325	7	5	0	0	0	72	100	110	100	100	2500	150	0	0	1	1	1	1	1	5	50	15	20	20	20	20	20	20	0	0	0	0	10	0	0	0	0	0	0	40	-10	0	0	4.0	0	5	0	0	0	0	0	0	0	0	0	0	0	0	0	0	0	0	0	0	0	0	0	0.0
7190	cehennem_bekcisi	S_KNIGHT	MONSTER	MELEE	130	100		AGGR	0	UNDEAD	UNK_IMMUNE_FLAG7	0	zombie_diseased_spear	0	120	90	60	31	25	30	100	8	390	530	101325	7	5	0	0	0	72	100	110	100	100	2500	150	0	0	1	1	1	1	1	10	50	15	20	20	20	20	20	20	0	0	0	0	10	0	0	0	0	0	0	40	-10	0	0	4.0	0	5	0	0	0	0	0	0	0	0	0	0	0	0	0	0	0	0	0	0	0	0	0	0.0
7191	ikibasli_cehennem_okcusu	S_KNIGHT	MONSTER	RANGE	130	100		AGGR	0	UNDEAD	UNK_IMMUNE_FLAG7	0	zombie_diseased_bow	0	120	90	60	31	25	30	100	8	390	530	70927	7	5	0	0	0	72	100	90	100	100	2500	850	0	0	1	1	1	1	1	10	50	15	20	20	20	20	20	20	0	0	0	0	10	0	0	0	0	0	0	40	-15	0	0	4.0	0	5	0	0	0	0	0	0	0	0	0	0	0	0	0	0	0	0	0	0	0	0	0	0.0
7192	cehennem_kepcesi	S_KNIGHT	MONSTER	RANGE	130	100		AGGR,STONESKIN	0	UNDEAD	UNK_IMMUNE_FLAG7	0	zombie_diseased_boss	0	120	90	60	31	25	30	100	8	390	530	70927	7	5	0	0	0	72	100	110	100	100	2500	150	0	0	1	1	1	1	1	10	50	15	20	20	20	20	20	20	0	0	0	0	10	0	0	0	0	0	0	40	-10	0	0	4.0	0	5	0	0	0	0	0	0	0	0	0	0	0	0	0	0	0	0	0	0	0	0	0	0.0
7193	cehennem_savascisi	S_KNIGHT	MONSTER	MELEE	130	100		AGGR	0	UNDEAD	TERROR,UNK_IMMUNE_FLAG7	0	zombie_soldier_scythe	0	120	90	60	31	25	30	100	8	390	530	101325	7	5	0	0	0	72	100	115	130	100	2500	150	0	0	5	0	0	1	1	0	50	15	20	20	20	20	20	20	0	0	0	0	10	0	0	0	0	0	0	40	-10	0	0	4.0	0	10	0	0	0	0	0	0	0	0	0	0	0	0	0	0	0	0	0	0	0	0	0	0.0
7194	cehennem_okcusu	S_KNIGHT	MONSTER	RANGE	130	100		AGGR	0	UNDEAD	TERROR,UNK_IMMUNE_FLAG7	0	zombie_soldier_bow	0	120	90	60	31	25	30	100	8	390	530	70927	7	5	0	0	0	72	100	120	130	100	2500	850	0	0	5	0	0	1	1	0	50	15	20	20	20	20	20	20	0	0	0	0	10	0	0	0	0	0	0	40	-15	0	0	4.0	0	10	0	0	0	0	0	0	0	0	0	0	0	0	0	0	0	0	0	0	0	0	0	0.0
7195	cehennem_mizrakcisi	S_KNIGHT	MONSTER	MELEE	130	100		AGGR,STONESKIN	0	UNDEAD	TERROR,UNK_IMMUNE_FLAG7	0	zombie_soldier_spear	0	120	90	60	31	25	30	100	8	390	530	101325	7	5	0	0	0	72	100	120	130	100	2500	150	0	0	10	0	0	1	1	0	50	15	20	20	20	20	20	20	0	0	0	0	10	0	0	0	0	0	0	40	-10	0	0	4.0	0	10	0	0	0	0	0	0	0	0	0	0	0	0	0	0	0	0	0	0	0	0	0	0.0
7196	cehennem_papazi	S_KNIGHT	MONSTER	MAGIC	130	100		AGGR,BERSERK	0	UNDEAD	TERROR,UNK_IMMUNE_FLAG7	0	zombie_magician	0	120	90	60	31	25	30	100	8	490	540	70927	7	5	0	0	0	72	100	130	130	100	2500	850	0	0	10	10	1	1	1	10	50	15	20	20	20	20	10	20	0	0	25	0	10	0	0	0	0	0	0	45	-15	0	0	4.0	0	10	0	0	0	0	0	0	0	0	0	0	0	0	0	0	0	0	0	0	0	0	0	0.0
7197	cehennem_binbasisi	S_KNIGHT	MONSTER	MELEE	130	100		AGGR	0	UNDEAD	TERROR,UNK_IMMUNE_FLAG7	0	zombie_bigboss	0	120	90	60	31	25	30	100	8	390	530	101325	7	5	0	0	0	72	100	130	130	100	2500	150	0	0	15	0	0	1	10	0	50	15	20	20	20	20	20	20	0	0	30	0	10	0	0	0	0	0	0	40	-10	0	0	4.0	0	10	0	0	0	0	0	0	0	0	0	0	0	0	0	0	0	0	0	0	0	0	0	0.0
7198	en_tai_savascisi	S_KNIGHT	MONSTER	MELEE	130	100		AGGR	0	DEVIL	SLOW,TERROR,UNK_IMMUNE_FLAG7	0	trent_soldier	0	120	90	60	31	25	30	100	8	390	530	101325	7	5	0	0	0	72	100	110	120	100	2500	180	0	0	0	0	0	1	5	5	50	15	20	20	20	20	20	20	0	0	0	-10	0	0	0	0	0	40	0	0	0	0	0	4.0	0	15	0	0	0	0	0	0	0	0	0	0	0	0	0	0	0	0	0	0	0	0	0	0.0
7199	en_tai_savascisi	S_KNIGHT	MONSTER	MELEE	130	100		AGGR,STONESKIN	0	DEVIL	SLOW,TERROR,UNK_IMMUNE_FLAG7	0	trent_soldier	0	120	90	60	31	25	30	100	8	390	530	101325	7	5	0	0	0	72	100	110	130	100	2500	180	0	0	0	0	5	5	10	16	50	15	20	20	20	20	20	20	0	0	0	-10	0	0	0	0	0	40	0	0	0	0	0	4.0	0	15	0	0	0	0	0	0	0	0	0	0	0	0	0	0	0	0	0	0	0	0	0	0.0
7200	en_tai_rahibi	S_KNIGHT	MONSTER	MAGIC	130	100		AGGR,STONESKIN	0	DEVIL	SLOW,TERROR,UNK_IMMUNE_FLAG7	0	trent_magic	0	120	90	60	31	25	30	100	8	490	540	70927	7	5	0	0	0	72	100	110	110	100	2500	850	0	0	0	10	3	1	3	15	50	15	20	20	20	20	10	20	0	0	15	-15	0	0	0	0	0	45	0	0	0	0	0	4.0	0	15	0	0	0	0	0	0	0	0	0	0	0	0	0	0	0	0	0	0	0	0	0	0.0
7201	en_tai_sifacisi	S_KNIGHT	MONSTER	MAGIC	130	100		AGGR,BERSERK	0	DEVIL	SLOW,TERROR,UNK_IMMUNE_FLAG7	0	trent_magic	0	120	90	60	31	25	30	100	8	490	540	70927	7	5	0	0	0	72	100	110	110	100	2500	850	0	0	0	10	3	0	3	15	50	15	20	20	20	20	10	20	0	0	15	-15	0	0	0	0	0	45	0	0	0	0	0	4.0	0	15	0	0	0	0	0	0	0	0	0	0	0	0	0	0	0	0	0	0	0	0	0	0.0
7202	en_tai_imhacisi	S_KNIGHT	MONSTER	MELEE	130	100		AGGR,BERSERK	0	DEVIL	SLOW,TERROR,UNK_IMMUNE_FLAG7	0	trent_general	0	120	90	60	31	25	30	100	8	390	530	101325	7	5	0	0	0	72	100	110	110	100	2500	100	0	0	0	0	0	1	3	15	50	15	20	20	20	20	20	20	0	0	0	-10	0	0	0	0	0	40	0	0	0	0	0	4.0	0	20	0	0	0	0	0	0	0	0	0	0	0	0	0	0	0	0	0	0	0	0	0	0.0
7203	en_tai_hukumdari	S_KNIGHT	MONSTER	MELEE	130	100		AGGR,BERSERK,STONESKIN,DEATHBLOW	0	DEVIL	SLOW,TERROR,UNK_IMMUNE_FLAG7	0	trent_boss	0	120	90	60	31	25	30	100	8	390	530	101325	7	5	0	0	0	72	100	110	110	100	2500	300	0	0	0	0	0	1	3	15	50	15	20	20	20	20	20	20	0	0	0	-10	0	0	0	0	0	40	0	0	0	0	0	4.0	0	25	0	0	0	0	0	0	0	0	0	0	0	0	0	0	0	0	0	0	0	0	0	0.0
7204	lemur_buyucu	S_KNIGHT	MONSTER	MAGIC	130	100		AGGR,STONESKIN	0	DEVIL	SLOW,TERROR,UNK_IMMUNE_FLAG7	0	lemures_magic	0	120	90	60	31	25	30	100	8	490	540	70927	7	5	0	0	0	72	100	120	110	100	2500	850	0	0	0	10	3	1	3	15	50	15	20	20	20	20	10	20	0	0	15	-15	0	0	0	0	0	45	0	0	0	0	0	4.0	0	15	0	0	0	0	0	0	0	0	0	0	0	0	0	0	0	0	0	0	0	0	0	0.0
7205	lemur_savasci	S_KNIGHT	MONSTER	MELEE	130	100		AGGR	0	DEVIL	SLOW,TERROR,UNK_IMMUNE_FLAG7	0	lemures_soldier	0	120	90	60	31	25	30	100	8	390	530	101325	7	5	0	0	0	72	100	200	110	100	2500	100	0	0	0	0	0	1	1	10	50	15	20	20	20	20	20	20	0	0	0	-10	0	0	0	0	0	40	0	0	0	0	0	4.0	0	5	0	0	0	0	0	0	0	0	0	0	0	0	0	0	0	0	0	0	0	0	0	0.0
7206	lemur_asker	S_KNIGHT	MONSTER	MELEE	130	100		AGGR	0	DEVIL	SLOW,TERROR,UNK_IMMUNE_FLAG7	0	lemures_soldier2	0	120	90	60	31	25	30	100	8	390	530	101325	7	5	0	0	0	72	100	110	110	100	2500	100	0	0	0	0	5	1	1	12	50	15	20	20	20	20	20	20	0	0	0	-10	0	0	0	0	0	40	0	0	0	0	0	4.0	0	10	0	0	0	0	0	0	0	0	0	0	0	0	0	0	0	0	0	0	0	0	0	0.0
7207	lemur_cellat	S_KNIGHT	MONSTER	MELEE	130	100		AGGR,BERSERK	0	DEVIL	SLOW,TERROR,UNK_IMMUNE_FLAG7	0	lemures_officer	0	120	90	60	31	25	30	100	8	390	530	101325	7	5	0	0	0	72	100	110	110	100	2500	100	0	0	0	0	0	10	10	16	50	15	20	20	20	20	20	20	0	0	0	-10	0	0	0	0	0	40	0	0	0	0	0	4.0	0	15	0	0	0	0	0	0	0	0	0	0	0	0	0	0	0	0	0	0	0	0	0	0.0
7210	istilaci_komutan	KING	MONSTER	MELEE	135	100		AGGR,BERSERK,ELEMENT_BUFF_NONE	0	ORC	SLOW,TERROR,UNK_IMMUNE_FLAG4,UNK_IMMUNE_FLAG5,UNK_IMMUNE_FLAG6,UNK_IMMUNE_FLAG7,UNK_IMMUNE_FLAG9	0	smhgate_boss	0	135	98	60	31	25	100	100	10	534	717	13123759	10	1	0	0	0	238373	120	110	110	100	2000	300	0	0	0	0	0	10	10	16	50	45	40	45	40	40	40	45	0	0	0	0	0	0	0	0	0	0	0	0	0	0	0	5.0	0	2	0	0	0	0	0	0	0	0	0	0	0	0	0	0	0	0	0	0	0	0	0	0.0
7211	istilaci_ates_komutani	KING	MONSTER	MELEE	135	100		AGGR,BERSERK,ELEMENT_BUFF_FIRE	0	ORC	SLOW,TERROR,UNK_IMMUNE_FLAG4,UNK_IMMUNE_FLAG5,UNK_IMMUNE_FLAG6,UNK_IMMUNE_FLAG7,UNK_IMMUNE_FLAG9	0	smhgate_boss	0	130	96	60	31	25	100	100	10	534	717	13123759	10	1	0	0	0	238373	120	110	110	100	2000	300	0	0	0	0	0	10	10	16	50	45	40	45	40	40	40	45	-10	0	0	0	0	0	0	55	0	0	0	0	0	0	0	4.0	0	2	0	0	0	0	0	0	0	0	0	0	0	0	0	0	0	0	0	0	0	0	0	0.0
7212	istilaci_buz_komutani	KING	MONSTER	MELEE	135	100		AGGR,BERSERK,ELEMENT_BUFF_ICE	0	ORC	SLOW,TERROR,UNK_IMMUNE_FLAG4,UNK_IMMUNE_FLAG5,UNK_IMMUNE_FLAG6,UNK_IMMUNE_FLAG7,UNK_IMMUNE_FLAG9	0	smhgate_boss	0	130	96	60	31	25	100	100	10	534	717	13123759	10	1	0	0	0	238373	120	110	110	100	2000	300	0	0	0	0	0	10	10	16	50	45	40	45	40	40	40	45	0	0	0	0	0	0	0	0	55	0	0	0	0	-10	0	4.0	0	2	0	0	0	0	0	0	0	0	0	0	0	0	0	0	0	0	0	0	0	0	0	0.0
7213	istilaci_simsek_komutani	KING	MONSTER	MELEE	135	100		AGGR,BERSERK,ELEMENT_BUFF_ELECT	0	ORC	SLOW,TERROR,UNK_IMMUNE_FLAG4,UNK_IMMUNE_FLAG5,UNK_IMMUNE_FLAG6,UNK_IMMUNE_FLAG7,UNK_IMMUNE_FLAG9	0	smhgate_boss	0	130	96	60	31	25	100	100	10	534	717	13123759	10	1	0	0	0	238373	120	110	110	100	2000	300	0	0	0	0	0	10	10	16	50	45	40	45	40	40	40	45	0	-10	0	0	0	0	55	0	0	0	0	0	0	0	0	4.0	0	2	0	0	0	0	0	0	0	0	0	0	0	0	0	0	0	0	0	0	0	0	0	0.0
7214	istilaci_ruzgar_komutani	KING	MONSTER	MELEE	135	100		AGGR,BERSERK,ELEMENT_BUFF_WIND	0	ORC	SLOW,TERROR,UNK_IMMUNE_FLAG4,UNK_IMMUNE_FLAG5,UNK_IMMUNE_FLAG6,UNK_IMMUNE_FLAG7,UNK_IMMUNE_FLAG9	0	smhgate_boss	0	130	96	60	31	25	100	100	10	534	717	13123759	10	1	0	0	0	238373	120	110	110	100	2000	300	0	0	0	0	0	10	10	16	50	45	40	45	40	40	40	45	0	0	0	-10	0	0	0	0	0	55	0	0	0	0	0	4.0	0	2	0	0	0	0	0	0	0	0	0	0	0	0	0	0	0	0	0	0	0	0	0	0.0
7215	istilaci_toprak_komutani	KING	MONSTER	MELEE	135	100		AGGR,BERSERK,ELEMENT_BUFF_EARTH	0	ORC	SLOW,TERROR,UNK_IMMUNE_FLAG4,UNK_IMMUNE_FLAG5,UNK_IMMUNE_FLAG6,UNK_IMMUNE_FLAG7,UNK_IMMUNE_FLAG9	0	smhgate_boss	0	130	96	60	31	25	100	100	10	534	717	13123759	10	1	0	0	0	238373	120	110	110	100	2000	300	0	0	0	0	0	10	10	16	50	45	40	45	40	40	40	45	0	0	0	0	0	0	0	0	0	0	55	0	0	0	-10	4.0	0	2	0	0	0	0	0	0	0	0	0	0	0	0	0	0	0	0	0	0	0	0	0	0.0
7216	istilaci_karanlik_komut.	KING	MONSTER	MELEE	135	100		AGGR,BERSERK,ELEMENT_BUFF_DARK	0	ORC	SLOW,TERROR,UNK_IMMUNE_FLAG4,UNK_IMMUNE_FLAG5,UNK_IMMUNE_FLAG6,UNK_IMMUNE_FLAG7,UNK_IMMUNE_FLAG9	0	smhgate_boss	0	130	96	60	31	25	100	100	10	534	717	13123759	10	1	0	0	0	238373	120	110	110	100	2000	300	0	0	0	0	0	10	10	16	50	45	40	45	40	40	40	45	0	0	0	0	0	0	0	0	0	0	0	55	-10	0	0	4.0	0	2	0	0	0	0	0	0	0	0	0	0	0	0	0	0	0	0	0	0	0	0	0	0.0
7550	cehennem_kulesi_kurdu	PAWN	MONSTER	MELEE	120	100		AGGR,STONESKIN	0	DEVIL,SUNGMAHEE	STUN,SLOW,TERROR	0	smhtower_soldier	0	120	92	68	30	0	0	0	0	193	308	78829	15	3	0	0	0	33	100	110	100	100	2000	150	0	0	0	0	5	5	20	16	45	45	45	45	45	45	65	45	-30	0	0	0	50	50	0	40	0	0	0	0	0	0	0	3.0	0	0	0	0	0	0	0	0	0	0	0	0	0	0	0	0	0	0	0	0	0	0	0	0.0
7551	cehennem_kulesi_zorbasi	S_PAWN	MONSTER	MELEE	120	100		AGGR,STONESKIN	0	DEVIL	STUN,SLOW,TERROR	0	smhtower_soldier2	0	130	119	130	30	0	0	0	0	221	296	105463	15	3	0	0	0	34	110	110	100	100	2000	350	0	0	0	0	3	0	20	20	45	45	45	45	45	45	45	45	-30	0	15	0	50	50	0	40	0	0	0	0	0	0	0	4.0	0	0	0	0	0	0	0	0	0	0	0	0	0	0	0	0	0	0	0	0	0	0	0	0.0
7552	cehennem_kulesi_berserk.	KNIGHT	MONSTER	MELEE	121	100		AGGR,BERSERK	0	DEVIL,SUNGMAHEE	STUN,SLOW,TERROR	0	smhtower_knight	0	130	115	128	30	0	0	0	0	221	308	112213	15	3	0	0	0	35	110	110	100	100	2000	250	0	0	0	0	3	0	20	20	45	45	45	45	45	45	45	45	-30	0	15	0	50	50	0	40	0	0	0	0	0	0	0	4.0	0	0	0	0	0	0	0	0	0	0	0	0	0	0	0	0	0	0	0	0	0	0	0	0.0
7553	cehennem_kulesi_buyucusu	S_KNIGHT	MONSTER	MAGIC	125	100		AGGR,BERSERK,FALL	0	DEVIL,SUNGMAHEE	STUN,SLOW,TERROR	0	smhtower_magic	0	130	67	133	31	0	0	0	0	236	312	221140	15	3	0	0	0	35	110	110	100	100	2000	800	0	0	0	0	0	0	30	40	45	45	45	45	45	45	45	45	-30	0	0	0	50	50	0	40	0	0	0	0	0	0	0	4.0	0	0	0	0	0	0	0	0	0	0	0	0	0	0	0	0	0	0	0	0	0	0	0	0.0
7554	cehennem_kulesi_kasabi	S_KNIGHT	MONSTER	MELEE	130	100		AGGR,BERSERK,STONESKIN,FALL	0	DEVIL	STUN,SLOW,TERROR	0	smhtower_general	0	136	121	139	33	0	0	0	0	354	410	1959994	15	3	0	0	0	36	100	110	100	100	2000	200	0	0	0	0	5	5	20	20	45	45	45	45	45	45	45	45	-30	0	0	0	50	50	0	40	0	0	0	0	0	0	0	4.0	0	0	0	0	0	0	0	0	0	0	0	0	0	0	0	0	0	0	0	0	0	0	0	0.0
7555	cehennem_kulesi_nigrom.	BOSS	MONSTER	MELEE	135	100		AGGR,BERSERK,STONESKIN,FALL	0	DEVIL,SUNGMAHEE	STUN,SLOW,TERROR	0	smhtower_boss	0	133	66	143	33	0	0	0	0	346	411	4171827	15	3	0	0	0	53	456	110	100	100	2000	450	0	0	0	0	5	5	35	20	60	60	60	60	60	60	60	60	-30	0	0	0	100	100	0	50	0	0	0	0	0	0	0	4.0	0	0	0	0	0	0	0	0	0	0	0	0	0	0	0	0	0	0	0	0	0	0	0	0.0
7556	cehennem_k._buyuk_ustat	KING	MONSTER	MELEE	135	100		AGGR,BERSERK,STONESKIN,FALL	0	DEVIL,SUNGMAHEE	STUN,SLOW,TERROR	0	smhtower_king	0	133	66	143	33	0	0	0	0	346	414	4171827	15	3	0	0	0	54	456	110	100	100	2000	450	0	0	0	0	5	5	35	20	60	60	60	60	60	60	60	60	-30	0	0	0	100	100	0	55	0	0	0	0	0	0	0	4.0	0	0	0	0	0	0	0	0	0	0	0	0	0	0	0	0	0	0	0	0	0	0	0	0.0
7557	cehennem_kulesi_kurdu	PAWN	MONSTER	MELEE	120	100		AGGR,STONESKIN	0	DEVIL,SUNGMAHEE	STUN,SLOW,TERROR	0	smhtower_soldier	0	120	92	68	30	0	0	0	0	193	308	78829	15	3	0	0	0	35	100	110	100	100	2000	150	0	0	0	0	5	5	20	20	45	45	45	45	45	45	65	45	0	0	0	0	50	50	0	0	40	0	0	0	0	-30	0	3.0	0	0	0	0	0	0	0	0	0	0	0	0	0	0	0	0	0	0	0	0	0	0	0	0.0
7558	cehennem_kulesi_zorbasi	S_PAWN	MONSTER	MELEE	120	100		AGGR,STONESKIN	0	DEVIL	STUN,SLOW,TERROR	0	smhtower_soldier2	0	130	119	130	30	0	0	0	0	221	296	105463	15	3	0	0	0	35	110	100	100	100	2000	350	0	0	0	0	3	0	20	20	45	45	45	45	45	45	45	45	0	0	15	0	50	50	0	0	40	0	0	0	0	-30	0	4.0	0	0	0	0	0	0	0	0	0	0	0	0	0	0	0	0	0	0	0	0	0	0	0	0.0
7559	cehennem_kulesi_berserk.	KNIGHT	MONSTER	MELEE	121	100		AGGR,BERSERK	0	DEVIL,SUNGMAHEE	STUN,SLOW,TERROR	0	smhtower_knight	0	130	115	128	30	0	0	0	0	221	308	112213	15	3	0	0	0	36	110	110	100	100	2000	250	0	0	0	0	3	0	20	20	45	45	45	45	45	45	45	45	0	0	15	0	50	50	0	0	40	0	0	0	0	-30	0	4.0	0	0	0	0	0	0	0	0	0	0	0	0	0	0	0	0	0	0	0	0	0	0	0	0.0
7560	cehennem_kulesi_buyucusu	S_KNIGHT	MONSTER	MAGIC	125	100		AGGR,BERSERK,FALL	0	DEVIL,SUNGMAHEE	STUN,SLOW,TERROR	0	smhtower_magic	0	130	67	133	31	0	0	0	0	236	312	221140	15	3	0	0	0	33	110	110	100	100	2000	800	0	0	0	0	0	0	30	40	45	45	45	45	45	45	45	45	0	0	0	0	50	50	0	0	40	0	0	0	0	-30	0	4.0	0	0	0	0	0	0	0	0	0	0	0	0	0	0	0	0	0	0	0	0	0	0	0	0.0
7561	cehennem_kulesi_kasabi	S_KNIGHT	MONSTER	MELEE	130	100		AGGR,BERSERK,STONESKIN,FALL	0	DEVIL	STUN,SLOW,TERROR	0	smhtower_general	0	136	121	139	33	0	0	0	0	354	410	1959994	15	3	0	0	0	34	100	110	100	100	2000	200	0	0	0	0	5	5	20	20	45	45	45	45	45	45	45	45	0	0	0	0	50	50	0	0	40	0	0	0	0	-30	0	4.0	0	0	0	0	0	0	0	0	0	0	0	0	0	0	0	0	0	0	0	0	0	0	0	0.0
7562	cehennem_kulesi_nigrom.	BOSS	MONSTER	MELEE	135	100		AGGR,BERSERK,STONESKIN,FALL	0	DEVIL,SUNGMAHEE	STUN,SLOW,TERROR	0	smhtower_boss	0	133	66	143	33	0	0	0	0	346	411	4171827	15	3	0	0	0	53	456	110	100	100	2000	450	0	0	0	0	5	5	35	20	60	60	60	60	60	60	60	60	0	0	0	0	100	100	0	0	50	0	0	0	0	-30	0	4.0	0	0	0	0	0	0	0	0	0	0	0	0	0	0	0	0	0	0	0	0	0	0	0	0.0
7563	cehennem_k._buyuk_ustat	KING	MONSTER	MELEE	135	100		AGGR,BERSERK,STONESKIN,FALL	0	DEVIL,SUNGMAHEE	STUN,SLOW,TERROR	0	smhtower_king	0	133	66	143	33	0	0	0	0	346	414	4171827	15	3	0	0	0	54	456	110	100	100	2000	450	0	0	0	0	5	5	35	20	60	60	60	60	60	60	60	60	0	0	0	0	100	100	0	0	55	0	0	0	0	-30	0	4.0	0	0	0	0	0	0	0	0	0	0	0	0	0	0	0	0	0	0	0	0	0	0	0	0.0
7564	cehennem_kulesi_kurdu	PAWN	MONSTER	MELEE	120	100		AGGR,STONESKIN	0	DEVIL,SUNGMAHEE	STUN,SLOW,TERROR	0	smhtower_soldier	0	120	92	68	30	0	0	0	0	193	308	78829	15	3	0	0	0	36	100	110	100	100	2000	150	0	0	0	0	5	5	20	20	45	45	45	45	45	45	65	45	0	-30	0	0	50	50	40	0	0	0	0	0	0	0	0	3.0	0	0	0	0	0	0	0	0	0	0	0	0	0	0	0	0	0	0	0	0	0	0	0	0.0
7565	cehennem_kulesi_zorbasi	S_PAWN	MONSTER	MELEE	120	100		AGGR,STONESKIN	0	DEVIL	STUN,SLOW,TERROR	0	smhtower_soldier2	0	130	119	130	30	0	0	0	0	221	296	105463	15	3	0	0	0	33	110	110	100	100	2000	350	0	0	0	0	3	0	20	20	45	45	45	45	45	45	45	45	0	-30	15	0	50	50	40	0	0	0	0	0	0	0	0	4.0	0	0	0	0	0	0	0	0	0	0	0	0	0	0	0	0	0	0	0	0	0	0	0	0.0
7566	cehennem_kulesi_berserk.	KNIGHT	MONSTER	MELEE	121	100		AGGR,BERSERK	0	DEVIL,SUNGMAHEE	STUN,SLOW,TERROR	0	smhtower_knight	0	130	115	128	30	0	0	0	0	221	308	112213	15	3	0	0	0	34	110	110	100	100	2000	250	0	0	0	0	3	0	20	20	45	45	45	45	45	45	45	45	0	-30	15	0	50	50	40	0	0	0	0	0	0	0	0	4.0	0	0	0	0	0	0	0	0	0	0	0	0	0	0	0	0	0	0	0	0	0	0	0	0.0
7567	cehennem_kulesi_buyucusu	S_KNIGHT	MONSTER	MAGIC	125	100		AGGR,BERSERK,FALL	0	DEVIL,SUNGMAHEE	STUN,SLOW,TERROR	0	smhtower_magic	0	130	67	133	31	0	0	0	0	236	312	221140	15	3	0	0	0	35	110	110	100	100	2000	800	0	0	0	0	0	0	30	40	45	45	45	45	45	45	45	45	0	-30	0	0	50	50	40	0	0	0	0	0	0	0	0	4.0	0	0	0	0	0	0	0	0	0	0	0	0	0	0	0	0	0	0	0	0	0	0	0	0.0
7568	cehennem_kulesi_kasabi	S_KNIGHT	MONSTER	MELEE	130	100		AGGR,BERSERK,STONESKIN,FALL	0	DEVIL	STUN,SLOW,TERROR	0	smhtower_general	0	136	121	139	33	0	0	0	0	354	410	1959994	15	3	0	0	0	35	100	110	100	100	2000	200	0	0	0	0	5	5	20	20	45	45	45	45	45	45	45	45	0	-30	0	0	50	50	40	0	0	0	0	0	0	0	0	4.0	0	0	0	0	0	0	0	0	0	0	0	0	0	0	0	0	0	0	0	0	0	0	0	0.0
7569	cehennem_kulesi_nigrom.	BOSS	MONSTER	MELEE	135	100		AGGR,BERSERK,STONESKIN,FALL	0	DEVIL,SUNGMAHEE	STUN,SLOW,TERROR	0	smhtower_boss	0	133	66	143	33	0	0	0	0	346	411	4171827	15	3	0	0	0	53	456	110	100	100	2000	450	0	0	0	0	5	5	35	20	60	60	60	60	60	60	60	60	0	-30	0	0	100	100	50	0	0	0	0	0	0	0	0	4.0	0	0	0	0	0	0	0	0	0	0	0	0	0	0	0	0	0	0	0	0	0	0	0	0.0
7570	cehennem_k._buyuk_ustat	KING	MONSTER	MELEE	135	100		AGGR,BERSERK,STONESKIN,FALL	0	DEVIL,SUNGMAHEE	STUN,SLOW,TERROR	0	smhtower_king	0	133	66	143	33	0	0	0	0	346	414	4171827	15	3	0	0	0	54	456	110	100	100	2000	450	0	0	0	0	5	5	35	20	60	60	60	60	60	60	60	60	0	-30	0	0	100	100	55	0	0	0	0	0	0	0	0	4.0	0	0	0	0	0	0	0	0	0	0	0	0	0	0	0	0	0	0	0	0	0	0	0	0.0
7571	cehennem_kulesi_kurdu	PAWN	MONSTER	MELEE	120	100		AGGR,STONESKIN	0	DEVIL,SUNGMAHEE	STUN,SLOW,TERROR	0	smhtower_soldier	0	120	92	68	30	0	0	0	0	193	308	78829	15	3	0	0	0	34	100	110	100	100	2000	150	0	0	0	0	5	5	20	20	45	45	45	45	45	45	65	45	0	0	0	-30	50	50	0	0	0	40	0	0	0	0	0	3.0	0	0	0	0	0	0	0	0	0	0	0	0	0	0	0	0	0	0	0	0	0	0	0	0.0
7572	cehennem_kulesi_zorbasi	S_PAWN	MONSTER	MELEE	120	100		AGGR,STONESKIN	0	DEVIL	STUN,SLOW,TERROR	0	smhtower_soldier2	0	130	119	130	30	0	0	0	0	221	296	105463	15	3	0	0	0	35	110	110	100	100	2000	350	0	0	0	0	3	0	20	20	45	45	45	45	45	45	45	45	0	0	15	-30	50	50	0	0	0	40	0	0	0	0	0	4.0	0	0	0	0	0	0	0	0	0	0	0	0	0	0	0	0	0	0	0	0	0	0	0	0.0
7573	cehennem_kulesi_berserk.	KNIGHT	MONSTER	MELEE	121	100		AGGR,BERSERK	0	DEVIL,SUNGMAHEE	STUN,SLOW,TERROR	0	smhtower_knight	0	130	115	128	30	0	0	0	0	221	308	112213	15	3	0	0	0	35	110	110	100	100	2000	250	0	0	0	0	3	0	20	20	45	45	45	45	45	45	45	45	0	0	15	-30	50	50	0	0	0	40	0	0	0	0	0	4.0	0	0	0	0	0	0	0	0	0	0	0	0	0	0	0	0	0	0	0	0	0	0	0	0.0
7574	cehennem_kulesi_buyucusu	S_KNIGHT	MONSTER	MAGIC	125	100		AGGR,BERSERK,FALL	0	DEVIL,SUNGMAHEE	STUN,SLOW,TERROR	0	smhtower_magic	0	130	67	133	31	0	0	0	0	236	312	221140	15	3	0	0	0	36	110	110	100	100	2000	800	0	0	0	0	0	0	30	20	45	45	45	45	45	45	45	45	0	0	0	-30	50	50	0	0	0	40	0	0	0	0	0	4.0	0	0	0	0	0	0	0	0	0	0	0	0	0	0	0	0	0	0	0	0	0	0	0	0.0
7575	cehennem_kulesi_kasabi	S_KNIGHT	MONSTER	MELEE	130	100		AGGR,BERSERK,STONESKIN,FALL	0	DEVIL	STUN,SLOW,TERROR	0	smhtower_general	0	136	121	139	33	0	0	0	0	354	410	1959994	15	3	0	0	0	33	100	110	100	100	2000	200	0	0	0	0	5	5	20	20	45	45	45	45	45	45	45	45	0	0	0	-30	50	50	0	0	0	40	0	0	0	0	0	4.0	0	0	0	0	0	0	0	0	0	0	0	0	0	0	0	0	0	0	0	0	0	0	0	0.0
7576	cehennem_kulesi_nigrom.	BOSS	MONSTER	MELEE	135	100		AGGR,BERSERK,STONESKIN,FALL	0	DEVIL,SUNGMAHEE	STUN,SLOW,TERROR	0	smhtower_boss	0	133	66	143	33	0	0	0	0	346	411	4171827	15	3	0	0	0	53	456	110	100	100	2000	450	0	0	0	0	5	5	35	20	60	60	60	60	60	60	60	60	0	0	0	-30	100	100	0	0	0	50	0	0	0	0	0	4.0	0	0	0	0	0	0	0	0	0	0	0	0	0	0	0	0	0	0	0	0	0	0	0	0.0
7577	cehennem_k._buyuk_ustat	KING	MONSTER	MELEE	135	100		AGGR,BERSERK,STONESKIN,FALL	0	DEVIL,SUNGMAHEE	STUN,SLOW,TERROR	0	smhtower_king	0	133	66	143	33	0	0	0	0	346	414	4171827	15	3	0	0	0	54	456	110	100	100	2000	450	0	0	0	0	5	5	35	20	60	60	60	60	60	60	60	60	0	0	0	-30	100	100	0	0	0	55	0	0	0	0	0	4.0	0	0	0	0	0	0	0	0	0	0	0	0	0	0	0	0	0	0	0	0	0	0	0	0.0
7578	cehennem_kulesi_kurdu	PAWN	MONSTER	MELEE	120	100		AGGR,STONESKIN	0	DEVIL,SUNGMAHEE	STUN,SLOW,TERROR	0	smhtower_soldier	0	120	92	68	30	0	0	0	0	193	308	78829	15	3	0	0	0	35	100	110	100	100	2000	150	0	0	0	0	5	5	20	20	45	45	45	45	45	45	65	45	0	0	0	0	50	50	0	0	0	0	40	0	0	0	-30	3.0	0	0	0	0	0	0	0	0	0	0	0	0	0	0	0	0	0	0	0	0	0	0	0	0.0
7579	cehennem_kulesi_zorbasi	S_PAWN	MONSTER	MELEE	120	100		AGGR,STONESKIN	0	DEVIL	STUN,SLOW,TERROR	0	smhtower_soldier2	0	130	119	130	30	0	0	0	0	221	296	105463	15	3	0	0	0	36	110	110	100	100	2000	350	0	0	0	0	3	0	20	20	45	45	45	45	45	45	45	45	0	0	15	0	50	50	0	0	0	0	40	0	0	0	-30	4.0	0	0	0	0	0	0	0	0	0	0	0	0	0	0	0	0	0	0	0	0	0	0	0	0.0
7580	cehennem_kulesi_berserk.	KNIGHT	MONSTER	MELEE	121	100		AGGR,BERSERK	0	DEVIL,SUNGMAHEE	STUN,SLOW,TERROR	0	smhtower_knight	0	130	115	128	30	0	0	0	0	221	308	112213	15	3	0	0	0	33	110	110	100	100	2000	250	0	0	0	0	3	0	20	20	45	45	45	45	45	45	45	45	0	0	15	0	50	50	0	0	0	0	40	0	0	0	-30	4.0	0	0	0	0	0	0	0	0	0	0	0	0	0	0	0	0	0	0	0	0	0	0	0	0.0
7581	cehennem_kulesi_buyucusu	S_KNIGHT	MONSTER	MAGIC	125	100		AGGR,BERSERK,FALL	0	DEVIL,SUNGMAHEE	STUN,SLOW,TERROR	0	smhtower_magic	0	130	67	133	31	0	0	0	0	236	312	221140	15	3	0	0	0	34	110	110	100	100	2000	800	0	0	0	0	0	0	30	40	45	45	45	45	45	45	45	45	0	0	0	0	50	50	0	0	0	0	40	0	0	0	-30	4.0	0	0	0	0	0	0	0	0	0	0	0	0	0	0	0	0	0	0	0	0	0	0	0	0.0
7582	cehennem_kulesi_kasabi	S_KNIGHT	MONSTER	MELEE	130	100		AGGR,BERSERK,STONESKIN,FALL	0	DEVIL	STUN,SLOW,TERROR	0	smhtower_general	0	136	121	139	33	0	0	0	0	354	410	1959994	15	3	0	0	0	35	100	110	100	100	2000	200	0	0	0	0	5	5	20	20	45	45	45	45	45	45	45	45	0	0	0	0	50	50	0	0	0	0	40	0	0	0	-30	4.0	0	0	0	0	0	0	0	0	0	0	0	0	0	0	0	0	0	0	0	0	0	0	0	0.0
7583	cehennem_kulesi_nigrom.	BOSS	MONSTER	MELEE	135	100		AGGR,BERSERK,STONESKIN,FALL	0	DEVIL,SUNGMAHEE	STUN,SLOW,TERROR	0	smhtower_boss	0	133	66	143	33	0	0	0	0	346	411	4171827	15	3	0	0	0	53	456	110	100	100	2000	450	0	0	0	0	5	5	35	20	60	60	60	60	60	60	60	60	0	0	0	0	100	100	0	0	0	0	50	0	0	0	-30	4.0	0	0	0	0	0	0	0	0	0	0	0	0	0	0	0	0	0	0	0	0	0	0	0	0.0
7584	cehennem_k._buyuk_ustat	KING	MONSTER	MELEE	135	100		AGGR,BERSERK,STONESKIN,FALL	0	DEVIL,SUNGMAHEE	STUN,SLOW,TERROR	0	smhtower_king	0	133	66	143	33	0	0	0	0	346	414	4171827	15	3	0	0	0	54	456	110	100	100	2000	450	0	0	0	0	5	5	35	20	60	60	60	60	60	60	60	60	0	0	0	0	100	100	0	0	0	0	55	0	0	0	-30	4.0	0	0	0	0	0	0	0	0	0	0	0	0	0	0	0	0	0	0	0	0	0	0	0	0.0
7585	cehennem_kulesi_kurdu	PAWN	MONSTER	MELEE	120	100		AGGR,STONESKIN	0	DEVIL,SUNGMAHEE	STUN,SLOW,TERROR	0	smhtower_soldier	0	120	92	68	30	0	0	0	0	193	308	78829	15	3	0	0	0	33	100	110	100	100	2000	150	0	0	0	0	5	5	20	20	45	45	45	45	45	45	65	45	0	0	0	0	50	50	0	0	0	0	0	40	-30	0	0	3.0	0	0	0	0	0	0	0	0	0	0	0	0	0	0	0	0	0	0	0	0	0	0	0	0.0
7586	cehennem_kulesi_zorbasi	S_PAWN	MONSTER	MELEE	120	100		AGGR,STONESKIN	0	DEVIL	STUN,SLOW,TERROR	0	smhtower_soldier2	0	130	119	130	30	0	0	0	0	221	296	105463	15	3	0	0	0	34	110	110	100	100	2000	350	0	0	0	0	3	0	20	20	45	45	45	45	45	45	45	45	0	0	15	0	50	50	0	0	0	0	0	40	-30	0	0	4.0	0	0	0	0	0	0	0	0	0	0	0	0	0	0	0	0	0	0	0	0	0	0	0	0.0
7587	cehennem_kulesi_berserk.	KNIGHT	MONSTER	MELEE	121	100		AGGR,BERSERK	0	DEVIL,SUNGMAHEE	STUN,SLOW,TERROR	0	smhtower_knight	0	130	115	128	30	0	0	0	0	221	308	112213	15	3	0	0	0	35	110	110	100	100	2000	250	0	0	0	0	3	0	20	20	45	45	45	45	45	45	45	45	0	0	15	0	50	50	0	0	0	0	0	40	-30	0	0	4.0	0	0	0	0	0	0	0	0	0	0	0	0	0	0	0	0	0	0	0	0	0	0	0	0.0
7588	cehennem_kulesi_buyucusu	S_KNIGHT	MONSTER	MAGIC	125	100		AGGR,BERSERK,FALL	0	DEVIL,SUNGMAHEE	STUN,SLOW,TERROR	0	smhtower_magic	0	130	67	133	31	0	0	0	0	236	312	221140	15	3	0	0	0	35	110	110	100	100	2000	800	0	0	0	0	0	0	30	40	45	45	45	45	45	45	45	45	0	0	0	0	50	50	0	0	0	0	0	40	-30	0	0	4.0	0	0	0	0	0	0	0	0	0	0	0	0	0	0	0	0	0	0	0	0	0	0	0	0.0
7589	cehennem_kulesi_kasabi	S_KNIGHT	MONSTER	MELEE	130	100		AGGR,BERSERK,STONESKIN,FALL	0	DEVIL	STUN,SLOW,TERROR	0	smhtower_general	0	136	121	139	33	0	0	0	0	354	410	1959994	15	3	0	0	0	36	100	110	100	100	2000	200	0	0	0	0	5	5	20	20	45	45	45	45	45	45	45	45	0	0	0	0	50	50	0	0	0	0	0	40	-30	0	0	4.0	0	0	0	0	0	0	0	0	0	0	0	0	0	0	0	0	0	0	0	0	0	0	0	0.0
7590	cehennem_kulesi_nigrom.	BOSS	MONSTER	MELEE	135	100		AGGR,BERSERK,STONESKIN,FALL	0	DEVIL,SUNGMAHEE	STUN,SLOW,TERROR	0	smhtower_boss	0	133	66	143	33	0	0	0	0	346	411	4171827	15	3	0	0	0	53	456	110	100	100	2000	450	0	0	0	0	5	5	35	20	60	60	60	60	60	60	60	60	0	0	0	0	100	100	0	0	0	0	0	50	-30	0	0	4.0	0	0	0	0	0	0	0	0	0	0	0	0	0	0	0	0	0	0	0	0	0	0	0	0.0
7591	cehennem_k._buyuk_ustat	KING	MONSTER	MELEE	135	100		AGGR,BERSERK,STONESKIN,FALL	0	DEVIL,SUNGMAHEE	STUN,SLOW,TERROR	0	smhtower_king	0	133	66	143	33	0	0	0	0	346	414	4171827	15	3	0	0	0	54	456	110	100	100	2000	450	0	0	0	0	5	5	35	20	60	60	60	60	60	60	60	60	0	0	0	0	100	100	0	0	0	0	0	55	-1	0	0	4.0	0	0	0	0	0	0	0	0	0	0	0	0	0	0	0	0	0	0	0	0	0	0	0	0.0
7592	cehennem_kulesi_yikicisi	PAWN	MONSTER	MAGIC	97	100		AGGR,BERSERK	0	SUNGMAHEE	TERROR	0	defensewave_pawn	0	95	64	63	31	0	0	0	0	1	1	50000	15	3	0	0	0	35	100	110	250	100	2000	450	0	0	0	0	0	0	0	20	45	45	45	45	45	45	45	45	0	0	0	0	100	100	0	0	0	0	20	0	0	0	-30	0.0	0	0	0	0	0	0	0	0	0	0	0	0	0	0	0	0	0	0	0	0	0	0	0	0.0
7593	cehennem_kulesi_yikicisi	PAWN	MONSTER	MAGIC	97	110		AGGR,BERSERK	0	SUNGMAHEE	TERROR	0	defensewave_pawn	0	95	64	63	31	0	0	0	0	1	1	50000	15	3	0	0	0	35	100	110	250	100	2000	500	0	0	0	0	0	0	0	20	45	45	45	45	45	45	45	45	0	0	0	0	100	100	0	0	0	0	20	0	0	0	-30	0.0	0	0	0	0	0	0	0	0	0	0	0	0	0	0	0	0	0	0	0	0	0	0	0	0.0
7594	cehenn._kulesi_seytan_t.	KNIGHT	MONSTER	MELEE	120	100		AGGR,NOMOVE,STONESKIN	0		STUN,SLOW,TERROR	0	metinstone_east	0	120	92	68	30	0	0	0	0	193	308	178829	15	3	0	0	0	33	129	110	100	100	2000	150	0	0	0	0	5	5	10	20	45	45	45	45	45	45	45	45	0	0	0	0	50	50	0	0	0	0	0	60	-30	0	0	3.0	0	0	0	0	0	0	0	0	0	0	0	0	0	0	0	0	0	0	0	0	0	0	0	0.0
7595	kule_okcusu	S_KNIGHT	MONSTER	RANGE	100	100		AGGR,UNK_AI_FLAG22,UNK_AI_FLAG23	0	SUNGMAHEE	SLOW,TERROR	0	empire_gongbing	0	136	70	139	33	0	0	0	0	193	308	178829	15	3	0	0	0	1	129	120	100	100	2000	1500	0	0	0	0	5	5	10	20	30	30	30	30	30	30	30	30	0	0	0	-60	100	100	0	0	0	90	0	0	0	0	0	3.0	0	0	0	0	0	0	0	0	0	0	0	0	0	0	0	0	0	0	0	0	0	0	0	0.0
7600	cehennem_kulesi_ruh_tasi	KING	STONE	MELEE	120	100		NOMOVE	0		STUN,SLOW,TERROR	0	metinstone	0	0	0	100	0	0	0	0	0	0	0	221140	15	3	0	0	0	24	100	0	0	0	2000	150	0	0	0	0	0	0	0	20	0	0	0	0	0	0	0	0	0	0	0	0	100	100	0	0	0	0	0	0	0	0	0	0.0	0	0	0	0	0	0	0	0	0	0	0	0	0	0	0	0	0	0	0	0	0	0	0	0.0
7609	cehennem_kuls._buyu_ust.	KING	MONSTER	MELEE	135	100		AGGR,BERSERK,STONESKIN,FALL	0	DEVIL,SUNGMAHEE	STUN,SLOW,TERROR	0	smhtower_king	0	133	66	143	33	0	0	0	0	346	470	4171827	15	3	0	0	0	33	456	110	100	100	2000	450	0	0	0	0	5	5	35	20	65	65	65	65	65	65	65	65	-30	0	10	0	100	100	0	60	0	0	0	0	0	0	0	4.0	0	5	0	0	0	0	0	0	0	0	0	0	0	0	0	0	0	0	0	0	0	0	0	0.0
7610	cehennem_kulesi_prensi	KING	MONSTER	MELEE	135	100		AGGR,BERSERK,STONESKIN,FALL	0	DEVIL,SUNGMAHEE	STUN,SLOW,TERROR	0	smhtower_king	0	133	66	143	33	0	0	0	0	346	470	4171827	15	3	0	0	0	33	456	110	100	100	2000	450	0	0	0	0	5	5	35	20	65	65	65	65	65	65	65	65	0	0	10	0	100	100	0	0	60	0	0	0	0	-30	0	4.0	0	5	0	0	0	0	0	0	0	0	0	0	0	0	0	0	0	0	0	0	0	0	0	0.0
7611	cehennem_kulesi_prensi	KING	MONSTER	MELEE	135	100		AGGR,BERSERK,STONESKIN,FALL	0	DEVIL,SUNGMAHEE	STUN,SLOW,TERROR	0	smhtower_king	0	133	66	143	33	0	0	0	0	346	470	4171827	15	3	0	0	0	34	456	110	100	100	2000	450	0	0	0	0	5	5	35	20	65	65	65	65	65	65	65	65	0	-30	10	0	100	100	60	0	0	0	0	0	0	0	0	4.0	0	5	0	0	0	0	0	0	0	0	0	0	0	0	0	0	0	0	0	0	0	0	0	0.0
7612	cehennem_k._olum_prensi	KING	MONSTER	MELEE	135	100		AGGR,BERSERK,STONESKIN,FALL	0	DEVIL,SUNGMAHEE	STUN,SLOW,TERROR	0	smhtower_king	0	133	66	143	33	0	0	0	0	346	470	4171827	15	3	0	0	0	35	456	110	100	100	2000	450	0	0	0	0	5	5	35	20	65	65	65	65	65	65	65	65	0	0	10	-30	100	100	0	0	0	60	0	0	0	0	0	4.0	0	10	0	0	0	0	0	0	0	0	0	0	0	0	0	0	0	0	0	0	0	0	0	0.0
7613	cehennem_k._olum_prensi	KING	MONSTER	MELEE	135	100		AGGR,BERSERK,STONESKIN,FALL	0	DEVIL,SUNGMAHEE	STUN,SLOW,TERROR	0	smhtower_king	0	133	66	143	33	0	0	0	0	346	470	4171827	15	3	0	0	0	35	456	110	100	100	2000	450	0	0	0	0	5	5	35	20	65	65	65	65	65	65	65	65	0	0	10	0	100	100	0	0	0	0	60	0	0	0	-30	4.0	0	10	0	0	0	0	0	0	0	0	0	0	0	0	0	0	0	0	0	0	0	0	0	0.0
7614	cehennem_kuls._buyu_ust.	KING	MONSTER	MELEE	135	100		AGGR,BERSERK,STONESKIN,FALL	0	DEVIL,SUNGMAHEE	STUN,SLOW,TERROR	0	smhtower_king	0	133	66	143	33	0	0	0	0	346	470	4171827	15	3	0	0	0	35	456	110	100	100	2000	450	0	0	0	0	5	5	35	20	65	65	65	65	65	65	65	65	0	0	10	0	100	100	0	0	0	0	0	60	-30	0	0	4.0	0	10	0	0	0	0	0	0	0	0	0	0	0	0	0	0	0	0	0	0	0	0	0	0.0
7615	cehennem_kulesi_kurdu	BOSS	MONSTER	MELEE	121	100		AGGR,BERSERK	0	DEVIL,SUNGMAHEE	STUN,SLOW,TERROR	0	smhtower_knight	0	130	115	128	30	0	0	0	0	221	308	112213	15	3	0	0	0	35	127	110	110	100	65535	250	0	0	0	0	3	0	3	20	45	45	45	45	45	45	45	45	-30	0	15	0	50	50	0	60	0	0	0	0	0	0	0	4.0	0	0	0	0	0	0	0	0	0	0	0	0	0	0	0	0	0	0	0	0	0	0	0	0.0
7616	cehennem_kulesi_zorbasi	BOSS	MONSTER	MELEE	120	100		AGGR,STONESKIN	0	DEVIL	STUN,SLOW,TERROR	0	smhtower_soldier2	0	130	119	130	30	0	0	0	0	221	296	105463	15	3	0	0	0	35	116	110	110	100	65535	350	0	0	0	0	3	0	3	20	45	45	45	45	45	45	45	45	0	0	15	0	50	50	0	0	60	0	0	0	0	-30	0	4.0	0	0	0	0	0	0	0	0	0	0	0	0	0	0	0	0	0	0	0	0	0	0	0	0.0
7617	cehennem_kulesi_kasabi	BOSS	MONSTER	MELEE	130	100		AGGR,BERSERK,STONESKIN,FALL	0	DEVIL,SUNGMAHEE	STUN,SLOW,TERROR	0	smhtower_general	0	136	121	139	33	0	0	0	0	354	517	1959994	15	3	0	0	0	35	270	110	110	100	65535	200	0	0	0	0	5	5	10	20	45	45	45	45	45	45	45	45	0	-30	0	0	50	50	60	0	0	0	0	0	0	0	0	4.0	0	0	0	0	0	0	0	0	0	0	0	0	0	0	0	0	0	0	0	0	0	0	0	0.0
7618	cehennem_kulesi_kasabi	BOSS	MONSTER	MELEE	130	100		AGGR,BERSERK,STONESKIN,FALL	0	DEVIL	STUN,SLOW,TERROR	0	smhtower_general	0	136	121	139	33	0	0	0	0	354	517	1959994	15	3	0	0	0	33	270	110	110	100	65535	200	0	0	0	0	5	5	10	20	45	45	45	45	45	45	45	45	0	0	0	-30	50	50	0	0	0	60	0	0	0	0	0	4.0	0	0	0	0	0	0	0	0	0	0	0	0	0	0	0	0	0	0	0	0	0	0	0	0.0
7619	cehennem_kulesi_berserk.	BOSS	MONSTER	MELEE	121	100		AGGR,BERSERK	0	DEVIL,SUNGMAHEE	STUN,SLOW,TERROR	0	smhtower_knight	0	130	115	128	30	0	0	0	0	221	308	112213	15	3	0	0	0	33	127	110	110	100	65535	250	0	0	0	0	3	0	3	20	45	45	45	45	45	45	45	45	0	0	15	0	50	50	0	0	0	0	60	0	0	0	-30	4.0	0	0	0	0	0	0	0	0	0	0	0	0	0	0	0	0	0	0	0	0	0	0	0	0.0
7620	cehennem_kulesi_buyucusu	BOSS	MONSTER	MAGIC	125	100		AGGR,BERSERK,FALL	0	DEVIL,SUNGMAHEE	STUN,SLOW,TERROR	0	smhtower_magic	0	130	67	133	31	0	0	0	0	236	312	221140	15	3	0	0	0	35	152	110	110	100	65535	800	0	0	0	0	0	0	3	20	45	45	45	45	45	45	45	45	0	0	0	0	50	50	0	0	0	0	0	60	-30	0	0	4.0	0	0	0	0	0	0	0	0	0	0	0	0	0	0	0	0	0	0	0	0	0	0	0	0.0
8001	uzuntu_metini	KING	STONE	SPECIAL	5	100		NOMOVE	0		STUN,SLOW,CURSE,TERROR	0	metinstone	0	0	0	6	0	0	0	0	0	0	0	17460	5	1	76	114	1	0	8	104	109	0	2000	175	0	0	0	0	0	0	0	0	0	0	0	0	0	0	0	0	0	0	0	0	100	100	0	0	0	0	0	0	0	0	0	0.0	0	0	0	0	0	0	0	0	0	0	0	0	0	0	0	0	0	0	0	0	0	0	0	0.0
8002	dovus_metini	KING	STONE	SPECIAL	10	100		NOMOVE	0		STUN,SLOW,CURSE,TERROR	0	metinstone	0	0	0	12	0	0	0	0	0	0	0	27900	5	1	136	204	3	0	14	110	114	0	2000	175	0	0	0	0	0	0	0	0	0	0	0	0	0	0	0	0	0	0	0	0	100	100	0	0	0	0	0	0	0	0	0	0.0	0	0	0	0	0	0	0	0	0	0	0	0	0	0	0	0	0	0	0	0	0	0	0	0.0
8003	savas_metini	KING	STONE	SPECIAL	15	100		NOMOVE	0		STUN,SLOW,CURSE,TERROR	0	metinstone	0	0	0	18	0	0	0	0	0	0	0	40860	5	1	196	294	5	0	19	115	121	0	2000	175	0	0	0	0	0	0	0	0	0	0	0	0	0	0	0	0	0	0	0	0	100	100	0	0	0	0	0	0	0	0	0	0.0	0	0	0	0	0	0	0	0	0	0	0	0	0	0	0	0	0	0	0	0	0	0	0	0.0
8004	hirs_metini	KING	STONE	SPECIAL	20	100		NOMOVE	0		STUN,SLOW,CURSE,TERROR	0	metinstone	0	0	0	24	0	0	0	0	0	0	0	56880	5	1	256	384	8	0	25	122	126	0	2000	175	0	0	0	0	0	0	0	0	0	0	0	0	0	0	0	0	0	0	0	0	100	100	0	0	0	0	0	0	0	0	0	0.0	0	0	0	0	0	0	0	0	0	0	0	0	0	0	0	0	0	0	0	0	0	0	0	0.0
8005	siyah_metin	KING	STONE	SPECIAL	25	100		NOMOVE	0		STUN,SLOW,CURSE,TERROR	0	metinstone	0	0	0	30	0	0	0	0	0	0	0	76140	5	1	316	474	12	0	30	305	310	0	2000	175	0	0	0	0	0	0	0	0	0	0	0	0	0	0	0	0	0	0	0	0	100	100	0	0	0	0	0	0	0	0	0	0.0	0	0	0	0	0	0	0	0	0	0	0	0	0	0	0	0	0	0	0	0	0	0	0	0.0
8006	karanlik_metin	KING	STONE	SPECIAL	30	100		NOMOVE	0		STUN,SLOW,CURSE,TERROR	0	metinstone	0	0	0	36	0	0	0	0	0	0	0	96300	5	1	376	564	15	0	35	401	411	0	2000	175	0	0	0	0	0	0	0	0	0	0	0	0	0	0	0	0	0	0	0	0	100	100	0	0	0	0	0	0	0	0	0	0.0	0	0	0	0	0	0	0	0	0	0	0	0	0	0	0	0	0	0	0	0	0	0	0	0.0
8007	kiskanclik_metini	KING	STONE	SPECIAL	35	100		NOMOVE	0		STUN,SLOW,CURSE,TERROR	0	metinstone	0	0	0	42	0	0	0	0	0	0	0	118440	5	1	436	654	18	0	41	501	507	0	2000	175	0	0	0	0	0	0	0	0	0	0	0	0	0	0	0	0	0	0	0	0	100	100	0	0	0	0	0	0	0	0	0	0.0	0	0	0	0	0	0	0	0	0	0	0	0	0	0	0	0	0	0	0	0	0	0	0	0.0
8008	ruh_metini	KING	STONE	SPECIAL	40	100		NOMOVE	0		STUN,SLOW,CURSE,TERROR	0	metinstone	0	0	0	48	0	0	0	0	0	0	0	155610	5	1	496	744	21	0	46	601	614	0	2000	175	0	0	0	0	0	0	0	0	0	0	0	0	0	0	0	0	0	0	0	0	100	100	0	0	0	0	0	0	0	0	0	0.0	0	0	0	0	0	0	0	0	0	0	0	0	0	0	0	0	0	0	0	0	0	0	0	0.0
8009	golge_metini	KING	STONE	SPECIAL	45	100		NOMOVE	0		STUN,SLOW,CURSE,TERROR	0	metinstone	0	0	0	54	0	0	0	0	0	0	0	199290	5	1	556	834	24	0	52	1301	1310	0	2000	175	0	0	0	0	0	0	0	0	0	0	0	0	0	0	0	0	0	0	0	0	100	100	0	0	0	0	0	0	0	0	0	0.0	0	0	0	0	0	0	0	0	0	0	0	0	0	0	0	0	0	0	0	0	0	0	0	0.0
8010	dayaniklilik_metini	KING	STONE	SPECIAL	50	100		NOMOVE	0		STUN,SLOW,CURSE,TERROR	0	metinstone	0	0	0	60	0	0	0	0	0	0	0	234990	5	1	616	924	27	0	57	901	913	0	2000	175	0	0	0	0	0	0	0	0	0	0	0	0	0	0	0	0	0	0	0	0	100	100	0	0	0	0	0	0	0	0	0	0.0	0	0	0	0	0	0	0	0	0	0	0	0	0	0	0	0	0	0	0	0	0	0	0	0.0
8011	seytan_metini	KING	STONE	SPECIAL	55	100		NOMOVE	0		STUN,SLOW,CURSE,TERROR	0	metinstone	0	0	0	66	0	0	0	0	0	0	0	293850	5	1	676	1014	30	0	63	714	726	0	2000	175	0	0	0	0	0	0	0	0	0	0	0	0	0	0	0	0	0	0	0	0	100	100	0	0	0	0	0	0	0	0	0	0.0	0	0	0	0	0	0	0	0	0	0	0	0	0	0	0	0	0	0	0	0	0	0	0	0.0
8012	lanet_metini	KING	STONE	SPECIAL	60	100		NOMOVE	0		STUN,SLOW,CURSE,TERROR	0	metinstone	0	0	0	72	0	0	0	0	0	0	0	339975	5	1	736	1104	33	0	68	2101	2109	0	2000	175	0	0	0	0	0	0	0	0	0	0	0	0	0	0	0	0	0	0	0	0	100	100	0	0	0	0	0	0	0	0	0	0.0	0	0	0	0	0	0	0	0	0	0	0	0	0	0	0	0	0	0	0	0	0	0	0	0.0
8013	olum_metini	KING	STONE	SPECIAL	65	100		NOMOVE	0		STUN,SLOW,CURSE,TERROR	0	metinstone	0	0	0	78	0	0	0	0	0	0	0	390375	5	1	796	1194	36	0	73	1101	1113	0	2000	175	0	0	0	0	0	0	0	0	0	0	0	0	0	0	0	0	0	0	0	0	100	100	0	0	0	0	0	0	0	0	0	0.0	0	0	0	0	0	0	0	0	0	0	0	0	0	0	0	0	0	0	0	0	0	0	0	0.0
8014	katil_metini	KING	STONE	SPECIAL	70	100		NOMOVE	0		STUN,SLOW,CURSE,TERROR	0	metinstone	0	0	0	91	0	0	0	0	0	0	0	444825	5	1	856	1284	39	0	79	2201	2207	0	2000	175	0	0	0	0	0	0	0	0	0	0	0	0	0	0	0	0	0	0	0	0	100	100	0	0	0	0	0	0	0	0	0	0.0	0	0	0	0	0	0	0	0	0	0	0	0	0	0	0	0	0	0	0	0	0	0	0	0.0
8015	dayaniklilik_metini	KING	STONE	SPECIAL	50	100		NOMOVE	0		STUN,SLOW,CURSE,TERROR	0	metinstone	0	0	0	60	0	0	0	0	0	0	0	234990	5	1	616	924	27	0	57	901	913	0	2000	175	0	0	0	0	0	0	0	0	0	0	0	0	0	0	0	0	0	0	0	0	100	100	0	0	0	0	0	0	0	0	0	0.0	0	0	0	0	0	0	0	0	0	0	0	0	0	0	0	0	0	0	0	0	0	0	0	0.0
8016	seytan_metini	KING	STONE	SPECIAL	55	100		NOMOVE	0		STUN,SLOW,CURSE,TERROR	0	metinstone	0	0	0	66	0	0	0	0	0	0	0	293850	5	1	676	1014	30	0	63	714	726	0	2000	175	0	0	0	0	0	0	0	0	0	0	0	0	0	0	0	0	0	0	0	0	100	100	0	0	0	0	0	0	0	0	0	0.0	0	0	0	0	0	0	0	0	0	0	0	0	0	0	0	0	0	0	0	0	0	0	0	0.0
8017	lanet_metini	KING	STONE	SPECIAL	60	100		NOMOVE	0		STUN,SLOW,CURSE,TERROR	0	metinstone	0	0	0	72	0	0	0	0	0	0	0	339975	5	1	736	1104	33	0	68	2101	2109	0	2000	175	0	0	0	0	0	0	0	0	0	0	0	0	0	0	0	0	0	0	0	0	100	100	0	0	0	0	0	0	0	0	0	0.0	0	0	0	0	0	0	0	0	0	0	0	0	0	0	0	0	0	0	0	0	0	0	0	0.0
8018	olum_metini	KING	STONE	SPECIAL	65	100		NOMOVE	0		STUN,SLOW,CURSE,TERROR	0	metinstone	0	0	0	78	0	0	0	0	0	0	0	390375	5	1	796	1194	36	0	73	1101	1113	0	2000	175	0	0	0	0	0	0	0	0	0	0	0	0	0	0	0	0	0	0	0	0	100	100	0	0	0	0	0	0	0	0	0	0.0	0	0	0	0	0	0	0	0	0	0	0	0	0	0	0	0	0	0	0	0	0	0	0	0.0
8019	katil_metini	KING	STONE	SPECIAL	70	100		NOMOVE	0		STUN,SLOW,CURSE,TERROR	0	metinstone	0	0	0	91	0	0	0	0	0	0	0	444825	5	1	856	1284	39	0	79	2201	2207	0	2000	175	0	0	0	0	0	0	0	0	0	0	0	0	0	0	0	0	0	0	0	0	100	100	0	0	0	0	0	0	0	0	0	0.0	0	0	0	0	0	0	0	0	0	0	0	0	0	0	0	0	0	0	0	0	0	0	0	0.0
8020	shinsoo_kayasi	KING	STONE	SPECIAL	1	100		NOMOVE	0		STUN,SLOW,CURSE,TERROR	0	metinstone	0	0	0	50	0	0	0	0	0	0	0	1482750	5	1	966	1404	39	0	79	101	101	0	2000	150	0	0	0	0	0	0	0	0	0	0	0	0	0	0	0	0	0	0	0	0	100	100	0	0	0	0	0	0	0	0	0	0.0	0	0	0	0	0	0	0	0	0	0	0	0	0	0	0	0	0	0	0	0	0	0	0	0.0
8021	jinno_kayasi	KING	STONE	SPECIAL	1	100		NOMOVE	0		STUN,SLOW,CURSE,TERROR	0	metinstone	0	0	0	50	0	0	0	0	0	0	0	1482750	5	1	966	1404	39	0	79	101	101	0	2000	150	0	0	0	0	0	0	0	0	0	0	0	0	0	0	0	0	0	0	0	0	100	100	0	0	0	0	0	0	0	0	0	0.0	0	0	0	0	0	0	0	0	0	0	0	0	0	0	0	0	0	0	0	0	0	0	0	0.0
8022	chunjo_kayasi	KING	STONE	SPECIAL	1	100		NOMOVE	0		STUN,SLOW,CURSE,TERROR	0	metinstone	0	0	0	50	0	0	0	0	0	0	0	1482750	5	1	966	1404	39	0	79	101	101	0	2000	150	0	0	0	0	0	0	0	0	0	0	0	0	0	0	0	0	0	0	0	0	100	100	0	0	0	0	0	0	0	0	0	0.0	0	0	0	0	0	0	0	0	0	0	0	0	0	0	0	0	0	0	0	0	0	0	0	0.0
8023	imparatorluk_kayasi	KING	STONE	SPECIAL	1	100		NOMOVE	0		STUN,SLOW,CURSE,TERROR	0	metinstone	0	0	0	50	0	0	0	0	0	0	0	1482750	5	1	966	1404	39	0	79	101	101	0	2000	150	0	0	0	0	0	0	0	0	0	0	0	0	0	0	0	0	0	0	0	0	100	100	0	0	0	0	0	0	0	0	0	0.0	0	0	0	0	0	0	0	0	0	0	0	0	0	0	0	0	0	0	0	0	0	0	0	0.0
8024	metin_pung_ma	KING	STONE	SPECIAL	75	100		NOMOVE	0		STUN,SLOW,CURSE,TERROR	0	metinstone	0	0	0	66	0	0	0	0	0	0	0	750400	5	1	976	1464	42	0	63	2301	2309	0	2000	150	0	0	0	0	0	0	0	0	0	0	0	0	0	0	0	0	0	0	0	0	100	100	0	0	0	0	0	0	0	0	0	0.0	0	0	16764879	0	0	0	0	0	0	0	0	0	0	0	0	0	0	0	0	0	0	0	0	0.0
8025	metin_ma_an	KING	STONE	SPECIAL	80	100		NOMOVE	0		STUN,SLOW,CURSE,TERROR	0	metinstone	0	0	0	72	0	0	0	0	0	0	0	934400	5	1	1036	1554	45	0	68	2308	2313	0	2000	150	0	0	0	0	0	0	0	0	0	0	0	0	0	0	0	0	0	0	0	0	100	100	0	0	0	0	0	0	0	0	0	0.0	0	0	16764879	0	0	0	0	0	0	0	0	0	0	0	0	0	0	0	0	0	0	0	0	0.0
8026	metin_tu_young	KING	STONE	SPECIAL	85	100		NOMOVE	0		STUN,SLOW,CURSE,TERROR	0	metinstone	0	0	0	78	0	0	0	0	0	0	0	1163200	5	1	1096	1644	48	0	73	2320	2326	0	2000	150	0	0	0	0	0	0	0	0	0	0	0	0	0	0	0	0	0	0	0	0	100	100	0	0	0	0	0	0	0	0	0	0.0	0	0	16764879	0	0	0	0	0	0	0	0	0	0	0	0	0	0	0	0	0	0	0	0	0.0
8027	metin_jeon_un	KING	STONE	SPECIAL	90	100		NOMOVE	0		STUN,SLOW,CURSE,TERROR	0	metinstone	0	0	0	91	0	0	0	0	0	0	0	1448000	5	1	1196	1744	51	0	79	2327	2333	0	2000	150	0	0	0	0	0	0	0	0	0	0	0	0	0	0	0	0	0	0	0	0	100	100	0	0	0	0	0	0	0	0	0	0.0	0	0	16764879	0	0	0	0	0	0	0	0	0	0	0	0	0	0	0	0	0	0	0	0	0.0
8031	dag_metini	KING	STONE	MELEE	60	100		NOMOVE	0		STUN,SLOW,CURSE,TERROR	0	metinstone	0	0	0	70	0	0	0	0	0	0	0	250000	5	2	1000	2000	50	0	80	0	0	0	2000	150	0	0	0	0	0	0	0	0	0	0	0	0	0	0	0	0	0	0	0	0	100	100	0	0	0	0	0	0	0	0	0	0.0	0	0	16764879	0	0	0	0	0	0	0	0	0	0	0	0	0	0	0	0	0	0	0	0	0.0
8032	intikam_metini	KING	STONE	MELEE	60	100		NOMOVE	0		STUN,SLOW,CURSE,TERROR	0	metinstone	0	0	0	70	0	0	0	0	0	0	0	250000	5	2	1000	2000	50	0	80	0	0	0	2000	150	0	0	0	0	0	0	0	0	0	0	0	0	0	0	0	0	0	0	0	0	100	100	0	0	0	0	0	0	0	0	0	0.0	0	0	16764879	0	0	0	0	0	0	0	0	0	0	0	0	0	0	0	0	0	0	0	0	0.0
8033	kimsesizlik_metini	KING	STONE	MELEE	60	100		NOMOVE	0		STUN,SLOW,CURSE,TERROR	0	metinstone	0	0	0	70	0	0	0	0	0	0	0	250000	5	2	1000	2000	50	0	80	0	0	0	2000	150	0	0	0	0	0	0	0	0	0	0	0	0	0	0	0	0	0	0	0	0	100	100	0	0	0	0	0	0	0	0	0	0.0	0	0	16764879	0	0	0	0	0	0	0	0	0	0	0	0	0	0	0	0	0	0	0	0	0.0
8034	kibir_metini	KING	STONE	MELEE	60	100		NOMOVE	0		STUN,SLOW,CURSE,TERROR	0	metinstone	0	0	0	70	0	0	0	0	0	0	0	250000	5	2	1000	2000	50	0	80	0	0	0	2000	150	0	0	0	0	0	0	0	0	0	0	0	0	0	0	0	0	0	0	0	0	100	100	0	0	0	0	0	0	0	0	0	0.0	0	0	16764879	0	0	0	0	0	0	0	0	0	0	0	0	0	0	0	0	0	0	0	0	0.0
8035	vadi_metini	KING	STONE	MELEE	60	100		NOMOVE	0		STUN,SLOW,CURSE,TERROR	0	metinstone_02	0	0	0	70	0	0	0	0	0	0	0	250000	5	2	1000	2000	50	0	80	0	0	0	2000	150	0	0	0	0	0	0	0	0	0	0	0	0	0	0	0	0	0	0	0	0	100	100	0	0	0	0	0	0	0	0	0	0.0	0	0	16764879	0	0	0	0	0	0	0	0	0	0	0	0	0	0	0	0	0	0	0	0	0.0
8036	hainligin_metini	KING	STONE	MELEE	80	100		NOMOVE	0		STUN,SLOW,CURSE,TERROR	0	metinstone_02	0	0	0	70	0	0	0	0	0	0	0	250000	5	2	1000	2000	50	0	80	0	0	0	2000	150	0	0	0	0	0	0	0	0	0	0	0	0	0	0	0	0	0	0	0	0	100	100	0	0	0	0	0	0	0	0	0	0.0	0	0	16764879	0	0	0	0	0	0	0	0	0	0	0	0	0	0	0	0	0	0	0	0	0.0
8037	zen_metini	KING	STONE	MELEE	60	100		NOMOVE	0		STUN,SLOW,CURSE,TERROR	0	metinstone_02	0	0	0	70	0	0	0	0	0	0	0	250000	5	2	1000	2000	50	0	80	0	0	0	2000	150	0	0	0	0	0	0	0	0	0	0	0	0	0	0	0	0	0	0	0	0	100	100	0	0	0	0	0	0	0	0	0	0.0	0	0	16764879	0	0	0	0	0	0	0	0	0	0	0	0	0	0	0	0	0	0	0	0	0.0
8038	misilleme_metini	KING	STONE	MELEE	85	100		NOMOVE	0		STUN,SLOW,CURSE,TERROR	0	metinstone_02	0	0	0	70	0	0	0	0	0	0	0	250000	5	2	1000	2000	50	0	80	0	0	0	2000	150	0	0	0	0	0	0	0	0	0	0	0	0	0	0	0	0	0	0	0	0	100	100	0	0	0	0	0	0	0	0	0	0.0	0	0	16764879	0	0	0	0	0	0	0	0	0	0	0	0	0	0	0	0	0	0	0	0	0.0
8039	gurur_metini	KING	STONE	MELEE	60	100		NOMOVE	0		STUN,SLOW,CURSE,TERROR	0	metinstone_02	0	0	0	70	0	0	0	0	0	0	0	250000	5	2	1000	2000	50	0	80	0	0	0	2000	150	0	0	0	0	0	0	0	0	0	0	0	0	0	0	0	0	0	0	0	0	100	100	0	0	0	0	0	0	0	0	0	0.0	0	0	16764879	0	0	0	0	0	0	0	0	0	0	0	0	0	0	0	0	0	0	0	0	0.0
8040	hasetin_metini	KING	STONE	MELEE	60	100		NOMOVE	0		STUN,SLOW,CURSE,TERROR	0	metinstone_02	0	0	0	70	0	0	0	0	0	0	0	250000	5	2	1000	2000	50	0	80	0	0	0	2000	150	0	0	0	0	0	0	0	0	0	0	0	0	0	0	0	0	0	0	0	0	100	100	0	0	0	0	0	0	0	0	0	0.0	0	0	16764879	0	0	0	0	0	0	0	0	0	0	0	0	0	0	0	0	0	0	0	0	0.0
8041	paskalya_metini	KING	STONE	MELEE	10	100		NOMOVE	0		STUN,SLOW,CURSE,TERROR	0	metinstone_egg	0	0	0	0	0	0	0	0	0	0	0	23250	5	1	272	612	30	0	57	9611	9615	0	2000	150	50160	0	0	0	0	0	0	0	17	32	32	8	11	11	17	32	0	0	0	0	100	100	0	0	0	0	0	0	0	0	0	0.0	0	0	16764879	0	0	0	0	0	0	0	0	0	0	0	0	0	0	0	0	0	0	0	0	0.0
8042	paskalya_metini	KING	STONE	MELEE	20	100		NOMOVE	0		STUN,SLOW,CURSE,TERROR	0	metinstone_egg	0	0	0	0	0	0	0	0	0	0	0	47400	5	1	512	1152	80	0	111	9621	9625	0	2000	150	50162	0	0	0	0	0	0	0	29	20	25	14	4	4	29	25	0	0	0	0	100	100	0	0	0	0	0	0	0	0	0	0.0	0	0	16764879	0	0	0	0	0	0	0	0	0	0	0	0	0	0	0	0	0	0	0	0	0.0
8043	paskalya_metini	KING	STONE	MELEE	30	100		NOMOVE	0		STUN,SLOW,CURSE,TERROR	0	metinstone_egg	0	0	0	0	0	0	0	0	0	0	0	80250	5	1	752	1692	150	0	181	9631	9635	0	2000	150	50164	0	0	0	0	0	0	0	38	11	31	19	10	10	38	31	0	0	0	0	100	100	0	0	0	0	0	0	0	0	0	0.0	0	0	16764879	0	0	0	0	0	0	0	0	0	0	0	0	0	0	0	0	0	0	0	0	0.0
8044	paskalya_metini	KING	STONE	MELEE	40	100		NOMOVE	0		STUN,SLOW,CURSE,TERROR	0	metinstone_egg	0	0	0	0	0	0	0	0	0	0	0	119700	5	1	992	2232	210	0	221	9641	9645	0	2000	150	50166	0	0	0	0	0	0	0	33	15	26	16	4	4	33	26	0	0	0	0	100	100	0	0	0	0	0	0	0	0	0	0.0	0	0	16764879	0	0	0	0	0	0	0	0	0	0	0	0	0	0	0	0	0	0	0	0	0.0
8045	paskalya_metini	KING	STONE	MELEE	50	100		NOMOVE	0		STUN,SLOW,CURSE,TERROR	0	metinstone_egg	0	0	0	0	0	0	0	0	0	0	0	167850	5	1	1232	2772	270	0	282	9651	9655	0	2000	150	50168	0	0	0	0	0	0	0	36	14	25	18	6	6	36	25	0	0	0	0	100	100	0	0	0	0	0	0	0	0	0	0.0	0	0	16764879	0	0	0	0	0	0	0	0	0	0	0	0	0	0	0	0	0	0	0	0	0.0
8046	paskalya_metini	KING	STONE	MELEE	60	100		NOMOVE	0		STUN,SLOW,CURSE,TERROR	0	metinstone_egg	0	0	0	0	0	0	0	0	0	0	0	226650	5	1	1472	3312	330	0	363	9661	9665	0	2000	150	50170	0	0	0	0	0	0	0	33	8	24	16	5	5	33	24	0	0	0	0	100	100	0	0	0	0	0	0	0	0	0	0.0	0	0	16764879	0	0	0	0	0	0	0	0	0	0	0	0	0	0	0	0	0	0	0	0	0.0
8047	paskalya_metini	KING	STONE	MELEE	70	100		NOMOVE	0		STUN,SLOW,CURSE,TERROR	0	metinstone_egg	0	0	0	0	0	0	0	0	0	0	0	296550	5	1	1712	3852	390	0	444	9671	9675	0	2000	150	50172	0	0	0	0	0	0	0	33	8	22	16	5	5	33	22	0	0	0	0	100	100	0	0	0	0	0	0	0	0	0	0.0	0	0	16764879	0	0	0	0	0	0	0	0	0	0	0	0	0	0	0	0	0	0	0	0	0.0
8048	paskalya_metini	KING	STONE	MELEE	80	100		NOMOVE	0		STUN,SLOW,CURSE,TERROR	0	metinstone_egg	0	0	0	0	0	0	0	0	0	0	0	584000	5	1	2072	4662	450	0	502	9681	9685	0	2000	150	50174	0	0	0	0	0	0	0	40	27	27	20	4	4	40	27	0	0	0	0	100	100	0	0	0	0	0	0	0	0	0	0.0	0	0	16764879	0	0	0	0	0	0	0	0	0	0	0	0	0	0	0	0	0	0	0	0	0.0
8049	paskalya_metini	KING	STONE	MELEE	90	100		NOMOVE	0		STUN,SLOW,CURSE,TERROR	0	metinstone_egg	0	0	0	0	0	0	0	0	0	0	0	905000	5	1	2392	5382	510	0	700	9691	9695	0	2000	150	50176	0	0	0	0	0	0	0	30	13	14	15	3	3	30	14	0	0	0	0	100	100	0	0	0	0	0	0	0	0	0	0.0	0	0	16764879	0	0	0	0	0	0	0	0	0	0	0	0	0	0	0	0	0	0	0	0	0.0
8050	paskalya_metini	KING	STONE	MELEE	95	100		NOMOVE	0		STUN,SLOW,CURSE,TERROR	0	metinstone_egg	0	0	0	0	0	0	0	0	0	0	0	1450000	5	1	2824	6354	690	0	730	9693	9697	0	2000	150	50178	0	0	0	0	0	0	0	29	13	13	14	3	3	29	13	0	0	0	0	100	100	0	0	0	0	0	0	0	0	0	0.0	0	0	16764879	0	0	0	0	0	0	0	0	0	0	0	0	0	0	0	0	0	0	0	0	0.0
8051	isiksizlik_metini	KING	STONE	MELEE	95	100		NOMOVE	0		STUN,SLOW,CURSE,TERROR	0	metinstone_02	0	0	0	95	0	0	0	0	0	0	0	1538500	5	1	2072	4662	51	0	95	3001	3007	0	2000	150	0	0	0	0	0	0	0	0	0	5	5	5	5	5	5	5	0	0	0	0	100	100	0	0	0	0	0	0	0	0	0	0.0	0	0	0	0	0	0	0	0	0	0	0	0	0	0	0	0	0	0	0	0	0	0	0	0.0
8052	korlugun_metini	KING	STONE	MELEE	95	100		NOMOVE	0		STUN,SLOW,CURSE,TERROR	0	metinstone_02	0	0	0	95	0	0	0	0	0	0	0	1538500	5	1	2072	4662	51	0	95	3051	3057	0	2000	150	0	0	0	0	0	0	0	0	0	5	5	5	5	5	5	5	0	0	0	0	100	100	0	0	0	0	0	0	0	0	0	0.0	0	0	0	0	0	0	0	0	0	0	0	0	0	0	0	0	0	0	0	0	0	0	0	0.0
8053	magrurlugun_metini	KING	STONE	MELEE	100	100		NOMOVE	0		STUN,SLOW,CURSE,TERROR	0	metinstone_02	0	0	0	100	0	0	0	0	0	0	0	2040000	5	1	2392	5382	51	0	100	3041	3047	0	2000	150	0	0	0	0	0	0	0	0	0	5	5	5	5	5	5	5	0	0	0	0	100	100	0	0	0	0	0	0	0	0	0	0.0	0	0	0	0	0	0	0	0	0	0	0	0	0	0	0	0	0	0	0	0	0	0	0	0.0
8054	ofkenin_metini	KING	STONE	MELEE	100	100		NOMOVE	0		STUN,SLOW,CURSE,TERROR	0	metinstone_02	0	0	0	100	0	0	0	0	0	0	0	2040000	5	1	2392	5382	51	0	100	3011	3017	0	2000	150	0	0	0	0	0	0	0	0	0	5	5	5	5	5	5	5	0	0	0	0	100	100	0	0	0	0	0	0	0	0	0	0.0	0	0	0	0	0	0	0	0	0	0	0	0	0	0	0	0	0	0	0	0	0	0	0	0.0
8055	felaketin_metini	KING	STONE	MELEE	105	100		NOMOVE	0		STUN,SLOW,CURSE,TERROR	0	metinstone_02	0	0	0	105	0	0	0	0	0	0	0	2550000	5	1	2824	6354	51	0	105	3081	3087	0	2000	150	0	0	0	0	0	0	0	0	0	5	5	5	5	5	5	5	0	0	0	0	100	100	0	0	0	0	0	0	0	0	0	0.0	0	0	0	0	0	0	0	0	0	0	0	0	0	0	0	0	0	0	0	0	0	0	0	0.0
8056	namertlik_metini	KING	STONE	MELEE	105	100		NOMOVE	0		STUN,SLOW,CURSE,TERROR	0	metinstone_02	0	0	0	105	0	0	0	0	0	0	0	2550000	5	1	2824	6354	51	0	105	3031	3037	0	2000	150	0	0	0	0	0	0	0	0	0	5	5	5	5	5	5	5	0	0	0	0	100	100	0	0	0	0	0	0	0	0	0	0.0	0	0	0	0	0	0	0	0	0	0	0	0	0	0	0	0	0	0	0	0	0	0	0	0.0
8057	cehennem_atesi_metini	KING	STONE	MELEE	100	100		NOMOVE	0		STUN,SLOW,CURSE,TERROR	0	metinstone_02	0	0	0	100	0	0	0	0	0	0	0	1200000	5	1	2392	5382	51	0	100	6005	6010	0	2000	150	0	0	0	0	0	0	0	0	0	0	0	0	0	0	0	0	0	0	0	0	100	100	0	0	0	0	0	0	0	0	0	0.0	0	0	0	0	0	0	0	0	0	0	0	0	0	0	0	0	0	0	0	0	0	0	0	0.0
8058	ayaz_metini	KING	STONE	MELEE	100	100		NOMOVE	0		STUN,SLOW,CURSE,TERROR	0	metinstone_02	0	0	0	100	0	0	0	0	0	0	0	1200000	5	1	0	0	51	0	100	6055	6060	0	2000	150	0	0	0	0	0	0	0	0	0	0	0	0	0	0	0	0	0	0	0	0	100	100	0	0	0	0	0	0	0	0	0	0.0	0	0	0	0	0	0	0	0	0	0	0	0	0	0	0	0	0	0	0	0	0	0	0	0.0
8059	agac_yaratigi_metini	KING	STONE	MELEE	105	100		NOMOVE	0		STUN,SLOW,CURSE,TERROR	0	metinstone	0	0	0	100	0	0	0	0	0	0	0	1410000	5	1	0	0	51	0	100	6311	6314	0	2000	150	0	0	0	0	0	0	0	0	0	5	5	5	5	5	5	5	0	0	0	0	100	100	0	0	0	0	0	0	0	0	0	0.0	0	0	0	0	0	0	0	0	0	0	0	0	0	0	0	0	0	0	0	0	0	0	0	0.0
8060	bal_kabagi_metini	KING	STONE	MELEE	10	100		NOMOVE	0		STUN,SLOW,CURSE,TERROR	0	metinstone_halloween	0	0	0	100	0	0	0	0	0	0	0	705000	5	1	0	0	51	0	100	8616	8616	0	2000	150	0	0	0	0	0	0	0	0	0	0	0	0	0	0	0	0	0	0	0	0	100	100	0	0	0	0	0	0	0	0	0	0.0	0	0	0	0	0	0	0	0	0	0	0	0	0	0	0	0	0	0	0	0	0	0	0	0.0
8061	orman_metini	KING	STONE	MELEE	120	100		NOMOVE	0		STUN,SLOW,CURSE,TERROR	0	metinstone	0	0	0	100	0	0	0	0	0	0	0	3200000	5	1	0	0	51	0	100	6330	6333	0	2000	150	0	0	0	0	0	0	0	0	0	5	5	5	5	5	5	5	0	0	0	0	100	100	0	0	0	0	0	0	0	0	0	0.0	0	0	153189242	0	0	0	0	0	0	0	0	0	0	0	0	0	0	0	0	0	0	0	0	0.0
8062	farkindalik_metini_(g)	KING	STONE	MELEE	120	100		NOMOVE	0		STUN,SLOW,TERROR	0	metinstone_east	0	0	0	100	0	0	0	0	0	0	0	3800000	5	1	0	0	0	1	100	6145	6147	0	2000	150	0	0	0	0	0	0	0	0	5	5	5	5	5	5	5	5	0	0	0	0	100	100	0	0	0	0	0	0	0	0	0	0.0	0	0	0	0	0	0	0	0	0	0	0	0	0	0	0	0	0	0	0	0	0	0	0	0.0
8063	takdir_metini	KING	STONE	MELEE	120	100		NOMOVE	0		STUN,SLOW,TERROR	0	metinstone_east	0	0	0	100	0	0	0	0	0	0	0	3800000	5	1	0	0	0	24	100	6145	6147	0	2000	150	0	0	0	0	0	0	0	0	5	5	5	5	5	5	5	5	0	0	0	0	100	100	0	0	0	0	0	0	0	0	0	0.0	0	0	0	0	0	0	0	0	0	0	0	0	0	0	0	0	0	0	0	0	0	0	0	0.0
8064	bilinc_metini	KING	STONE	MELEE	120	100		NOMOVE	0		STUN,SLOW,TERROR	0	metinstone_east	0	0	0	100	0	0	0	0	0	0	0	4200000	5	1	0	0	0	25	100	6149	6151	0	2000	150	0	0	0	0	0	0	0	0	5	5	5	5	5	5	5	5	0	0	0	0	100	100	0	0	0	0	0	0	0	0	0	0.0	0	0	0	0	0	0	0	0	0	0	0	0	0	0	0	0	0	0	0	0	0	0	0	0.0
8065	jin_metini	KING	STONE	MELEE	120	100		NOMOVE	0		STUN,SLOW,TERROR	0	metinstone_east	0	0	0	100	0	0	0	0	0	0	0	4600000	5	1	0	0	0	26	100	6176	6178	0	2000	150	0	0	0	0	0	0	0	0	5	5	5	5	5	5	5	5	0	0	0	0	100	100	0	0	0	0	0	0	0	0	0	0.0	0	0	0	0	0	0	0	0	0	0	0	0	0	0	0	0	0	0	0	0	0	0	0	0.0
8066	shiho_metini	KING	STONE	MELEE	120	100		NOMOVE	0		STUN,SLOW,TERROR	0	metinstone_east	0	0	0	100	0	0	0	50	15	0	0	5000000	5	1	0	0	0	27	100	6218	6220	0	2000	150	0	0	0	0	0	0	0	0	25	25	25	25	25	25	25	25	0	0	0	0	100	100	0	0	0	0	0	0	0	0	0	0.0	0	0	0	0	0	0	0	0	0	0	0	0	0	0	0	0	0	0	0	0	0	0	0	0.0
8067	farklandirma_metini	KING	STONE	MELEE	120	100		NOMOVE	0		STUN,SLOW,TERROR	0	metinstone_east	0	0	0	100	0	0	0	0	0	0	0	3800000	5	1	0	0	0	32	100	6194	6196	0	2000	150	0	0	0	0	0	0	0	0	5	5	5	5	5	5	5	5	0	0	0	0	100	100	0	0	0	0	0	0	0	0	0	0.0	0	0	0	0	0	0	0	0	0	0	0	0	0	0	0	0	0	0	0	0	0	0	0	0.0
8068	ates_yilani_metini	KING	STONE	MELEE	120	100		NOMOVE	0		STUN,SLOW,TERROR	0	metinstone_moonlight	0	0	0	100	0	0	0	55	18	0	0	7000000	5	1	0	0	0	72	100	6901	6918	0	2000	150	0	0	0	0	0	0	0	0	30	30	30	30	30	30	30	30	0	0	0	0	100	100	0	0	0	0	0	0	0	0	0	0.0	0	0	0	0	0	0	0	0	0	0	0	0	0	0	0	0	0	0	0	0	0	0	0	0.0
8076	mekan_yilani_metini	KING	STONE	MELEE	120	100		NOMOVE	0		STUN,SLOW,TERROR	0	metinstone_snake	0	0	0	100	0	0	0	50	15	0	0	5400000	5	1	0	0	0	30	100	6229	6230	0	2000	150	0	0	0	0	0	0	0	0	30	30	30	30	30	30	30	30	0	0	0	0	100	100	0	0	0	0	0	0	0	0	0	0.0	0	0	0	0	0	0	0	0	0	0	0	0	0	0	0	0	0	0	0	0	0	0	0	0.0
8077	gumarli_metin	KING	STONE	MELEE	120	100		NOMOVE	0		STUN,SLOW,TERROR	0	metinstone_east	0	0	0	100	0	0	0	50	15	0	0	5000000	5	1	0	0	0	27	100	6218	6220	0	2000	150	0	0	0	0	0	0	0	0	25	25	25	25	25	25	25	25	0	0	0	0	100	100	0	0	0	0	0	0	0	0	0	0.0	0	0	0	0	0	0	0	0	0	0	0	0	0	0	0	0	0	0	0	0	0	0	0	0.0
8101	uzuntu_metini	KING	STONE	SPECIAL	5	100		NOMOVE	0		STUN,SLOW,CURSE,TERROR	0	metinstone	0	0	0	0	0	0	0	0	0	0	0	193	5	1	0	0	42	0	8	100	100	0	2000	175	0	0	0	0	0	0	0	0	0	0	0	0	0	0	0	0	0	0	0	0	0	0	0	0	0	0	0	0	0	0	0	0.0	0	0	0	0	0	0	0	0	0	0	0	0	0	0	0	0	0	0	0	0	0	0	0	0.0
8102	dovus_metini	KING	STONE	SPECIAL	10	100		NOMOVE	0		STUN,SLOW,CURSE,TERROR	0	metinstone	0	0	0	0	0	0	0	0	0	0	0	309	5	1	0	0	82	0	14	100	100	0	2000	175	0	0	0	0	0	0	0	0	0	0	0	0	0	0	0	0	0	0	0	0	0	0	0	0	0	0	0	0	0	0	0	0.0	0	0	0	0	0	0	0	0	0	0	0	0	0	0	0	0	0	0	0	0	0	0	0	0.0
8103	savas_metini	KING	STONE	SPECIAL	15	100		NOMOVE	0		STUN,SLOW,CURSE,TERROR	0	metinstone	0	0	0	0	0	0	0	0	0	0	0	454	5	1	0	0	122	0	19	100	100	0	2000	175	0	0	0	0	0	0	0	0	0	0	0	0	0	0	0	0	0	0	0	0	0	0	0	0	0	0	0	0	0	0	0	0.0	0	0	0	0	0	0	0	0	0	0	0	0	0	0	0	0	0	0	0	0	0	0	0	0.0
8104	hirs_metini	KING	STONE	SPECIAL	20	100		NOMOVE	0		STUN,SLOW,CURSE,TERROR	0	metinstone	0	0	0	0	0	0	0	0	0	0	0	632	5	1	0	0	162	0	25	100	100	0	2000	175	0	0	0	0	0	0	0	0	0	0	0	0	0	0	0	0	0	0	0	0	0	0	0	0	0	0	0	0	0	0	0	0.0	0	0	0	0	0	0	0	0	0	0	0	0	0	0	0	0	0	0	0	0	0	0	0	0.0
8105	siyah_metin	KING	STONE	SPECIAL	25	100		NOMOVE	0		STUN,SLOW,CURSE,TERROR	0	metinstone	0	0	0	0	0	0	0	0	0	0	0	845	5	1	0	0	202	0	30	100	100	0	2000	175	0	0	0	0	0	0	0	0	0	0	0	0	0	0	0	0	0	0	0	0	0	0	0	0	0	0	0	0	0	0	0	0.0	0	0	0	0	0	0	0	0	0	0	0	0	0	0	0	0	0	0	0	0	0	0	0	0.0
8106	karanlik_metin	KING	STONE	SPECIAL	30	100		NOMOVE	0		STUN,SLOW,CURSE,TERROR	0	metinstone	0	0	0	0	0	0	0	0	0	0	0	1069	5	1	0	0	242	0	35	100	100	0	2000	175	0	0	0	0	0	0	0	0	0	0	0	0	0	0	0	0	0	0	0	0	0	0	0	0	0	0	0	0	0	0	0	0.0	0	0	0	0	0	0	0	0	0	0	0	0	0	0	0	0	0	0	0	0	0	0	0	0.0
8107	kiskanclik_metini	KING	STONE	SPECIAL	35	100		NOMOVE	0		STUN,SLOW,CURSE,TERROR	0	metinstone	0	0	0	0	0	0	0	0	0	0	0	1315	5	1	0	0	282	0	41	100	100	0	2000	175	0	0	0	0	0	0	0	0	0	0	0	0	0	0	0	0	0	0	0	0	0	0	0	0	0	0	0	0	0	0	0	0.0	0	0	0	0	0	0	0	0	0	0	0	0	0	0	0	0	0	0	0	0	0	0	0	0.0
8108	ruh_metini	KING	STONE	SPECIAL	40	100		NOMOVE	0		STUN,SLOW,CURSE,TERROR	0	metinstone	0	0	0	0	0	0	0	0	0	0	0	1591	5	1	0	0	322	0	46	100	100	0	2000	175	0	0	0	0	0	0	0	0	0	0	0	0	0	0	0	0	0	0	0	0	0	0	0	0	0	0	0	0	0	0	0	0.0	0	0	0	0	0	0	0	0	0	0	0	0	0	0	0	0	0	0	0	0	0	0	0	0.0
8109	golge_metini	KING	STONE	SPECIAL	45	100		NOMOVE	0		STUN,SLOW,CURSE,TERROR	0	metinstone	0	0	0	0	0	0	0	0	0	0	0	1898	5	1	0	0	362	0	52	100	100	0	2000	175	0	0	0	0	0	0	0	0	0	0	0	0	0	0	0	0	0	0	0	0	0	0	0	0	0	0	0	0	0	0	0	0.0	0	0	0	0	0	0	0	0	0	0	0	0	0	0	0	0	0	0	0	0	0	0	0	0.0
8110	dayaniklilik_metini	KING	STONE	SPECIAL	50	100		NOMOVE	0		STUN,SLOW,CURSE,TERROR	0	metinstone	0	0	0	0	0	0	0	0	0	0	0	2238	5	1	0	0	402	0	57	100	100	0	2000	175	0	0	0	0	0	0	0	0	0	0	0	0	0	0	0	0	0	0	0	0	0	0	0	0	0	0	0	0	0	0	0	0.0	0	0	0	0	0	0	0	0	0	0	0	0	0	0	0	0	0	0	0	0	0	0	0	0.0
8111	seytan_metini	KING	STONE	SPECIAL	55	100		NOMOVE	0		STUN,SLOW,CURSE,TERROR	0	metinstone	0	0	0	0	0	0	0	0	0	0	0	2612	5	1	0	0	442	0	63	100	100	0	2000	175	0	0	0	0	0	0	0	0	0	0	0	0	0	0	0	0	0	0	0	0	0	0	0	0	0	0	0	0	0	0	0	0.0	0	0	0	0	0	0	0	0	0	0	0	0	0	0	0	0	0	0	0	0	0	0	0	0.0
8112	dusus_metini	KING	STONE	SPECIAL	60	100		NOMOVE	0		STUN,SLOW,CURSE,TERROR	0	metinstone	0	0	0	0	0	0	0	0	0	0	0	3022	5	1	0	0	482	0	68	100	100	0	2000	175	0	0	0	0	0	0	0	0	0	0	0	0	0	0	0	0	0	0	0	0	0	0	0	0	0	0	0	0	0	0	0	0.0	0	0	0	0	0	0	0	0	0	0	0	0	0	0	0	0	0	0	0	0	0	0	0	0.0
8113	olum_metini	KING	STONE	SPECIAL	65	100		NOMOVE	0		STUN,SLOW,CURSE,TERROR	0	metinstone	0	0	0	0	0	0	0	0	0	0	0	3469	5	1	0	0	522	0	73	100	100	0	2000	175	0	0	0	0	0	0	0	0	0	0	0	0	0	0	0	0	0	0	0	0	0	0	0	0	0	0	0	0	0	0	0	0.0	0	0	0	0	0	0	0	0	0	0	0	0	0	0	0	0	0	0	0	0	0	0	0	0.0
8114	katil_metini	KING	STONE	SPECIAL	70	100		NOMOVE	0		STUN,SLOW,CURSE,TERROR	0	metinstone	0	0	0	0	0	0	0	0	0	0	0	3954	5	1	0	0	562	0	79	100	100	0	2000	175	0	0	0	0	0	0	0	0	0	0	0	0	0	0	0	0	0	0	0	0	0	0	0	0	0	0	0	0	0	0	0	0.0	0	0	0	0	0	0	0	0	0	0	0	0	0	0	0	0	0	0	0	0	0	0	0	0.0
8115	ay_metini	KING	STONE	SPECIAL	5	100		NOMOVE	0		STUN,SLOW,CURSE,TERROR	0	metinstone	0	0	0	6	0	0	0	0	0	0	0	845	5	1	0	0	1	0	8	5201	5202	0	2000	150	0	0	0	0	0	0	0	0	0	0	0	0	0	0	0	0	0	0	0	0	100	100	0	0	0	0	0	0	0	0	0	0.0	0	0	0	0	0	0	0	0	0	0	0	0	0	0	0	0	0	0	0	0	0	0	0	0.0
8120	zc:_dag_metini	KING	STONE	MELEE	111	100		NOMOVE	0		STUN,SLOW,TERROR	0	metinstone	0	0	0	70	0	0	0	0	0	0	0	500000	5	2	0	0	100	0	90	0	0	0	2000	150	0	0	0	0	0	0	0	0	0	0	0	0	0	0	0	0	0	0	0	0	100	100	0	0	0	0	0	0	0	0	0	0.0	0	0	16764879	0	0	0	0	0	0	0	0	0	0	0	0	0	0	0	0	0	0	0	0	0.0
8121	zc:_intikam_metini	KING	STONE	MELEE	111	100		NOMOVE	0		STUN,SLOW,TERROR	0	metinstone	0	0	0	70	0	0	0	0	0	0	0	500000	5	2	0	0	100	0	90	0	0	0	2000	150	0	0	0	0	0	0	0	0	0	0	0	0	0	0	0	0	0	0	0	0	100	100	0	0	0	0	0	0	0	0	0	0.0	0	0	16764879	0	0	0	0	0	0	0	0	0	0	0	0	0	0	0	0	0	0	0	0	0.0
8122	zc:_kimsesizlik_metini	KING	STONE	MELEE	111	100		NOMOVE	0		STUN,SLOW,TERROR	0	metinstone	0	0	0	70	0	0	0	0	0	0	0	500000	5	2	0	0	100	0	90	0	0	0	2000	150	0	0	0	0	0	0	0	0	0	0	0	0	0	0	0	0	0	0	0	0	100	100	0	0	0	0	0	0	0	0	0	0.0	0	0	16764879	0	0	0	0	0	0	0	0	0	0	0	0	0	0	0	0	0	0	0	0	0.0
8123	zc:_kibir_metini	KING	STONE	MELEE	111	100		NOMOVE	0		STUN,SLOW,TERROR	0	metinstone	0	0	0	70	0	0	0	0	0	0	0	500000	5	2	0	0	100	0	90	0	0	0	2000	150	0	0	0	0	0	0	0	0	0	0	0	0	0	0	0	0	0	0	0	0	100	100	0	0	0	0	0	0	0	0	0	0.0	0	0	16764879	0	0	0	0	0	0	0	0	0	0	0	0	0	0	0	0	0	0	0	0	0.0
8124	zc:_cehennm_atesi_metini	KING	STONE	MELEE	115	100		NOMOVE	0		STUN,SLOW,TERROR	0	metinstone_02	0	0	0	100	0	0	0	0	0	0	0	1200000	5	1	0	0	100	0	100	6025	6030	0	2000	150	0	0	0	0	0	0	0	0	0	0	0	0	0	0	0	0	0	0	0	0	100	100	0	0	0	0	0	0	0	0	0	0.0	0	0	0	0	0	0	0	0	0	0	0	0	0	0	0	0	0	0	0	0	0	0	0	0.0
8125	zc:_intikam_metini	KING	STONE	MELEE	115	100		NOMOVE	0		STUN,SLOW,TERROR	0	metinstone_02	0	0	0	100	0	0	0	0	0	0	0	1200000	5	1	0	0	100	0	100	6075	6080	0	2000	150	0	0	0	0	0	0	0	0	0	0	0	0	0	0	0	0	0	0	0	0	100	100	0	0	0	0	0	0	0	0	0	0.0	0	0	0	0	0	0	0	0	0	0	0	0	0	0	0	0	0	0	0	0	0	0	0	0.0
8126	zc:_agac_yaratigi_metini	KING	STONE	MELEE	120	100		NOMOVE	0		STUN,SLOW,TERROR	0	metinstone	0	0	0	100	0	0	0	0	0	0	0	1305000	5	1	0	0	100	0	100	6401	6404	0	2000	150	0	0	0	0	0	0	0	0	0	0	0	0	0	0	0	0	0	0	0	0	100	100	0	0	0	0	0	0	0	0	0	0.0	0	0	0	0	0	0	0	0	0	0	0	0	0	0	0	0	0	0	0	0	0	0	0	0.0
8127	zc:_orman_metini	KING	STONE	MELEE	125	100		NOMOVE	0		STUN,SLOW,TERROR	0	metinstone	0	0	0	100	0	0	0	0	0	0	0	1600000	5	1	0	0	100	0	100	6420	6423	0	2000	150	0	0	0	0	0	0	0	0	0	0	0	0	0	0	0	0	0	0	0	0	100	100	0	0	0	0	0	0	0	0	0	0.0	0	0	153189242	0	0	0	0	0	0	0	0	0	0	0	0	0	0	0	0	0	0	0	0	0.0
8130	ts:_dag_metini	KING	STONE	MELEE	111	100		NOMOVE	0		STUN,SLOW,TERROR	0	metinstone	0	0	0	70	0	0	0	0	0	0	0	500000	5	2	0	0	100	0	90	0	0	0	2000	150	0	0	0	0	0	0	0	0	0	0	0	0	0	0	0	0	0	0	0	0	100	100	0	0	0	0	0	0	0	0	0	0.0	0	0	16764879	0	0	0	0	0	0	0	0	0	0	0	0	0	0	0	0	0	0	0	0	0.0
8131	ts:_intikam_metini	KING	STONE	MELEE	111	100		NOMOVE	0		STUN,SLOW,TERROR	0	metinstone	0	0	0	70	0	0	0	0	0	0	0	500000	5	2	0	0	100	0	90	0	0	0	2000	150	0	0	0	0	0	0	0	0	0	0	0	0	0	0	0	0	0	0	0	0	100	100	0	0	0	0	0	0	0	0	0	0.0	0	0	16764879	0	0	0	0	0	0	0	0	0	0	0	0	0	0	0	0	0	0	0	0	0.0
8132	ts:_kimsesizlik_metini	KING	STONE	MELEE	111	100		NOMOVE	0		STUN,SLOW,TERROR	0	metinstone	0	0	0	70	0	0	0	0	0	0	0	500000	5	2	0	0	100	0	90	0	0	0	2000	150	0	0	0	0	0	0	0	0	0	0	0	0	0	0	0	0	0	0	0	0	100	100	0	0	0	0	0	0	0	0	0	0.0	0	0	16764879	0	0	0	0	0	0	0	0	0	0	0	0	0	0	0	0	0	0	0	0	0.0
8133	ts:_kibir_metini	KING	STONE	MELEE	111	100		NOMOVE	0		STUN,SLOW,TERROR	0	metinstone	0	0	0	70	0	0	0	0	0	0	0	500000	5	2	0	0	100	0	90	0	0	0	2000	150	0	0	0	0	0	0	0	0	0	0	0	0	0	0	0	0	0	0	0	0	100	100	0	0	0	0	0	0	0	0	0	0.0	0	0	16764879	0	0	0	0	0	0	0	0	0	0	0	0	0	0	0	0	0	0	0	0	0.0
8134	ts:_cehennm_atesi_metini	KING	STONE	MELEE	115	100		NOMOVE	0		STUN,SLOW,TERROR	0	metinstone_02	0	0	0	100	0	0	0	0	0	0	0	1200000	5	1	0	0	100	0	100	6105	6110	0	2000	150	0	0	0	0	0	0	0	0	0	0	0	0	0	0	0	0	0	0	0	0	100	100	0	0	0	0	0	0	0	0	0	0.0	0	0	0	0	0	0	0	0	0	0	0	0	0	0	0	0	0	0	0	0	0	0	0	0.0
8135	ts:_ayaz_metini	KING	STONE	MELEE	115	100		NOMOVE	0		STUN,SLOW,TERROR	0	metinstone_02	0	0	0	100	0	0	0	0	0	0	0	1200000	5	1	0	0	100	0	100	6125	6130	0	2000	150	0	0	0	0	0	0	0	0	0	0	0	0	0	0	0	0	0	0	0	0	100	100	0	0	0	0	0	0	0	0	0	0.0	0	0	0	0	0	0	0	0	0	0	0	0	0	0	0	0	0	0	0	0	0	0	0	0.0
8136	ts:_agac_yaratigi_metini	KING	STONE	MELEE	120	100		NOMOVE	0		STUN,SLOW,TERROR	0	metinstone	0	0	0	100	0	0	0	0	0	0	0	1305000	5	1	0	0	100	0	100	6411	6414	0	2000	150	0	0	0	0	0	0	0	0	0	0	0	0	0	0	0	0	0	0	0	0	100	100	0	0	0	0	0	0	0	0	0	0.0	0	0	0	0	0	0	0	0	0	0	0	0	0	0	0	0	0	0	0	0	0	0	0	0.0
8137	ts:_orman_metini	KING	STONE	MELEE	125	100		NOMOVE	0		STUN,SLOW,TERROR	0	metinstone	0	0	0	100	0	0	0	0	0	0	0	1600000	5	1	0	0	100	0	100	6430	6433	0	2000	150	0	0	0	0	0	0	0	0	0	0	0	0	0	0	0	0	0	0	0	0	100	100	0	0	0	0	0	0	0	0	0	0.0	0	0	153189242	0	0	0	0	0	0	0	0	0	0	0	0	0	0	0	0	0	0	0	0	0.0
8150	1._sinav_metini	KING	STONE	SPECIAL	30	100		NOMOVE	0		STUN,SLOW,TERROR	0	metinstone	0	0	0	36	0	0	0	0	0	0	0	100250	5	1	0	0	15	1	35	401	411	0	2000	175	0	0	0	0	0	0	0	0	0	0	0	0	0	0	0	0	0	0	0	0	100	100	0	0	0	0	0	0	0	0	0	0.0	0	0	0	0	0	0	0	0	0	0	0	0	0	0	0	0	0	0	0	0	0	0	0	0.0
8151	2._sinav_metini	KING	STONE	SPECIAL	45	100		NOMOVE	0		STUN,SLOW,TERROR	0	metinstone	0	0	0	48	0	0	0	0	0	0	0	179700	5	1	0	0	21	1	46	601	614	0	2000	175	0	0	0	0	0	0	0	0	0	0	0	0	0	0	0	0	0	0	0	0	100	100	0	0	0	0	0	0	0	0	0	0.0	0	0	0	0	0	0	0	0	0	0	0	0	0	0	0	0	0	0	0	0	0	0	0	0.0
8152	3._sinav_metini	KING	STONE	SPECIAL	55	100		NOMOVE	0		STUN,SLOW,TERROR	0	metinstone	0	0	0	60	0	0	0	0	0	0	0	267850	5	1	0	0	27	1	57	7019	7020	0	2000	175	0	0	0	0	0	0	0	0	0	0	0	0	0	0	0	0	0	0	0	0	100	100	0	0	0	0	0	0	0	0	0	0.0	0	0	0	0	0	0	0	0	0	0	0	0	0	0	0	0	0	0	0	0	0	0	0	0.0
8153	4._sinav_metini	KING	STONE	SPECIAL	75	100		NOMOVE	0		STUN,SLOW,TERROR	0	metinstone	0	0	0	72	0	0	0	0	0	0	0	326650	5	1	0	0	33	1	68	2431	2432	0	2000	175	0	0	0	0	0	0	0	0	0	0	0	0	0	0	0	0	0	0	0	0	100	100	0	0	0	0	0	0	0	0	0	0.0	0	0	0	0	0	0	0	0	0	0	0	0	0	0	0	0	0	0	0	0	0	0	0	0.0
8154	5._sinav_metini	KING	STONE	SPECIAL	80	100		NOMOVE	0		STUN,SLOW,TERROR	0	metinstone	0	0	0	86	0	0	0	0	0	0	0	496550	5	1	0	0	39	1	79	2435	2437	0	2000	175	0	0	0	0	0	0	0	0	0	0	0	0	0	0	0	0	0	0	0	0	100	100	0	0	0	0	0	0	0	0	0	0.0	0	0	0	0	0	0	0	0	0	0	0	0	0	0	0	0	0	0	0	0	0	0	0	0.0
8155	6._sinav_metini	KING	STONE	SPECIAL	85	100		NOMOVE	0		STUN,SLOW,TERROR	0	metinstone	0	0	0	88	0	0	0	0	0	0	0	784000	5	1	0	0	45	1	88	6051	6053	0	2000	175	0	0	0	0	0	0	0	0	0	0	0	0	0	0	0	0	0	0	0	0	100	100	0	0	0	0	0	0	0	0	0	0.0	0	0	0	0	0	0	0	0	0	0	0	0	0	0	0	0	0	0	0	0	0	0	0	0.0
8156	7._sinav_metini	KING	STONE	SPECIAL	95	100		NOMOVE	0		STUN,SLOW,TERROR	0	metinstone	0	0	0	91	0	0	0	0	0	0	0	1005000	5	1	0	0	51	1	91	2443	2444	0	2000	175	0	0	0	0	0	0	0	0	0	0	0	0	0	0	0	0	0	0	0	0	100	100	0	0	0	0	0	0	0	0	0	0.0	0	0	0	0	0	0	0	0	0	0	0	0	0	0	0	0	0	0	0	0	0	0	0	0.0
8157	8._sinav_metini	KING	STONE	SPECIAL	105	100		NOMOVE	0		STUN,SLOW,TERROR	0	metinstone	0	0	0	95	0	0	0	0	0	0	0	1300000	5	1	0	0	51	1	95	6010	6011	0	2000	175	0	0	0	0	0	0	0	0	0	0	0	0	0	0	0	0	0	0	0	0	100	100	0	0	0	0	0	0	0	0	0	0.0	0	0	0	0	0	0	0	0	0	0	0	0	0	0	0	0	0	0	0	0	0	0	0	0.0
8158	9._sinav_metini	KING	STONE	SPECIAL	115	100		NOMOVE	0		STUN,SLOW,TERROR	0	metinstone	0	0	0	105	0	0	0	0	0	0	0	1700000	5	1	0	0	51	1	105	6401	6403	0	2000	175	0	0	0	0	0	0	0	0	0	0	0	0	0	0	0	0	0	0	0	0	100	100	0	0	0	0	0	0	0	0	0	0.0	0	0	0	0	0	0	0	0	0	0	0	0	0	0	0	0	0	0	0	0	0	0	0	0.0
8159	10._sinav_metini	KING	STONE	SPECIAL	120	100		NOMOVE	0		STUN,SLOW,TERROR	0	metinstone_east	0	0	0	110	0	0	0	0	0	0	0	2200000	5	1	0	0	51	1	120	6195	6196	0	2000	175	0	0	0	0	0	0	0	0	0	0	0	0	0	0	0	0	0	0	0	0	100	100	0	0	0	0	0	0	0	0	0	0.0	0	0	0	0	0	0	0	0	0	0	0	0	0	0	0	0	0	0	0	0	0	0	0	0.0
8200	cikolata_metin_tasi	KING	STONE	MELEE	10	100		NOMOVE	0		STUN,SLOW,CURSE,TERROR	0	metinstone_valentine01	0	0	0	100	0	0	0	0	0	0	0	1600000	5	1	0	0	51	0	100	6330	6333	0	2000	150	0	0	0	0	0	0	0	0	0	0	0	0	0	0	0	0	0	0	0	0	100	100	0	0	0	0	0	0	0	0	0	0.0	0	0	0	0	0	0	0	0	0	0	0	0	0	0	0	0	0	0	0	0	0	0	0	0.0
8201	cikolata_metin_tasi	KING	STONE	MELEE	10	100		NOMOVE	0		STUN,SLOW,CURSE,TERROR	0	metinstone_valentine02	0	0	0	100	0	0	0	0	0	0	0	1600000	5	1	0	0	51	0	100	6330	6333	0	2000	150	0	0	0	0	0	0	0	0	0	0	0	0	0	0	0	0	0	0	0	0	100	100	0	0	0	0	0	0	0	0	0	0.0	0	0	0	0	0	0	0	0	0	0	0	0	0	0	0	0	0	0	0	0	0	0	0	0.0
8202	buz_topu	KING	STONE	MELEE	10	100		NOMOVE	0		STUN,SLOW,TERROR	0	metinstone_icecream	0	0	0	100	0	0	0	0	0	0	0	1600000	5	1	0	0	51	0	100	6330	6333	0	2000	150	0	0	0	0	0	0	0	0	0	0	0	0	0	0	0	0	0	0	0	0	0	0	0	0	0	0	0	0	0	0	0	0.0	0	0	0	0	0	0	0	0	0	0	0	0	0	0	0	0	0	0	0	0	0	0	0	0.0
8203	aydinlanma_metini	KING	STONE	MELEE	10	100		NOMOVE	0		STUN,SLOW,TERROR	0	metinstone_kareem	0	0	0	100	0	0	0	0	0	0	0	1600000	5	1	0	0	51	0	100	6330	6333	0	2000	150	0	0	0	0	0	0	0	0	0	0	0	0	0	0	0	0	0	0	0	0	100	100	0	0	0	0	0	0	0	0	0	0.0	0	0	0	0	0	0	0	0	0	0	0	0	0	0	0	0	0	0	0	0	0	0	0	0.0
8204	yumurta_bayrami_metini	KING	STONE	MELEE	100	100		NOMOVE	0		STUN,SLOW,TERROR	0	metinstone_egg	0	0	0	100	0	0	0	0	0	0	0	1200000	5	1	0	0	51	0	100	9691	9699	0	2000	150	0	0	0	0	0	0	0	0	40	27	27	20	6	6	40	27	0	0	0	0	100	100	0	0	0	0	0	0	0	0	0	0.0	0	0	16764879	0	0	0	0	0	0	0	0	0	0	0	0	0	0	0	0	0	0	0	0	0.0
8205	yumurta_bayrami_metini	KING	STONE	MELEE	105	100		NOMOVE	0		STUN,SLOW,TERROR	0	metinstone_egg	0	0	0	105	0	0	0	0	0	0	0	1500000	5	1	0	0	51	0	105	9696	9701	0	2000	150	0	0	0	0	0	0	0	0	40	27	27	20	6	6	40	27	0	0	0	0	100	100	0	0	0	0	0	0	0	0	0	0.0	0	0	16764879	0	0	0	0	0	0	0	0	0	0	0	0	0	0	0	0	0	0	0	0	0.0
8206	yumurta_bayrami_metini	KING	STONE	MELEE	120	100		NOMOVE	0		STUN,SLOW,TERROR	0	metinstone_egg	0	0	0	100	0	0	0	0	0	0	0	1600000	5	1	0	0	51	0	100	9696	9702	0	2000	150	0	0	0	0	0	0	0	0	40	27	27	20	6	6	40	27	0	0	0	0	100	100	0	0	0	0	0	0	0	0	0	0.0	0	0	16764879	0	0	0	0	0	0	0	0	0	0	0	0	0	0	0	0	0	0	0	0	0.0
8207	futbol_metini	KING	STONE	MELEE	10	100		NOMOVE	0		STUN,SLOW,TERROR	0	metinstone_worldcup	0	0	0	100	0	0	0	0	0	0	0	1600000	5	1	0	0	51	0	100	6330	6333	0	2000	150	0	0	0	0	0	0	0	0	0	0	0	0	0	0	0	0	0	0	0	0	0	0	0	0	0	0	0	0	0	0	0	0.0	0	0	0	0	0	0	0	0	0	0	0	0	0	0	0	0	0	0	0	0	0	0	0	0.0
8208	부활석	KING	STONE	MELEE	120	100		NOMOVE	0		STUN,SLOW,TERROR	0	metinstone_egg	0	0	0	100	0	0	0	0	0	0	0	2500000	5	1	0	0	0	32	100	9704	9706	0	2000	150	0	0	0	0	0	0	0	0	40	30	30	30	20	20	40	27	0	0	20	0	100	100	0	0	0	0	0	0	0	0	0	0.0	0	0	16764879	0	0	0	0	0	0	0	0	0	0	0	0	0	0	0	0	0	0	0	0	0.0
8209	부활석	KING	STONE	MELEE	120	100		NOMOVE	0		STUN,SLOW,TERROR	0	metinstone_egg	0	0	0	100	0	0	0	0	0	0	0	3500000	5	1	0	0	0	44	100	9707	9708	0	2000	150	0	0	0	0	0	0	0	0	40	30	30	30	20	20	40	27	0	0	20	0	100	100	0	0	0	0	0	0	0	0	0	0.0	0	0	16764879	0	0	0	0	0	0	0	0	0	0	0	0	0	0	0	0	0	0	0	0	0.0
8501	yabani_kopek	PAWN	MONSTER	MELEE	35	100			0	ANIMAL		0	stray_dog	0	59	44	30	15	0	0	0	0	95	116	1472	3	5	124	186	1200	0	74	100	170	100	2000	150	0	0	0	0	0	0	0	0	0	0	0	0	0	0	0	0	0	0	0	0	0	0	0	0	0	0	0	0	0	0	0	0.0	0	0	16764159	70104	0	0	0	0	0	0	0	0	0	0	0	0	0	0	0	0	0	0	0	0.0
8502	yaban_domuzu	PAWN	MONSTER	MELEE	30	100			0	ANIMAL		0	wild_boar	0	47	35	24	12	0	0	0	0	78	95	1184	3	5	100	150	1100	0	66	100	170	100	2000	150	30004	0	0	0	0	0	5	0	0	0	0	0	0	0	0	0	0	0	0	0	0	0	0	0	0	0	0	0	0	0	0	0.0	0	0	16764159	0	0	0	0	0	0	0	0	0	0	0	0	0	0	0	0	0	0	0	0	0.0
8503	ayi	PAWN	MONSTER	MELEE	25	100			0	ANIMAL		0	bear	0	40	30	20	10	0	0	0	0	53	98	994	3	5	224	337	900	0	58	100	150	100	2000	150	30010	0	0	0	0	0	0	0	0	0	0	0	0	0	0	0	0	0	0	0	0	0	0	0	0	0	0	0	0	0	0	0.0	0	0	16764159	70104	0	0	0	0	0	0	0	0	0	0	0	0	0	0	0	0	0	0	0	0.0
8504	beyaz_kaplan	PAWN	MONSTER	MELEE	5	100			0	ANIMAL		0	tiger	0	9	12	6	3	0	0	0	0	25	38	235	3	5	30	45	500	0	9	100	100	25	2000	150	30023	0	0	0	0	0	0	0	0	0	0	0	0	0	0	0	0	0	0	0	0	0	0	0	0	0	0	0	0	0	0	0.0	0	0	16764159	0	0	0	0	0	0	0	0	0	0	0	0	0	0	0	0	0	0	0	0	0.0
8505	siyah_dev_ork	PAWN	MONSTER	MELEE	10	100			0	ORC		0	orc_bigblack	0	22	9	13	4	0	0	0	0	35	43	408	3	5	56	84	400	0	14	80	100	30	2000	150	30077	0	0	0	0	1	0	0	0	0	0	0	0	0	0	0	0	0	0	0	0	0	0	0	0	0	0	0	0	0	0	0.0	0	0	16764159	0	0	0	0	0	0	0	0	0	0	0	0	0	0	0	0	0	0	0	0	0.0
8506	agac_kurbagasi_lideri	PAWN	MONSTER	MELEE	12	100			0			0	greenfrog_general	0	20	10	20	5	0	0	0	0	39	47	399	3	5	44	67	400	0	16	100	70	40	2000	150	30061	0	0	0	0	0	10	5	0	0	0	0	0	0	0	0	0	0	0	-70	0	0	0	0	0	1	0	0	0	0	0	0.0	0	0	16764159	0	0	0	0	0	0	0	0	0	0	0	0	0	0	0	0	0	0	0	0	0.0
8507	col_haydutu	PAWN	MONSTER	MELEE	15	100			0	DESERT		0	outlaw	0	14	17	34	6	0	0	0	0	44	53	599	3	5	76	114	200	0	19	100	100	40	2000	150	0	0	0	0	0	0	5	5	0	0	0	0	0	0	0	0	0	0	0	0	0	0	0	0	0	0	0	0	0	0	0	0.0	0	0	16764159	0	0	0	0	0	0	0	0	0	0	0	0	0	0	0	0	0	0	0	0	0.0
8508	mistik_iskenceci	PAWN	MONSTER	MELEE	20	100			0	MILGYO		0	milgyo_monster1	0	36	19	27	9	0	0	0	0	52	64	887	3	5	160	240	500	0	25	100	120	100	2000	150	30080	0	0	0	0	0	5	5	0	0	0	0	0	0	0	0	0	0	10	0	0	0	0	0	0	0	0	0	0	0	0	0.0	0	0	16764159	0	0	0	0	0	0	0	0	0	0	0	0	0	0	0	0	0	0	0	0	0.0
8509	mistik_haberci	PAWN	MONSTER	MELEE	25	100			0	MILGYO		0	milgyo_monster2	0	42	28	56	14	0	0	0	0	91	111	450	3	5	119	178	300	0	50	100	100	35	2000	150	0	0	0	0	0	0	5	5	0	0	0	0	0	0	0	0	0	0	10	0	0	0	0	0	0	0	0	0	0	0	0	0.0	0	0	16764159	0	0	0	0	0	0	0	0	0	0	0	0	0	0	0	0	0	0	0	0	0.0
8510	alev_savasci	PAWN	MONSTER	MELEE	21	100			0			0	fire_knight	0	37	19	28	9	0	0	0	0	46	85	321	3	5	150	225	300	0	29	100	120	100	2000	150	0	0	0	0	0	0	5	5	0	0	0	0	0	0	0	0	-70	0	0	0	0	0	0	1	0	0	0	0	0	0	0	0.0	0	0	16764159	0	0	0	0	0	0	0	0	0	0	0	0	0	0	0	0	0	0	0	0	0.0
8511	buz_golemi	PAWN	MONSTER	MELEE	11	100			0			0	ice_snow_golem	0	16	16	32	8	0	0	0	0	37	45	591	3	5	77	116	300	0	15	100	120	100	2000	150	30080	0	0	0	0	0	5	5	0	0	0	0	0	0	0	0	0	0	10	0	0	0	0	0	1	0	0	0	0	-70	0	0.0	0	0	16764159	0	0	0	0	0	0	0	0	0	0	0	0	0	0	0	0	0	0	0	0	0.0
8600	aaa	BOSS	MONSTER	MELEE	73	100		AGGR,BERSERK,STONESKIN,DEATHBLOW,REVIVE	0	ORC	STUN,SLOW,CURSE,TERROR	0	orc_lord	0	122	91	61	30	0	0	0	0	150	278	700000	30	5	23400	35100	356400	0	90	150	160	100	2000	350	0	0	0	0	0	0	15	20	50	30	25	30	30	30	50	25	0	0	50	0	20	20	0	0	0	0	0	0	0	0	0	0.0	1039	10	0	0	35	256	0	0	0	0	0	0	0	0	0	0	0	0	0	0	0	0	0	0.0
8601	aaa	KING	MONSTER	MELEE	86	100		AGGR,BERSERK,STONESKIN,DEATHBLOW,REVIVE	0	ORC	STUN,SLOW,CURSE,TERROR	0	orc_lord	0	122	91	61	30	0	0	0	0	150	278	1000000	30	5	23400	35100	356400	0	90	150	160	100	2000	350	0	0	0	0	0	0	15	20	50	30	25	30	30	30	50	25	0	0	50	0	20	20	0	0	0	0	0	0	0	0	0	1.0	1137	10	0	0	35	256	0	0	0	0	0	0	0	0	0	0	0	0	0	0	0	0	0	0.0
8602	aaa	BOSS	MONSTER	MELEE	73	100		AGGR,BERSERK,STONESKIN,DEATHBLOW,REVIVE	0	MILGYO	STUN,SLOW,CURSE,TERROR	0	milgyo_founder	0	122	91	61	30	0	0	0	0	150	278	700000	30	5	23400	35100	356400	0	90	150	160	100	2000	350	0	0	0	0	0	0	15	20	50	30	25	30	30	30	50	25	0	0	50	0	20	20	0	0	0	0	0	0	0	0	0	0.0	1039	10	0	0	35	257	35	258	0	0	0	0	0	0	0	0	0	0	0	0	0	0	0	0.0
8603	aaa	KING	MONSTER	MELEE	86	100		AGGR,BERSERK,STONESKIN,DEATHBLOW,REVIVE	0	MILGYO	STUN,SLOW,CURSE,TERROR	0	milgyo_founder	0	122	91	61	30	0	0	0	0	150	278	1000000	30	5	23400	35100	356400	0	90	150	160	100	2000	350	0	0	0	0	0	0	15	20	50	30	25	30	30	30	50	25	0	0	50	0	20	20	0	0	0	0	0	0	0	0	0	1.0	1137	10	0	0	35	257	35	258	0	0	0	0	0	0	0	0	0	0	0	0	0	0	0	0.0
8604	aaa	BOSS	MONSTER	MELEE	73	100		AGGR,BERSERK,STONESKIN,DEATHBLOW,REVIVE	0	DEVIL	STUN,SLOW,CURSE,TERROR	0	skeleton_king	0	122	91	61	30	0	0	0	0	150	278	700000	30	5	23400	35100	356400	0	90	150	160	100	2000	350	0	0	0	0	0	0	15	20	50	30	25	30	30	30	50	25	0	0	50	0	20	20	0	0	0	0	0	0	0	0	0	0.0	1039	10	16756141	0	30	256	0	0	0	0	0	0	0	0	0	0	0	0	0	0	0	0	0	0.0
8605	aaa	KING	MONSTER	MELEE	86	100		AGGR,BERSERK,STONESKIN,DEATHBLOW,REVIVE	0	DEVIL	STUN,SLOW,CURSE,TERROR	0	skeleton_king	0	122	91	61	30	0	0	0	0	150	278	1000000	30	5	23400	35100	356400	0	90	150	160	100	2000	350	0	0	0	0	0	0	15	20	50	30	25	30	30	30	50	25	0	0	50	0	20	20	0	0	0	0	0	0	0	0	0	1.0	1137	10	16756141	0	30	256	0	0	0	0	0	0	0	0	0	0	0	0	0	0	0	0	0	0.0
8606	aaa	BOSS	MONSTER	MELEE	73	100		AGGR,BERSERK,STONESKIN,DEATHBLOW,REVIVE	0	UNDEAD	STUN,SLOW,CURSE,TERROR	0	skeleton_god	0	122	91	61	30	0	0	0	0	150	278	700000	30	5	23400	35100	356400	0	90	150	160	100	2000	350	0	0	0	0	0	0	15	20	50	30	25	30	30	30	50	25	0	0	50	0	20	20	0	0	0	0	0	0	0	0	0	0.0	1039	10	0	0	10	259	40	260	0	0	0	0	0	0	0	0	0	0	0	0	0	0	0	0.0
8607	aaa	KING	MONSTER	MELEE	86	100		AGGR,BERSERK,STONESKIN,DEATHBLOW,REVIVE	0	UNDEAD	STUN,SLOW,CURSE,TERROR	0	skeleton_god	0	122	91	61	30	0	0	0	0	150	278	1000000	30	5	23400	35100	356400	0	90	150	160	100	2000	350	0	0	0	0	0	0	15	20	50	30	25	30	30	30	50	25	0	0	50	0	20	20	0	0	0	0	0	0	0	0	0	1.0	1137	10	0	0	10	259	40	260	0	0	0	0	0	0	0	0	0	0	0	0	0	0	0	0.0
8608	aaa	BOSS	MONSTER	MELEE	73	100		AGGR,BERSERK,STONESKIN,DEATHBLOW,REVIVE	0		STUN,SLOW,CURSE,TERROR	0	fox_ninetail	0	122	91	61	30	0	0	0	0	150	278	700000	30	5	23400	35100	356400	0	90	150	160	100	2000	350	0	0	0	0	0	0	15	20	50	30	25	30	30	30	50	25	0	0	50	0	20	20	0	0	1	0	0	0	0	-30	0	0.0	1039	10	0	0	35	258	40	259	0	0	0	0	0	0	0	0	0	0	0	0	0	0	0	0.0
8609	aaa	KING	MONSTER	MELEE	86	100		AGGR,BERSERK,STONESKIN,DEATHBLOW,REVIVE	0		STUN,SLOW,CURSE,TERROR	0	fox_ninetail	0	122	91	61	30	0	0	0	0	150	278	1000000	30	5	23400	35100	356400	0	90	150	160	100	2000	350	0	0	0	0	0	0	15	20	50	30	25	30	30	30	50	25	0	0	50	0	20	20	0	0	1	0	0	0	0	-20	0	1.0	1137	10	0	0	35	258	40	259	0	0	0	0	0	0	0	0	0	0	0	0	0	0	0	0.0
8610	aaa	BOSS	MONSTER	MELEE	73	100		AGGR,BERSERK,STONESKIN,DEATHBLOW,REVIVE	0		STUN,SLOW,CURSE,TERROR	0	yellow_tigerman	0	122	91	61	30	0	0	0	0	150	278	700000	30	5	23400	35100	356400	0	90	150	160	100	2000	350	0	0	0	0	0	0	15	20	50	30	25	30	30	30	50	25	0	0	50	-30	20	20	0	0	0	1	0	0	0	0	0	0.0	1039	10	0	0	40	258	0	0	0	0	0	0	0	0	0	0	0	0	0	0	0	0	0	0.0
8611	aaa	KING	MONSTER	MELEE	86	100		AGGR,BERSERK,STONESKIN,DEATHBLOW,REVIVE	0		STUN,SLOW,CURSE,TERROR	0	yellow_tigerman	0	122	91	61	30	0	0	0	0	150	278	1000000	30	5	23400	35100	356400	0	90	150	160	100	2000	350	0	0	0	0	0	0	15	20	50	30	25	30	30	30	50	25	0	0	50	-20	20	20	0	0	0	1	0	0	0	0	0	1.0	1137	10	0	0	40	258	0	0	0	0	0	0	0	0	0	0	0	0	0	0	0	0	0	0.0
8612	aaa	BOSS	MONSTER	MELEE	73	100		AGGR,BERSERK,STONESKIN,DEATHBLOW,REVIVE	0	INSECT	STUN,SLOW,CURSE,TERROR	0	spider_queen	0	122	91	61	30	0	0	0	0	150	278	700000	30	5	23400	35100	356400	0	90	150	160	100	2000	350	0	0	0	0	0	0	15	20	50	30	25	30	30	30	50	25	0	0	50	0	20	20	0	0	0	0	0	0	0	0	0	0.0	1039	10	0	0	40	261	0	0	0	0	0	0	0	0	0	0	0	0	0	0	0	0	0	0.0
8613	aaa	KING	MONSTER	MELEE	86	100		AGGR,BERSERK,STONESKIN,DEATHBLOW,REVIVE	0	INSECT	STUN,SLOW,CURSE,TERROR	0	spider_queen	0	122	91	61	30	0	0	0	0	150	278	1000000	30	5	23400	35100	356400	0	90	150	160	100	2000	350	0	0	0	0	0	0	15	20	50	30	25	30	30	30	50	25	0	0	50	0	20	20	0	0	0	0	0	0	0	0	0	1.0	1137	10	0	0	40	261	0	0	0	0	0	0	0	0	0	0	0	0	0	0	0	0	0	0.0
8614	aaa	BOSS	MONSTER	MELEE	73	100		AGGR,BERSERK,STONESKIN,DEATHBLOW,REVIVE	0	DESERT	STUN,SLOW,CURSE,TERROR	0	giant_desert_turtle	0	122	91	61	30	0	0	0	0	150	278	700000	30	5	23400	35100	356400	0	90	150	160	100	2000	350	0	0	0	0	0	0	15	20	50	30	25	30	30	30	50	25	0	0	50	0	20	20	0	0	0	0	0	0	0	0	0	0.0	1039	10	16764879	0	40	256	30	256	0	0	0	0	0	0	0	0	0	0	0	0	0	0	0	0.0
8615	aaa	KING	MONSTER	MELEE	86	100		AGGR,BERSERK,STONESKIN,DEATHBLOW,REVIVE	0	DESERT	STUN,SLOW,CURSE,TERROR	0	giant_desert_turtle	0	122	91	61	30	0	0	0	0	150	278	1000000	30	5	23400	35100	356400	0	90	150	160	100	2000	350	0	0	0	0	0	0	15	20	50	30	25	30	30	30	50	25	0	0	50	0	20	20	0	0	0	0	0	0	0	0	0	1.0	1137	10	16764879	0	40	256	30	256	0	0	0	0	0	0	0	0	0	0	0	0	0	0	0	0.0
8616	billy_loomis	S_KNIGHT	MONSTER	MELEE	15	150		AGGR,BERSERK,DEATHBLOW,REVIVE	0	HUMAN	STUN,SLOW,CURSE,TERROR	0	blacksmith_boss	0	63	94	106	31	0	0	0	0	119	146	17515	5	10	0	0	32987	0	50	100	100	50	2000	150	0	0	0	0	0	0	5	15	20	0	-5	-5	0	0	20	0	0	0	0	-40	0	0	0	0	0	1	0	0	0	0	0	1.0	0	10	0	0	0	0	0	0	0	0	0	0	0	0	0	0	0	0	0	0	0	0	0	0.0
8617	jack_torrance	S_KNIGHT	MONSTER	MELEE	30	150		AGGR,BERSERK,DEATHBLOW,REVIVE	0	HUMAN	STUN,SLOW,CURSE,TERROR	0	blacksmith_boss	0	71	35	53	18	0	0	0	0	126	152	28481	5	10	0	0	32987	0	69	100	120	50	2000	150	0	0	0	0	3	0	5	15	20	0	-5	-5	0	0	20	0	0	0	0	-40	0	0	0	0	0	1	0	0	0	0	0	1.0	0	10	0	0	0	0	0	0	0	0	0	0	0	0	0	0	0	0	0	0	0	0	0	0.0
8618	chucky	S_KNIGHT	MONSTER	MELEE	50	150		AGGR,BERSERK,DEATHBLOW,REVIVE	0	HUMAN	STUN,SLOW,CURSE,TERROR	0	blacksmith_boss	0	72	36	26	18	0	0	0	0	115	173	45919	5	10	0	0	32987	0	83	100	110	50	2000	150	0	0	0	0	3	0	5	15	20	0	-5	-5	0	0	20	0	0	0	0	-40	0	0	0	0	0	1	0	0	0	0	0	1.0	0	10	0	0	0	0	0	0	0	0	0	0	0	0	0	0	0	0	0	0	0	0	0	0.0
8619	zep_hindle	S_KNIGHT	MONSTER	MELEE	65	150		AGGR,BERSERK,DEATHBLOW,REVIVE	0	HUMAN	STUN,SLOW,CURSE,TERROR	0	blacksmith_boss	0	72	52	36	18	0	0	0	0	108	190	60348	5	10	0	0	32987	0	91	100	120	50	2000	150	0	0	0	0	3	0	5	15	20	0	-5	-10	0	0	20	0	0	0	0	-40	0	0	0	0	0	1	0	0	0	0	0	1.0	0	10	0	0	0	0	0	0	0	0	0	0	0	0	0	0	0	0	0	0	0	0	0	0.0
8620	jason	S_KNIGHT	MONSTER	MELEE	75	160		AGGR,BERSERK,DEATHBLOW,REVIVE	0	HUMAN	STUN,SLOW,TERROR	0	blacksmith_boss	0	70	53	35	17	0	0	0	0	190	233	80540	30	5	0	0	32987	0	104	100	110	100	2000	150	0	0	0	0	5	0	5	15	20	0	-5	-10	0	0	20	0	0	0	0	-40	0	0	0	0	0	1	0	0	0	0	0	1.0	0	10	0	0	0	0	0	0	0	0	0	0	0	0	0	0	0	0	0	0	0	0	0	0.0
8621	michael_myers	S_KNIGHT	MONSTER	MELEE	85	170		AGGR,BERSERK,DEATHBLOW,REVIVE	0	HUMAN	STUN,SLOW,TERROR	0	blacksmith_boss	0	95	127	63	31	0	0	0	0	161	256	101785	30	5	0	0	32987	0	126	100	110	100	2000	150	0	0	0	0	5	0	5	15	20	0	-5	-15	0	0	20	0	0	0	0	-40	0	0	0	0	0	1	0	0	0	0	0	1.0	0	15	0	0	0	0	0	0	0	0	0	0	0	0	0	0	0	0	0	0	0	0	0	0.0
8622	freddy_kruger	S_KNIGHT	MONSTER	MELEE	95	180		AGGR,BERSERK,DEATHBLOW,REVIVE	0	HUMAN	STUN,SLOW,TERROR	0	blacksmith_boss	0	63	65	131	32	0	0	0	0	183	285	331540	30	5	0	0	32987	0	147	100	110	100	2000	150	0	0	0	0	5	0	5	15	20	0	-5	-25	0	0	20	0	0	0	0	-40	0	0	0	0	0	1	0	0	0	0	0	2.0	0	15	0	0	0	0	0	0	0	0	0	0	0	0	0	0	0	0	0	0	0	0	0	0.0
8623	deri_surat	S_KNIGHT	MONSTER	MELEE	110	190		AGGR,BERSERK,DEATHBLOW,REVIVE	0	HUMAN	STUN,SLOW,TERROR	0	blacksmith_boss	0	131	74	126	31	0	0	0	0	190	233	807688	30	5	0	0	32987	0	171	100	110	100	2000	150	0	0	0	0	5	0	5	15	20	0	-5	-25	0	0	20	0	0	0	0	-40	0	0	0	0	0	1	0	0	0	0	0	3.0	0	15	0	0	0	0	0	0	0	0	0	0	0	0	0	0	0	0	0	0	0	0	0	0.0
8625	troll_karakolu	KING	STONE	SPECIAL	120	100		NOMOVE	0	OUTPOST	STUN,SLOW,TERROR	0	garrison	0	0	0	6	0	0	0	0	0	0	0	584000	5	1	0	0	0	1	8	6145	6151	0	2000	175	0	0	0	0	0	0	0	0	0	0	0	0	0	0	0	0	0	0	0	0	100	100	0	0	0	0	0	0	0	0	0	0.0	0	0	0	0	0	0	0	0	0	0	0	0	0	0	0	0	0	0	0	0	0	0	0	0.0
8626	1._myr_karakolu	KING	STONE	SPECIAL	120	100		NOMOVE	0	OUTPOST	STUN,SLOW,TERROR	0	garrison	0	0	0	6	0	0	0	0	0	0	0	705000	5	1	0	0	0	1	8	6185	6190	0	2000	175	0	0	0	0	0	0	0	0	0	0	0	0	0	0	0	0	0	0	0	0	100	100	0	0	0	0	0	0	0	0	0	0.0	0	0	0	0	0	0	0	0	0	0	0	0	0	0	0	0	0	0	0	0	0	0	0	0.0
8627	2._myr_karakolu	KING	STONE	SPECIAL	120	100		NOMOVE	0	OUTPOST	STUN,SLOW,TERROR	0	garrison	0	0	0	6	0	0	0	0	0	0	0	905000	5	1	0	0	0	1	8	6185	6190	0	2000	175	0	0	0	0	0	0	0	0	0	0	0	0	0	0	0	0	0	0	0	0	100	100	0	0	0	0	0	0	0	0	0	0.0	0	0	0	0	0	0	0	0	0	0	0	0	0	0	0	0	0	0	0	0	0	0	0	0.0
8630	ates_yilani_metini	KING	STONE	MELEE	120	100		NOMOVE	0		STUN,SLOW,TERROR	0	metinstone_snake	0	0	0	100	0	0	0	50	15	0	0	8500000	5	1	0	0	0	5	100	6229	6230	0	2000	150	0	0	0	0	0	0	0	0	30	30	30	30	30	30	30	30	0	0	0	0	100	100	0	0	0	0	0	0	0	0	0	0.0	0	0	0	0	0	0	0	0	0	0	0	0	0	0	0	0	0	0	0	0	0	0	0	0.0
8631	buz_yilani_metini	KING	STONE	MELEE	120	100		NOMOVE	0		STUN,SLOW,TERROR	0	metinstone_snake	0	0	0	100	0	0	0	50	15	0	0	8500000	5	1	0	0	0	5	100	6229	6230	0	2000	150	0	0	0	0	0	0	0	0	30	30	30	30	30	30	30	30	0	0	0	0	100	100	0	0	0	0	0	0	0	0	0	0.0	0	0	0	0	0	0	0	0	0	0	0	0	0	0	0	0	0	0	0	0	0	0	0	0.0
8632	ruzgar_yilani_metini	KING	STONE	MELEE	120	100		NOMOVE	0		STUN,SLOW,TERROR	0	metinstone_snake	0	0	0	100	0	0	0	50	15	0	0	8500000	5	1	0	0	0	5	100	6229	6230	0	2000	150	0	0	0	0	0	0	0	0	30	30	30	30	30	30	30	30	0	0	0	0	100	100	0	0	0	0	0	0	0	0	0	0.0	0	0	0	0	0	0	0	0	0	0	0	0	0	0	0	0	0	0	0	0	0	0	0	0.0
8633	toprak_yilani_metini	KING	STONE	MELEE	120	100		NOMOVE	0		STUN,SLOW,TERROR	0	metinstone_snake	0	0	0	100	0	0	0	50	15	0	0	8500000	5	1	0	0	0	5	100	6229	6230	0	2000	150	0	0	0	0	0	0	0	0	30	30	30	30	30	30	30	30	0	0	0	0	100	100	0	0	0	0	0	0	0	0	0	0.0	0	0	0	0	0	0	0	0	0	0	0	0	0	0	0	0	0	0	0	0	0	0	0	0.0
8634	zaman_yilani_metini	KING	STONE	MELEE	120	100		NOMOVE	0		STUN,SLOW,TERROR	0	metinstone_snake	0	0	0	100	0	0	0	50	15	0	0	2800000	5	1	0	0	0	30	100	6229	6230	0	2000	150	0	0	0	0	0	0	0	0	10	10	10	10	10	10	10	10	0	0	0	0	100	100	0	0	0	0	0	0	0	0	0	0.0	0	0	0	0	0	0	0	0	0	0	0	0	0	0	0	0	0	0	0	0	0	0	0	0.0
8635	b._e._yumurtasi_(kolay)	KING	STONE	MELEE	120	100		NOMOVE	0		STUN,SLOW,TERROR	0	metinstone_egg_whitedragon	0	0	0	100	0	0	0	0	0	0	0	4500000	5	1	0	0	0	5	100	6249	6250	0	2000	150	0	0	0	0	0	0	0	0	40	40	40	40	40	40	40	40	0	0	0	0	100	100	0	0	0	0	0	0	0	0	0	0.0	0	0	0	0	0	0	0	0	0	0	0	0	0	0	0	0	0	0	0	0	0	0	0	0.0
8636	b._e._yumurtasi_(zor)	KING	STONE	MELEE	120	100		NOMOVE	0		STUN,SLOW,TERROR	0	metinstone_egg_whitedragon	0	0	0	100	0	0	0	0	0	0	0	6000000	5	1	0	0	0	5	100	6252	6253	0	2000	150	0	0	0	0	0	0	0	0	40	40	40	40	40	40	40	40	0	0	0	0	100	100	0	0	0	0	0	0	0	0	0	0.0	0	0	0	0	0	0	0	0	0	0	0	0	0	0	0	0	0	0	0	0	0	0	0	0.0
8637	sungma_istila_portali	KING	STONE	MELEE	120	100		NOMOVE	0		STUN,SLOW,TERROR	0	metinstone_smhgate	0	0	0	100	0	0	0	0	0	0	0	4250000	15	1	0	0	0	5	100	6289	6289	0	2000	150	0	0	0	0	0	0	0	0	25	25	25	25	25	25	25	25	0	0	0	0	100	100	0	0	0	0	0	0	0	0	0	0.0	0	0	0	0	0	0	0	0	0	0	0	0	0	0	0	0	0	0	0	0	0	0	0	0.0
8638	lanetlenme_metini_(sifa)	KING	STONE	MELEE	105	100		NOMOVE	0		STUN,SLOW,TERROR	0	metinstone_02	0	0	0	100	0	0	0	0	0	0	0	700000	0	0	0	0	1	0	100	0	0	0	2000	150	0	0	0	0	0	0	0	0	0	0	0	0	0	0	0	0	0	0	0	0	100	100	0	0	0	0	0	0	0	0	0	0.0	0	0	0	0	0	0	0	0	0	0	0	0	0	0	0	0	0	0	0	0	0	0	0	0.0
8639	lanetlenme_metini	KING	STONE	MELEE	105	100		NOMOVE	0		STUN,SLOW,TERROR	0	metinstone_02	0	0	0	100	0	0	0	0	0	0	0	2500000	0	0	0	0	1	0	100	4202	4204	0	2000	150	0	0	0	0	0	0	0	0	0	0	0	0	0	0	0	0	0	0	0	0	100	100	0	0	0	0	0	0	0	0	0	0.0	0	0	0	0	0	0	0	0	0	0	0	0	0	0	0	0	0	0	0	0	0	0	0	0.0
8640	kurtulus_metini	KING	STONE	MELEE	105	100		NOMOVE	0		STUN,SLOW,TERROR	0	metinstone_02	0	0	0	100	0	0	0	0	0	0	0	1500000	0	0	0	0	1	0	100	4200	4201	0	2000	150	0	0	0	0	0	0	0	0	0	0	0	0	0	0	0	0	0	0	0	0	100	100	0	0	0	0	0	0	0	0	0	0.0	0	0	0	0	0	0	0	0	0	0	0	0	0	0	0	0	0	0	0	0	0	0	0	0.0
8641	sungma_istila_portali	KING	STONE	MELEE	120	100		NOMOVE	0		STUN,SLOW,TERROR	0	metinstone_smhgate	0	0	0	100	0	0	0	0	0	0	0	4250000	15	1	0	0	0	5	100	6290	6290	0	2000	150	0	0	0	0	0	0	0	0	25	25	25	25	25	25	25	25	0	0	0	0	100	100	0	0	0	0	0	0	0	0	0	0.0	0	0	0	0	0	0	0	0	0	0	0	0	0	0	0	0	0	0	0	0	0	0	0	0.0
8642	sungma_istila_portali	KING	STONE	MELEE	120	100		NOMOVE	0		STUN,SLOW,TERROR	0	metinstone_smhgate	0	0	0	100	0	0	0	0	0	0	0	4250000	15	1	0	0	0	5	100	6291	6291	0	2000	150	0	0	0	0	0	0	0	0	25	25	25	25	25	25	25	25	0	0	0	0	100	100	0	0	0	0	0	0	0	0	0	0.0	0	0	0	0	0	0	0	0	0	0	0	0	0	0	0	0	0	0	0	0	0	0	0	0.0
8643	sungma_istila_portali	KING	STONE	MELEE	120	100		NOMOVE	0		STUN,SLOW,TERROR	0	metinstone_smhgate	0	0	0	100	0	0	0	0	0	0	0	4250000	15	1	0	0	0	5	100	6292	6292	0	2000	150	0	0	0	0	0	0	0	0	25	25	25	25	25	25	25	25	0	0	0	0	100	100	0	0	0	0	0	0	0	0	0	0.0	0	0	0	0	0	0	0	0	0	0	0	0	0	0	0	0	0	0	0	0	0	0	0	0.0
8644	sungma_istila_portali	KING	STONE	MELEE	120	100		NOMOVE	0		STUN,SLOW,TERROR	0	metinstone_smhgate	0	0	0	100	0	0	0	0	0	0	0	4250000	15	1	0	0	0	5	100	6293	6293	0	2000	150	0	0	0	0	0	0	0	0	25	25	25	25	25	25	25	25	0	0	0	0	100	100	0	0	0	0	0	0	0	0	0	0.0	0	0	0	0	0	0	0	0	0	0	0	0	0	0	0	0	0	0	0	0	0	0	0	0.0
8645	sungma_istila_portali	KING	STONE	MELEE	120	100		NOMOVE	0		STUN,SLOW,TERROR	0	metinstone_smhgate	0	0	0	100	0	0	0	0	0	0	0	4250000	15	1	0	0	0	5	100	6294	6294	0	2000	150	0	0	0	0	0	0	0	0	25	25	25	25	25	25	25	25	0	0	0	0	100	100	0	0	0	0	0	0	0	0	0	0.0	0	0	0	0	0	0	0	0	0	0	0	0	0	0	0	0	0	0	0	0	0	0	0	0.0
8646	sungma_istila_portali	KING	STONE	MELEE	120	100		NOMOVE	0		STUN,SLOW,TERROR	0	metinstone_smhgate	0	0	0	100	0	0	0	0	0	0	0	4250000	15	1	0	0	0	5	100	6295	6295	0	2000	150	0	0	0	0	0	0	0	0	25	25	25	25	25	25	25	25	0	0	0	0	100	100	0	0	0	0	0	0	0	0	0	0.0	0	0	0	0	0	0	0	0	0	0	0	0	0	0	0	0	0	0	0	0	0	0	0	0.0
9001	silah_saticisi	KNIGHT	NPC	MELEE	70	100		NOMOVE	0		STUN,SLOW,CURSE,TERROR	0		1	0	0	0	0	0	0	0	0	0	0	3954	3	1	0	0	562	0	79	100	100	0	2000	150	0	0	0	0	0	0	0	0	0	0	0	0	0	0	0	0	0	0	0	0	0	0	0	0	0	0	0	0	0	0	0	0.0	0	0	0	0	0	0	0	0	0	0	0	0	0	0	0	0	0	0	0	0	0	0	0	0.0
9002	zirh_saticisi	KNIGHT	NPC	MELEE	70	100		NOMOVE	0		STUN,SLOW,CURSE,TERROR	0		1	0	0	0	0	0	0	0	0	0	0	3954	3	1	0	0	562	0	79	100	100	0	2000	150	0	0	0	0	0	0	0	0	0	0	0	0	0	0	0	0	0	0	0	0	0	0	0	0	0	0	0	0	0	0	0	0.0	0	0	0	0	0	0	0	0	0	0	0	0	0	0	0	0	0	0	0	0	0	0	0	0.0
9003	satici	KNIGHT	NPC	MELEE	70	100		NOMOVE	0		STUN,SLOW,CURSE,TERROR	0		1	0	0	0	0	0	0	0	0	0	0	3954	3	1	0	0	562	0	79	100	100	0	2000	150	0	0	0	0	0	0	0	0	0	0	0	0	0	0	0	0	0	0	0	0	0	0	0	0	0	0	0	0	0	0	0	0.0	0	0	0	0	0	0	0	0	0	0	0	0	0	0	0	0	0	0	0	0	0	0	0	0.0
9004	olay_yardimcisi	KNIGHT	NPC	MELEE	70	100		NOMOVE	0		STUN,SLOW,CURSE,TERROR	0		1	0	0	0	0	0	0	0	0	0	0	3954	3	1	0	0	562	0	79	100	100	0	2000	150	0	0	0	0	0	0	0	0	0	0	0	0	0	0	0	0	0	0	0	0	0	0	0	0	0	0	0	0	0	0	0	0.0	0	0	0	0	0	0	0	0	0	0	0	0	0	0	0	0	0	0	0	0	0	0	0	0.0
9005	depocu	KNIGHT	NPC	MELEE	70	100		NOMOVE	0		STUN,SLOW,CURSE,TERROR	0		2	0	0	0	0	0	0	0	0	0	0	3954	3	1	0	0	562	0	79	100	100	0	2000	150	0	0	0	0	0	0	0	0	0	0	0	0	0	0	0	0	0	0	0	0	0	0	0	0	0	0	0	0	0	0	0	0.0	0	0	0	0	0	0	0	0	0	0	0	0	0	0	0	0	0	0	0	0	0	0	0	0.0
9006	yasli_kadin	KNIGHT	NPC	MELEE	70	100		NOMOVE	0		STUN,SLOW,CURSE,TERROR	0		2	0	0	0	0	0	0	0	0	0	0	3954	3	1	0	0	562	0	79	100	100	0	2000	150	0	0	0	0	0	0	0	0	0	0	0	0	0	0	0	0	0	0	0	0	0	0	0	0	0	0	0	0	0	0	0	0.0	0	0	0	0	0	0	0	0	0	0	0	0	0	0	0	0	0	0	0	0	0	0	0	0.0
9007	silah_saticisi	KNIGHT	NPC	MELEE	70	100		NOMOVE	0		STUN,SLOW,CURSE,TERROR	0		1	0	0	0	0	0	0	0	0	0	0	3954	3	1	0	0	562	0	79	100	100	0	2000	150	0	0	0	0	0	0	0	0	0	0	0	0	0	0	0	0	0	0	0	0	0	0	0	0	0	0	0	0	0	0	0	0.0	0	0	0	0	0	0	0	0	0	0	0	0	0	0	0	0	0	0	0	0	0	0	0	0.0
9008	zirh_saticisi	KNIGHT	NPC	MELEE	70	100		NOMOVE	0		STUN,SLOW,CURSE,TERROR	0		1	0	0	0	0	0	0	0	0	0	0	3954	3	1	0	0	562	0	79	100	100	0	2000	150	0	0	0	0	0	0	0	0	0	0	0	0	0	0	0	0	0	0	0	0	0	0	0	0	0	0	0	0	0	0	0	0.0	0	0	0	0	0	0	0	0	0	0	0	0	0	0	0	0	0	0	0	0	0	0	0	0.0
9009	balikci	KNIGHT	NPC	MELEE	70	100		NOMOVE	0		STUN,SLOW,CURSE,TERROR	0		2	0	0	0	0	0	0	0	0	0	0	3954	3	1	0	0	562	0	79	100	100	0	2000	150	0	0	0	0	0	0	0	0	0	0	0	0	0	0	0	0	0	0	0	0	0	0	0	0	0	0	0	0	0	0	0	0.0	0	0	0	0	0	0	0	0	0	0	0	0	0	0	0	0	0	0	0	0	0	0	0	0.0
9010	genel_depocu_helen	KNIGHT	NPC	MELEE	70	100		NOMOVE	0		STUN,SLOW,CURSE,TERROR	0		2	0	0	0	0	0	0	0	0	0	0	3954	3	1	0	0	562	0	79	100	100	0	2000	150	0	0	0	0	0	0	0	0	0	0	0	0	0	0	0	0	0	0	0	0	0	0	0	0	0	0	0	0	0	0	0	0.0	0	0	0	0	0	0	0	0	0	0	0	0	0	0	0	0	0	0	0	0	0	0	0	0.0
9011	evlenme_tasarimcisi	KNIGHT	NPC	MELEE	70	100		NOMOVE	0		STUN,SLOW,CURSE,TERROR	0		2	0	0	0	0	0	0	0	0	0	0	3954	3	1	0	0	562	0	79	100	100	0	2000	150	0	0	0	0	0	0	0	0	0	0	0	0	0	0	0	0	0	0	0	0	0	0	0	0	0	0	0	0	0	0	0	0.0	0	0	0	0	0	0	0	0	0	0	0	0	0	0	0	0	0	0	0	0	0	0	0	0.0
9012	isinlayici	KNIGHT	NPC	MELEE	70	100		NOMOVE	0		STUN,SLOW,CURSE,TERROR	0		2	0	0	0	0	0	0	0	0	0	0	3954	3	1	0	0	562	0	79	100	100	0	2000	150	0	0	0	0	0	0	0	0	0	0	0	0	0	0	0	0	0	0	0	0	0	0	0	0	0	0	0	0	0	0	0	0.0	0	0	0	0	0	0	0	0	0	0	0	0	0	0	0	0	0	0	0	0	0	0	0	0.0
9013	yanilsama_tuccari	KNIGHT	NPC	MELEE	70	100		NOMOVE	0		STUN,SLOW,TERROR	0		1	0	0	0	0	0	0	0	0	0	0	3954	3	1	0	0	562	0	79	100	100	0	2000	150	0	0	0	0	0	0	0	0	0	0	0	0	0	0	0	0	0	0	0	0	0	0	0	0	0	0	0	0	0	0	0	0.0	0	0	0	0	0	0	0	0	0	0	0	0	0	0	0	0	0	0	0	0	0	0	0	0.0
9014	satici	KNIGHT	NPC	MELEE	70	100		NOMOVE	0		STUN,SLOW,TERROR	0		2	0	0	0	0	0	0	0	0	0	0	3954	3	1	0	0	562	0	79	100	100	0	2000	150	0	0	0	0	0	0	0	0	0	0	0	0	0	0	0	0	0	0	0	0	0	0	0	0	0	0	0	0	0	0	0	0.0	0	0	0	0	0	0	0	0	0	0	0	0	0	0	0	0	0	0	0	0	0	0	0	0.0
9100	firtina_cicegi	KING	NPC	MELEE	70	100		NOMOVE	0		SLOW,TERROR,UNK_IMMUNE_FLAG4,UNK_IMMUNE_FLAG5,UNK_IMMUNE_FLAG6,UNK_IMMUNE_FLAG7,UNK_IMMUNE_FLAG9	0	smhgate_flower	0	0	0	0	0	0	0	0	0	0	0	3954	3	1	0	0	0	0	100	100	100	0	2000	150	0	0	0	0	0	0	0	0	0	0	0	0	0	0	0	0	0	0	0	0	0	0	0	0	0	0	0	0	0	0	0	0.0	0	0	0	0	0	0	0	0	0	0	0	0	0	0	0	0	0	0	0	0	0	0	0	0.0
9101	guc_cicegi	KING	NPC	MELEE	70	100		NOMOVE	0		SLOW,TERROR,UNK_IMMUNE_FLAG4,UNK_IMMUNE_FLAG5,UNK_IMMUNE_FLAG6,UNK_IMMUNE_FLAG7,UNK_IMMUNE_FLAG9	0	smhgate_flower	0	0	0	0	0	0	0	0	0	0	0	3954	3	1	0	0	0	0	100	100	100	0	2000	150	0	0	0	0	0	0	0	0	0	0	0	0	0	0	0	0	0	0	0	0	0	0	0	0	0	0	0	0	0	0	0	0.0	0	0	0	0	0	0	0	0	0	0	0	0	0	0	0	0	0	0	0	0	0	0	0	0.0
9102	ates_guc_cicegi	KING	NPC	MELEE	70	100		NOMOVE	0		SLOW,TERROR,UNK_IMMUNE_FLAG4,UNK_IMMUNE_FLAG5,UNK_IMMUNE_FLAG6,UNK_IMMUNE_FLAG7,UNK_IMMUNE_FLAG9	0	smhgate_flower	0	0	0	0	0	0	0	0	0	0	0	3954	3	1	0	0	0	0	100	100	100	0	2000	150	0	0	0	0	0	0	0	0	0	0	0	0	0	0	0	0	0	0	0	0	0	0	0	0	0	0	0	0	0	0	0	0.0	0	0	0	0	0	0	0	0	0	0	0	0	0	0	0	0	0	0	0	0	0	0	0	0.0
9103	buz_guc_cicegi	KING	NPC	MELEE	70	100		NOMOVE	0		SLOW,TERROR,UNK_IMMUNE_FLAG4,UNK_IMMUNE_FLAG5,UNK_IMMUNE_FLAG6,UNK_IMMUNE_FLAG7,UNK_IMMUNE_FLAG9	0	smhgate_flower	0	0	0	0	0	0	0	0	0	0	0	3954	3	1	0	0	0	0	100	100	100	0	2000	150	0	0	0	0	0	0	0	0	0	0	0	0	0	0	0	0	0	0	0	0	0	0	0	0	0	0	0	0	0	0	0	0.0	0	0	0	0	0	0	0	0	0	0	0	0	0	0	0	0	0	0	0	0	0	0	0	0.0
9104	simsek_guc_cicegi	KING	NPC	MELEE	70	100		NOMOVE	0		SLOW,TERROR,UNK_IMMUNE_FLAG4,UNK_IMMUNE_FLAG5,UNK_IMMUNE_FLAG6,UNK_IMMUNE_FLAG7,UNK_IMMUNE_FLAG9	0	smhgate_flower	0	0	0	0	0	0	0	0	0	0	0	3954	3	1	0	0	0	0	100	100	100	0	2000	150	0	0	0	0	0	0	0	0	0	0	0	0	0	0	0	0	0	0	0	0	0	0	0	0	0	0	0	0	0	0	0	0.0	0	0	0	0	0	0	0	0	0	0	0	0	0	0	0	0	0	0	0	0	0	0	0	0.0
9105	ruzgar_guc_cicegi	KING	NPC	MELEE	70	100		NOMOVE	0		SLOW,TERROR,UNK_IMMUNE_FLAG4,UNK_IMMUNE_FLAG5,UNK_IMMUNE_FLAG6,UNK_IMMUNE_FLAG7,UNK_IMMUNE_FLAG9	0	smhgate_flower	0	0	0	0	0	0	0	0	0	0	0	3954	3	1	0	0	0	0	100	100	100	0	2000	150	0	0	0	0	0	0	0	0	0	0	0	0	0	0	0	0	0	0	0	0	0	0	0	0	0	0	0	0	0	0	0	0.0	0	0	0	0	0	0	0	0	0	0	0	0	0	0	0	0	0	0	0	0	0	0	0	0.0
9106	toprak_guc_cicegi	KING	NPC	MELEE	70	100		NOMOVE	0		SLOW,TERROR,UNK_IMMUNE_FLAG4,UNK_IMMUNE_FLAG5,UNK_IMMUNE_FLAG6,UNK_IMMUNE_FLAG7,UNK_IMMUNE_FLAG9	0	smhgate_flower	0	0	0	0	0	0	0	0	0	0	0	3954	3	1	0	0	0	0	100	100	100	0	2000	150	0	0	0	0	0	0	0	0	0	0	0	0	0	0	0	0	0	0	0	0	0	0	0	0	0	0	0	0	0	0	0	0.0	0	0	0	0	0	0	0	0	0	0	0	0	0	0	0	0	0	0	0	0	0	0	0	0.0
9107	karanlik_guc_cicegi	KING	NPC	MELEE	70	100		NOMOVE	0		SLOW,TERROR,UNK_IMMUNE_FLAG4,UNK_IMMUNE_FLAG5,UNK_IMMUNE_FLAG6,UNK_IMMUNE_FLAG7,UNK_IMMUNE_FLAG9	0	smhgate_flower	0	0	0	0	0	0	0	0	0	0	0	3954	3	1	0	0	0	0	100	100	100	0	2000	150	0	0	0	0	0	0	0	0	0	0	0	0	0	0	0	0	0	0	0	0	0	0	0	0	0	0	0	0	0	0	0	0.0	0	0	0	0	0	0	0	0	0	0	0	0	0	0	0	0	0	0	0	0	0	0	0	0.0
10001	jayang_bolgesi_4002_8995	PAWN	WARP	SPECIAL	70	100		NOMOVE	0		STUN,SLOW,CURSE,TERROR	0		0	0	0	0	0	0	0	0	0	0	0	3954	3	1	0	0	562	0	79	100	100	0	2000	175	0	0	0	0	0	0	0	0	0	0	0	0	0	0	0	0	0	0	0	0	0	0	0	0	0	0	0	0	0	0	0	0.0	0	0	0	0	0	0	0	0	0	0	0	0	0	0	0	0	0	0	0	0	0	0	0	0.0
10002	younganbolgesi_4503_9050	PAWN	WARP	SPECIAL	70	100		NOMOVE	0		STUN,SLOW,CURSE,TERROR	0		0	0	0	0	0	0	0	0	0	0	0	3954	3	1	0	0	562	0	79	100	100	0	2000	175	0	0	0	0	0	0	0	0	0	0	0	0	0	0	0	0	0	0	0	0	0	0	0	0	0	0	0	0	0	0	0	0.0	0	0	0	0	0	0	0	0	0	0	0	0	0	0	0	0	0	0	0	0	0	0	0	0.0
10003	bokjungbolgesi_1118_2161	PAWN	WARP	SPECIAL	70	100		NOMOVE	0		STUN,SLOW,CURSE,TERROR	0		0	0	0	0	0	0	0	0	0	0	0	3954	3	1	0	0	562	0	79	100	100	0	2000	175	0	0	0	0	0	0	0	0	0	0	0	0	0	0	0	0	0	0	0	0	0	0	0	0	0	0	0	0	0	0	0	0.0	0	0	0	0	0	0	0	0	0	0	0	0	0	0	0	0	0	0	0	0	0	0	0	0.0
10004	joan_bolgesi_876_2131	PAWN	WARP	SPECIAL	70	100		NOMOVE	0		STUN,SLOW,CURSE,TERROR	0		0	0	0	0	0	0	0	0	0	0	0	3954	3	1	0	0	562	0	79	100	100	0	2000	175	0	0	0	0	0	0	0	0	0	0	0	0	0	0	0	0	0	0	0	0	0	0	0	0	0	0	0	0	0	0	0	0.0	0	0	0	0	0	0	0	0	0	0	0	0	0	0	0	0	0	0	0	0	0	0	0	0.0
10005	bakra_bolgesi_9064_2214	PAWN	WARP	SPECIAL	70	100		NOMOVE	0		STUN,SLOW,CURSE,TERROR	0		0	0	0	0	0	0	0	0	0	0	0	3954	3	1	0	0	562	0	79	100	100	0	2000	175	0	0	0	0	0	0	0	0	0	0	0	0	0	0	0	0	0	0	0	0	0	0	0	0	0	0	0	0	0	0	0	0.0	0	0	0	0	0	0	0	0	0	0	0	0	0	0	0	0	0	0	0	0	0	0	0	0.0
10006	pyungmo_bolges_9372_2188	PAWN	WARP	SPECIAL	70	100		NOMOVE	0		STUN,SLOW,CURSE,TERROR	0		0	0	0	0	0	0	0	0	0	0	0	3954	3	1	0	0	562	0	79	100	100	0	2000	175	0	0	0	0	0	0	0	0	0	0	0	0	0	0	0	0	0	0	0	0	0	0	0	0	0	0	0	0	0	0	0	0.0	0	0	0	0	0	0	0	0	0	0	0	0	0	0	0	0	0	0	0	0	0	0	0	0.0
10007	younganbolgesi_4188_9560	PAWN	WARP	SPECIAL	70	100		NOMOVE	0		STUN,SLOW,CURSE,TERROR	0		0	0	0	0	0	0	0	0	0	0	0	3954	3	1	0	0	562	0	79	100	100	0	2000	175	0	0	0	0	0	0	0	0	0	0	0	0	0	0	0	0	0	0	0	0	0	0	0	0	0	0	0	0	0	0	0	0.0	0	0	0	0	0	0	0	0	0	0	0	0	0	0	0	0	0	0	0	0	0	0	0	0.0
10008	jayang_bolgesi_3179_8332	PAWN	WARP	SPECIAL	70	100		NOMOVE	0		STUN,SLOW,CURSE,TERROR	0		0	0	0	0	0	0	0	0	0	0	0	3954	3	1	0	0	562	0	79	100	100	0	2000	175	0	0	0	0	0	0	0	0	0	0	0	0	0	0	0	0	0	0	0	0	0	0	0	0	0	0	0	0	0	0	0	0.0	0	0	0	0	0	0	0	0	0	0	0	0	0	0	0	0	0	0	0	0	0	0	0	0.0
10009	joan_bolgesi_897_1127	PAWN	WARP	SPECIAL	70	100		NOMOVE	0		STUN,SLOW,CURSE,TERROR	0		0	0	0	0	0	0	0	0	0	0	0	3954	3	1	0	0	562	0	79	100	100	0	2000	175	0	0	0	0	0	0	0	0	0	0	0	0	0	0	0	0	0	0	0	0	0	0	0	0	0	0	0	0	0	0	0	0.0	0	0	0	0	0	0	0	0	0	0	0	0	0	0	0	0	0	0	0	0	0	0	0	0.0
10010	bokjun_bolgesi_1759_2210	PAWN	WARP	SPECIAL	70	100		NOMOVE	0		STUN,SLOW,CURSE,TERROR	0		0	0	0	0	0	0	0	0	0	0	0	3954	3	1	0	0	562	0	79	100	100	0	2000	175	0	0	0	0	0	0	0	0	0	0	0	0	0	0	0	0	0	0	0	0	0	0	0	0	0	0	0	0	0	0	0	0.0	0	0	0	0	0	0	0	0	0	0	0	0	0	0	0	0	0	0	0	0	0	0	0	0.0
10011	pyungmo_bolges_9343_3143	PAWN	WARP	SPECIAL	70	100		NOMOVE	0		STUN,SLOW,CURSE,TERROR	0		0	0	0	0	0	0	0	0	0	0	0	3954	3	1	0	0	562	0	79	100	100	0	2000	175	0	0	0	0	0	0	0	0	0	0	0	0	0	0	0	0	0	0	0	0	0	0	0	0	0	0	0	0	0	0	0	0.0	0	0	0	0	0	0	0	0	0	0	0	0	0	0	0	0	0	0	0	0	0	0	0	0.0
10012	bakra_bolgesi_8348_2926	PAWN	WARP	SPECIAL	70	100		NOMOVE	0		STUN,SLOW,CURSE,TERROR	0		0	0	0	0	0	0	0	0	0	0	0	3954	3	1	0	0	562	0	79	100	100	0	2000	175	0	0	0	0	0	0	0	0	0	0	0	0	0	0	0	0	0	0	0	0	0	0	0	0	0	0	0	0	0	0	0	0.0	0	0	0	0	0	0	0	0	0	0	0	0	0	0	0	0	0	0	0	0	0	0	0	0.0
10013	hwang_tapinagi_5536_1441	PAWN	WARP	SPECIAL	70	100		NOMOVE	0		STUN,SLOW,CURSE,TERROR	0		0	0	0	0	0	0	0	0	0	0	0	3954	3	1	0	0	562	0	79	100	100	0	2000	175	0	0	0	0	0	0	0	0	0	0	0	0	0	0	0	0	0	0	0	0	0	0	0	0	0	0	0	0	0	0	0	0.0	0	0	0	0	0	0	0	0	0	0	0	0	0	0	0	0	0	0	0	0	0	0	0	0.0
10014	seungryong_3326_7468	PAWN	WARP	SPECIAL	70	100		NOMOVE	0		STUN,SLOW,CURSE,TERROR	0		0	0	0	0	0	0	0	0	0	0	0	3954	3	1	0	0	562	0	79	100	100	0	2000	175	0	0	0	0	0	0	0	0	0	0	0	0	0	0	0	0	0	0	0	0	0	0	0	0	0	0	0	0	0	0	0	0.0	0	0	0	0	0	0	0	0	0	0	0	0	0	0	0	0	0	0	0	0	0	0	0	0.0
10015	yongbi_colu_3467_6329	PAWN	WARP	SPECIAL	70	100		NOMOVE	0		STUN,SLOW,CURSE,TERROR	0		0	0	0	0	0	0	0	0	0	0	0	3954	3	1	0	0	562	0	79	100	100	0	2000	175	0	0	0	0	0	0	0	0	0	0	0	0	0	0	0	0	0	0	0	0	0	0	0	0	0	0	0	0	0	0	0	0.0	0	0	0	0	0	0	0	0	0	0	0	0	0	0	0	0	0	0	0	0	0	0	0	0.0
10016	kuahklo_dong_600_4960	PAWN	WARP	SPECIAL	70	100		NOMOVE	0		STUN,SLOW,CURSE,TERROR	0		0	0	0	0	0	0	0	0	0	0	0	3954	3	1	0	0	562	0	79	100	100	0	2000	175	0	0	0	0	0	0	0	0	0	0	0	0	0	0	0	0	0	0	0	0	0	0	0	0	0	0	0	0	0	0	0	0.0	0	0	0	0	0	0	0	0	0	0	0	0	0	0	0	0	0	0	0	0	0	0	0	0.0
10017	hwang_tapinagi_5906_1102	PAWN	WARP	SPECIAL	70	100		NOMOVE	0		STUN,SLOW,CURSE,TERROR	0		0	0	0	0	0	0	0	0	0	0	0	3954	3	1	0	0	562	0	79	100	100	0	2000	175	0	0	0	0	0	0	0	0	0	0	0	0	0	0	0	0	0	0	0	0	0	0	0	0	0	0	0	0	0	0	0	0.0	0	0	0	0	0	0	0	0	0	0	0	0	0	0	0	0	0	0	0	0	0	0	0	0.0
10018	gunsam_kulesi_2165_7270	PAWN	WARP	SPECIAL	70	100		NOMOVE	0		STUN,SLOW,CURSE,TERROR	0		0	0	0	0	0	0	0	0	0	0	0	3954	3	1	0	0	562	0	79	100	100	0	2000	175	0	0	0	0	0	0	0	0	0	0	0	0	0	0	0	0	0	0	0	0	0	0	0	0	0	0	0	0	0	0	0	0.0	0	0	0	0	0	0	0	0	0	0	0	0	0	0	0	0	0	0	0	0	0	0	0	0.0
10019	jayang_bolgesi_3211_9009	PAWN	WARP	SPECIAL	70	100		NOMOVE	0		STUN,SLOW,CURSE,TERROR	0		0	0	0	0	0	0	0	0	0	0	0	3954	3	1	0	0	562	0	79	100	100	0	2000	150	0	0	0	0	0	0	0	0	0	0	0	0	0	0	0	0	0	0	0	0	0	0	0	0	0	0	0	0	0	0	0	0.0	0	0	0	0	0	0	0	0	0	0	0	0	0	0	0	0	0	0	0	0	0	0	0	0.0
10020	jungrang_1356_43	PAWN	WARP	SPECIAL	70	100		NOMOVE	0		STUN,SLOW,CURSE,TERROR	0		0	0	0	0	0	0	0	0	0	0	0	3954	3	1	0	0	562	0	79	100	100	0	2000	150	0	0	0	0	0	0	0	0	0	0	0	0	0	0	0	0	0	0	0	0	0	0	0	0	0	0	0	0	0	0	0	0.0	0	0	0	0	0	0	0	0	0	0	0	0	0	0	0	0	0	0	0	0	0	0	0	0.0
10021	bokjun_bolgesi_1168_2920	PAWN	WARP	SPECIAL	70	100		NOMOVE	0		STUN,SLOW,CURSE,TERROR	0		0	0	0	0	0	0	0	0	0	0	0	3954	3	1	0	0	562	0	79	100	100	0	2000	150	0	0	0	0	0	0	0	0	0	0	0	0	0	0	0	0	0	0	0	0	0	0	0	0	0	0	0	0	0	0	0	0.0	0	0	0	0	0	0	0	0	0	0	0	0	0	0	0	0	0	0	0	0	0	0	0	0.0
10022	waryong_2219_93	PAWN	WARP	SPECIAL	70	100		NOMOVE	0		STUN,SLOW,CURSE,TERROR	0		0	0	0	0	0	0	0	0	0	0	0	3954	3	1	0	0	562	0	79	100	100	0	2000	150	0	0	0	0	0	0	0	0	0	0	0	0	0	0	0	0	0	0	0	0	0	0	0	0	0	0	0	0	0	0	0	0.0	0	0	0	0	0	0	0	0	0	0	0	0	0	0	0	0	0	0	0	0	0	0	0	0.0
10023	bakra_bolgesi_9098_2948	PAWN	WARP	SPECIAL	70	100		NOMOVE	0		STUN,SLOW,CURSE,TERROR	0		0	0	0	0	0	0	0	0	0	0	0	3954	3	1	0	0	562	0	79	100	100	0	2000	150	0	0	0	0	0	0	0	0	0	0	0	0	0	0	0	0	0	0	0	0	0	0	0	0	0	0	0	0	0	0	0	0.0	0	0	0	0	0	0	0	0	0	0	0	0	0	0	0	0	0	0	0	0	0	0	0	0.0
10024	imha_2718_130	PAWN	WARP	SPECIAL	70	100		NOMOVE	0		STUN,SLOW,CURSE,TERROR	0		0	0	0	0	0	0	0	0	0	0	0	3954	3	1	0	0	562	0	79	100	100	0	2000	150	0	0	0	0	0	0	0	0	0	0	0	0	0	0	0	0	0	0	0	0	0	0	0	0	0	0	0	0	0	0	0	0.0	0	0	0	0	0	0	0	0	0	0	0	0	0	0	0	0	0	0	0	0	0	0	0	0.0
10025	sohan_dagi_4993_2984	PAWN	WARP	SPECIAL	70	100		NOMOVE	0		STUN,SLOW,CURSE,TERROR	0		0	0	0	0	0	0	0	0	0	0	0	3954	3	1	0	0	562	0	79	100	100	0	2000	150	0	0	0	0	0	0	0	0	0	0	0	0	0	0	0	0	0	0	0	0	0	0	0	0	0	0	0	0	0	0	0	0.0	0	0	0	0	0	0	0	0	0	0	0	0	0	0	0	0	0	0	0	0	0	0	0	0.0
10026	lungsam_2887_57	PAWN	WARP	SPECIAL	70	100		NOMOVE	0		STUN,SLOW,CURSE,TERROR	0		0	0	0	0	0	0	0	0	0	0	0	3954	3	1	0	0	562	0	79	100	100	0	2000	150	0	0	0	0	0	0	0	0	0	0	0	0	0	0	0	0	0	0	0	0	0	0	0	0	0	0	0	0	0	0	0	0.0	0	0	0	0	0	0	0	0	0	0	0	0	0	0	0	0	0	0	0	0	0	0	0	0.0
10027	lungsam_2866_437	PAWN	WARP	SPECIAL	70	100		NOMOVE	0		STUN,SLOW,CURSE,TERROR	0		0	0	0	0	0	0	0	0	0	0	0	3954	3	1	0	0	562	0	79	100	100	0	2000	150	0	0	0	0	0	0	0	0	0	0	0	0	0	0	0	0	0	0	0	0	0	0	0	0	0	0	0	0	0	0	0	0.0	0	0	0	0	0	0	0	0	0	0	0	0	0	0	0	0	0	0	0	0	0	0	0	0.0
10028	kizil_orman_11199_708	PAWN	WARP	SPECIAL	70	100		NOMOVE	0		STUN,SLOW,CURSE,TERROR	0		0	0	0	0	0	0	0	0	0	0	0	3954	3	1	0	0	562	0	79	100	100	0	2000	150	0	0	0	0	0	0	0	0	0	0	0	0	0	0	0	0	0	0	0	0	0	0	0	0	0	0	0	0	0	0	0	0.0	0	0	0	0	0	0	0	0	0	0	0	0	0	0	0	0	0	0	0	0	0	0	0	0.0
10029	yilan_vadisi_10590_7262	PAWN	WARP	SPECIAL	70	100		NOMOVE	0		STUN,SLOW,CURSE,TERROR	0		0	0	0	0	0	0	0	0	0	0	0	3954	3	1	0	0	562	0	79	100	100	0	2000	150	0	0	0	0	0	0	0	0	0	0	0	0	0	0	0	0	0	0	0	0	0	0	0	0	0	0	0	0	0	0	0	0.0	0	0	0	0	0	0	0	0	0	0	0	0	0	0	0	0	0	0	0	0	0	0	0	0.0
10030	yongbi_colu_3519_6223	PAWN	WARP	SPECIAL	70	100		NOMOVE	0		STUN,SLOW,CURSE,TERROR	0		0	0	0	0	0	0	0	0	0	0	0	3954	3	1	0	0	562	0	79	100	100	0	2000	150	0	0	0	0	0	0	0	0	0	0	0	0	0	0	0	0	0	0	0	0	0	0	0	0	0	0	0	0	0	0	0	0.0	0	0	0	0	0	0	0	0	0	0	0	0	0	0	0	0	0	0	0	0	0	0	0	0.0
10031	yilan_vadisi_10590_7262	PAWN	WARP	SPECIAL	70	100		NOMOVE	0		STUN,SLOW,CURSE,TERROR	0		0	0	0	0	0	0	0	0	0	0	0	3954	3	1	0	0	562	0	79	100	100	0	2000	150	0	0	0	0	0	0	0	0	0	0	0	0	0	0	0	0	0	0	0	0	0	0	0	0	0	0	0	0	0	0	0	0.0	0	0	0	0	0	0	0	0	0	0	0	0	0	0	0	0	0	0	0	0	0	0	0	0.0
10032	devler_diyari_8283_7635	PAWN	WARP	SPECIAL	70	100		NOMOVE	0		STUN,SLOW,CURSE,TERROR	0		0	0	0	0	0	0	0	0	0	0	0	3954	3	1	0	0	562	0	79	100	100	0	2000	150	0	0	0	0	0	0	0	0	0	0	0	0	0	0	0	0	0	0	0	0	0	0	0	0	0	0	0	0	0	0	0	0.0	0	0	0	0	0	0	0	0	0	0	0	0	0	0	0	0	0	0	0	0	0	0	0	0.0
10033	zin_grotto_10594_7525	PAWN	WARP	SPECIAL	70	100		NOMOVE	0		STUN,SLOW,CURSE,TERROR	0		0	0	0	0	0	0	0	0	0	0	0	3954	3	1	0	0	562	0	79	100	100	0	2000	150	0	0	0	0	0	0	0	0	0	0	0	0	0	0	0	0	0	0	0	0	0	0	0	0	0	0	0	0	0	0	0	0.0	0	0	0	0	0	0	0	0	0	0	0	0	0	0	0	0	0	0	0	0	0	0	0	0.0
10034	2_zin_grotto_10594_7525	PAWN	WARP	SPECIAL	70	100		NOMOVE	0		STUN,SLOW,CURSE,TERROR	0		0	0	0	0	0	0	0	0	0	0	0	3954	3	1	0	0	562	0	79	100	100	0	2000	150	0	0	0	0	0	0	0	0	0	0	0	0	0	0	0	0	0	0	0	0	0	0	0	0	0	0	0	0	0	0	0	0.0	0	0	0	0	0	0	0	0	0	0	0	0	0	0	0	0	0	0	0	0	0	0	0	0.0
10035	deon_zeon_917_5253	PAWN	WARP	SPECIAL	70	100		NOMOVE	0		STUN,SLOW,CURSE,TERROR	0		0	0	0	0	0	0	0	0	0	0	0	3954	3	1	0	0	562	0	79	100	100	0	2000	150	0	0	0	0	0	0	0	0	0	0	0	0	0	0	0	0	0	0	0	0	0	0	0	0	0	0	0	0	0	0	0	0.0	0	0	0	0	0	0	0	0	0	0	0	0	0	0	0	0	0	0	0	0	0	0	0	0.0
10036	2_deon_zeon_7041_4642	PAWN	WARP	SPECIAL	70	100		NOMOVE	0		STUN,SLOW,CURSE,TERROR	0		0	0	0	0	0	0	0	0	0	0	0	3954	3	1	0	0	562	0	79	100	100	0	2000	150	0	0	0	0	0	0	0	0	0	0	0	0	0	0	0	0	0	0	0	0	0	0	0	0	0	0	0	0	0	0	0	0.0	0	0	0	0	0	0	0	0	0	0	0	0	0	0	0	0	0	0	0	0	0	0	0	0.0
10037	àú¾cco_3809_8233	PAWN	WARP	SPECIAL	70	100		NOMOVE	0		STUN,SLOW,CURSE,TERROR	1		0	0	0	0	0	0	0	0	0	0	0	3954	3	1	0	0	562	0	79	100	100	0	2000	150	0	0	0	0	0	0	0	0	0	0	0	0	0	0	0	0	0	0	0	0	0	0	0	0	0	0	0	0	0	0	0	0.0	0	0	0	0	0	0	0	0	0	0	0	0	0	0	0	0	0	0	0	0	0	0	0	0.0
10038	½å¼o¼º_9752_1330	PAWN	WARP	SPECIAL	70	100		NOMOVE	0		STUN,SLOW,CURSE,TERROR	1		0	0	0	0	0	0	0	0	0	0	0	3954	3	1	0	0	562	0	79	100	100	0	2000	150	0	0	0	0	0	0	0	0	0	0	0	0	0	0	0	0	0	0	0	0	0	0	0	0	0	0	0	0	0	0	0	0.0	0	0	0	0	0	0	0	0	0	0	0	0	0	0	0	0	0	0	0	0	0	0	0	0.0
10039	º¹á¤co_1917_2900	PAWN	WARP	SPECIAL	70	100		NOMOVE	0		STUN,SLOW,CURSE,TERROR	2		0	0	0	0	0	0	0	0	0	0	0	3954	3	1	0	0	562	0	79	100	100	0	2000	150	0	0	0	0	0	0	0	0	0	0	0	0	0	0	0	0	0	0	0	0	0	0	0	0	0	0	0	0	0	0	0	0.0	0	0	0	0	0	0	0	0	0	0	0	0	0	0	0	0	0	0	0	0	0	0	0	0.0
10040	áø³ë¼º_9239_1836	PAWN	WARP	SPECIAL	70	100		NOMOVE	0		STUN,SLOW,CURSE,TERROR	2		0	0	0	0	0	0	0	0	0	0	0	3954	3	1	0	0	562	0	79	100	100	0	2000	150	0	0	0	0	0	0	0	0	0	0	0	0	0	0	0	0	0	0	0	0	0	0	0	0	0	0	0	0	0	0	0	0.0	0	0	0	0	0	0	0	0	0	0	0	0	0	0	0	0	0	0	0	0	0	0	0	0.0
10041	¹ú¶óco_8316_2154	PAWN	WARP	SPECIAL	70	100		NOMOVE	0		STUN,SLOW,CURSE,TERROR	3		0	0	0	0	0	0	0	0	0	0	0	3954	3	1	0	0	562	0	79	100	100	0	2000	150	0	0	0	0	0	0	0	0	0	0	0	0	0	0	0	0	0	0	0	0	0	0	0	0	0	0	0	0	0	0	0	0.0	0	0	0	0	0	0	0	0	0	0	0	0	0	0	0	0	0	0	0	0	0	0	0	0.0
10042	ãµá¶¼º_9772_1850	PAWN	WARP	SPECIAL	70	100		NOMOVE	0		STUN,SLOW,CURSE,TERROR	3		0	0	0	0	0	0	0	0	0	0	0	3954	3	1	0	0	562	0	79	100	100	0	2000	150	0	0	0	0	0	0	0	0	0	0	0	0	0	0	0	0	0	0	0	0	0	0	0	0	0	0	0	0	0	0	0	0.0	0	0	0	0	0	0	0	0	0	0	0	0	0	0	0	0	0	0	0	0	0	0	0	0.0
10043	¼­cñ»ê_3819_2969	PAWN	WARP	SPECIAL	70	100		NOMOVE	0		STUN,SLOW,CURSE,TERROR	2		0	0	0	0	0	0	0	0	0	0	0	3954	3	1	0	0	562	0	79	100	100	0	2000	150	0	0	0	0	0	0	0	0	0	0	0	0	0	0	0	0	0	0	0	0	0	0	0	0	0	0	0	0	0	0	0	0.0	0	0	0	0	0	0	0	0	0	0	0	0	0	0	0	0	0	0	0	0	0	0	0	0.0
10044	½å¼o¼º_10189_1484	PAWN	WARP	SPECIAL	70	100		NOMOVE	0		STUN,SLOW,CURSE,TERROR	2		0	0	0	0	0	0	0	0	0	0	0	3954	3	1	0	0	562	0	79	100	100	0	2000	150	0	0	0	0	0	0	0	0	0	0	0	0	0	0	0	0	0	0	0	0	0	0	0	0	0	0	0	0	0	0	0	0.0	0	0	0	0	0	0	0	0	0	0	0	0	0	0	0	0	0	0	0	0	0	0	0	0.0
10045	¼­cñ»ê_3819_2969	PAWN	WARP	SPECIAL	70	100		NOMOVE	0		STUN,SLOW,CURSE,TERROR	3		0	0	0	0	0	0	0	0	0	0	0	3954	3	1	0	0	562	0	79	100	100	0	2000	150	0	0	0	0	0	0	0	0	0	0	0	0	0	0	0	0	0	0	0	0	0	0	0	0	0	0	0	0	0	0	0	0.0	0	0	0	0	0	0	0	0	0	0	0	0	0	0	0	0	0	0	0	0	0	0	0	0.0
10046	½å¼o¼º_9774_1501	PAWN	WARP	SPECIAL	70	100		NOMOVE	0		STUN,SLOW,CURSE,TERROR	3		0	0	0	0	0	0	0	0	0	0	0	3954	3	1	0	0	562	0	79	100	100	0	2000	150	0	0	0	0	0	0	0	0	0	0	0	0	0	0	0	0	0	0	0	0	0	0	0	0	0	0	0	0	0	0	0	0.0	0	0	0	0	0	0	0	0	0	0	0	0	0	0	0	0	0	0	0	0	0	0	0	0.0
10047	½â·æ°î_2699_6752	PAWN	WARP	SPECIAL	70	100		NOMOVE	0		STUN,SLOW,CURSE,TERROR	1		0	0	0	0	0	0	0	0	0	0	0	3954	3	1	0	0	562	0	79	100	100	0	2000	150	0	0	0	0	0	0	0	0	0	0	0	0	0	0	0	0	0	0	0	0	0	0	0	0	0	0	0	0	0	0	0	0.0	0	0	0	0	0	0	0	0	0	0	0	0	0	0	0	0	0	0	0	0	0	0	0	0.0
10048	áø³ë¼º_9679_1994	PAWN	WARP	SPECIAL	70	100		NOMOVE	0		STUN,SLOW,CURSE,TERROR	1		0	0	0	0	0	0	0	0	0	0	0	3954	3	1	0	0	562	0	79	100	100	0	2000	150	0	0	0	0	0	0	0	0	0	0	0	0	0	0	0	0	0	0	0	0	0	0	0	0	0	0	0	0	0	0	0	0.0	0	0	0	0	0	0	0	0	0	0	0	0	0	0	0	0	0	0	0	0	0	0	0	0.0
10049	½â·æ°î_2699_6752	PAWN	WARP	SPECIAL	70	100		NOMOVE	0		STUN,SLOW,CURSE,TERROR	3		0	0	0	0	0	0	0	0	0	0	0	3954	3	1	0	0	562	0	79	100	100	0	2000	150	0	0	0	0	0	0	0	0	0	0	0	0	0	0	0	0	0	0	0	0	0	0	0	0	0	0	0	0	0	0	0	0.0	0	0	0	0	0	0	0	0	0	0	0	0	0	0	0	0	0	0	0	0	0	0	0	0.0
10050	áø³ë¼º_9256_2012	PAWN	WARP	SPECIAL	70	100		NOMOVE	0		STUN,SLOW,CURSE,TERROR	3		0	0	0	0	0	0	0	0	0	0	0	3954	3	1	0	0	562	0	79	100	100	0	2000	150	0	0	0	0	0	0	0	0	0	0	0	0	0	0	0	0	0	0	0	0	0	0	0	0	0	0	0	0	0	0	0	0.0	0	0	0	0	0	0	0	0	0	0	0	0	0	0	0	0	0	0	0	0	0	0	0	0.0
10051	¿µºñ»c¸·_3478_6189¿µºñ»c¸·_3478_6189	PAWN	WARP	SPECIAL	70	100		NOMOVE	0		STUN,SLOW,CURSE,TERROR	1		0	0	0	0	0	0	0	0	0	0	0	3954	3	1	0	0	562	0	79	100	100	0	2000	150	0	0	0	0	0	0	0	0	0	0	0	0	0	0	0	0	0	0	0	0	0	0	0	0	0	0	0	0	0	0	0	0.0	0	0	0	0	0	0	0	0	0	0	0	0	0	0	0	0	0	0	0	0	0	0	0	0.0
10052	ãµá¶¼º_9780_1995	PAWN	WARP	SPECIAL	70	100		NOMOVE	0		STUN,SLOW,CURSE,TERROR	1		0	0	0	0	0	0	0	0	0	0	0	3954	3	1	0	0	562	0	79	100	100	0	2000	150	0	0	0	0	0	0	0	0	0	0	0	0	0	0	0	0	0	0	0	0	0	0	0	0	0	0	0	0	0	0	0	0.0	0	0	0	0	0	0	0	0	0	0	0	0	0	0	0	0	0	0	0	0	0	0	0	0.0
10053	¿µºñ»c¸·_3478_6189¿µºñ»c¸·_3478_6189	PAWN	WARP	SPECIAL	70	100		NOMOVE	0		STUN,SLOW,CURSE,TERROR	2		0	0	0	0	0	0	0	0	0	0	0	3954	3	1	0	0	562	0	79	100	100	0	2000	150	0	0	0	0	0	0	0	0	0	0	0	0	0	0	0	0	0	0	0	0	0	0	0	0	0	0	0	0	0	0	0	0.0	0	0	0	0	0	0	0	0	0	0	0	0	0	0	0	0	0	0	0	0	0	0	0	0.0
10054	ãµá¶¼º_10190_2002	PAWN	WARP	SPECIAL	70	100		NOMOVE	0		STUN,SLOW,CURSE,TERROR	2		0	0	0	0	0	0	0	0	0	0	0	3954	3	1	0	0	562	0	79	100	100	0	2000	150	0	0	0	0	0	0	0	0	0	0	0	0	0	0	0	0	0	0	0	0	0	0	0	0	0	0	0	0	0	0	0	0.0	0	0	0	0	0	0	0	0	0	0	0	0	0	0	0	0	0	0	0	0	0	0	0	0.0
10055	µµ¿°è­áo_6011_6874µµ¿°è­áo_6011_6874	PAWN	WARP	SPECIAL	70	100		NOMOVE	0		STUN,SLOW,CURSE,TERROR	0		0	0	0	0	0	0	0	0	0	0	0	3954	3	1	0	0	562	0	79	100	100	0	2000	150	0	0	0	0	0	0	0	0	0	0	0	0	0	0	0	0	0	0	0	0	0	0	0	0	0	0	0	0	0	0	0	0.0	0	0	0	0	0	0	0	0	0	0	0	0	0	0	0	0	0	0	0	0	0	0	0	0.0
10056	¼­cñ»ê_4368_2158	PAWN	WARP	SPECIAL	70	100		NOMOVE	0		STUN,SLOW,CURSE,TERROR	0		0	0	0	0	0	0	0	0	0	0	0	3954	3	1	0	0	562	0	79	100	100	0	2000	150	0	0	0	0	0	0	0	0	0	0	0	0	0	0	0	0	0	0	0	0	0	0	0	0	0	0	0	0	0	0	0	0.0	0	0	0	0	0	0	0	0	0	0	0	0	0	0	0	0	0	0	0	0	0	0	0	0.0
10057	½â·æ°î_3355_7558	PAWN	WARP	SPECIAL	70	100		NOMOVE	0		STUN,SLOW,CURSE,TERROR	0		0	0	0	0	0	0	0	0	0	0	0	3954	3	1	0	0	562	0	79	100	100	0	2000	150	0	0	0	0	0	0	0	0	0	0	0	0	0	0	0	0	0	0	0	0	0	0	0	0	0	0	0	0	0	0	0	0.0	0	0	0	0	0	0	0	0	0	0	0	0	0	0	0	0	0	0	0	0	0	0	0	0.0
10058	¹g±³»c¿ø_5943_1337	PAWN	WARP	SPECIAL	70	100		NOMOVE	0		STUN,SLOW,CURSE,TERROR	0		0	0	0	0	0	0	0	0	0	0	0	3954	3	1	0	0	562	0	79	100	100	0	2000	150	0	0	0	0	0	0	0	0	0	0	0	0	0	0	0	0	0	0	0	0	0	0	0	0	0	0	0	0	0	0	0	0.0	0	0	0	0	0	0	0	0	0	0	0	0	0	0	0	0	0	0	0	0	0	0	0	0.0
10059	¼­cñ»ê_0_10496	PAWN	WARP	SPECIAL	70	100		NOMOVE	0		STUN,SLOW,CURSE,TERROR	0		0	0	0	0	0	0	0	0	0	0	0	3954	3	1	0	0	562	0	79	100	100	0	2000	150	0	0	0	0	0	0	0	0	0	0	0	0	0	0	0	0	0	0	0	0	0	0	0	0	0	0	0	0	0	0	0	0.0	0	0	0	0	0	0	0	0	0	0	0	0	0	0	0	0	0	0	0	0	0	0	0	0.0
10060	¹g±³»c¿ø_1536_10496¹g±³»c¿ø_1536_10496	PAWN	WARP	SPECIAL	70	100		NOMOVE	0		STUN,SLOW,CURSE,TERROR	0		0	0	0	0	0	0	0	0	0	0	0	3954	3	1	0	0	562	0	79	100	100	0	2000	150	0	0	0	0	0	0	0	0	0	0	0	0	0	0	0	0	0	0	0	0	0	0	0	0	0	0	0	0	0	0	0	0.0	0	0	0	0	0	0	0	0	0	0	0	0	0	0	0	0	0	0	0	0	0	0	0	0.0
10061	ates_diyari_4608_10496	PAWN	WARP	SPECIAL	70	100		NOMOVE	0		STUN,SLOW,CURSE,TERROR	0		0	0	0	0	0	0	0	0	0	0	0	3954	3	1	0	0	562	0	79	100	100	0	2000	150	0	0	0	0	0	0	0	0	0	0	0	0	0	0	0	0	0	0	0	0	0	0	0	0	0	0	0	0	0	0	0	0.0	0	0	0	0	0	0	0	0	0	0	0	0	0	0	0	0	0	0	0	0	0	0	0	0.0
10062	½â·æ°î_6144_10496	PAWN	WARP	SPECIAL	70	100		NOMOVE	0		STUN,SLOW,CURSE,TERROR	0		0	0	0	0	0	0	0	0	0	0	0	3954	3	1	0	0	562	0	79	100	100	0	2000	150	0	0	0	0	0	0	0	0	0	0	0	0	0	0	0	0	0	0	0	0	0	0	0	0	0	0	0	0	0	0	0	0.0	0	0	0	0	0	0	0	0	0	0	0	0	0	0	0	0	0	0	0	0	0	0	0	0.0
10063	±í¸ñ¸²_3031_266	PAWN	WARP	SPECIAL	70	100		NOMOVE	0		STUN,SLOW,CURSE,TERROR	0		0	0	0	0	0	0	0	0	0	0	0	3954	3	1	0	0	562	0	79	100	100	0	2000	150	0	0	0	0	0	0	0	0	0	0	0	0	0	0	0	0	0	0	0	0	0	0	0	0	0	0	0	0	0	0	0	0.0	0	0	0	0	0	0	0	0	0	0	0	0	0	0	0	0	0	0	0	0	0	0	0	0.0
10064	àû±í¸ñ¸²_11133_53àû±í¸ñ¸²_11133_53	PAWN	WARP	SPECIAL	70	100		NOMOVE	0		STUN,SLOW,CURSE,TERROR	0		0	0	0	0	0	0	0	0	0	0	0	3954	3	1	0	0	562	0	79	100	100	0	2000	150	0	0	0	0	0	0	0	0	0	0	0	0	0	0	0	0	0	0	0	0	0	0	0	0	0	0	0	0	0	0	0	0.0	0	0	0	0	0	0	0	0	0	0	0	0	0	0	0	0	0	0	0	0	0	0	0	0.0
10065	½å±í¸ñ¸²_7754_105½å±í¸ñ¸²_7754_105	PAWN	WARP	SPECIAL	70	100		NOMOVE	0		STUN,SLOW,CURSE,TERROR	0		0	0	0	0	0	0	0	0	0	0	0	3954	3	1	0	0	562	0	79	100	100	0	2000	150	0	0	0	0	0	0	0	0	0	0	0	0	0	0	0	0	0	0	0	0	0	0	0	0	0	0	0	0	0	0	0	0.0	0	0	0	0	0	0	0	0	0	0	0	0	0	0	0	0	0	0	0	0	0	0	0	0.0
10066	½åàû±í¸ñ¸²_9915½åàû±í¸ñ¸²_9915	PAWN	WARP	SPECIAL	70	100		NOMOVE	0		STUN,SLOW,CURSE,TERROR	0		0	0	0	0	0	0	0	0	0	0	0	3954	3	1	0	0	562	0	79	100	100	0	2000	150	0	0	0	0	0	0	0	0	0	0	0	0	0	0	0	0	0	0	0	0	0	0	0	0	0	0	0	0	0	0	0	0.0	0	0	0	0	0	0	0	0	0	0	0	0	0	0	0	0	0	0	0	0	0	0	0	0.0
10067	maymunzindani_7752_4477	PAWN	WARP	SPECIAL	70	100		NOMOVE	0		STUN,SLOW,CURSE,TERROR	0		0	0	0	0	0	0	0	0	0	0	0	3954	3	1	0	0	562	0	79	100	100	0	2000	150	0	0	0	0	0	0	0	0	0	0	0	0	0	0	0	0	0	0	0	0	0	0	0	0	0	0	0	0	0	0	0	0.0	0	0	0	0	0	0	0	0	0	0	0	0	0	0	0	0	0	0	0	0	0	0	0	0.0
10068	jayang_bolgesi_4062_8756	PAWN	WARP	SPECIAL	70	100		NOMOVE	0		STUN,SLOW,CURSE,TERROR	0		0	0	0	0	0	0	0	0	0	0	0	3954	3	1	0	0	562	0	79	100	100	0	2000	150	0	0	0	0	0	0	0	0	0	0	0	0	0	0	0	0	0	0	0	0	0	0	0	0	0	0	0	0	0	0	0	0.0	0	0	0	0	0	0	0	0	0	0	0	0	0	0	0	0	0	0	0	0	0	0	0	0.0
10069	maymunzindani_8520_4477	PAWN	WARP	SPECIAL	70	100		NOMOVE	0		STUN,SLOW,CURSE,TERROR	0		0	0	0	0	0	0	0	0	0	0	0	3954	3	1	0	0	562	0	79	100	100	0	2000	150	0	0	0	0	0	0	0	0	0	0	0	0	0	0	0	0	0	0	0	0	0	0	0	0	0	0	0	0	0	0	0	0.0	0	0	0	0	0	0	0	0	0	0	0	0	0	0	0	0	0	0	0	0	0	0	0	0.0
10070	bokjungbolgesi_1611_2130	PAWN	WARP	SPECIAL	70	100		NOMOVE	0		STUN,SLOW,CURSE,TERROR	0		0	0	0	0	0	0	0	0	0	0	0	3954	3	1	0	0	562	0	79	100	100	0	2000	150	0	0	0	0	0	0	0	0	0	0	0	0	0	0	0	0	0	0	0	0	0	0	0	0	0	0	0	0	0	0	0	0.0	0	0	0	0	0	0	0	0	0	0	0	0	0	0	0	0	0	0	0	0	0	0	0	0.0
10071	maymunzindani_9288_4477	PAWN	WARP	SPECIAL	70	100		NOMOVE	0		STUN,SLOW,CURSE,TERROR	0		0	0	0	0	0	0	0	0	0	0	0	3954	3	1	0	0	562	0	79	100	100	0	2000	150	0	0	0	0	0	0	0	0	0	0	0	0	0	0	0	0	0	0	0	0	0	0	0	0	0	0	0	0	0	0	0	0.0	0	0	0	0	0	0	0	0	0	0	0	0	0	0	0	0	0	0	0	0	0	0	0	0.0
10072	bakra_bolgesi_8727_2100	PAWN	WARP	SPECIAL	70	100		NOMOVE	0		STUN,SLOW,CURSE,TERROR	0		0	0	0	0	0	0	0	0	0	0	0	3954	3	1	0	0	562	0	79	100	100	0	2000	150	0	0	0	0	0	0	0	0	0	0	0	0	0	0	0	0	0	0	0	0	0	0	0	0	0	0	0	0	0	0	0	0.0	0	0	0	0	0	0	0	0	0	0	0	0	0	0	0	0	0	0	0	0	0	0	0	0.0
10073	yongbi_colu_3061_6202	PAWN	WARP	SPECIAL	70	100		NOMOVE	0		STUN,SLOW,CURSE,TERROR	0		0	0	0	0	0	0	0	0	0	0	0	3954	3	1	0	0	562	0	79	100	100	0	2000	150	0	0	0	0	0	0	0	0	0	0	0	0	0	0	0	0	0	0	0	0	0	0	0	0	0	0	0	0	0	0	0	0.0	0	0	0	0	0	0	0	0	0	0	0	0	0	0	0	0	0	0	0	0	0	0	0	0.0
10074	maymunzindani_1352_6532	PAWN	WARP	SPECIAL	70	100		NOMOVE	0		STUN,SLOW,CURSE,TERROR	0		0	0	0	0	0	0	0	0	0	0	0	3954	3	1	0	0	562	0	79	100	100	0	2000	150	0	0	0	0	0	0	0	0	0	0	0	0	0	0	0	0	0	0	0	0	0	0	0	0	0	0	0	0	0	0	0	0.0	0	0	0	0	0	0	0	0	0	0	0	0	0	0	0	0	0	0	0	0	0	0	0	0.0
10075	yongbi_colu_2879_5407	PAWN	WARP	SPECIAL	70	100		NOMOVE	0		STUN,SLOW,CURSE,TERROR	0		0	0	0	0	0	0	0	0	0	0	0	3954	3	1	0	0	562	0	79	100	100	0	2000	150	0	0	0	0	0	0	0	0	0	0	0	0	0	0	0	0	0	0	0	0	0	0	0	0	0	0	0	0	0	0	0	0.0	0	0	0	0	0	0	0	0	0	0	0	0	0	0	0	0	0	0	0	0	0	0	0	0.0
10076	maymunzindani_1352_7300	PAWN	WARP	SPECIAL	70	100		NOMOVE	0		STUN,SLOW,CURSE,TERROR	0		0	0	0	0	0	0	0	0	0	0	0	3954	3	1	0	0	562	0	79	100	100	0	2000	150	0	0	0	0	0	0	0	0	0	0	0	0	0	0	0	0	0	0	0	0	0	0	0	0	0	0	0	0	0	0	0	0.0	0	0	0	0	0	0	0	0	0	0	0	0	0	0	0	0	0	0	0	0	0	0	0	0.0
10077	surgun_magarasi_9_12078	PAWN	WARP	SPECIAL	70	100		NOMOVE	0		STUN,SLOW,CURSE,TERROR	0		0	0	0	0	0	0	0	0	0	0	0	3954	3	1	0	0	562	0	79	100	100	0	2000	150	0	0	0	0	0	0	0	0	0	0	0	0	0	0	0	0	0	0	0	0	0	0	0	0	0	0	0	0	0	0	0	0.0	0	0	0	0	0	0	0	0	0	0	0	0	0	0	0	0	0	0	0	0	0	0	0	0.0
10078	½â·æ°î_2842_8106	PAWN	WARP	SPECIAL	70	100		NOMOVE	0		STUN,SLOW,CURSE,TERROR	0		0	0	0	0	0	0	0	0	0	0	0	3954	3	1	0	0	562	0	79	100	100	0	2000	150	0	0	0	0	0	0	0	0	0	0	0	0	0	0	0	0	0	0	0	0	0	0	0	0	0	0	0	0	0	0	0	0.0	0	0	0	0	0	0	0	0	0	0	0	0	0	0	0	0	0	0	0	0	0	0	0	0.0
10079	grotte1_1459_13236	PAWN	WARP	SPECIAL	70	100		NOMOVE	0		STUN,SLOW,CURSE,TERROR	0		0	0	0	0	0	0	0	0	0	0	0	3954	3	1	0	0	562	0	79	100	100	0	2000	150	0	0	0	0	0	0	0	0	0	0	0	0	0	0	0	0	0	0	0	0	0	0	0	0	0	0	0	0	0	0	0	0.0	0	0	0	0	0	0	0	0	0	0	0	0	0	0	0	0	0	0	0	0	0	0	0	0.0
10080	grotte2_2413_12755	PAWN	WARP	SPECIAL	70	100		NOMOVE	0		STUN,SLOW,CURSE,TERROR	0		0	0	0	0	0	0	0	0	0	0	0	3954	3	1	0	0	562	0	79	100	100	0	2000	150	0	0	0	0	0	0	0	0	0	0	0	0	0	0	0	0	0	0	0	0	0	0	0	0	0	0	0	0	0	0	0	0.0	0	0	0	0	0	0	0	0	0	0	0	0	0	0	0	0	0	0	0	0	0	0	0	0.0
10081	ãµàcµ¿±¼1ãs_99_13ãµàcµ¿±¼1ãs_99_13	PAWN	WARP	SPECIAL	70	100		NOMOVE	0		STUN,SLOW,CURSE,TERROR	0		0	0	0	0	0	0	0	0	0	0	0	3954	3	1	0	0	562	0	79	100	100	0	2000	150	0	0	0	0	0	0	0	0	0	0	0	0	0	0	0	0	0	0	0	0	0	0	0	0	0	0	0	0	0	0	0	0.0	0	0	0	0	0	0	0	0	0	0	0	0	0	0	0	0	0	0	0	0	0	0	0	0.0
10082	¿µ¾èà¾¼º_5028_999¿µ¾èà¾¼º_5028_999	PAWN	WARP	SPECIAL	70	100		NOMOVE	0		STUN,SLOW,CURSE,TERROR	0		0	0	0	0	0	0	0	0	0	0	0	3954	3	1	0	0	562	0	79	100	100	0	2000	150	0	0	0	0	0	0	0	0	0	0	0	0	0	0	0	0	0	0	0	0	0	0	0	0	0	0	0	0	0	0	0	0.0	0	0	0	0	0	0	0	0	0	0	0	0	0	0	0	0	0	0	0	0	0	0	0	0.0
10083	ãµàcµ¿±¼1ãs_1360_ãµàcµ¿±¼1ãs_1360_	PAWN	WARP	SPECIAL	70	100		NOMOVE	0		STUN,SLOW,CURSE,TERROR	0		0	0	0	0	0	0	0	0	0	0	0	3954	3	1	0	0	562	0	79	100	100	0	2000	150	0	0	0	0	0	0	0	0	0	0	0	0	0	0	0	0	0	0	0	0	0	0	0	0	0	0	0	0	0	0	0	0.0	0	0	0	0	0	0	0	0	0	0	0	0	0	0	0	0	0	0	0	0	0	0	0	0.0
10084	ãµàcµ¿±¼2ãs_2414_ãµàcµ¿±¼2ãs_2414_	PAWN	WARP	SPECIAL	70	100		NOMOVE	0		STUN,SLOW,CURSE,TERROR	0		0	0	0	0	0	0	0	0	0	0	0	3954	3	1	0	0	562	0	79	100	100	0	2000	150	0	0	0	0	0	0	0	0	0	0	0	0	0	0	0	0	0	0	0	0	0	0	0	0	0	0	0	0	0	0	0	0.0	0	0	0	0	0	0	0	0	0	0	0	0	0	0	0	0	0	0	0	0	0	0	0	0.0
10085	ãµàcµ¿±¼1ãs_99_15ãµàcµ¿±¼1ãs_99_15	PAWN	WARP	SPECIAL	70	100		NOMOVE	0		STUN,SLOW,CURSE,TERROR	0		0	0	0	0	0	0	0	0	0	0	0	3954	3	1	0	0	562	0	79	100	100	0	2000	150	0	0	0	0	0	0	0	0	0	0	0	0	0	0	0	0	0	0	0	0	0	0	0	0	0	0	0	0	0	0	0	0.0	0	0	0	0	0	0	0	0	0	0	0	0	0	0	0	0	0	0	0	0	0	0	0	0.0
10086	á¶¾èà¾¼º_616_1148á¶¾èà¾¼º_616_1148	PAWN	WARP	SPECIAL	70	100		NOMOVE	0		STUN,SLOW,CURSE,TERROR	0		0	0	0	0	0	0	0	0	0	0	0	3954	3	1	0	0	562	0	79	100	100	0	2000	150	0	0	0	0	0	0	0	0	0	0	0	0	0	0	0	0	0	0	0	0	0	0	0	0	0	0	0	0	0	0	0	0.0	0	0	0	0	0	0	0	0	0	0	0	0	0	0	0	0	0	0	0	0	0	0	0	0.0
10087	ãµàcµ¿±¼1ãs_1360_ãµàcµ¿±¼1ãs_1360_	PAWN	WARP	SPECIAL	70	100		NOMOVE	0		STUN,SLOW,CURSE,TERROR	0		0	0	0	0	0	0	0	0	0	0	0	3954	3	1	0	0	562	0	79	100	100	0	2000	150	0	0	0	0	0	0	0	0	0	0	0	0	0	0	0	0	0	0	0	0	0	0	0	0	0	0	0	0	0	0	0	0.0	0	0	0	0	0	0	0	0	0	0	0	0	0	0	0	0	0	0	0	0	0	0	0	0.0
10088	ãµàcµ¿±¼2ãs_2414_ãµàcµ¿±¼2ãs_2414_	PAWN	WARP	SPECIAL	70	100		NOMOVE	0		STUN,SLOW,CURSE,TERROR	0		0	0	0	0	0	0	0	0	0	0	0	3954	3	1	0	0	562	0	79	100	100	0	2000	150	0	0	0	0	0	0	0	0	0	0	0	0	0	0	0	0	0	0	0	0	0	0	0	0	0	0	0	0	0	0	0	0.0	0	0	0	0	0	0	0	0	0	0	0	0	0	0	0	0	0	0	0	0	0	0	0	0.0
10089	ãµàcµ¿±¼1ãs_99_16ãµàcµ¿±¼1ãs_99_16	PAWN	WARP	SPECIAL	70	100		NOMOVE	0		STUN,SLOW,CURSE,TERROR	0		0	0	0	0	0	0	0	0	0	0	0	3954	3	1	0	0	562	0	79	100	100	0	2000	150	0	0	0	0	0	0	0	0	0	0	0	0	0	0	0	0	0	0	0	0	0	0	0	0	0	0	0	0	0	0	0	0.0	0	0	0	0	0	0	0	0	0	0	0	0	0	0	0	0	0	0	0	0	0	0	0	0.0
10090	æò¹«à¾¼º_9609_318æò¹«à¾¼º_9609_318	PAWN	WARP	SPECIAL	70	100		NOMOVE	0		STUN,SLOW,CURSE,TERROR	0		0	0	0	0	0	0	0	0	0	0	0	3954	3	1	0	0	562	0	79	100	100	0	2000	150	0	0	0	0	0	0	0	0	0	0	0	0	0	0	0	0	0	0	0	0	0	0	0	0	0	0	0	0	0	0	0	0.0	0	0	0	0	0	0	0	0	0	0	0	0	0	0	0	0	0	0	0	0	0	0	0	0.0
10091	ãµàcµ¿±¼1ãs_1360_ãµàcµ¿±¼1ãs_1360_	PAWN	WARP	SPECIAL	70	100		NOMOVE	0		STUN,SLOW,CURSE,TERROR	0		0	0	0	0	0	0	0	0	0	0	0	3954	3	1	0	0	562	0	79	100	100	0	2000	150	0	0	0	0	0	0	0	0	0	0	0	0	0	0	0	0	0	0	0	0	0	0	0	0	0	0	0	0	0	0	0	0.0	0	0	0	0	0	0	0	0	0	0	0	0	0	0	0	0	0	0	0	0	0	0	0	0.0
10092	ãµàcµ¿±¼2ãs_2414_ãµàcµ¿±¼2ãs_2414_	PAWN	WARP	SPECIAL	70	100		NOMOVE	0		STUN,SLOW,CURSE,TERROR	0		0	0	0	0	0	0	0	0	0	0	0	3954	3	1	0	0	562	0	79	100	100	0	2000	150	0	0	0	0	0	0	0	0	0	0	0	0	0	0	0	0	0	0	0	0	0	0	0	0	0	0	0	0	0	0	0	0.0	0	0	0	0	0	0	0	0	0	0	0	0	0	0	0	0	0	0	0	0	0	0	0	0.0
10093	ejder_kapisi_1731_12205	PAWN	WARP	SPECIAL	70	100		NOMOVE	0		STUN,SLOW,CURSE,TERROR	0		0	0	0	0	0	0	0	0	0	0	0	3954	3	1	0	0	562	0	79	100	100	0	2000	150	0	0	0	0	0	0	0	0	0	0	0	0	0	0	0	0	0	0	0	0	0	0	0	0	0	0	0	0	0	0	0	0.0	0	0	0	0	0	0	0	0	0	0	0	0	0	0	0	0	0	0	0	0	0	0	0	0.0
10094	ejder_kapisi_1733_13743	PAWN	WARP	SPECIAL	70	100		NOMOVE	0		STUN,SLOW,CURSE,TERROR	0		0	0	0	0	0	0	0	0	0	0	0	3954	3	1	0	0	562	0	79	100	100	0	2000	150	0	0	0	0	0	0	0	0	0	0	0	0	0	0	0	0	0	0	0	0	0	0	0	0	0	0	0	0	0	0	0	0.0	0	0	0	0	0	0	0	0	0	0	0	0	0	0	0	0	0	0	0	0	0	0	0	0.0
10095	ejder_kapisi_1728_15277	PAWN	WARP	SPECIAL	70	100		NOMOVE	0		STUN,SLOW,CURSE,TERROR	0		0	0	0	0	0	0	0	0	0	0	0	3954	3	1	0	0	562	0	79	100	100	0	2000	150	0	0	0	0	0	0	0	0	0	0	0	0	0	0	0	0	0	0	0	0	0	0	0	0	0	0	0	0	0	0	0	0.0	0	0	0	0	0	0	0	0	0	0	0	0	0	0	0	0	0	0	0	0	0	0	0	0.0
10096	ejder_kapisi_1724_16824	PAWN	WARP	SPECIAL	70	100		NOMOVE	0		STUN,SLOW,CURSE,TERROR	0		0	0	0	0	0	0	0	0	0	0	0	3954	3	1	0	0	562	0	79	100	100	0	2000	150	0	0	0	0	0	0	0	0	0	0	0	0	0	0	0	0	0	0	0	0	0	0	0	0	0	0	0	0	0	0	0	0.0	0	0	0	0	0	0	0	0	0	0	0	0	0	0	0	0	0	0	0	0	0	0	0	0.0
10097	oz2_7040_5235	PAWN	WARP	SPECIAL	70	100		NOMOVE	0		STUN,SLOW,CURSE,TERROR	0		0	0	0	0	0	0	0	0	0	0	0	3954	3	1	0	0	562	0	79	100	100	0	2000	150	0	0	0	0	0	0	0	0	0	0	0	0	0	0	0	0	0	0	0	0	0	0	0	0	0	0	0	0	0	0	0	0.0	0	0	0	0	0	0	0	0	0	0	0	0	0	0	0	0	0	0	0	0	0	0	0	0.0
10098	oz3_984_5711	PAWN	WARP	SPECIAL	70	100		NOMOVE	0		STUN,SLOW,CURSE,TERROR	0		0	0	0	0	0	0	0	0	0	0	0	3954	3	1	0	0	562	0	79	100	100	0	2000	150	0	0	0	0	0	0	0	0	0	0	0	0	0	0	0	0	0	0	0	0	0	0	0	0	0	0	0	0	0	0	0	0.0	0	0	0	0	0	0	0	0	0	0	0	0	0	0	0	0	0	0	0	0	0	0	0	0.0
10099	burnu_11043_17885	PAWN	WARP	SPECIAL	70	100		NOMOVE	0		STUN,SLOW,CURSE,TERROR	0		0	0	0	0	0	0	0	0	0	0	0	3954	3	1	0	0	562	0	79	100	100	0	2000	150	0	0	0	0	0	0	0	0	0	0	0	0	0	0	0	0	0	0	0	0	0	0	0	0	0	0	0	0	0	0	0	0.0	0	0	0	0	0	0	0	0	0	0	0	0	0	0	0	0	0	0	0	0	0	0	0	0.0
10100	burnu_10963_16744	PAWN	WARP	SPECIAL	70	100		NOMOVE	0		STUN,SLOW,CURSE,TERROR	0		0	0	0	0	0	0	0	0	0	0	0	3954	3	1	0	0	562	0	79	100	100	0	2000	150	0	0	0	0	0	0	0	0	0	0	0	0	0	0	0	0	0	0	0	0	0	0	0	0	0	0	0	0	0	0	0	0.0	0	0	0	0	0	0	0	0	0	0	0	0	0	0	0	0	0	0	0	0	0	0	0	0.0
10101	nefrit_10869_16558	PAWN	WARP	SPECIAL	70	100		NOMOVE	0		STUN,SLOW,CURSE,TERROR	0		0	0	0	0	0	0	0	0	0	0	0	3954	3	1	0	0	562	0	79	100	100	0	2000	150	0	0	0	0	0	0	0	0	0	0	0	0	0	0	0	0	0	0	0	0	0	0	0	0	0	0	0	0	0	0	0	0.0	0	0	0	0	0	0	0	0	0	0	0	0	0	0	0	0	0	0	0	0	0	0	0	0.0
10102	burnu_11664_16779	PAWN	WARP	SPECIAL	70	100		NOMOVE	0		STUN,SLOW,CURSE,TERROR	0		0	0	0	0	0	0	0	0	0	0	0	3954	3	1	0	0	562	0	79	100	100	0	2000	150	0	0	0	0	0	0	0	0	0	0	0	0	0	0	0	0	0	0	0	0	0	0	0	0	0	0	0	0	0	0	0	0.0	0	0	0	0	0	0	0	0	0	0	0	0	0	0	0	0	0	0	0	0	0	0	0	0.0
10103	yildirim_11345_16546	PAWN	WARP	SPECIAL	70	100		NOMOVE	0		STUN,SLOW,CURSE,TERROR	0		0	0	0	0	0	0	0	0	0	0	0	3954	3	1	0	0	562	0	79	100	100	0	2000	150	0	0	0	0	0	0	0	0	0	0	0	0	0	0	0	0	0	0	0	0	0	0	0	0	0	0	0	0	0	0	0	0.0	0	0	0	0	0	0	0	0	0	0	0	0	0	0	0	0	0	0	0	0	0	0	0	0.0
10104	yildirim_11921_16550	PAWN	WARP	SPECIAL	70	100		NOMOVE	0		STUN,SLOW,CURSE,TERROR	0		0	0	0	0	0	0	0	0	0	0	0	3954	3	1	0	0	562	0	79	100	100	0	2000	150	0	0	0	0	0	0	0	0	0	0	0	0	0	0	0	0	0	0	0	0	0	0	0	0	0	0	0	0	0	0	0	0.0	0	0	0	0	0	0	0	0	0	0	0	0	0	0	0	0	0	0	0	0	0	0	0	0.0
10105	gautama_12263_16811	PAWN	WARP	SPECIAL	70	100		NOMOVE	0		STUN,SLOW,CURSE,TERROR	0		0	0	0	0	0	0	0	0	0	0	0	3954	3	1	0	0	562	0	79	100	100	0	2000	150	0	0	0	0	0	0	0	0	0	0	0	0	0	0	0	0	0	0	0	0	0	0	0	0	0	0	0	0	0	0	0	0.0	0	0	0	0	0	0	0	0	0	0	0	0	0	0	0	0	0	0	0	0	0	0	0	0.0
10106	³ì¸²áo_8168_15050	PAWN	WARP	SPECIAL	70	100		NOMOVE	0		STUN,SLOW,CURSE,TERROR	0	ice_snow_golem	0	0	0	0	0	0	0	0	0	0	0	3954	3	1	0	0	562	0	79	100	100	0	2000	150	0	0	0	0	0	0	0	0	0	0	0	0	0	0	0	0	0	0	0	0	0	0	0	0	0	0	0	0	0	0	0	0.0	0	0	0	0	0	0	0	0	0	0	0	0	0	0	0	0	0	0	0	0	0	0	0	0.0
10107	donganovasi_10629_4767	PAWN	WARP	SPECIAL	70	100		NOMOVE	0		STUN,SLOW,TERROR	0		0	0	0	0	0	0	0	0	0	0	0	3954	3	1	0	0	562	0	79	100	100	0	2000	150	0	0	0	0	0	0	0	0	0	0	0	0	0	0	0	0	0	0	0	0	0	0	0	0	0	0	0	0	0	0	0	0.0	0	0	0	0	0	0	0	0	0	0	0	0	0	0	0	0	0	0	0	0	0	0	0	0.0
10109	simseksirti_451_9492	PAWN	WARP	SPECIAL	70	100		NOMOVE	0		STUN,SLOW,TERROR	0		0	0	0	0	0	0	0	0	0	0	0	3954	3	1	0	0	562	0	79	100	100	0	2000	150	0	0	0	0	0	0	0	0	0	0	0	0	0	0	0	0	0	0	0	0	0	0	0	0	0	0	0	0	0	0	0	0.0	0	0	0	0	0	0	0	0	0	0	0	0	0	0	0	0	0	0	0	0	0	0	0	0.0
10110	simsekzirvesi_830_9454	PAWN	WARP	SPECIAL	70	100		NOMOVE	0		STUN,SLOW,TERROR	0		0	0	0	0	0	0	0	0	0	0	0	3954	3	1	0	0	562	0	79	100	100	0	2000	150	0	0	0	0	0	0	0	0	0	0	0	0	0	0	0	0	0	0	0	0	0	0	0	0	0	0	0	0	0	0	0	0.0	0	0	0	0	0	0	0	0	0	0	0	0	0	0	0	0	0	0	0	0	0	0	0	0.0
10111	atessirti_1430_9616	PAWN	WARP	SPECIAL	70	100		NOMOVE	0		STUN,SLOW,TERROR	0		0	0	0	0	0	0	0	0	0	0	0	3954	3	1	0	0	562	0	79	100	100	0	2000	150	0	0	0	0	0	0	0	0	0	0	0	0	0	0	0	0	0	0	0	0	0	0	0	0	0	0	0	0	0	0	0	0.0	0	0	0	0	0	0	0	0	0	0	0	0	0	0	0	0	0	0	0	0	0	0	0	0.0
10112	buzdagi_690_10169	PAWN	WARP	SPECIAL	70	100		NOMOVE	0		STUN,SLOW,TERROR	0		0	0	0	0	0	0	0	0	0	0	0	3954	3	1	0	0	562	0	79	100	100	0	2000	150	0	0	0	0	0	0	0	0	0	0	0	0	0	0	0	0	0	0	0	0	0	0	0	0	0	0	0	0	0	0	0	0.0	0	0	0	0	0	0	0	0	0	0	0	0	0	0	0	0	0	0	0	0	0	0	0	0.0
10113	simsekzirvesi_1023_9623	PAWN	WARP	SPECIAL	70	100		NOMOVE	0		STUN,SLOW,TERROR	0		0	0	0	0	0	0	0	0	0	0	0	3954	3	1	0	0	562	0	79	100	100	0	2000	150	0	0	0	0	0	0	0	0	0	0	0	0	0	0	0	0	0	0	0	0	0	0	0	0	0	0	0	0	0	0	0	0.0	0	0	0	0	0	0	0	0	0	0	0	0	0	0	0	0	0	0	0	0	0	0	0	0.0
10114	buzdagi_303_10113	PAWN	WARP	SPECIAL	70	100		NOMOVE	0		STUN,SLOW,TERROR	0		0	0	0	0	0	0	0	0	0	0	0	3954	3	1	0	0	562	0	79	100	100	0	2000	150	0	0	0	0	0	0	0	0	0	0	0	0	0	0	0	0	0	0	0	0	0	0	0	0	0	0	0	0	0	0	0	0.0	0	0	0	0	0	0	0	0	0	0	0	0	0	0	0	0	0	0	0	0	0	0	0	0.0
10115	ateszirvesi_2117_9447	PAWN	WARP	SPECIAL	70	100		NOMOVE	0		STUN,SLOW,TERROR	0		0	0	0	0	0	0	0	0	0	0	0	3954	3	1	0	0	562	0	79	100	100	0	2000	150	0	0	0	0	0	0	0	0	0	0	0	0	0	0	0	0	0	0	0	0	0	0	0	0	0	0	0	0	0	0	0	0.0	0	0	0	0	0	0	0	0	0	0	0	0	0	0	0	0	0	0	0	0	0	0	0	0.0
10116	atessirti_1720_9499	PAWN	WARP	SPECIAL	70	100		NOMOVE	0		STUN,SLOW,TERROR	0		0	0	0	0	0	0	0	0	0	0	0	3954	3	1	0	0	562	0	79	100	100	0	2000	150	0	0	0	0	0	0	0	0	0	0	0	0	0	0	0	0	0	0	0	0	0	0	0	0	0	0	0	0	0	0	0	0.0	0	0	0	0	0	0	0	0	0	0	0	0	0	0	0	0	0	0	0	0	0	0	0	0.0
10117	ruzgaradasi_1973_10159	PAWN	WARP	SPECIAL	70	100		NOMOVE	0		STUN,SLOW,TERROR	0		0	0	0	0	0	0	0	0	0	0	0	3954	3	1	0	0	562	0	79	100	100	0	2000	150	0	0	0	0	0	0	0	0	0	0	0	0	0	0	0	0	0	0	0	0	0	0	0	0	0	0	0	0	0	0	0	0.0	0	0	0	0	0	0	0	0	0	0	0	0	0	0	0	0	0	0	0	0	0	0	0	0.0
10118	ateszirvesi_2337_9633	PAWN	WARP	SPECIAL	70	100		NOMOVE	0		STUN,SLOW,TERROR	0		0	0	0	0	0	0	0	0	0	0	0	3954	3	1	0	0	562	0	79	100	100	0	2000	150	0	0	0	0	0	0	0	0	0	0	0	0	0	0	0	0	0	0	0	0	0	0	0	0	0	0	0	0	0	0	0	0.0	0	0	0	0	0	0	0	0	0	0	0	0	0	0	0	0	0	0	0	0	0	0	0	0.0
10119	karanliksirti_2710_9616	PAWN	WARP	SPECIAL	70	100		NOMOVE	0		STUN,SLOW,TERROR	0		0	0	0	0	0	0	0	0	0	0	0	3954	3	1	0	0	562	0	79	100	100	0	2000	150	0	0	0	0	0	0	0	0	0	0	0	0	0	0	0	0	0	0	0	0	0	0	0	0	0	0	0	0	0	0	0	0.0	0	0	0	0	0	0	0	0	0	0	0	0	0	0	0	0	0	0	0	0	0	0	0	0.0
10120	ruzgaradasi_1582_10111	PAWN	WARP	SPECIAL	70	100		NOMOVE	0		STUN,SLOW,TERROR	0		0	0	0	0	0	0	0	0	0	0	0	3954	3	1	0	0	562	0	79	100	100	0	2000	150	0	0	0	0	0	0	0	0	0	0	0	0	0	0	0	0	0	0	0	0	0	0	0	0	0	0	0	0	0	0	0	0.0	0	0	0	0	0	0	0	0	0	0	0	0	0	0	0	0	0	0	0	0	0	0	0	0.0
10121	karanlikzirve_3393_9454	PAWN	WARP	SPECIAL	70	100		NOMOVE	0		STUN,SLOW,TERROR	0		0	0	0	0	0	0	0	0	0	0	0	3954	3	1	0	0	562	0	79	100	100	0	2000	150	0	0	0	0	0	0	0	0	0	0	0	0	0	0	0	0	0	0	0	0	0	0	0	0	0	0	0	0	0	0	0	0.0	0	0	0	0	0	0	0	0	0	0	0	0	0	0	0	0	0	0	0	0	0	0	0	0.0
10122	karanliksirti_3012_9500	PAWN	WARP	SPECIAL	70	100		NOMOVE	0		STUN,SLOW,TERROR	0		0	0	0	0	0	0	0	0	0	0	0	3954	3	1	0	0	562	0	79	100	100	0	2000	150	0	0	0	0	0	0	0	0	0	0	0	0	0	0	0	0	0	0	0	0	0	0	0	0	0	0	0	0	0	0	0	0.0	0	0	0	0	0	0	0	0	0	0	0	0	0	0	0	0	0	0	0	0	0	0	0	0.0
10123	toprakcolu_3069_10174	PAWN	WARP	SPECIAL	70	100		NOMOVE	0		STUN,SLOW,TERROR	0		0	0	0	0	0	0	0	0	0	0	0	3954	3	1	0	0	562	0	79	100	100	0	2000	150	0	0	0	0	0	0	0	0	0	0	0	0	0	0	0	0	0	0	0	0	0	0	0	0	0	0	0	0	0	0	0	0.0	0	0	0	0	0	0	0	0	0	0	0	0	0	0	0	0	0	0	0	0	0	0	0	0.0
10124	karanlikzirve_3685_9551	PAWN	WARP	SPECIAL	70	100		NOMOVE	0		STUN,SLOW,TERROR	0		0	0	0	0	0	0	0	0	0	0	0	3954	3	1	0	0	562	0	79	100	100	0	2000	150	0	0	0	0	0	0	0	0	0	0	0	0	0	0	0	0	0	0	0	0	0	0	0	0	0	0	0	0	0	0	0	0.0	0	0	0	0	0	0	0	0	0	0	0	0	0	0	0	0	0	0	0	0	0	0	0	0.0
10126	cikis_11622_5809	PAWN	WARP	SPECIAL	70	100		NOMOVE	0		STUN,SLOW,TERROR	0		0	0	0	0	0	0	0	0	0	0	0	3954	3	1	0	0	562	0	79	100	100	0	2000	150	0	0	0	0	0	0	0	0	0	0	0	0	0	0	0	0	0	0	0	0	0	0	0	0	0	0	0	0	0	0	0	0.0	0	0	0	0	0	0	0	0	0	0	0	0	0	0	0	0	0	0	0	0	0	0	0	0.0
10127	donganobasi_10551_4881	PAWN	WARP	SPECIAL	70	100		NOMOVE	0		STUN,SLOW,TERROR	0		0	0	0	0	0	0	0	0	0	0	0	3954	3	1	0	0	562	0	79	100	100	0	2000	150	0	0	0	0	0	0	0	0	0	0	0	0	0	0	0	0	0	0	0	0	0	0	0	0	0	0	0	0	0	0	0	0.0	0	0	0	0	0	0	0	0	0	0	0	0	0	0	0	0	0	0	0	0	0	0	0	0.0
10128	seogancoragi_12218_4895	PAWN	WARP	SPECIAL	70	100		NOMOVE	0		STUN,SLOW,TERROR	0		0	0	0	0	0	0	0	0	0	0	0	3954	3	1	0	0	562	0	79	100	100	0	2000	150	0	0	0	0	0	0	0	0	0	0	0	0	0	0	0	0	0	0	0	0	0	0	0	0	0	0	0	0	0	0	0	0.0	0	0	0	0	0	0	0	0	0	0	0	0	0	0	0	0	0	0	0	0	0	0	0	0.0
10129	namganyarigi_12780_4411	PAWN	WARP	SPECIAL	70	100		NOMOVE	0		STUN,SLOW,TERROR	0		0	0	0	0	0	0	0	0	0	0	0	3954	3	1	0	0	562	0	79	100	100	0	2000	150	0	0	0	0	0	0	0	0	0	0	0	0	0	0	0	0	0	0	0	0	0	0	0	0	0	0	0	0	0	0	0	0.0	0	0	0	0	0	0	0	0	0	0	0	0	0	0	0	0	0	0	0	0	0	0	0	0.0
10130	seogancoragi_12144_5555	PAWN	WARP	SPECIAL	70	100		NOMOVE	0		STUN,SLOW,TERROR	0		0	0	0	0	0	0	0	0	0	0	0	3954	3	1	0	0	562	0	79	100	100	0	2000	150	0	0	0	0	0	0	0	0	0	0	0	0	0	0	0	0	0	0	0	0	0	0	0	0	0	0	0	0	0	0	0	0.0	0	0	0	0	0	0	0	0	0	0	0	0	0	0	0	0	0	0	0	0	0	0	0	0.0
10131	seviye2_9916_6630	PAWN	GOTO	SPECIAL	70	100		NOMOVE	0		STUN,SLOW,TERROR	0		0	0	0	0	0	0	0	0	0	0	0	3954	3	1	0	0	562	0	79	100	100	0	2000	150	0	0	0	0	0	0	0	0	0	0	0	0	0	0	0	0	0	0	0	0	0	0	0	0	0	0	0	0	0	0	0	0.0	0	0	0	0	0	0	0	0	0	0	0	0	0	0	0	0	0	0	0	0	0	0	0	0.0
10132	seviye3_9896_6302	PAWN	GOTO	SPECIAL	70	100		NOMOVE	0		STUN,SLOW,TERROR	0		0	0	0	0	0	0	0	0	0	0	0	3954	3	1	0	0	562	0	79	100	100	0	2000	150	0	0	0	0	0	0	0	0	0	0	0	0	0	0	0	0	0	0	0	0	0	0	0	0	0	0	0	0	0	0	0	0.0	0	0	0	0	0	0	0	0	0	0	0	0	0	0	0	0	0	0	0	0	0	0	0	0.0
10133	seviye1_9534_6281	PAWN	GOTO	SPECIAL	70	100		NOMOVE	0		STUN,SLOW,TERROR	0		0	0	0	0	0	0	0	0	0	0	0	3954	3	1	0	0	562	0	79	100	100	0	2000	150	0	0	0	0	0	0	0	0	0	0	0	0	0	0	0	0	0	0	0	0	0	0	0	0	0	0	0	0	0	0	0	0.0	0	0	0	0	0	0	0	0	0	0	0	0	0	0	0	0	0	0	0	0	0	0	0	0.0
10134	seviye2_9564_6610	PAWN	GOTO	SPECIAL	70	100		NOMOVE	0		STUN,SLOW,TERROR	0		0	0	0	0	0	0	0	0	0	0	0	3954	3	1	0	0	562	0	79	100	100	0	2000	150	0	0	0	0	0	0	0	0	0	0	0	0	0	0	0	0	0	0	0	0	0	0	0	0	0	0	0	0	0	0	0	0.0	0	0	0	0	0	0	0	0	0	0	0	0	0	0	0	0	0	0	0	0	0	0	0	0.0
10135	geri_9338_6287	PAWN	WARP	SPECIAL	70	100		NOMOVE	0		STUN,SLOW,TERROR	0		0	0	0	0	0	0	0	0	0	0	0	3954	3	1	0	0	562	0	79	100	100	0	2000	150	0	0	0	0	0	0	0	0	0	0	0	0	0	0	0	0	0	0	0	0	0	0	0	0	0	0	0	0	0	0	0	0.0	0	0	0	0	0	0	0	0	0	0	0	0	0	0	0	0	0	0	0	0	0	0	0	0.0
10136	yilad_gecidi_303_14147	PAWN	WARP	SPECIAL	70	100		NOMOVE	0		STUN,SLOW,TERROR	0		0	0	0	0	0	0	0	0	0	0	0	3954	3	1	0	0	562	0	79	100	100	0	2000	150	0	0	0	0	0	0	0	0	0	0	0	0	0	0	0	0	0	0	0	0	0	0	0	0	0	0	0	0	0	0	0	0.0	0	0	0	0	0	0	0	0	0	0	0	0	0	0	0	0	0	0	0	0	0	0	0	0.0
10137	namgan_yarigi_13184_4735	PAWN	WARP	SPECIAL	70	100		NOMOVE	0		STUN,SLOW,TERROR	0		0	0	0	0	0	0	0	0	0	0	0	3954	3	1	0	0	562	0	79	100	100	0	2000	150	0	0	0	0	0	0	0	0	0	0	0	0	0	0	0	0	0	0	0	0	0	0	0	0	0	0	0	0	0	0	0	0.0	0	0	0	0	0	0	0	0	0	0	0	0	0	0	0	0	0	0	0	0	0	0	0	0.0
10138	cikis	KING	NPC	MELEE	1	100		NOMOVE	0		STUN,SLOW,TERROR	0		2	0	0	0	0	0	0	0	0	0	0	120	3	1	0	0	0	10	4	100	100	0	2000	150	0	0	0	0	0	0	0	0	0	0	0	0	0	0	0	0	0	0	0	0	0	0	0	0	0	0	0	0	0	0	0	0.0	0	0	0	0	0	0	0	0	0	0	0	0	0	0	0	0	0	0	0	0	0	0	0	0.0
10139	kuzey_r.u._1106_15997	KING	NPC	MELEE	2	100		NOMOVE	0		STUN,SLOW,TERROR	0		2	0	0	0	0	0	0	0	0	0	0	120	3	1	0	0	1	10	4	100	100	0	2000	150	0	0	0	0	0	0	0	0	0	0	0	0	0	0	0	0	0	0	0	0	0	0	0	0	0	0	0	0	0	0	0	0.0	0	0	0	0	0	0	0	0	0	0	0	0	0	0	0	0	0	0	0	0	0	0	0	0.0
10140	yilad_gecidi_83_14763	PAWN	WARP	SPECIAL	70	100		NOMOVE	0		STUN,SLOW,TERROR	0		0	0	0	0	0	0	0	0	0	0	0	3954	3	1	0	0	562	0	79	100	100	0	2000	150	0	0	0	0	0	0	0	0	0	0	0	0	0	0	0	0	0	0	0	0	0	0	0	0	0	0	0	0	0	0	0	0.0	0	0	0	0	0	0	0	0	0	0	0	0	0	0	0	0	0	0	0	0	0	0	0	0.0
10141	bekleme_alani_401_477	PAWN	GOTO	SPECIAL	70	100		NOMOVE	0		STUN,SLOW,TERROR	0		0	0	0	0	0	0	0	0	0	0	0	3954	3	1	0	0	562	0	79	100	100	0	2000	150	0	0	0	0	0	0	0	0	0	0	0	0	0	0	0	0	0	0	0	0	0	0	0	0	0	0	0	0	0	0	0	0.0	0	0	0	0	0	0	0	0	0	0	0	0	0	0	0	0	0	0	0	0	0	0	0	0.0
10142	ruh_sirti_1851_15786	KING	NPC	MELEE	2	100		NOMOVE	0		STUN,SLOW,TERROR	0		2	0	0	0	0	0	0	0	0	0	0	120	3	1	0	0	1	10	4	100	100	0	2000	150	0	0	0	0	0	0	0	0	0	0	0	0	0	0	0	0	0	0	0	0	0	0	0	0	0	0	0	0	0	0	0	0.0	0	0	0	0	0	0	0	0	0	0	0	0	0	0	0	0	0	0	0	0	0	0	0	0.0
10143	kuzey_r.u._247_15392	PAWN	WARP	SPECIAL	70	100		NOMOVE	0		STUN,SLOW,TERROR	0		0	0	0	0	0	0	0	0	0	0	0	3954	3	1	0	0	562	0	79	100	100	0	2000	150	0	0	0	0	0	0	0	0	0	0	0	0	0	0	0	0	0	0	0	0	0	0	0	0	0	0	0	0	0	0	0	0.0	0	0	0	0	0	0	0	0	0	0	0	0	0	0	0	0	0	0	0	0	0	0	0	0.0
10144	스네이크밸리 122 14스네이크밸리 122 14	PAWN	WARP	SPECIAL	70	100		NOMOVE	0		STUN,SLOW,TERROR	0		0	0	0	0	0	0	0	0	0	0	0	3954	3	1	0	0	562	0	79	100	100	0	2000	150	0	0	0	0	0	0	0	0	0	0	0	0	0	0	0	0	0	0	0	0	0	0	0	0	0	0	0	0	0	0	0	0.0	0	0	0	0	0	0	0	0	0	0	0	0	0	0	0	0	0	0	0	0	0	0	0	0.0
10145	월광계곡	KING	NPC	MELEE	1	100		NOMOVE	0		STUN,SLOW,TERROR	0		2	0	0	0	0	0	0	0	0	0	0	120	3	1	0	0	1	10	4	100	100	0	2000	150	0	0	0	0	0	0	0	0	0	0	0	0	0	0	0	0	0	0	0	0	0	0	0	0	0	0	0	0	0	0	0	0.0	0	0	0	0	0	0	0	0	0	0	0	0	0	0	0	0	0	0	0	0	0	0	0	0.0
10146	탐욕의 동굴	KING	NPC	MELEE	1	100		NOMOVE	0		STUN,SLOW,TERROR	0		2	0	0	0	0	0	0	0	0	0	0	120	3	1	0	0	1	10	4	100	100	0	2000	150	0	0	0	0	0	0	0	0	0	0	0	0	0	0	0	0	0	0	0	0	0	0	0	0	0	0	0	0	0	0	0	0.0	0	0	0	0	0	0	0	0	0	0	0	0	0	0	0	0	0	0	0	0	0	0	0	0.0
10147	월광계곡	KING	NPC	MELEE	1	100		NOMOVE	0		STUN,SLOW,TERROR	0		2	0	0	0	0	0	0	0	0	0	0	120	3	1	0	0	1	10	4	100	100	0	2000	150	0	0	0	0	0	0	0	0	0	0	0	0	0	0	0	0	0	0	0	0	0	0	0	0	0	0	0	0	0	0	0	0.0	0	0	0	0	0	0	0	0	0	0	0	0	0	0	0	0	0	0	0	0	0	0	0	0.0
10148	나가기(탐욕)	KING	NPC	MELEE	1	100		NOMOVE	0		STUN,SLOW,TERROR	0		2	0	0	0	0	0	0	0	0	0	0	120	3	1	0	0	1	10	4	100	100	0	2000	150	0	0	0	0	0	0	0	0	0	0	0	0	0	0	0	0	0	0	0	0	0	0	0	0	0	0	0	0	0	0	0	0.0	0	0	0	0	0	0	0	0	0	0	0	0	0	0	0	0	0	0	0	0	0	0	0	0.0
10149	탐욕의문	KING	NPC	MELEE	1	100		NOMOVE	0		STUN,SLOW,TERROR	0		2	0	0	0	0	0	0	0	0	0	0	120	3	1	0	0	1	10	4	100	100	0	2000	150	0	0	0	0	0	0	0	0	0	0	0	0	0	0	0	0	0	0	0	0	0	0	0	0	0	0	0	0	0	0	0	0.0	0	0	0	0	0	0	0	0	0	0	0	0	0	0	0	0	0	0	0	0	0	0	0	0.0
10150	이블리스의방	KING	NPC	MELEE	1	100		NOMOVE	0		STUN,SLOW,TERROR	0		2	0	0	0	0	0	0	0	0	0	0	120	3	1	0	0	1	10	4	100	100	0	2000	150	0	0	0	0	0	0	0	0	0	0	0	0	0	0	0	0	0	0	0	0	0	0	0	0	0	0	0	0	0	0	0	0.0	0	0	0	0	0	0	0	0	0	0	0	0	0	0	0	0	0	0	0	0	0	0	0	0.0
10152	내려가기(탐욕)	KING	NPC	MELEE	1	100		NOMOVE	0		STUN,SLOW,TERROR	0		2	0	0	0	0	0	0	0	0	0	0	120	3	1	0	0	1	10	4	100	100	0	2000	150	0	0	0	0	0	0	0	0	0	0	0	0	0	0	0	0	0	0	0	0	0	0	0	0	0	0	0	0	0	0	0	0.0	0	0	0	0	0	0	0	0	0	0	0	0	0	0	0	0	0	0	0	0	0	0	0	0.0
10153	올라가기(탐욕)	KING	NPC	MELEE	1	100		NOMOVE	0		STUN,SLOW,TERROR	0		2	0	0	0	0	0	0	0	0	0	0	120	3	1	0	0	1	10	4	100	100	0	2000	150	0	0	0	0	0	0	0	0	0	0	0	0	0	0	0	0	0	0	0	0	0	0	0	0	0	0	0	0	0	0	0	0.0	0	0	0	0	0	0	0	0	0	0	0	0	0	0	0	0	0	0	0	0	0	0	0	0.0
10201	cik	KING	NPC	MELEE	1	100		NOMOVE	0		STUN,SLOW,TERROR	0		2	0	0	0	0	0	0	0	0	0	0	120	3	1	0	0	0	10	4	100	100	0	2000	150	0	0	0	0	0	0	0	0	0	0	0	0	0	0	0	0	0	0	0	0	0	0	0	0	0	0	0	0	0	0	0	0.0	0	0	0	0	0	0	0	0	0	0	0	0	0	0	0	0	0	0	0	0	0	0	0	0.0
10202	kuzey_r.i._11590_12181	KING	WARP	MELEE	1	100		NOMOVE	0			0		2	0	0	0	0	0	0	0	0	0	0	1	1	1	0	0	1	0	1	1	1	1	2000	1	0	0	0	0	0	0	0	0	0	0	0	0	0	0	0	0	0	0	0	0	0	0	0	0	0	0	0	0	0	0	0	0.0	0	0	0	0	0	0	0	0	0	0	0	0	0	0	0	0	0	0	0	0	0	0	0	0.0
10203	kuzey_r.z._11323_13499	KING	WARP	MELEE	1	100		NOMOVE	0			0		2	0	0	0	0	0	0	0	0	0	0	1	1	1	0	0	1	0	1	1	1	1	2000	1	0	0	0	0	0	0	0	0	0	0	0	0	0	0	0	0	0	0	0	0	0	0	0	0	0	0	0	0	0	0	0	0.0	0	0	0	0	0	0	0	0	0	0	0	0	0	0	0	0	0	0	0	0	0	0	0	0.0
10204	cikis	KING	NPC	MELEE	1	100		NOMOVE	0		STUN,SLOW,TERROR	0		2	0	0	0	0	0	0	0	0	0	0	120	3	1	0	0	0	10	4	100	100	0	2000	150	0	0	0	0	0	0	0	0	0	0	0	0	0	0	0	0	0	0	0	0	0	0	0	0	0	0	0	0	0	0	0	0.0	0	0	0	0	0	0	0	0	0	0	0	0	0	0	0	0	0	0	0	0	0	0	0	0.0
10205	._70_149	KING	GOTO	MELEE	1	100		NOMOVE	0			0		0	0	0	0	0	0	0	0	0	0	0	1	1	1	0	0	1	0	1	1	1	1	2000	1	0	0	0	0	0	0	0	0	0	0	0	0	0	0	0	0	0	0	0	0	0	0	0	0	0	0	0	0	0	0	0	0.0	0	0	0	0	0	0	0	0	0	0	0	0	0	0	0	0	0	0	0	0	0	0	0	0.0
10206	._295_157	KING	GOTO	MELEE	1	100		NOMOVE	0			0		0	0	0	0	0	0	0	0	0	0	0	1	1	1	0	0	1	0	1	1	1	1	2000	1	0	0	0	0	0	0	0	0	0	0	0	0	0	0	0	0	0	0	0	0	0	0	0	0	0	0	0	0	0	0	0	0.0	0	0	0	0	0	0	0	0	0	0	0	0	0	0	0	0	0	0	0	0	0	0	0	0.0
10207	._190_149	KING	GOTO	MELEE	1	100		NOMOVE	0			0		0	0	0	0	0	0	0	0	0	0	0	1	1	1	0	0	1	0	1	1	1	1	2000	1	0	0	0	0	0	0	0	0	0	0	0	0	0	0	0	0	0	0	0	0	0	0	0	0	0	0	0	0	0	0	0	0.0	0	0	0	0	0	0	0	0	0	0	0	0	0	0	0	0	0	0	0	0	0	0	0	0.0
10208	._70_149	KING	GOTO	MELEE	1	100		NOMOVE	0			0		0	0	0	0	0	0	0	0	0	0	0	1	1	1	0	0	1	0	1	1	1	1	2000	1	0	0	0	0	0	0	0	0	0	0	0	0	0	0	0	0	0	0	0	0	0	0	0	0	0	0	0	0	0	0	0	0.0	0	0	0	0	0	0	0	0	0	0	0	0	0	0	0	0	0	0	0	0	0	0	0	0.0
10209	._650_184	KING	GOTO	MELEE	1	100		NOMOVE	0			0		0	0	0	0	0	0	0	0	0	0	0	1	1	1	0	0	1	0	1	1	1	1	2000	1	0	0	0	0	0	0	0	0	0	0	0	0	0	0	0	0	0	0	0	0	0	0	0	0	0	0	0	0	0	0	0	0.0	0	0	0	0	0	0	0	0	0	0	0	0	0	0	0	0	0	0	0	0	0	0	0	0.0
10210	._476_53	KING	GOTO	MELEE	1	100		NOMOVE	0			0		0	0	0	0	0	0	0	0	0	0	0	1	1	1	0	0	1	0	1	1	1	1	2000	1	0	0	0	0	0	0	0	0	0	0	0	0	0	0	0	0	0	0	0	0	0	0	0	0	0	0	0	0	0	0	0	0.0	0	0	0	0	0	0	0	0	0	0	0	0	0	0	0	0	0	0	0	0	0	0	0	0.0
10211	._70_149	KING	GOTO	MELEE	1	100		NOMOVE	0			0		0	0	0	0	0	0	0	0	0	0	0	1	1	1	0	0	1	0	1	1	1	1	2000	1	0	0	0	0	0	0	0	0	0	0	0	0	0	0	0	0	0	0	0	0	0	0	0	0	0	0	0	0	0	0	0	0.0	0	0	0	0	0	0	0	0	0	0	0	0	0	0	0	0	0	0	0	0	0	0	0	0.0
10212	._80_330	KING	GOTO	MELEE	1	100		NOMOVE	0			0		0	0	0	0	0	0	0	0	0	0	0	1	1	1	0	0	1	0	1	1	1	1	2000	1	0	0	0	0	0	0	0	0	0	0	0	0	0	0	0	0	0	0	0	0	0	0	0	0	0	0	0	0	0	0	0	0.0	0	0	0	0	0	0	0	0	0	0	0	0	0	0	0	0	0	0	0	0	0	0	0	0.0
10213	._351_385	KING	GOTO	MELEE	1	100		NOMOVE	0			0		0	0	0	0	0	0	0	0	0	0	0	1	1	1	0	0	1	0	1	1	1	1	2000	1	0	0	0	0	0	0	0	0	0	0	0	0	0	0	0	0	0	0	0	0	0	0	0	0	0	0	0	0	0	0	0	0.0	0	0	0	0	0	0	0	0	0	0	0	0	0	0	0	0	0	0	0	0	0	0	0	0.0
10214	._81_451	KING	GOTO	MELEE	1	100		NOMOVE	0			0		0	0	0	0	0	0	0	0	0	0	0	1	1	1	0	0	1	0	1	1	1	1	2000	1	0	0	0	0	0	0	0	0	0	0	0	0	0	0	0	0	0	0	0	0	0	0	0	0	0	0	0	0	0	0	0	0.0	0	0	0	0	0	0	0	0	0	0	0	0	0	0	0	0	0	0	0	0	0	0	0	0.0
10215	._70_149	KING	GOTO	MELEE	1	100		NOMOVE	0			0		0	0	0	0	0	0	0	0	0	0	0	1	1	1	0	0	1	0	1	1	1	1	2000	1	0	0	0	0	0	0	0	0	0	0	0	0	0	0	0	0	0	0	0	0	0	0	0	0	0	0	0	0	0	0	0	0.0	0	0	0	0	0	0	0	0	0	0	0	0	0	0	0	0	0	0	0	0	0	0	0	0.0
10216	._707_445	KING	GOTO	MELEE	1	100		NOMOVE	0			0		0	0	0	0	0	0	0	0	0	0	0	1	1	1	0	0	1	0	1	1	1	1	2000	1	0	0	0	0	0	0	0	0	0	0	0	0	0	0	0	0	0	0	0	0	0	0	0	0	0	0	0	0	0	0	0	0.0	0	0	0	0	0	0	0	0	0	0	0	0	0	0	0	0	0	0	0	0	0	0	0	0.0
10217	._351_445	KING	GOTO	MELEE	1	100		NOMOVE	0			0		0	0	0	0	0	0	0	0	0	0	0	1	1	1	0	0	1	0	1	1	1	1	2000	1	0	0	0	0	0	0	0	0	0	0	0	0	0	0	0	0	0	0	0	0	0	0	0	0	0	0	0	0	0	0	0	0.0	0	0	0	0	0	0	0	0	0	0	0	0	0	0	0	0	0	0	0	0	0	0	0	0.0
10218	._70_149	KING	GOTO	MELEE	1	100		NOMOVE	0			0		0	0	0	0	0	0	0	0	0	0	0	1	1	1	0	0	1	0	1	1	1	1	2000	1	0	0	0	0	0	0	0	0	0	0	0	0	0	0	0	0	0	0	0	0	0	0	0	0	0	0	0	0	0	0	0	0.0	0	0	0	0	0	0	0	0	0	0	0	0	0	0	0	0	0	0	0	0	0	0	0	0.0
10219	._215_557	KING	GOTO	MELEE	1	100		NOMOVE	0			0		0	0	0	0	0	0	0	0	0	0	0	1	1	1	0	0	1	0	1	1	1	1	2000	1	0	0	0	0	0	0	0	0	0	0	0	0	0	0	0	0	0	0	0	0	0	0	0	0	0	0	0	0	0	0	0	0.0	0	0	0	0	0	0	0	0	0	0	0	0	0	0	0	0	0	0	0	0	0	0	0	0.0
10220	._698_325	KING	GOTO	MELEE	1	100		NOMOVE	0			0		0	0	0	0	0	0	0	0	0	0	0	1	1	1	0	0	1	0	1	1	1	1	2000	1	0	0	0	0	0	0	0	0	0	0	0	0	0	0	0	0	0	0	0	0	0	0	0	0	0	0	0	0	0	0	0	0.0	0	0	0	0	0	0	0	0	0	0	0	0	0	0	0	0	0	0	0	0	0	0	0	0.0
10221	._70_149	KING	GOTO	MELEE	1	100		NOMOVE	0			0		0	0	0	0	0	0	0	0	0	0	0	1	1	1	0	0	1	0	1	1	1	1	2000	1	0	0	0	0	0	0	0	0	0	0	0	0	0	0	0	0	0	0	0	0	0	0	0	0	0	0	0	0	0	0	0	0.0	0	0	0	0	0	0	0	0	0	0	0	0	0	0	0	0	0	0	0	0	0	0	0	0.0
10222	gizli_oda_11913_12692	KING	WARP	MELEE	1	100		NOMOVE	0			0		0	0	0	0	0	0	0	0	0	0	0	1	1	1	0	0	1	0	1	1	1	1	2000	1	0	0	0	0	0	0	0	0	0	0	0	0	0	0	0	0	0	0	0	0	0	0	0	0	0	0	0	0	0	0	0	0.0	0	0	0	0	0	0	0	0	0	0	0	0	0	0	0	0	0	0	0	0	0	0	0	0.0
10223	geri_11553_12697	KING	WARP	MELEE	1	100		NOMOVE	0			0		0	0	0	0	0	0	0	0	0	0	0	1	1	1	0	0	1	0	1	1	1	1	2000	1	0	0	0	0	0	0	0	0	0	0	0	0	0	0	0	0	0	0	0	0	0	0	0	0	0	0	0	0	0	0	0	0.0	0	0	0	0	0	0	0	0	0	0	0	0	0	0	0	0	0	0	0	0	0	0	0	0.0
10224	._646_65	KING	GOTO	MELEE	1	100		NOMOVE	0			0		0	0	0	0	0	0	0	0	0	0	0	1	1	1	0	0	1	0	1	1	1	1	2000	1	0	0	0	0	0	0	0	0	0	0	0	0	0	0	0	0	0	0	0	0	0	0	0	0	0	0	0	0	0	0	0	0.0	0	0	0	0	0	0	0	0	0	0	0	0	0	0	0	0	0	0	0	0	0	0	0	0.0
10225	._70_149	KING	GOTO	MELEE	1	100		NOMOVE	0			0		0	0	0	0	0	0	0	0	0	0	0	1	1	1	0	0	1	0	1	1	1	1	2000	1	0	0	0	0	0	0	0	0	0	0	0	0	0	0	0	0	0	0	0	0	0	0	0	0	0	0	0	0	0	0	0	0.0	0	0	0	0	0	0	0	0	0	0	0	0	0	0	0	0	0	0	0	0	0	0	0	0.0
10501	._345_361	KING	GOTO	MELEE	1	100		NOMOVE	0			0		0	0	0	0	0	0	0	0	0	0	0	1	1	1	0	0	1	0	1	1	1	1	2000	1	0	0	0	0	0	0	0	0	0	0	0	0	0	0	0	0	0	0	0	0	0	0	0	0	0	0	0	0	0	0	0	0.0	0	0	0	0	0	0	0	0	0	0	0	0	0	0	0	0	0	0	0	0	0	0	0	0.0
10502	._106_547	KING	GOTO	MELEE	1	100		NOMOVE	0			0		0	0	0	0	0	0	0	0	0	0	0	1	1	1	0	0	1	0	1	1	1	1	2000	1	0	0	0	0	0	0	0	0	0	0	0	0	0	0	0	0	0	0	0	0	0	0	0	0	0	0	0	0	0	0	0	0.0	0	0	0	0	0	0	0	0	0	0	0	0	0	0	0	0	0	0	0	0	0	0	0	0.0
10503	._75_368	KING	GOTO	MELEE	1	100		NOMOVE	0			0		0	0	0	0	0	0	0	0	0	0	0	1	1	1	0	0	1	0	1	1	1	1	2000	1	0	0	0	0	0	0	0	0	0	0	0	0	0	0	0	0	0	0	0	0	0	0	0	0	0	0	0	0	0	0	0	0.0	0	0	0	0	0	0	0	0	0	0	0	0	0	0	0	0	0	0	0	0	0	0	0	0.0
10504	._89_746	KING	GOTO	MELEE	1	100		NOMOVE	0			0		0	0	0	0	0	0	0	0	0	0	0	1	1	1	0	0	1	0	1	1	1	1	2000	1	0	0	0	0	0	0	0	0	0	0	0	0	0	0	0	0	0	0	0	0	0	0	0	0	0	0	0	0	0	0	0	0.0	0	0	0	0	0	0	0	0	0	0	0	0	0	0	0	0	0	0	0	0	0	0	0	0.0
10505	._520_352	KING	GOTO	MELEE	1	100		NOMOVE	0			0		0	0	0	0	0	0	0	0	0	0	0	1	1	1	0	0	1	0	1	1	1	1	2000	1	0	0	0	0	0	0	0	0	0	0	0	0	0	0	0	0	0	0	0	0	0	0	0	0	0	0	0	0	0	0	0	0.0	0	0	0	0	0	0	0	0	0	0	0	0	0	0	0	0	0	0	0	0	0	0	0	0.0
10506	._541_45	KING	GOTO	MELEE	1	100		NOMOVE	0			0		0	0	0	0	0	0	0	0	0	0	0	1	1	1	0	0	1	0	1	1	1	1	2000	1	0	0	0	0	0	0	0	0	0	0	0	0	0	0	0	0	0	0	0	0	0	0	0	0	0	0	0	0	0	0	0	0.0	0	0	0	0	0	0	0	0	0	0	0	0	0	0	0	0	0	0	0	0	0	0	0	0.0
10507	._211_109	KING	GOTO	MELEE	1	100		NOMOVE	0			0		0	0	0	0	0	0	0	0	0	0	0	1	1	1	0	0	1	0	1	1	1	1	2000	1	0	0	0	0	0	0	0	0	0	0	0	0	0	0	0	0	0	0	0	0	0	0	0	0	0	0	0	0	0	0	0	0.0	0	0	0	0	0	0	0	0	0	0	0	0	0	0	0	0	0	0	0	0	0	0	0	0.0
10508	._615_49	KING	GOTO	MELEE	1	100		NOMOVE	0			0		0	0	0	0	0	0	0	0	0	0	0	1	1	1	0	0	1	0	1	1	1	1	2000	1	0	0	0	0	0	0	0	0	0	0	0	0	0	0	0	0	0	0	0	0	0	0	0	0	0	0	0	0	0	0	0	0.0	0	0	0	0	0	0	0	0	0	0	0	0	0	0	0	0	0	0	0	0	0	0	0	0.0
10509	._284_705	KING	GOTO	MELEE	1	100		NOMOVE	0			0		0	0	0	0	0	0	0	0	0	0	0	1	1	1	0	0	1	0	1	1	1	1	2000	1	0	0	0	0	0	0	0	0	0	0	0	0	0	0	0	0	0	0	0	0	0	0	0	0	0	0	0	0	0	0	0	0.0	0	0	0	0	0	0	0	0	0	0	0	0	0	0	0	0	0	0	0	0	0	0	0	0.0
10510	._145_310	KING	GOTO	MELEE	1	100		NOMOVE	0			0		0	0	0	0	0	0	0	0	0	0	0	1	1	1	0	0	1	0	1	1	1	1	2000	1	0	0	0	0	0	0	0	0	0	0	0	0	0	0	0	0	0	0	0	0	0	0	0	0	0	0	0	0	0	0	0	0.0	0	0	0	0	0	0	0	0	0	0	0	0	0	0	0	0	0	0	0	0	0	0	0	0.0
10511	._553_285	KING	GOTO	MELEE	1	100		NOMOVE	0			0		0	0	0	0	0	0	0	0	0	0	0	1	1	1	0	0	1	0	1	1	1	1	2000	1	0	0	0	0	0	0	0	0	0	0	0	0	0	0	0	0	0	0	0	0	0	0	0	0	0	0	0	0	0	0	0	0.0	0	0	0	0	0	0	0	0	0	0	0	0	0	0	0	0	0	0	0	0	0	0	0	0.0
10512	._487_274	KING	GOTO	MELEE	1	100		NOMOVE	0			0		0	0	0	0	0	0	0	0	0	0	0	1	1	1	0	0	1	0	1	1	1	1	2000	1	0	0	0	0	0	0	0	0	0	0	0	0	0	0	0	0	0	0	0	0	0	0	0	0	0	0	0	0	0	0	0	0.0	0	0	0	0	0	0	0	0	0	0	0	0	0	0	0	0	0	0	0	0	0	0	0	0.0
10513	._626_291	KING	GOTO	MELEE	1	100		NOMOVE	0			0		0	0	0	0	0	0	0	0	0	0	0	1	1	1	0	0	1	0	1	1	1	1	2000	1	0	0	0	0	0	0	0	0	0	0	0	0	0	0	0	0	0	0	0	0	0	0	0	0	0	0	0	0	0	0	0	0.0	0	0	0	0	0	0	0	0	0	0	0	0	0	0	0	0	0	0	0	0	0	0	0	0.0
10514	._285_569	KING	GOTO	MELEE	1	100		NOMOVE	0			0		0	0	0	0	0	0	0	0	0	0	0	1	1	1	0	0	1	0	1	1	1	1	2000	1	0	0	0	0	0	0	0	0	0	0	0	0	0	0	0	0	0	0	0	0	0	0	0	0	0	0	0	0	0	0	0	0.0	0	0	0	0	0	0	0	0	0	0	0	0	0	0	0	0	0	0	0	0	0	0	0	0.0
10515	._80_303	KING	GOTO	MELEE	1	100		NOMOVE	0			0		0	0	0	0	0	0	0	0	0	0	0	1	1	1	0	0	1	0	1	1	1	1	2000	1	0	0	0	0	0	0	0	0	0	0	0	0	0	0	0	0	0	0	0	0	0	0	0	0	0	0	0	0	0	0	0	0.0	0	0	0	0	0	0	0	0	0	0	0	0	0	0	0	0	0	0	0	0	0	0	0	0.0
10516	._315_238	KING	GOTO	MELEE	1	100		NOMOVE	0			0		0	0	0	0	0	0	0	0	0	0	0	1	1	1	0	0	1	0	1	1	1	1	2000	1	0	0	0	0	0	0	0	0	0	0	0	0	0	0	0	0	0	0	0	0	0	0	0	0	0	0	0	0	0	0	0	0.0	0	0	0	0	0	0	0	0	0	0	0	0	0	0	0	0	0	0	0	0	0	0	0	0.0
10517	._416_272	KING	GOTO	MELEE	1	100		NOMOVE	0			0		0	0	0	0	0	0	0	0	0	0	0	1	1	1	0	0	1	0	1	1	1	1	2000	1	0	0	0	0	0	0	0	0	0	0	0	0	0	0	0	0	0	0	0	0	0	0	0	0	0	0	0	0	0	0	0	0.0	0	0	0	0	0	0	0	0	0	0	0	0	0	0	0	0	0	0	0	0	0	0	0	0.0
10518	._72_498	KING	GOTO	MELEE	1	100		NOMOVE	0			0		0	0	0	0	0	0	0	0	0	0	0	1	1	1	0	0	1	0	1	1	1	1	2000	1	0	0	0	0	0	0	0	0	0	0	0	0	0	0	0	0	0	0	0	0	0	0	0	0	0	0	0	0	0	0	0	0.0	0	0	0	0	0	0	0	0	0	0	0	0	0	0	0	0	0	0	0	0	0	0	0	0.0
10519	._215_495	KING	GOTO	MELEE	1	100		NOMOVE	0			0		0	0	0	0	0	0	0	0	0	0	0	1	1	1	0	0	1	0	1	1	1	1	2000	1	0	0	0	0	0	0	0	0	0	0	0	0	0	0	0	0	0	0	0	0	0	0	0	0	0	0	0	0	0	0	0	0.0	0	0	0	0	0	0	0	0	0	0	0	0	0	0	0	0	0	0	0	0	0	0	0	0.0
10520	._523_415	KING	GOTO	MELEE	1	100		NOMOVE	0			0		0	0	0	0	0	0	0	0	0	0	0	1	1	1	0	0	1	0	1	1	1	1	2000	1	0	0	0	0	0	0	0	0	0	0	0	0	0	0	0	0	0	0	0	0	0	0	0	0	0	0	0	0	0	0	0	0.0	0	0	0	0	0	0	0	0	0	0	0	0	0	0	0	0	0	0	0	0	0	0	0	0.0
10521	._72_498	KING	GOTO	MELEE	1	100		NOMOVE	0			0		0	0	0	0	0	0	0	0	0	0	0	1	1	1	0	0	1	0	1	1	1	1	2000	1	0	0	0	0	0	0	0	0	0	0	0	0	0	0	0	0	0	0	0	0	0	0	0	0	0	0	0	0	0	0	0	0.0	0	0	0	0	0	0	0	0	0	0	0	0	0	0	0	0	0	0	0	0	0	0	0	0.0
10522	._518_480	KING	GOTO	MELEE	1	100		NOMOVE	0			0		0	0	0	0	0	0	0	0	0	0	0	1	1	1	0	0	1	0	1	1	1	1	2000	1	0	0	0	0	0	0	0	0	0	0	0	0	0	0	0	0	0	0	0	0	0	0	0	0	0	0	0	0	0	0	0	0.0	0	0	0	0	0	0	0	0	0	0	0	0	0	0	0	0	0	0	0	0	0	0	0	0.0
10523	._583_379	KING	GOTO	MELEE	1	100		NOMOVE	0			0		0	0	0	0	0	0	0	0	0	0	0	1	1	1	0	0	1	0	1	1	1	1	2000	1	0	0	0	0	0	0	0	0	0	0	0	0	0	0	0	0	0	0	0	0	0	0	0	0	0	0	0	0	0	0	0	0.0	0	0	0	0	0	0	0	0	0	0	0	0	0	0	0	0	0	0	0	0	0	0	0	0.0
10524	._459_558	KING	GOTO	MELEE	1	100		NOMOVE	0			0		0	0	0	0	0	0	0	0	0	0	0	1	1	1	0	0	1	0	1	1	1	1	2000	1	0	0	0	0	0	0	0	0	0	0	0	0	0	0	0	0	0	0	0	0	0	0	0	0	0	0	0	0	0	0	0	0.0	0	0	0	0	0	0	0	0	0	0	0	0	0	0	0	0	0	0	0	0	0	0	0	0.0
10601	._345_361	KING	GOTO	MELEE	1	100		NOMOVE	0			0		0	0	0	0	0	0	0	0	0	0	0	1	1	1	0	0	1	0	1	1	1	1	2000	1	0	0	0	0	0	0	0	0	0	0	0	0	0	0	0	0	0	0	0	0	0	0	0	0	0	0	0	0	0	0	0	0.0	0	0	0	0	0	0	0	0	0	0	0	0	0	0	0	0	0	0	0	0	0	0	0	0.0
10602	._520_352	KING	GOTO	MELEE	1	100		NOMOVE	0			0		0	0	0	0	0	0	0	0	0	0	0	1	1	1	0	0	1	0	1	1	1	1	2000	1	0	0	0	0	0	0	0	0	0	0	0	0	0	0	0	0	0	0	0	0	0	0	0	0	0	0	0	0	0	0	0	0.0	0	0	0	0	0	0	0	0	0	0	0	0	0	0	0	0	0	0	0	0	0	0	0	0.0
10603	._487_274	KING	GOTO	MELEE	1	100		NOMOVE	0			0		0	0	0	0	0	0	0	0	0	0	0	1	1	1	0	0	1	0	1	1	1	1	2000	1	0	0	0	0	0	0	0	0	0	0	0	0	0	0	0	0	0	0	0	0	0	0	0	0	0	0	0	0	0	0	0	0.0	0	0	0	0	0	0	0	0	0	0	0	0	0	0	0	0	0	0	0	0	0	0	0	0.0
10604	._75_368	KING	GOTO	MELEE	1	100		NOMOVE	0			0		0	0	0	0	0	0	0	0	0	0	0	1	1	1	0	0	1	0	1	1	1	1	2000	1	0	0	0	0	0	0	0	0	0	0	0	0	0	0	0	0	0	0	0	0	0	0	0	0	0	0	0	0	0	0	0	0.0	0	0	0	0	0	0	0	0	0	0	0	0	0	0	0	0	0	0	0	0	0	0	0	0.0
10605	._211_109	KING	GOTO	MELEE	1	100		NOMOVE	0			0		0	0	0	0	0	0	0	0	0	0	0	1	1	1	0	0	1	0	1	1	1	1	2000	1	0	0	0	0	0	0	0	0	0	0	0	0	0	0	0	0	0	0	0	0	0	0	0	0	0	0	0	0	0	0	0	0.0	0	0	0	0	0	0	0	0	0	0	0	0	0	0	0	0	0	0	0	0	0	0	0	0.0
10606	._215_495	KING	GOTO	MELEE	1	100		NOMOVE	0			0		0	0	0	0	0	0	0	0	0	0	0	1	1	1	0	0	1	0	1	1	1	1	2000	1	0	0	0	0	0	0	0	0	0	0	0	0	0	0	0	0	0	0	0	0	0	0	0	0	0	0	0	0	0	0	0	0.0	0	0	0	0	0	0	0	0	0	0	0	0	0	0	0	0	0	0	0	0	0	0	0	0.0
10607	._315_238	KING	GOTO	MELEE	1	100		NOMOVE	0			0		0	0	0	0	0	0	0	0	0	0	0	1	1	1	0	0	1	0	1	1	1	1	2000	1	0	0	0	0	0	0	0	0	0	0	0	0	0	0	0	0	0	0	0	0	0	0	0	0	0	0	0	0	0	0	0	0.0	0	0	0	0	0	0	0	0	0	0	0	0	0	0	0	0	0	0	0	0	0	0	0	0.0
10608	._520_352	KING	GOTO	MELEE	1	100		NOMOVE	0			0		0	0	0	0	0	0	0	0	0	0	0	1	1	1	0	0	1	0	1	1	1	1	2000	1	0	0	0	0	0	0	0	0	0	0	0	0	0	0	0	0	0	0	0	0	0	0	0	0	0	0	0	0	0	0	0	0.0	0	0	0	0	0	0	0	0	0	0	0	0	0	0	0	0	0	0	0	0	0	0	0	0.0
10609	._284_705	KING	GOTO	MELEE	1	100		NOMOVE	0			0		0	0	0	0	0	0	0	0	0	0	0	1	1	1	0	0	1	0	1	1	1	1	2000	1	0	0	0	0	0	0	0	0	0	0	0	0	0	0	0	0	0	0	0	0	0	0	0	0	0	0	0	0	0	0	0	0.0	0	0	0	0	0	0	0	0	0	0	0	0	0	0	0	0	0	0	0	0	0	0	0	0.0
10610	._145_310	KING	GOTO	MELEE	1	100		NOMOVE	0			0		0	0	0	0	0	0	0	0	0	0	0	1	1	1	0	0	1	0	1	1	1	1	2000	1	0	0	0	0	0	0	0	0	0	0	0	0	0	0	0	0	0	0	0	0	0	0	0	0	0	0	0	0	0	0	0	0.0	0	0	0	0	0	0	0	0	0	0	0	0	0	0	0	0	0	0	0	0	0	0	0	0.0
10611	._416_272	KING	GOTO	MELEE	1	100		NOMOVE	0			0		0	0	0	0	0	0	0	0	0	0	0	1	1	1	0	0	1	0	1	1	1	1	2000	1	0	0	0	0	0	0	0	0	0	0	0	0	0	0	0	0	0	0	0	0	0	0	0	0	0	0	0	0	0	0	0	0.0	0	0	0	0	0	0	0	0	0	0	0	0	0	0	0	0	0	0	0	0	0	0	0	0.0
10612	._80_303	KING	GOTO	MELEE	1	100		NOMOVE	0			0		0	0	0	0	0	0	0	0	0	0	0	1	1	1	0	0	1	0	1	1	1	1	2000	1	0	0	0	0	0	0	0	0	0	0	0	0	0	0	0	0	0	0	0	0	0	0	0	0	0	0	0	0	0	0	0	0.0	0	0	0	0	0	0	0	0	0	0	0	0	0	0	0	0	0	0	0	0	0	0	0	0.0
10613	._72_498	KING	GOTO	MELEE	1	100		NOMOVE	0			0		0	0	0	0	0	0	0	0	0	0	0	1	1	1	0	0	1	0	1	1	1	1	2000	1	0	0	0	0	0	0	0	0	0	0	0	0	0	0	0	0	0	0	0	0	0	0	0	0	0	0	0	0	0	0	0	0.0	0	0	0	0	0	0	0	0	0	0	0	0	0	0	0	0	0	0	0	0	0	0	0	0.0
10614	._106_547	KING	GOTO	MELEE	1	100		NOMOVE	0			0		0	0	0	0	0	0	0	0	0	0	0	1	1	1	0	0	1	0	1	1	1	1	2000	1	0	0	0	0	0	0	0	0	0	0	0	0	0	0	0	0	0	0	0	0	0	0	0	0	0	0	0	0	0	0	0	0.0	0	0	0	0	0	0	0	0	0	0	0	0	0	0	0	0	0	0	0	0	0	0	0	0.0
10615	._523_415	KING	GOTO	MELEE	1	100		NOMOVE	0			0		0	0	0	0	0	0	0	0	0	0	0	1	1	1	0	0	1	0	1	1	1	1	2000	1	0	0	0	0	0	0	0	0	0	0	0	0	0	0	0	0	0	0	0	0	0	0	0	0	0	0	0	0	0	0	0	0.0	0	0	0	0	0	0	0	0	0	0	0	0	0	0	0	0	0	0	0	0	0	0	0	0.0
10616	._541_45	KING	GOTO	MELEE	1	100		NOMOVE	0			0		0	0	0	0	0	0	0	0	0	0	0	1	1	1	0	0	1	0	1	1	1	1	2000	1	0	0	0	0	0	0	0	0	0	0	0	0	0	0	0	0	0	0	0	0	0	0	0	0	0	0	0	0	0	0	0	0.0	0	0	0	0	0	0	0	0	0	0	0	0	0	0	0	0	0	0	0	0	0	0	0	0.0
10617	._72_121	KING	GOTO	MELEE	1	100		NOMOVE	0			0		0	0	0	0	0	0	0	0	0	0	0	1	1	1	0	0	1	0	1	1	1	1	2000	1	0	0	0	0	0	0	0	0	0	0	0	0	0	0	0	0	0	0	0	0	0	0	0	0	0	0	0	0	0	0	0	0.0	0	0	0	0	0	0	0	0	0	0	0	0	0	0	0	0	0	0	0	0	0	0	0	0.0
10618	._518_480	KING	GOTO	MELEE	1	100		NOMOVE	0			0		0	0	0	0	0	0	0	0	0	0	0	1	1	1	0	0	1	0	1	1	1	1	2000	1	0	0	0	0	0	0	0	0	0	0	0	0	0	0	0	0	0	0	0	0	0	0	0	0	0	0	0	0	0	0	0	0.0	0	0	0	0	0	0	0	0	0	0	0	0	0	0	0	0	0	0	0	0	0	0	0	0.0
10619	._89_746	KING	GOTO	MELEE	1	100		NOMOVE	0			0		0	0	0	0	0	0	0	0	0	0	0	1	1	1	0	0	1	0	1	1	1	1	2000	1	0	0	0	0	0	0	0	0	0	0	0	0	0	0	0	0	0	0	0	0	0	0	0	0	0	0	0	0	0	0	0	0.0	0	0	0	0	0	0	0	0	0	0	0	0	0	0	0	0	0	0	0	0	0	0	0	0.0
10620	._285_569	KING	GOTO	MELEE	1	100		NOMOVE	0			0		0	0	0	0	0	0	0	0	0	0	0	1	1	1	0	0	1	0	1	1	1	1	2000	1	0	0	0	0	0	0	0	0	0	0	0	0	0	0	0	0	0	0	0	0	0	0	0	0	0	0	0	0	0	0	0	0.0	0	0	0	0	0	0	0	0	0	0	0	0	0	0	0	0	0	0	0	0	0	0	0	0.0
10621	._615_49	KING	GOTO	MELEE	1	100		NOMOVE	0			0		0	0	0	0	0	0	0	0	0	0	0	1	1	1	0	0	1	0	1	1	1	1	2000	1	0	0	0	0	0	0	0	0	0	0	0	0	0	0	0	0	0	0	0	0	0	0	0	0	0	0	0	0	0	0	0	0.0	0	0	0	0	0	0	0	0	0	0	0	0	0	0	0	0	0	0	0	0	0	0	0	0.0
10622	._72_498	KING	GOTO	MELEE	1	100		NOMOVE	0			0		0	0	0	0	0	0	0	0	0	0	0	1	1	1	0	0	1	0	1	1	1	1	2000	1	0	0	0	0	0	0	0	0	0	0	0	0	0	0	0	0	0	0	0	0	0	0	0	0	0	0	0	0	0	0	0	0.0	0	0	0	0	0	0	0	0	0	0	0	0	0	0	0	0	0	0	0	0	0	0	0	0.0
10623	._583_379	KING	GOTO	MELEE	1	100		NOMOVE	0			0		0	0	0	0	0	0	0	0	0	0	0	1	1	1	0	0	1	0	1	1	1	1	2000	1	0	0	0	0	0	0	0	0	0	0	0	0	0	0	0	0	0	0	0	0	0	0	0	0	0	0	0	0	0	0	0	0.0	0	0	0	0	0	0	0	0	0	0	0	0	0	0	0	0	0	0	0	0	0	0	0	0.0
10624	._459_558	KING	GOTO	MELEE	1	100		NOMOVE	0			0		0	0	0	0	0	0	0	0	0	0	0	1	1	1	0	0	1	0	1	1	1	1	2000	1	0	0	0	0	0	0	0	0	0	0	0	0	0	0	0	0	0	0	0	0	0	0	0	0	0	0	0	0	0	0	0	0.0	0	0	0	0	0	0	0	0	0	0	0	0	0	0	0	0	0	0	0	0	0	0	0	0.0
10625	._609_553	KING	GOTO	MELEE	1	100		NOMOVE	0			0		0	0	0	0	0	0	0	0	0	0	0	1	1	1	0	0	1	0	1	1	1	1	2000	1	0	0	0	0	0	0	0	0	0	0	0	0	0	0	0	0	0	0	0	0	0	0	0	0	0	0	0	0	0	0	0	0.0	0	0	0	0	0	0	0	0	0	0	0	0	0	0	0	0	0	0	0	0	0	0	0	0.0
10626	._594_338	KING	GOTO	MELEE	1	100		NOMOVE	0			0		0	0	0	0	0	0	0	0	0	0	0	1	1	1	0	0	1	0	1	1	1	1	2000	1	0	0	0	0	0	0	0	0	0	0	0	0	0	0	0	0	0	0	0	0	0	0	0	0	0	0	0	0	0	0	0	0.0	0	0	0	0	0	0	0	0	0	0	0	0	0	0	0	0	0	0	0	0	0	0	0	0.0
10701	._75_368	KING	GOTO	MELEE	1	100		NOMOVE	0			0		0	0	0	0	0	0	0	0	0	0	0	1	1	1	0	0	1	0	1	1	1	1	2000	1	0	0	0	0	0	0	0	0	0	0	0	0	0	0	0	0	0	0	0	0	0	0	0	0	0	0	0	0	0	0	0	0.0	0	0	0	0	0	0	0	0	0	0	0	0	0	0	0	0	0	0	0	0	0	0	0	0.0
10702	._541_45	KING	GOTO	MELEE	1	100		NOMOVE	0			0		0	0	0	0	0	0	0	0	0	0	0	1	1	1	0	0	1	0	1	1	1	1	2000	1	0	0	0	0	0	0	0	0	0	0	0	0	0	0	0	0	0	0	0	0	0	0	0	0	0	0	0	0	0	0	0	0.0	0	0	0	0	0	0	0	0	0	0	0	0	0	0	0	0	0	0	0	0	0	0	0	0.0
10703	._615_49	KING	GOTO	MELEE	1	100		NOMOVE	0			0		0	0	0	0	0	0	0	0	0	0	0	1	1	1	0	0	1	0	1	1	1	1	2000	1	0	0	0	0	0	0	0	0	0	0	0	0	0	0	0	0	0	0	0	0	0	0	0	0	0	0	0	0	0	0	0	0.0	0	0	0	0	0	0	0	0	0	0	0	0	0	0	0	0	0	0	0	0	0	0	0	0.0
10704	._284_705	KING	GOTO	MELEE	1	100		NOMOVE	0			0		0	0	0	0	0	0	0	0	0	0	0	1	1	1	0	0	1	0	1	1	1	1	2000	1	0	0	0	0	0	0	0	0	0	0	0	0	0	0	0	0	0	0	0	0	0	0	0	0	0	0	0	0	0	0	0	0.0	0	0	0	0	0	0	0	0	0	0	0	0	0	0	0	0	0	0	0	0	0	0	0	0.0
10705	._520_352	KING	GOTO	MELEE	1	100		NOMOVE	0			0		0	0	0	0	0	0	0	0	0	0	0	1	1	1	0	0	1	0	1	1	1	1	2000	1	0	0	0	0	0	0	0	0	0	0	0	0	0	0	0	0	0	0	0	0	0	0	0	0	0	0	0	0	0	0	0	0.0	0	0	0	0	0	0	0	0	0	0	0	0	0	0	0	0	0	0	0	0	0	0	0	0.0
10706	._553_285	KING	GOTO	MELEE	1	100		NOMOVE	0			0		0	0	0	0	0	0	0	0	0	0	0	1	1	1	0	0	1	0	1	1	1	1	2000	1	0	0	0	0	0	0	0	0	0	0	0	0	0	0	0	0	0	0	0	0	0	0	0	0	0	0	0	0	0	0	0	0.0	0	0	0	0	0	0	0	0	0	0	0	0	0	0	0	0	0	0	0	0	0	0	0	0.0
10707	._145_310	KING	GOTO	MELEE	1	100		NOMOVE	0			0		0	0	0	0	0	0	0	0	0	0	0	1	1	1	0	0	1	0	1	1	1	1	2000	1	0	0	0	0	0	0	0	0	0	0	0	0	0	0	0	0	0	0	0	0	0	0	0	0	0	0	0	0	0	0	0	0.0	0	0	0	0	0	0	0	0	0	0	0	0	0	0	0	0	0	0	0	0	0	0	0	0.0
10708	._345_361	KING	GOTO	MELEE	1	100		NOMOVE	0			0		0	0	0	0	0	0	0	0	0	0	0	1	1	1	0	0	1	0	1	1	1	1	2000	1	0	0	0	0	0	0	0	0	0	0	0	0	0	0	0	0	0	0	0	0	0	0	0	0	0	0	0	0	0	0	0	0.0	0	0	0	0	0	0	0	0	0	0	0	0	0	0	0	0	0	0	0	0	0	0	0	0.0
10709	._523_415	KING	GOTO	MELEE	1	100		NOMOVE	0			0		0	0	0	0	0	0	0	0	0	0	0	1	1	1	0	0	1	0	1	1	1	1	2000	1	0	0	0	0	0	0	0	0	0	0	0	0	0	0	0	0	0	0	0	0	0	0	0	0	0	0	0	0	0	0	0	0.0	0	0	0	0	0	0	0	0	0	0	0	0	0	0	0	0	0	0	0	0	0	0	0	0.0
10710	._72_498	KING	GOTO	MELEE	1	100		NOMOVE	0			0		0	0	0	0	0	0	0	0	0	0	0	1	1	1	0	0	1	0	1	1	1	1	2000	1	0	0	0	0	0	0	0	0	0	0	0	0	0	0	0	0	0	0	0	0	0	0	0	0	0	0	0	0	0	0	0	0.0	0	0	0	0	0	0	0	0	0	0	0	0	0	0	0	0	0	0	0	0	0	0	0	0.0
10711	._626_291	KING	GOTO	MELEE	1	100		NOMOVE	0			0		0	0	0	0	0	0	0	0	0	0	0	1	1	1	0	0	1	0	1	1	1	1	2000	1	0	0	0	0	0	0	0	0	0	0	0	0	0	0	0	0	0	0	0	0	0	0	0	0	0	0	0	0	0	0	0	0.0	0	0	0	0	0	0	0	0	0	0	0	0	0	0	0	0	0	0	0	0	0	0	0	0.0
10712	._487_274	KING	GOTO	MELEE	1	100		NOMOVE	0			0		0	0	0	0	0	0	0	0	0	0	0	1	1	1	0	0	1	0	1	1	1	1	2000	1	0	0	0	0	0	0	0	0	0	0	0	0	0	0	0	0	0	0	0	0	0	0	0	0	0	0	0	0	0	0	0	0.0	0	0	0	0	0	0	0	0	0	0	0	0	0	0	0	0	0	0	0	0	0	0	0	0.0
10713	._72_498	KING	GOTO	MELEE	1	100		NOMOVE	0			0		0	0	0	0	0	0	0	0	0	0	0	1	1	1	0	0	1	0	1	1	1	1	2000	1	0	0	0	0	0	0	0	0	0	0	0	0	0	0	0	0	0	0	0	0	0	0	0	0	0	0	0	0	0	0	0	0.0	0	0	0	0	0	0	0	0	0	0	0	0	0	0	0	0	0	0	0	0	0	0	0	0.0
10714	._106_547	KING	GOTO	MELEE	1	100		NOMOVE	0			0		0	0	0	0	0	0	0	0	0	0	0	1	1	1	0	0	1	0	1	1	1	1	2000	1	0	0	0	0	0	0	0	0	0	0	0	0	0	0	0	0	0	0	0	0	0	0	0	0	0	0	0	0	0	0	0	0.0	0	0	0	0	0	0	0	0	0	0	0	0	0	0	0	0	0	0	0	0	0	0	0	0.0
10715	._518_480	KING	GOTO	MELEE	1	100		NOMOVE	0			0		0	0	0	0	0	0	0	0	0	0	0	1	1	1	0	0	1	0	1	1	1	1	2000	1	0	0	0	0	0	0	0	0	0	0	0	0	0	0	0	0	0	0	0	0	0	0	0	0	0	0	0	0	0	0	0	0.0	0	0	0	0	0	0	0	0	0	0	0	0	0	0	0	0	0	0	0	0	0	0	0	0.0
10716	._285_569	KING	GOTO	MELEE	1	100		NOMOVE	0			0		0	0	0	0	0	0	0	0	0	0	0	1	1	1	0	0	1	0	1	1	1	1	2000	1	0	0	0	0	0	0	0	0	0	0	0	0	0	0	0	0	0	0	0	0	0	0	0	0	0	0	0	0	0	0	0	0.0	0	0	0	0	0	0	0	0	0	0	0	0	0	0	0	0	0	0	0	0	0	0	0	0.0
10717	._80_303	KING	GOTO	MELEE	1	100		NOMOVE	0			0		0	0	0	0	0	0	0	0	0	0	0	1	1	1	0	0	1	0	1	1	1	1	2000	1	0	0	0	0	0	0	0	0	0	0	0	0	0	0	0	0	0	0	0	0	0	0	0	0	0	0	0	0	0	0	0	0.0	0	0	0	0	0	0	0	0	0	0	0	0	0	0	0	0	0	0	0	0	0	0	0	0.0
10718	._211_109	KING	GOTO	MELEE	1	100		NOMOVE	0			0		0	0	0	0	0	0	0	0	0	0	0	1	1	1	0	0	1	0	1	1	1	1	2000	1	0	0	0	0	0	0	0	0	0	0	0	0	0	0	0	0	0	0	0	0	0	0	0	0	0	0	0	0	0	0	0	0.0	0	0	0	0	0	0	0	0	0	0	0	0	0	0	0	0	0	0	0	0	0	0	0	0.0
10719	._416_272	KING	GOTO	MELEE	1	100		NOMOVE	0			0		0	0	0	0	0	0	0	0	0	0	0	1	1	1	0	0	1	0	1	1	1	1	2000	1	0	0	0	0	0	0	0	0	0	0	0	0	0	0	0	0	0	0	0	0	0	0	0	0	0	0	0	0	0	0	0	0.0	0	0	0	0	0	0	0	0	0	0	0	0	0	0	0	0	0	0	0	0	0	0	0	0.0
10720	._215_495	KING	GOTO	MELEE	1	100		NOMOVE	0			0		0	0	0	0	0	0	0	0	0	0	0	1	1	1	0	0	1	0	1	1	1	1	2000	1	0	0	0	0	0	0	0	0	0	0	0	0	0	0	0	0	0	0	0	0	0	0	0	0	0	0	0	0	0	0	0	0.0	0	0	0	0	0	0	0	0	0	0	0	0	0	0	0	0	0	0	0	0	0	0	0	0.0
10721	._315_238	KING	GOTO	MELEE	1	100		NOMOVE	0			0		0	0	0	0	0	0	0	0	0	0	0	1	1	1	0	0	1	0	1	1	1	1	2000	1	0	0	0	0	0	0	0	0	0	0	0	0	0	0	0	0	0	0	0	0	0	0	0	0	0	0	0	0	0	0	0	0.0	0	0	0	0	0	0	0	0	0	0	0	0	0	0	0	0	0	0	0	0	0	0	0	0.0
10722	._89_746	KING	GOTO	MELEE	1	100		NOMOVE	0			0		0	0	0	0	0	0	0	0	0	0	0	1	1	1	0	0	1	0	1	1	1	1	2000	1	0	0	0	0	0	0	0	0	0	0	0	0	0	0	0	0	0	0	0	0	0	0	0	0	0	0	0	0	0	0	0	0.0	0	0	0	0	0	0	0	0	0	0	0	0	0	0	0	0	0	0	0	0	0	0	0	0.0
10723	._583_379	KING	GOTO	MELEE	1	100		NOMOVE	0			0		0	0	0	0	0	0	0	0	0	0	0	1	1	1	0	0	1	0	1	1	1	1	2000	1	0	0	0	0	0	0	0	0	0	0	0	0	0	0	0	0	0	0	0	0	0	0	0	0	0	0	0	0	0	0	0	0.0	0	0	0	0	0	0	0	0	0	0	0	0	0	0	0	0	0	0	0	0	0	0	0	0.0
10724	._459_558	KING	GOTO	MELEE	1	100		NOMOVE	0			0		0	0	0	0	0	0	0	0	0	0	0	1	1	1	0	0	1	0	1	1	1	1	2000	1	0	0	0	0	0	0	0	0	0	0	0	0	0	0	0	0	0	0	0	0	0	0	0	0	0	0	0	0	0	0	0	0.0	0	0	0	0	0	0	0	0	0	0	0	0	0	0	0	0	0	0	0	0	0	0	0	0.0
10725	._609_553	KING	GOTO	MELEE	1	100		NOMOVE	0			0		0	0	0	0	0	0	0	0	0	0	0	1	1	1	0	0	1	0	1	1	1	1	2000	1	0	0	0	0	0	0	0	0	0	0	0	0	0	0	0	0	0	0	0	0	0	0	0	0	0	0	0	0	0	0	0	0.0	0	0	0	0	0	0	0	0	0	0	0	0	0	0	0	0	0	0	0	0	0	0	0	0.0
10726	._594_338	KING	GOTO	MELEE	1	100		NOMOVE	0			0		0	0	0	0	0	0	0	0	0	0	0	1	1	1	0	0	1	0	1	1	1	1	2000	1	0	0	0	0	0	0	0	0	0	0	0	0	0	0	0	0	0	0	0	0	0	0	0	0	0	0	0	0	0	0	0	0.0	0	0	0	0	0	0	0	0	0	0	0	0	0	0	0	0	0	0	0	0	0	0	0	0.0
10801	._70_581	KING	GOTO	MELEE	1	100		NOMOVE	0		STUN,SLOW,CURSE,TERROR	0		0	0	0	0	0	0	0	0	0	0	0	1	1	1	0	0	1	0	1	1	1	1	2000	1	0	0	0	0	0	0	0	0	0	0	0	0	0	0	0	0	0	0	0	0	0	0	0	0	0	0	0	0	0	0	0	0.0	0	0	0	0	0	0	0	0	0	0	0	0	0	0	0	0	0	0	0	0	0	0	0	0.0
10802	._69_664	KING	GOTO	MELEE	1	100		NOMOVE	0		STUN,SLOW,CURSE,TERROR	0		0	0	0	0	0	0	0	0	0	0	0	1	1	1	0	0	1	0	1	1	1	1	2000	1	0	0	0	0	0	0	0	0	0	0	0	0	0	0	0	0	0	0	0	0	0	0	0	0	0	0	0	0	0	0	0	0.0	0	0	0	0	0	0	0	0	0	0	0	0	0	0	0	0	0	0	0	0	0	0	0	0.0
10803	._132_660	KING	GOTO	MELEE	1	100		NOMOVE	0		STUN,SLOW,CURSE,TERROR	0		0	0	0	0	0	0	0	0	0	0	0	1	1	1	0	0	1	0	1	1	1	1	2000	1	0	0	0	0	0	0	0	0	0	0	0	0	0	0	0	0	0	0	0	0	0	0	0	0	0	0	0	0	0	0	0	0.0	0	0	0	0	0	0	0	0	0	0	0	0	0	0	0	0	0	0	0	0	0	0	0	0.0
10804	._184_566	KING	GOTO	MELEE	1	100		NOMOVE	0		STUN,SLOW,CURSE,TERROR	0		0	0	0	0	0	0	0	0	0	0	0	1	1	1	0	0	1	0	1	1	1	1	2000	1	0	0	0	0	0	0	0	0	0	0	0	0	0	0	0	0	0	0	0	0	0	0	0	0	0	0	0	0	0	0	0	0.0	0	0	0	0	0	0	0	0	0	0	0	0	0	0	0	0	0	0	0	0	0	0	0	0.0
10805	._285_567	KING	GOTO	MELEE	1	100		NOMOVE	0		STUN,SLOW,CURSE,TERROR	0		0	0	0	0	0	0	0	0	0	0	0	1	1	1	0	0	1	0	1	1	1	1	2000	1	0	0	0	0	0	0	0	0	0	0	0	0	0	0	0	0	0	0	0	0	0	0	0	0	0	0	0	0	0	0	0	0.0	0	0	0	0	0	0	0	0	0	0	0	0	0	0	0	0	0	0	0	0	0	0	0	0.0
10806	._272_636	KING	GOTO	MELEE	1	100		NOMOVE	0		STUN,SLOW,CURSE,TERROR	0		0	0	0	0	0	0	0	0	0	0	0	1	1	1	0	0	1	0	1	1	1	1	2000	1	0	0	0	0	0	0	0	0	0	0	0	0	0	0	0	0	0	0	0	0	0	0	0	0	0	0	0	0	0	0	0	0.0	0	0	0	0	0	0	0	0	0	0	0	0	0	0	0	0	0	0	0	0	0	0	0	0.0
10807	._191_667	KING	GOTO	MELEE	1	100		NOMOVE	0		STUN,SLOW,CURSE,TERROR	0		0	0	0	0	0	0	0	0	0	0	0	1	1	1	0	0	1	0	1	1	1	1	2000	1	0	0	0	0	0	0	0	0	0	0	0	0	0	0	0	0	0	0	0	0	0	0	0	0	0	0	0	0	0	0	0	0.0	0	0	0	0	0	0	0	0	0	0	0	0	0	0	0	0	0	0	0	0	0	0	0	0.0
10808	._345_563	KING	GOTO	MELEE	1	100		NOMOVE	0		STUN,SLOW,CURSE,TERROR	0		0	0	0	0	0	0	0	0	0	0	0	1	1	1	0	0	1	0	1	1	1	1	2000	1	0	0	0	0	0	0	0	0	0	0	0	0	0	0	0	0	0	0	0	0	0	0	0	0	0	0	0	0	0	0	0	0.0	0	0	0	0	0	0	0	0	0	0	0	0	0	0	0	0	0	0	0	0	0	0	0	0.0
10809	._400_570	KING	GOTO	MELEE	1	100		NOMOVE	0		STUN,SLOW,CURSE,TERROR	0		0	0	0	0	0	0	0	0	0	0	0	1	1	1	0	0	1	0	1	1	1	1	2000	1	0	0	0	0	0	0	0	0	0	0	0	0	0	0	0	0	0	0	0	0	0	0	0	0	0	0	0	0	0	0	0	0.0	0	0	0	0	0	0	0	0	0	0	0	0	0	0	0	0	0	0	0	0	0	0	0	0.0
10810	._68_806	KING	GOTO	MELEE	1	100		NOMOVE	0		STUN,SLOW,CURSE,TERROR	0		0	0	0	0	0	0	0	0	0	0	0	1	1	1	0	0	1	0	1	1	1	1	2000	1	0	0	0	0	0	0	0	0	0	0	0	0	0	0	0	0	0	0	0	0	0	0	0	0	0	0	0	0	0	0	0	0.0	0	0	0	0	0	0	0	0	0	0	0	0	0	0	0	0	0	0	0	0	0	0	0	0.0
10811	._140_811	KING	GOTO	MELEE	1	100		NOMOVE	0		STUN,SLOW,CURSE,TERROR	0		0	0	0	0	0	0	0	0	0	0	0	1	1	1	0	0	1	0	1	1	1	1	2000	1	0	0	0	0	0	0	0	0	0	0	0	0	0	0	0	0	0	0	0	0	0	0	0	0	0	0	0	0	0	0	0	0.0	0	0	0	0	0	0	0	0	0	0	0	0	0	0	0	0	0	0	0	0	0	0	0	0.0
10812	._189_722	KING	GOTO	MELEE	1	100		NOMOVE	0		STUN,SLOW,CURSE,TERROR	0		0	0	0	0	0	0	0	0	0	0	0	1	1	1	0	0	1	0	1	1	1	1	2000	1	0	0	0	0	0	0	0	0	0	0	0	0	0	0	0	0	0	0	0	0	0	0	0	0	0	0	0	0	0	0	0	0.0	0	0	0	0	0	0	0	0	0	0	0	0	0	0	0	0	0	0	0	0	0	0	0	0.0
10813	._274_722	KING	GOTO	MELEE	1	100		NOMOVE	0		STUN,SLOW,CURSE,TERROR	0		0	0	0	0	0	0	0	0	0	0	0	1	1	1	0	0	1	0	1	1	1	1	2000	1	0	0	0	0	0	0	0	0	0	0	0	0	0	0	0	0	0	0	0	0	0	0	0	0	0	0	0	0	0	0	0	0.0	0	0	0	0	0	0	0	0	0	0	0	0	0	0	0	0	0	0	0	0	0	0	0	0.0
10814	.233_780	KING	GOTO	MELEE	1	100		NOMOVE	0		STUN,SLOW,CURSE,TERROR	0		0	0	0	0	0	0	0	0	0	0	0	1	1	1	0	0	1	0	1	1	1	1	2000	1	0	0	0	0	0	0	0	0	0	0	0	0	0	0	0	0	0	0	0	0	0	0	0	0	0	0	0	0	0	0	0	0.0	0	0	0	0	0	0	0	0	0	0	0	0	0	0	0	0	0	0	0	0	0	0	0	0.0
10815	._318_780	KING	GOTO	MELEE	1	100		NOMOVE	0		STUN,SLOW,CURSE,TERROR	0		0	0	0	0	0	0	0	0	0	0	0	1	1	1	0	0	1	0	1	1	1	1	2000	1	0	0	0	0	0	0	0	0	0	0	0	0	0	0	0	0	0	0	0	0	0	0	0	0	0	0	0	0	0	0	0	0.0	0	0	0	0	0	0	0	0	0	0	0	0	0	0	0	0	0	0	0	0	0	0	0	0.0
10816	._273_833	KING	GOTO	MELEE	1	100		NOMOVE	0		STUN,SLOW,CURSE,TERROR	0		0	0	0	0	0	0	0	0	0	0	0	1	1	1	0	0	1	0	1	1	1	1	2000	1	0	0	0	0	0	0	0	0	0	0	0	0	0	0	0	0	0	0	0	0	0	0	0	0	0	0	0	0	0	0	0	0.0	0	0	0	0	0	0	0	0	0	0	0	0	0	0	0	0	0	0	0	0	0	0	0	0.0
10817	.356_717	KING	GOTO	MELEE	1	100		NOMOVE	0		STUN,SLOW,CURSE,TERROR	0		0	0	0	0	0	0	0	0	0	0	0	1	1	1	0	0	1	0	1	1	1	1	2000	1	0	0	0	0	0	0	0	0	0	0	0	0	0	0	0	0	0	0	0	0	0	0	0	0	0	0	0	0	0	0	0	0.0	0	0	0	0	0	0	0	0	0	0	0	0	0	0	0	0	0	0	0	0	0	0	0	0.0
10818	.412_712	KING	GOTO	MELEE	1	100		NOMOVE	0		STUN,SLOW,CURSE,TERROR	0		0	0	0	0	0	0	0	0	0	0	0	1	1	1	0	0	1	0	1	1	1	1	2000	1	0	0	0	0	0	0	0	0	0	0	0	0	0	0	0	0	0	0	0	0	0	0	0	0	0	0	0	0	0	0	0	0.0	0	0	0	0	0	0	0	0	0	0	0	0	0	0	0	0	0	0	0	0	0	0	0	0.0
10819	._372_776	KING	GOTO	MELEE	1	100		NOMOVE	0		STUN,SLOW,CURSE,TERROR	0		0	0	0	0	0	0	0	0	0	0	0	1	1	1	0	0	1	0	1	1	1	1	2000	1	0	0	0	0	0	0	0	0	0	0	0	0	0	0	0	0	0	0	0	0	0	0	0	0	0	0	0	0	0	0	0	0.0	0	0	0	0	0	0	0	0	0	0	0	0	0	0	0	0	0	0	0	0	0	0	0	0.0
10820	._354_840	KING	GOTO	MELEE	1	100		NOMOVE	0		STUN,SLOW,CURSE,TERROR	0		0	0	0	0	0	0	0	0	0	0	0	1	1	1	0	0	1	0	1	1	1	1	2000	1	0	0	0	0	0	0	0	0	0	0	0	0	0	0	0	0	0	0	0	0	0	0	0	0	0	0	0	0	0	0	0	0.0	0	0	0	0	0	0	0	0	0	0	0	0	0	0	0	0	0	0	0	0	0	0	0	0.0
10821	._366_817	KING	GOTO	MELEE	1	100		NOMOVE	0		STUN,SLOW,CURSE,TERROR	0		0	0	0	0	0	0	0	0	0	0	0	1	1	1	0	0	1	0	1	1	1	1	2000	1	0	0	0	0	0	0	0	0	0	0	0	0	0	0	0	0	0	0	0	0	0	0	0	0	0	0	0	0	0	0	0	0.0	0	0	0	0	0	0	0	0	0	0	0	0	0	0	0	0	0	0	0	0	0	0	0	0.0
10822	._420_841	KING	GOTO	MELEE	1	100		NOMOVE	0		STUN,SLOW,CURSE,TERROR	0		0	0	0	0	0	0	0	0	0	0	0	1	1	1	0	0	1	0	1	1	1	1	2000	1	0	0	0	0	0	0	0	0	0	0	0	0	0	0	0	0	0	0	0	0	0	0	0	0	0	0	0	0	0	0	0	0.0	0	0	0	0	0	0	0	0	0	0	0	0	0	0	0	0	0	0	0	0	0	0	0	0.0
10823	._94_846	KING	GOTO	MELEE	1	100		NOMOVE	0		STUN,SLOW,CURSE,TERROR	0		0	0	0	0	0	0	0	0	0	0	0	1	1	1	0	0	1	0	1	1	1	1	2000	1	0	0	0	0	0	0	0	0	0	0	0	0	0	0	0	0	0	0	0	0	0	0	0	0	0	0	0	0	0	0	0	0.0	0	0	0	0	0	0	0	0	0	0	0	0	0	0	0	0	0	0	0	0	0	0	0	0.0
10824	._63_864	KING	GOTO	MELEE	1	100		NOMOVE	0		STUN,SLOW,CURSE,TERROR	0		0	0	0	0	0	0	0	0	0	0	0	1	1	1	0	0	1	0	1	1	1	1	2000	1	0	0	0	0	0	0	0	0	0	0	0	0	0	0	0	0	0	0	0	0	0	0	0	0	0	0	0	0	0	0	0	0.0	0	0	0	0	0	0	0	0	0	0	0	0	0	0	0	0	0	0	0	0	0	0	0	0.0
10825	._131_866	KING	GOTO	MELEE	1	100		NOMOVE	0		STUN,SLOW,CURSE,TERROR	0		0	0	0	0	0	0	0	0	0	0	0	1	1	1	0	0	1	0	1	1	1	1	2000	1	0	0	0	0	0	0	0	0	0	0	0	0	0	0	0	0	0	0	0	0	0	0	0	0	0	0	0	0	0	0	0	0.0	0	0	0	0	0	0	0	0	0	0	0	0	0	0	0	0	0	0	0	0	0	0	0	0.0
10826	._59_920	KING	GOTO	MELEE	1	100		NOMOVE	0		STUN,SLOW,CURSE,TERROR	0		0	0	0	0	0	0	0	0	0	0	0	1	1	1	0	0	1	0	1	1	1	1	2000	1	0	0	0	0	0	0	0	0	0	0	0	0	0	0	0	0	0	0	0	0	0	0	0	0	0	0	0	0	0	0	0	0.0	0	0	0	0	0	0	0	0	0	0	0	0	0	0	0	0	0	0	0	0	0	0	0	0.0
10827	._91_940	KING	GOTO	MELEE	1	100		NOMOVE	0		STUN,SLOW,CURSE,TERROR	0		0	0	0	0	0	0	0	0	0	0	0	1	1	1	0	0	1	0	1	1	1	1	2000	1	0	0	0	0	0	0	0	0	0	0	0	0	0	0	0	0	0	0	0	0	0	0	0	0	0	0	0	0	0	0	0	0.0	0	0	0	0	0	0	0	0	0	0	0	0	0	0	0	0	0	0	0	0	0	0	0	0.0
10828	._135_919	KING	GOTO	MELEE	1	100		NOMOVE	0		STUN,SLOW,CURSE,TERROR	0		0	0	0	0	0	0	0	0	0	0	0	1	1	1	0	0	1	0	1	1	1	1	2000	1	0	0	0	0	0	0	0	0	0	0	0	0	0	0	0	0	0	0	0	0	0	0	0	0	0	0	0	0	0	0	0	0.0	0	0	0	0	0	0	0	0	0	0	0	0	0	0	0	0	0	0	0	0	0	0	0	0.0
10829	._194_870	KING	GOTO	MELEE	1	100		NOMOVE	0		STUN,SLOW,CURSE,TERROR	0		0	0	0	0	0	0	0	0	0	0	0	1	1	1	0	0	1	0	1	1	1	1	2000	1	0	0	0	0	0	0	0	0	0	0	0	0	0	0	0	0	0	0	0	0	0	0	0	0	0	0	0	0	0	0	0	0.0	0	0	0	0	0	0	0	0	0	0	0	0	0	0	0	0	0	0	0	0	0	0	0	0.0
10830	._243_862	KING	GOTO	MELEE	1	100		NOMOVE	0		STUN,SLOW,CURSE,TERROR	0		0	0	0	0	0	0	0	0	0	0	0	1	1	1	0	0	1	0	1	1	1	1	2000	1	0	0	0	0	0	0	0	0	0	0	0	0	0	0	0	0	0	0	0	0	0	0	0	0	0	0	0	0	0	0	0	0.0	0	0	0	0	0	0	0	0	0	0	0	0	0	0	0	0	0	0	0	0	0	0	0	0.0
10831	._312_861	KING	GOTO	MELEE	1	100		NOMOVE	0		STUN,SLOW,CURSE,TERROR	0		0	0	0	0	0	0	0	0	0	0	0	1	1	1	0	0	1	0	1	1	1	1	2000	1	0	0	0	0	0	0	0	0	0	0	0	0	0	0	0	0	0	0	0	0	0	0	0	0	0	0	0	0	0	0	0	0.0	0	0	0	0	0	0	0	0	0	0	0	0	0	0	0	0	0	0	0	0	0	0	0	0.0
10832	._373_893	KING	GOTO	MELEE	1	100		NOMOVE	0		STUN,SLOW,CURSE,TERROR	0		0	0	0	0	0	0	0	0	0	0	0	1	1	1	0	0	1	0	1	1	1	1	2000	1	0	0	0	0	0	0	0	0	0	0	0	0	0	0	0	0	0	0	0	0	0	0	0	0	0	0	0	0	0	0	0	0.0	0	0	0	0	0	0	0	0	0	0	0	0	0	0	0	0	0	0	0	0	0	0	0	0.0
10833	._406_880	KING	GOTO	MELEE	1	100		NOMOVE	0		STUN,SLOW,CURSE,TERROR	0		0	0	0	0	0	0	0	0	0	0	0	1	1	1	0	0	1	0	1	1	1	1	2000	1	0	0	0	0	0	0	0	0	0	0	0	0	0	0	0	0	0	0	0	0	0	0	0	0	0	0	0	0	0	0	0	0.0	0	0	0	0	0	0	0	0	0	0	0	0	0	0	0	0	0	0	0	0	0	0	0	0.0
10834	._422_935	KING	GOTO	MELEE	1	100		NOMOVE	0		STUN,SLOW,CURSE,TERROR	0		0	0	0	0	0	0	0	0	0	0	0	1	1	1	0	0	1	0	1	1	1	1	2000	1	0	0	0	0	0	0	0	0	0	0	0	0	0	0	0	0	0	0	0	0	0	0	0	0	0	0	0	0	0	0	0	0.0	0	0	0	0	0	0	0	0	0	0	0	0	0	0	0	0	0	0	0	0	0	0	0	0.0
10835	._500_807	KING	GOTO	MELEE	1	100		NOMOVE	0		STUN,SLOW,CURSE,TERROR	0		0	0	0	0	0	0	0	0	0	0	0	1	1	1	0	0	1	0	1	1	1	1	2000	1	0	0	0	0	0	0	0	0	0	0	0	0	0	0	0	0	0	0	0	0	0	0	0	0	0	0	0	0	0	0	0	0.0	0	0	0	0	0	0	0	0	0	0	0	0	0	0	0	0	0	0	0	0	0	0	0	0.0
10901	._333_358	KING	GOTO	MELEE	1	100		NOMOVE	0		STUN,SLOW,TERROR	0		0	0	0	0	0	0	0	0	0	0	0	1	1	1	0	0	1	0	1	1	1	1	2000	1	0	0	0	0	0	0	0	0	0	0	0	0	0	0	0	0	0	0	0	0	0	0	0	0	0	0	0	0	0	0	0	0.0	0	0	0	0	0	0	0	0	0	0	0	0	0	0	0	0	0	0	0	0	0	0	0	0.0
10902	._452_116	KING	GOTO	MELEE	1	100		NOMOVE	0		STUN,SLOW,TERROR	0		0	0	0	0	0	0	0	0	0	0	0	1	1	1	0	0	1	0	1	1	1	1	2000	1	0	0	0	0	0	0	0	0	0	0	0	0	0	0	0	0	0	0	0	0	0	0	0	0	0	0	0	0	0	0	0	0.0	0	0	0	0	0	0	0	0	0	0	0	0	0	0	0	0	0	0	0	0	0	0	0	0.0
10903	._515_415	KING	GOTO	MELEE	1	100		NOMOVE	0		STUN,SLOW,TERROR	0		0	0	0	0	0	0	0	0	0	0	0	1	1	1	0	0	1	0	1	1	1	1	2000	1	0	0	0	0	0	0	0	0	0	0	0	0	0	0	0	0	0	0	0	0	0	0	0	0	0	0	0	0	0	0	0	0.0	0	0	0	0	0	0	0	0	0	0	0	0	0	0	0	0	0	0	0	0	0	0	0	0.0
10904	._515_480	KING	GOTO	MELEE	1	100		NOMOVE	0		STUN,SLOW,TERROR	0		0	0	0	0	0	0	0	0	0	0	0	1	1	1	0	0	1	0	1	1	1	1	2000	1	0	0	0	0	0	0	0	0	0	0	0	0	0	0	0	0	0	0	0	0	0	0	0	0	0	0	0	0	0	0	0	0.0	0	0	0	0	0	0	0	0	0	0	0	0	0	0	0	0	0	0	0	0	0	0	0	0.0
10905	._145_305	KING	GOTO	MELEE	1	100		NOMOVE	0		STUN,SLOW,TERROR	0		0	0	0	0	0	0	0	0	0	0	0	1	1	1	0	0	1	0	1	1	1	1	2000	1	0	0	0	0	0	0	0	0	0	0	0	0	0	0	0	0	0	0	0	0	0	0	0	0	0	0	0	0	0	0	0	0.0	0	0	0	0	0	0	0	0	0	0	0	0	0	0	0	0	0	0	0	0	0	0	0	0.0
10906	._228_238	KING	GOTO	MELEE	1	100		NOMOVE	0		STUN,SLOW,TERROR	0		0	0	0	0	0	0	0	0	0	0	0	1	1	1	0	0	1	0	1	1	1	1	2000	1	0	0	0	0	0	0	0	0	0	0	0	0	0	0	0	0	0	0	0	0	0	0	0	0	0	0	0	0	0	0	0	0.0	0	0	0	0	0	0	0	0	0	0	0	0	0	0	0	0	0	0	0	0	0	0	0	0.0
10907	._452_116	KING	GOTO	MELEE	1	100		NOMOVE	0		STUN,SLOW,TERROR	0		0	0	0	0	0	0	0	0	0	0	0	1	1	1	0	0	1	0	1	1	1	1	2000	1	0	0	0	0	0	0	0	0	0	0	0	0	0	0	0	0	0	0	0	0	0	0	0	0	0	0	0	0	0	0	0	0.0	0	0	0	0	0	0	0	0	0	0	0	0	0	0	0	0	0	0	0	0	0	0	0	0.0
10908	._77_500	KING	GOTO	MELEE	1	100		NOMOVE	0		STUN,SLOW,TERROR	0		0	0	0	0	0	0	0	0	0	0	0	1	1	1	0	0	1	0	1	1	1	1	2000	1	0	0	0	0	0	0	0	0	0	0	0	0	0	0	0	0	0	0	0	0	0	0	0	0	0	0	0	0	0	0	0	0.0	0	0	0	0	0	0	0	0	0	0	0	0	0	0	0	0	0	0	0	0	0	0	0	0.0
10909	._111_550	KING	GOTO	MELEE	1	100		NOMOVE	0		STUN,SLOW,TERROR	0		0	0	0	0	0	0	0	0	0	0	0	1	1	1	0	0	1	0	1	1	1	1	2000	1	0	0	0	0	0	0	0	0	0	0	0	0	0	0	0	0	0	0	0	0	0	0	0	0	0	0	0	0	0	0	0	0.0	0	0	0	0	0	0	0	0	0	0	0	0	0	0	0	0	0	0	0	0	0	0	0	0.0
10910	._452_116	KING	GOTO	MELEE	1	100		NOMOVE	0		STUN,SLOW,TERROR	0		0	0	0	0	0	0	0	0	0	0	0	1	1	1	0	0	1	0	1	1	1	1	2000	1	0	0	0	0	0	0	0	0	0	0	0	0	0	0	0	0	0	0	0	0	0	0	0	0	0	0	0	0	0	0	0	0.0	0	0	0	0	0	0	0	0	0	0	0	0	0	0	0	0	0	0	0	0	0	0	0	0.0
10911	._145_305	KING	GOTO	MELEE	1	100		NOMOVE	0		STUN,SLOW,TERROR	0		0	0	0	0	0	0	0	0	0	0	0	1	1	1	0	0	1	0	1	1	1	1	2000	1	0	0	0	0	0	0	0	0	0	0	0	0	0	0	0	0	0	0	0	0	0	0	0	0	0	0	0	0	0	0	0	0.0	0	0	0	0	0	0	0	0	0	0	0	0	0	0	0	0	0	0	0	0	0	0	0	0.0
10912	._333_358	KING	GOTO	MELEE	1	100		NOMOVE	0		STUN,SLOW,TERROR	0		0	0	0	0	0	0	0	0	0	0	0	1	1	1	0	0	1	0	1	1	1	1	2000	1	0	0	0	0	0	0	0	0	0	0	0	0	0	0	0	0	0	0	0	0	0	0	0	0	0	0	0	0	0	0	0	0.0	0	0	0	0	0	0	0	0	0	0	0	0	0	0	0	0	0	0	0	0	0	0	0	0.0
10913	._615_50	KING	GOTO	MELEE	1	100		NOMOVE	0		STUN,SLOW,TERROR	0		0	0	0	0	0	0	0	0	0	0	0	1	1	1	0	0	1	0	1	1	1	1	2000	1	0	0	0	0	0	0	0	0	0	0	0	0	0	0	0	0	0	0	0	0	0	0	0	0	0	0	0	0	0	0	0	0.0	0	0	0	0	0	0	0	0	0	0	0	0	0	0	0	0	0	0	0	0	0	0	0	0.0
10914	._218_110	KING	GOTO	MELEE	1	100		NOMOVE	0		STUN,SLOW,TERROR	0		0	0	0	0	0	0	0	0	0	0	0	1	1	1	0	0	1	0	1	1	1	1	2000	1	0	0	0	0	0	0	0	0	0	0	0	0	0	0	0	0	0	0	0	0	0	0	0	0	0	0	0	0	0	0	0	0.0	0	0	0	0	0	0	0	0	0	0	0	0	0	0	0	0	0	0	0	0	0	0	0	0.0
10915	._288_708	KING	GOTO	MELEE	1	100		NOMOVE	0		STUN,SLOW,TERROR	0		0	0	0	0	0	0	0	0	0	0	0	1	1	1	0	0	1	0	1	1	1	1	2000	1	0	0	0	0	0	0	0	0	0	0	0	0	0	0	0	0	0	0	0	0	0	0	0	0	0	0	0	0	0	0	0	0.0	0	0	0	0	0	0	0	0	0	0	0	0	0	0	0	0	0	0	0	0	0	0	0	0.0
10916	._582_385	KING	GOTO	MELEE	1	100		NOMOVE	0		STUN,SLOW,TERROR	0		0	0	0	0	0	0	0	0	0	0	0	1	1	1	0	0	1	0	1	1	1	1	2000	1	0	0	0	0	0	0	0	0	0	0	0	0	0	0	0	0	0	0	0	0	0	0	0	0	0	0	0	0	0	0	0	0.0	0	0	0	0	0	0	0	0	0	0	0	0	0	0	0	0	0	0	0	0	0	0	0	0.0
10917	._218_110	KING	GOTO	MELEE	1	100		NOMOVE	0		STUN,SLOW,TERROR	0		0	0	0	0	0	0	0	0	0	0	0	1	1	1	0	0	1	0	1	1	1	1	2000	1	0	0	0	0	0	0	0	0	0	0	0	0	0	0	0	0	0	0	0	0	0	0	0	0	0	0	0	0	0	0	0	0.0	0	0	0	0	0	0	0	0	0	0	0	0	0	0	0	0	0	0	0	0	0	0	0	0.0
10918	._452_116	KING	GOTO	MELEE	1	100		NOMOVE	0		STUN,SLOW,TERROR	0		0	0	0	0	0	0	0	0	0	0	0	1	1	1	0	0	1	0	1	1	1	1	2000	1	0	0	0	0	0	0	0	0	0	0	0	0	0	0	0	0	0	0	0	0	0	0	0	0	0	0	0	0	0	0	0	0.0	0	0	0	0	0	0	0	0	0	0	0	0	0	0	0	0	0	0	0	0	0	0	0	0.0
10919	._615_50	KING	GOTO	MELEE	1	100		NOMOVE	0		STUN,SLOW,TERROR	0		0	0	0	0	0	0	0	0	0	0	0	1	1	1	0	0	1	0	1	1	1	1	2000	1	0	0	0	0	0	0	0	0	0	0	0	0	0	0	0	0	0	0	0	0	0	0	0	0	0	0	0	0	0	0	0	0.0	0	0	0	0	0	0	0	0	0	0	0	0	0	0	0	0	0	0	0	0	0	0	0	0.0
10920	._510_480	KING	GOTO	MELEE	1	100		NOMOVE	0		STUN,SLOW,TERROR	0		0	0	0	0	0	0	0	0	0	0	0	1	1	1	0	0	1	0	1	1	1	1	2000	1	0	0	0	0	0	0	0	0	0	0	0	0	0	0	0	0	0	0	0	0	0	0	0	0	0	0	0	0	0	0	0	0.0	0	0	0	0	0	0	0	0	0	0	0	0	0	0	0	0	0	0	0	0	0	0	0	0.0
10921	._75_435	KING	GOTO	MELEE	1	100		NOMOVE	0		STUN,SLOW,TERROR	0		0	0	0	0	0	0	0	0	0	0	0	1	1	1	0	0	1	0	1	1	1	1	2000	1	0	0	0	0	0	0	0	0	0	0	0	0	0	0	0	0	0	0	0	0	0	0	0	0	0	0	0	0	0	0	0	0.0	0	0	0	0	0	0	0	0	0	0	0	0	0	0	0	0	0	0	0	0	0	0	0	0.0
10922	._194_614	KING	GOTO	MELEE	1	100		NOMOVE	0		STUN,SLOW,TERROR	0		0	0	0	0	0	0	0	0	0	0	0	1	1	1	0	0	1	0	1	1	1	1	2000	1	0	0	0	0	0	0	0	0	0	0	0	0	0	0	0	0	0	0	0	0	0	0	0	0	0	0	0	0	0	0	0	0.0	0	0	0	0	0	0	0	0	0	0	0	0	0	0	0	0	0	0	0	0	0	0	0	0.0
10923	._310_237	KING	GOTO	MELEE	1	100		NOMOVE	0		STUN,SLOW,TERROR	0		0	0	0	0	0	0	0	0	0	0	0	1	1	1	0	0	1	0	1	1	1	1	2000	1	0	0	0	0	0	0	0	0	0	0	0	0	0	0	0	0	0	0	0	0	0	0	0	0	0	0	0	0	0	0	0	0.0	0	0	0	0	0	0	0	0	0	0	0	0	0	0	0	0	0	0	0	0	0	0	0	0.0
10924	._609_553	KING	GOTO	MELEE	1	100		NOMOVE	0		STUN,SLOW,TERROR	0		0	0	0	0	0	0	0	0	0	0	0	1	1	1	0	0	1	0	1	1	1	1	2000	1	0	0	0	0	0	0	0	0	0	0	0	0	0	0	0	0	0	0	0	0	0	0	0	0	0	0	0	0	0	0	0	0.0	0	0	0	0	0	0	0	0	0	0	0	0	0	0	0	0	0	0	0	0	0	0	0	0.0
10931	._250_425	KING	GOTO	MELEE	1	100		NOMOVE	0		STUN,SLOW,TERROR	0		0	0	0	0	0	0	0	0	0	0	0	1	1	1	0	0	1	0	1	1	1	1	2000	1	0	0	0	0	0	0	0	0	0	0	0	0	0	0	0	0	0	0	0	0	0	0	0	0	0	0	0	0	0	0	0	0.0	0	0	0	0	0	0	0	0	0	0	0	0	0	0	0	0	0	0	0	0	0	0	0	0.0
10932	._452_116	KING	GOTO	MELEE	1	100		NOMOVE	0		STUN,SLOW,TERROR	0		0	0	0	0	0	0	0	0	0	0	0	1	1	1	0	0	1	0	1	1	1	1	2000	1	0	0	0	0	0	0	0	0	0	0	0	0	0	0	0	0	0	0	0	0	0	0	0	0	0	0	0	0	0	0	0	0.0	0	0	0	0	0	0	0	0	0	0	0	0	0	0	0	0	0	0	0	0	0	0	0	0.0
10933	._520_415	KING	GOTO	MELEE	1	100		NOMOVE	0		STUN,SLOW,TERROR	0		0	0	0	0	0	0	0	0	0	0	0	1	1	1	0	0	1	0	1	1	1	1	2000	1	0	0	0	0	0	0	0	0	0	0	0	0	0	0	0	0	0	0	0	0	0	0	0	0	0	0	0	0	0	0	0	0.0	0	0	0	0	0	0	0	0	0	0	0	0	0	0	0	0	0	0	0	0	0	0	0	0.0
10934	._77_370	KING	GOTO	MELEE	1	100		NOMOVE	0		STUN,SLOW,TERROR	0		0	0	0	0	0	0	0	0	0	0	0	1	1	1	0	0	1	0	1	1	1	1	2000	1	0	0	0	0	0	0	0	0	0	0	0	0	0	0	0	0	0	0	0	0	0	0	0	0	0	0	0	0	0	0	0	0.0	0	0	0	0	0	0	0	0	0	0	0	0	0	0	0	0	0	0	0	0	0	0	0	0.0
10935	._145_305	KING	GOTO	MELEE	1	100		NOMOVE	0		STUN,SLOW,TERROR	0		0	0	0	0	0	0	0	0	0	0	0	1	1	1	0	0	1	0	1	1	1	1	2000	1	0	0	0	0	0	0	0	0	0	0	0	0	0	0	0	0	0	0	0	0	0	0	0	0	0	0	0	0	0	0	0	0.0	0	0	0	0	0	0	0	0	0	0	0	0	0	0	0	0	0	0	0	0	0	0	0	0.0
10936	._122_678	KING	GOTO	MELEE	1	100		NOMOVE	0		STUN,SLOW,TERROR	0		0	0	0	0	0	0	0	0	0	0	0	1	1	1	0	0	1	0	1	1	1	1	2000	1	0	0	0	0	0	0	0	0	0	0	0	0	0	0	0	0	0	0	0	0	0	0	0	0	0	0	0	0	0	0	0	0.0	0	0	0	0	0	0	0	0	0	0	0	0	0	0	0	0	0	0	0	0	0	0	0	0.0
10937	._297_175	KING	GOTO	MELEE	1	100		NOMOVE	0		STUN,SLOW,TERROR	0		0	0	0	0	0	0	0	0	0	0	0	1	1	1	0	0	1	0	1	1	1	1	2000	1	0	0	0	0	0	0	0	0	0	0	0	0	0	0	0	0	0	0	0	0	0	0	0	0	0	0	0	0	0	0	0	0.0	0	0	0	0	0	0	0	0	0	0	0	0	0	0	0	0	0	0	0	0	0	0	0	0.0
10938	._452_116	KING	GOTO	MELEE	1	100		NOMOVE	0		STUN,SLOW,TERROR	0		0	0	0	0	0	0	0	0	0	0	0	1	1	1	0	0	1	0	1	1	1	1	2000	1	0	0	0	0	0	0	0	0	0	0	0	0	0	0	0	0	0	0	0	0	0	0	0	0	0	0	0	0	0	0	0	0.0	0	0	0	0	0	0	0	0	0	0	0	0	0	0	0	0	0	0	0	0	0	0	0	0.0
10939	._423_266	KING	GOTO	MELEE	1	100		NOMOVE	0		STUN,SLOW,TERROR	0		0	0	0	0	0	0	0	0	0	0	0	1	1	1	0	0	1	0	1	1	1	1	2000	1	0	0	0	0	0	0	0	0	0	0	0	0	0	0	0	0	0	0	0	0	0	0	0	0	0	0	0	0	0	0	0	0.0	0	0	0	0	0	0	0	0	0	0	0	0	0	0	0	0	0	0	0	0	0	0	0	0.0
10940	._122_678	KING	GOTO	MELEE	1	100		NOMOVE	0		STUN,SLOW,TERROR	0		0	0	0	0	0	0	0	0	0	0	0	1	1	1	0	0	1	0	1	1	1	1	2000	1	0	0	0	0	0	0	0	0	0	0	0	0	0	0	0	0	0	0	0	0	0	0	0	0	0	0	0	0	0	0	0	0.0	0	0	0	0	0	0	0	0	0	0	0	0	0	0	0	0	0	0	0	0	0	0	0	0.0
10941	._510_480	KING	GOTO	MELEE	1	100		NOMOVE	0		STUN,SLOW,TERROR	0		0	0	0	0	0	0	0	0	0	0	0	1	1	1	0	0	1	0	1	1	1	1	2000	1	0	0	0	0	0	0	0	0	0	0	0	0	0	0	0	0	0	0	0	0	0	0	0	0	0	0	0	0	0	0	0	0.0	0	0	0	0	0	0	0	0	0	0	0	0	0	0	0	0	0	0	0	0	0	0	0	0.0
10942	._250_425	KING	GOTO	MELEE	1	100		NOMOVE	0		STUN,SLOW,TERROR	0		0	0	0	0	0	0	0	0	0	0	0	1	1	1	0	0	1	0	1	1	1	1	2000	1	0	0	0	0	0	0	0	0	0	0	0	0	0	0	0	0	0	0	0	0	0	0	0	0	0	0	0	0	0	0	0	0.0	0	0	0	0	0	0	0	0	0	0	0	0	0	0	0	0	0	0	0	0	0	0	0	0.0
10943	._452_116	KING	GOTO	MELEE	1	100		NOMOVE	0		STUN,SLOW,TERROR	0		0	0	0	0	0	0	0	0	0	0	0	1	1	1	0	0	1	0	1	1	1	1	2000	1	0	0	0	0	0	0	0	0	0	0	0	0	0	0	0	0	0	0	0	0	0	0	0	0	0	0	0	0	0	0	0	0.0	0	0	0	0	0	0	0	0	0	0	0	0	0	0	0	0	0	0	0	0	0	0	0	0.0
10944	._297_175	KING	GOTO	MELEE	1	100		NOMOVE	0		STUN,SLOW,TERROR	0		0	0	0	0	0	0	0	0	0	0	0	1	1	1	0	0	1	0	1	1	1	1	2000	1	0	0	0	0	0	0	0	0	0	0	0	0	0	0	0	0	0	0	0	0	0	0	0	0	0	0	0	0	0	0	0	0.0	0	0	0	0	0	0	0	0	0	0	0	0	0	0	0	0	0	0	0	0	0	0	0	0.0
10945	._250_425	KING	GOTO	MELEE	1	100		NOMOVE	0		STUN,SLOW,TERROR	0		0	0	0	0	0	0	0	0	0	0	0	1	1	1	0	0	1	0	1	1	1	1	2000	1	0	0	0	0	0	0	0	0	0	0	0	0	0	0	0	0	0	0	0	0	0	0	0	0	0	0	0	0	0	0	0	0.0	0	0	0	0	0	0	0	0	0	0	0	0	0	0	0	0	0	0	0	0	0	0	0	0.0
10946	._627_290	KING	GOTO	MELEE	1	100		NOMOVE	0		STUN,SLOW,TERROR	0		0	0	0	0	0	0	0	0	0	0	0	1	1	1	0	0	1	0	1	1	1	1	2000	1	0	0	0	0	0	0	0	0	0	0	0	0	0	0	0	0	0	0	0	0	0	0	0	0	0	0	0	0	0	0	0	0.0	0	0	0	0	0	0	0	0	0	0	0	0	0	0	0	0	0	0	0	0	0	0	0	0.0
10947	._297_175	KING	GOTO	MELEE	1	100		NOMOVE	0		STUN,SLOW,TERROR	0		0	0	0	0	0	0	0	0	0	0	0	1	1	1	0	0	1	0	1	1	1	1	2000	1	0	0	0	0	0	0	0	0	0	0	0	0	0	0	0	0	0	0	0	0	0	0	0	0	0	0	0	0	0	0	0	0.0	0	0	0	0	0	0	0	0	0	0	0	0	0	0	0	0	0	0	0	0	0	0	0	0.0
10948	._450_116	KING	GOTO	MELEE	1	100		NOMOVE	0		STUN,SLOW,TERROR	0		0	0	0	0	0	0	0	0	0	0	0	1	1	1	0	0	1	0	1	1	1	1	2000	1	0	0	0	0	0	0	0	0	0	0	0	0	0	0	0	0	0	0	0	0	0	0	0	0	0	0	0	0	0	0	0	0.0	0	0	0	0	0	0	0	0	0	0	0	0	0	0	0	0	0	0	0	0	0	0	0	0.0
10949	._582_385	KING	GOTO	MELEE	1	100		NOMOVE	0		STUN,SLOW,TERROR	0		0	0	0	0	0	0	0	0	0	0	0	1	1	1	0	0	1	0	1	1	1	1	2000	1	0	0	0	0	0	0	0	0	0	0	0	0	0	0	0	0	0	0	0	0	0	0	0	0	0	0	0	0	0	0	0	0.0	0	0	0	0	0	0	0	0	0	0	0	0	0	0	0	0	0	0	0	0	0	0	0	0.0
10950	._440_705	KING	GOTO	MELEE	1	100		NOMOVE	0		STUN,SLOW,TERROR	0		0	0	0	0	0	0	0	0	0	0	0	1	1	1	0	0	1	0	1	1	1	1	2000	1	0	0	0	0	0	0	0	0	0	0	0	0	0	0	0	0	0	0	0	0	0	0	0	0	0	0	0	0	0	0	0	0.0	0	0	0	0	0	0	0	0	0	0	0	0	0	0	0	0	0	0	0	0	0	0	0	0.0
10951	._145_305	KING	GOTO	MELEE	1	100		NOMOVE	0		STUN,SLOW,TERROR	0		0	0	0	0	0	0	0	0	0	0	0	1	1	1	0	0	1	0	1	1	1	1	2000	1	0	0	0	0	0	0	0	0	0	0	0	0	0	0	0	0	0	0	0	0	0	0	0	0	0	0	0	0	0	0	0	0.0	0	0	0	0	0	0	0	0	0	0	0	0	0	0	0	0	0	0	0	0	0	0	0	0.0
10952	._297_175	KING	GOTO	MELEE	1	100		NOMOVE	0		STUN,SLOW,TERROR	0		0	0	0	0	0	0	0	0	0	0	0	1	1	1	0	0	1	0	1	1	1	1	2000	1	0	0	0	0	0	0	0	0	0	0	0	0	0	0	0	0	0	0	0	0	0	0	0	0	0	0	0	0	0	0	0	0.0	0	0	0	0	0	0	0	0	0	0	0	0	0	0	0	0	0	0	0	0	0	0	0	0.0
10953	._75_435	KING	GOTO	MELEE	1	100		NOMOVE	0		STUN,SLOW,TERROR	0		0	0	0	0	0	0	0	0	0	0	0	1	1	1	0	0	1	0	1	1	1	1	2000	1	0	0	0	0	0	0	0	0	0	0	0	0	0	0	0	0	0	0	0	0	0	0	0	0	0	0	0	0	0	0	0	0.0	0	0	0	0	0	0	0	0	0	0	0	0	0	0	0	0	0	0	0	0	0	0	0	0.0
10954	._609_553	KING	GOTO	MELEE	1	100		NOMOVE	0		STUN,SLOW,TERROR	0		0	0	0	0	0	0	0	0	0	0	0	1	1	1	0	0	1	0	1	1	1	1	2000	1	0	0	0	0	0	0	0	0	0	0	0	0	0	0	0	0	0	0	0	0	0	0	0	0	0	0	0	0	0	0	0	0.0	0	0	0	0	0	0	0	0	0	0	0	0	0	0	0	0	0	0	0	0	0	0	0	0.0
10961	._333_358	KING	GOTO	MELEE	1	100		NOMOVE	0		STUN,SLOW,TERROR	0		0	0	0	0	0	0	0	0	0	0	0	1	1	1	0	0	1	0	1	1	1	1	2000	1	0	0	0	0	0	0	0	0	0	0	0	0	0	0	0	0	0	0	0	0	0	0	0	0	0	0	0	0	0	0	0	0.0	0	0	0	0	0	0	0	0	0	0	0	0	0	0	0	0	0	0	0	0	0	0	0	0.0
10962	._452_116	KING	GOTO	MELEE	1	100		NOMOVE	0		STUN,SLOW,TERROR	0		0	0	0	0	0	0	0	0	0	0	0	1	1	1	0	0	1	0	1	1	1	1	2000	1	0	0	0	0	0	0	0	0	0	0	0	0	0	0	0	0	0	0	0	0	0	0	0	0	0	0	0	0	0	0	0	0.0	0	0	0	0	0	0	0	0	0	0	0	0	0	0	0	0	0	0	0	0	0	0	0	0.0
10963	._520_415	KING	GOTO	MELEE	1	100		NOMOVE	0		STUN,SLOW,TERROR	0		0	0	0	0	0	0	0	0	0	0	0	1	1	1	0	0	1	0	1	1	1	1	2000	1	0	0	0	0	0	0	0	0	0	0	0	0	0	0	0	0	0	0	0	0	0	0	0	0	0	0	0	0	0	0	0	0.0	0	0	0	0	0	0	0	0	0	0	0	0	0	0	0	0	0	0	0	0	0	0	0	0.0
10964	._77_370	KING	GOTO	MELEE	1	100		NOMOVE	0		STUN,SLOW,TERROR	0		0	0	0	0	0	0	0	0	0	0	0	1	1	1	0	0	1	0	1	1	1	1	2000	1	0	0	0	0	0	0	0	0	0	0	0	0	0	0	0	0	0	0	0	0	0	0	0	0	0	0	0	0	0	0	0	0.0	0	0	0	0	0	0	0	0	0	0	0	0	0	0	0	0	0	0	0	0	0	0	0	0.0
10965	._145_305	KING	GOTO	MELEE	1	100		NOMOVE	0		STUN,SLOW,TERROR	0		0	0	0	0	0	0	0	0	0	0	0	1	1	1	0	0	1	0	1	1	1	1	2000	1	0	0	0	0	0	0	0	0	0	0	0	0	0	0	0	0	0	0	0	0	0	0	0	0	0	0	0	0	0	0	0	0.0	0	0	0	0	0	0	0	0	0	0	0	0	0	0	0	0	0	0	0	0	0	0	0	0.0
10966	._297_175	KING	GOTO	MELEE	1	100		NOMOVE	0		STUN,SLOW,TERROR	0		0	0	0	0	0	0	0	0	0	0	0	1	1	1	0	0	1	0	1	1	1	1	2000	1	0	0	0	0	0	0	0	0	0	0	0	0	0	0	0	0	0	0	0	0	0	0	0	0	0	0	0	0	0	0	0	0.0	0	0	0	0	0	0	0	0	0	0	0	0	0	0	0	0	0	0	0	0	0	0	0	0.0
10967	._452_116	KING	GOTO	MELEE	1	100		NOMOVE	0		STUN,SLOW,TERROR	0		0	0	0	0	0	0	0	0	0	0	0	1	1	1	0	0	1	0	1	1	1	1	2000	1	0	0	0	0	0	0	0	0	0	0	0	0	0	0	0	0	0	0	0	0	0	0	0	0	0	0	0	0	0	0	0	0.0	0	0	0	0	0	0	0	0	0	0	0	0	0	0	0	0	0	0	0	0	0	0	0	0.0
10968	._195_615	KING	GOTO	MELEE	1	100		NOMOVE	0		STUN,SLOW,TERROR	0		0	0	0	0	0	0	0	0	0	0	0	1	1	1	0	0	1	0	1	1	1	1	2000	1	0	0	0	0	0	0	0	0	0	0	0	0	0	0	0	0	0	0	0	0	0	0	0	0	0	0	0	0	0	0	0	0.0	0	0	0	0	0	0	0	0	0	0	0	0	0	0	0	0	0	0	0	0	0	0	0	0.0
10969	._195_615	KING	GOTO	MELEE	1	100		NOMOVE	0		STUN,SLOW,TERROR	0		0	0	0	0	0	0	0	0	0	0	0	1	1	1	0	0	1	0	1	1	1	1	2000	1	0	0	0	0	0	0	0	0	0	0	0	0	0	0	0	0	0	0	0	0	0	0	0	0	0	0	0	0	0	0	0	0.0	0	0	0	0	0	0	0	0	0	0	0	0	0	0	0	0	0	0	0	0	0	0	0	0.0
10970	._510_480	KING	GOTO	MELEE	1	100		NOMOVE	0		STUN,SLOW,TERROR	0		0	0	0	0	0	0	0	0	0	0	0	1	1	1	0	0	1	0	1	1	1	1	2000	1	0	0	0	0	0	0	0	0	0	0	0	0	0	0	0	0	0	0	0	0	0	0	0	0	0	0	0	0	0	0	0	0.0	0	0	0	0	0	0	0	0	0	0	0	0	0	0	0	0	0	0	0	0	0	0	0	0.0
10971	._145_305	KING	GOTO	MELEE	1	100		NOMOVE	0		STUN,SLOW,TERROR	0		0	0	0	0	0	0	0	0	0	0	0	1	1	1	0	0	1	0	1	1	1	1	2000	1	0	0	0	0	0	0	0	0	0	0	0	0	0	0	0	0	0	0	0	0	0	0	0	0	0	0	0	0	0	0	0	0.0	0	0	0	0	0	0	0	0	0	0	0	0	0	0	0	0	0	0	0	0	0	0	0	0.0
10972	._333_358	KING	GOTO	MELEE	1	100		NOMOVE	0		STUN,SLOW,TERROR	0		0	0	0	0	0	0	0	0	0	0	0	1	1	1	0	0	1	0	1	1	1	1	2000	1	0	0	0	0	0	0	0	0	0	0	0	0	0	0	0	0	0	0	0	0	0	0	0	0	0	0	0	0	0	0	0	0.0	0	0	0	0	0	0	0	0	0	0	0	0	0	0	0	0	0	0	0	0	0	0	0	0.0
10973	._71_435	KING	GOTO	MELEE	1	100		NOMOVE	0		STUN,SLOW,TERROR	0		0	0	0	0	0	0	0	0	0	0	0	1	1	1	0	0	1	0	1	1	1	1	2000	1	0	0	0	0	0	0	0	0	0	0	0	0	0	0	0	0	0	0	0	0	0	0	0	0	0	0	0	0	0	0	0	0.0	0	0	0	0	0	0	0	0	0	0	0	0	0	0	0	0	0	0	0	0	0	0	0	0.0
10974	._297_175	KING	GOTO	MELEE	1	100		NOMOVE	0		STUN,SLOW,TERROR	0		0	0	0	0	0	0	0	0	0	0	0	1	1	1	0	0	1	0	1	1	1	1	2000	1	0	0	0	0	0	0	0	0	0	0	0	0	0	0	0	0	0	0	0	0	0	0	0	0	0	0	0	0	0	0	0	0.0	0	0	0	0	0	0	0	0	0	0	0	0	0	0	0	0	0	0	0	0	0	0	0	0.0
10975	._460_560	KING	GOTO	MELEE	1	100		NOMOVE	0		STUN,SLOW,TERROR	0		0	0	0	0	0	0	0	0	0	0	0	1	1	1	0	0	1	0	1	1	1	1	2000	1	0	0	0	0	0	0	0	0	0	0	0	0	0	0	0	0	0	0	0	0	0	0	0	0	0	0	0	0	0	0	0	0.0	0	0	0	0	0	0	0	0	0	0	0	0	0	0	0	0	0	0	0	0	0	0	0	0.0
10976	._333_358	KING	GOTO	MELEE	1	100		NOMOVE	0		STUN,SLOW,TERROR	0		0	0	0	0	0	0	0	0	0	0	0	1	1	1	0	0	1	0	1	1	1	1	2000	1	0	0	0	0	0	0	0	0	0	0	0	0	0	0	0	0	0	0	0	0	0	0	0	0	0	0	0	0	0	0	0	0.0	0	0	0	0	0	0	0	0	0	0	0	0	0	0	0	0	0	0	0	0	0	0	0	0.0
10977	._260_175	KING	GOTO	MELEE	1	100		NOMOVE	0		STUN,SLOW,TERROR	0		0	0	0	0	0	0	0	0	0	0	0	1	1	1	0	0	1	0	1	1	1	1	2000	1	0	0	0	0	0	0	0	0	0	0	0	0	0	0	0	0	0	0	0	0	0	0	0	0	0	0	0	0	0	0	0	0.0	0	0	0	0	0	0	0	0	0	0	0	0	0	0	0	0	0	0	0	0	0	0	0	0.0
10978	._452_116	KING	GOTO	MELEE	1	100		NOMOVE	0		STUN,SLOW,TERROR	0		0	0	0	0	0	0	0	0	0	0	0	1	1	1	0	0	1	0	1	1	1	1	2000	1	0	0	0	0	0	0	0	0	0	0	0	0	0	0	0	0	0	0	0	0	0	0	0	0	0	0	0	0	0	0	0	0.0	0	0	0	0	0	0	0	0	0	0	0	0	0	0	0	0	0	0	0	0	0	0	0	0.0
10979	._540_45	KING	GOTO	MELEE	1	100		NOMOVE	0		STUN,SLOW,TERROR	0		0	0	0	0	0	0	0	0	0	0	0	1	1	1	0	0	1	0	1	1	1	1	2000	1	0	0	0	0	0	0	0	0	0	0	0	0	0	0	0	0	0	0	0	0	0	0	0	0	0	0	0	0	0	0	0	0.0	0	0	0	0	0	0	0	0	0	0	0	0	0	0	0	0	0	0	0	0	0	0	0	0.0
10980	._80_295	KING	GOTO	MELEE	1	100		NOMOVE	0		STUN,SLOW,TERROR	0		0	0	0	0	0	0	0	0	0	0	0	1	1	1	0	0	1	0	1	1	1	1	2000	1	0	0	0	0	0	0	0	0	0	0	0	0	0	0	0	0	0	0	0	0	0	0	0	0	0	0	0	0	0	0	0	0.0	0	0	0	0	0	0	0	0	0	0	0	0	0	0	0	0	0	0	0	0	0	0	0	0.0
10981	._522_414	KING	GOTO	MELEE	1	100		NOMOVE	0		STUN,SLOW,TERROR	0		0	0	0	0	0	0	0	0	0	0	0	1	1	1	0	0	1	0	1	1	1	1	2000	1	0	0	0	0	0	0	0	0	0	0	0	0	0	0	0	0	0	0	0	0	0	0	0	0	0	0	0	0	0	0	0	0.0	0	0	0	0	0	0	0	0	0	0	0	0	0	0	0	0	0	0	0	0	0	0	0	0.0
10982	._297_175	KING	GOTO	MELEE	1	100		NOMOVE	0		STUN,SLOW,TERROR	0		0	0	0	0	0	0	0	0	0	0	0	1	1	1	0	0	1	0	1	1	1	1	2000	1	0	0	0	0	0	0	0	0	0	0	0	0	0	0	0	0	0	0	0	0	0	0	0	0	0	0	0	0	0	0	0	0.0	0	0	0	0	0	0	0	0	0	0	0	0	0	0	0	0	0	0	0	0	0	0	0	0.0
10983	._582_385	KING	GOTO	MELEE	1	100		NOMOVE	0		STUN,SLOW,TERROR	0		0	0	0	0	0	0	0	0	0	0	0	1	1	1	0	0	1	0	1	1	1	1	2000	1	0	0	0	0	0	0	0	0	0	0	0	0	0	0	0	0	0	0	0	0	0	0	0	0	0	0	0	0	0	0	0	0.0	0	0	0	0	0	0	0	0	0	0	0	0	0	0	0	0	0	0	0	0	0	0	0	0.0
10984	._609_553	KING	GOTO	MELEE	1	100		NOMOVE	0		STUN,SLOW,TERROR	0		0	0	0	0	0	0	0	0	0	0	0	1	1	1	0	0	1	0	1	1	1	1	2000	1	0	0	0	0	0	0	0	0	0	0	0	0	0	0	0	0	0	0	0	0	0	0	0	0	0	0	0	0	0	0	0	0.0	0	0	0	0	0	0	0	0	0	0	0	0	0	0	0	0	0	0	0	0	0	0	0	0.0
10985	lonca_karakolu	KING	NPC	MELEE	1	100		NOMOVE	0		STUN,SLOW,TERROR	0		2	0	0	0	0	0	0	0	0	0	0	175000	3	1	0	0	0	0	4	100	100	0	2000	150	0	0	0	0	0	0	0	0	0	0	0	0	0	0	0	0	0	0	0	0	0	0	0	0	0	0	0	0	0	0	0	0.0	0	0	0	0	0	0	0	0	0	0	0	0	0	0	0	0	0	0	0	0	0	0	0	0.0
11000	koy_gardiyani	KNIGHT	NPC	MELEE	100	100		NOMOVE	0		STUN,SLOW,CURSE,TERROR	1		2	0	0	0	0	0	0	0	0	0	0	6938	3	1	0	0	802	0	109	100	100	0	2000	175	0	0	0	0	0	0	0	0	0	0	0	0	0	0	0	0	0	0	0	0	0	0	0	0	0	0	0	0	0	0	0	0.0	0	0	0	0	0	0	0	0	0	0	0	0	0	0	0	0	0	0	0	0	0	0	0	0.0
11001	savas_sorumlusu	KNIGHT	NPC	RANGE	100	100		NOMOVE	0		STUN,SLOW,CURSE,TERROR	1		2	0	0	0	0	0	0	0	0	0	0	6938	3	1	0	0	802	0	109	100	100	0	2000	175	0	0	0	0	0	0	0	0	0	0	0	0	0	0	0	0	0	0	0	0	0	0	0	0	0	0	0	0	0	0	0	0.0	0	0	0	0	0	0	0	0	0	0	0	0	0	0	0	0	0	0	0	0	0	0	0	0.0
11002	koy_gardiyani	KNIGHT	NPC	MELEE	100	100		NOMOVE	0		STUN,SLOW,CURSE,TERROR	2		2	0	0	0	0	0	0	0	0	0	0	6938	3	1	0	0	802	0	109	100	100	0	2000	175	0	0	0	0	0	0	0	0	0	0	0	0	0	0	0	0	0	0	0	0	0	0	0	0	0	0	0	0	0	0	0	0.0	0	0	0	0	0	0	0	0	0	0	0	0	0	0	0	0	0	0	0	0	0	0	0	0.0
11003	savas_sorumlusu	KNIGHT	NPC	RANGE	100	100		NOMOVE	0		STUN,SLOW,CURSE,TERROR	2		2	0	0	0	0	0	0	0	0	0	0	6938	3	1	0	0	802	0	109	100	100	0	2000	175	0	0	0	0	0	0	0	0	0	0	0	0	0	0	0	0	0	0	0	0	0	0	0	0	0	0	0	0	0	0	0	0.0	0	0	0	0	0	0	0	0	0	0	0	0	0	0	0	0	0	0	0	0	0	0	0	0.0
11004	koy_gardiyani	KNIGHT	NPC	MELEE	100	100		NOMOVE	0		STUN,SLOW,CURSE,TERROR	3		2	0	0	0	0	0	0	0	0	0	0	6938	3	1	0	0	802	0	109	100	100	0	2000	175	0	0	0	0	0	0	0	0	0	0	0	0	0	0	0	0	0	0	0	0	0	0	0	0	0	0	0	0	0	0	0	0.0	0	0	0	0	0	0	0	0	0	0	0	0	0	0	0	0	0	0	0	0	0	0	0	0.0
11005	savas_sorumlusu	KNIGHT	NPC	RANGE	100	100		NOMOVE	0		STUN,SLOW,CURSE,TERROR	3		2	0	0	0	0	0	0	0	0	0	0	6938	3	1	0	0	802	0	109	100	100	0	2000	175	0	0	0	0	0	0	0	0	0	0	0	0	0	0	0	0	0	0	0	0	0	0	0	0	0	0	0	0	0	0	0	0.0	0	0	0	0	0	0	0	0	0	0	0	0	0	0	0	0	0	0	0	0	0	0	0	0.0
11100	koy_gardiyani	KNIGHT	MONSTER	MELEE	50	100		AGGR,NOATTSHINSU	0		STUN,SLOW,CURSE,TERROR	0	sinsu_guard_spear	0	47	35	24	12	0	0	0	0	110	139	5000	3	5	1000	3000	2000	0	70	110	170	100	2000	150	1	0	0	0	0	0	3	0	5	-3	-3	-5	-10	-10	5	0	0	0	0	0	0	0	0	0	0	0	0	0	0	0	0	0.0	0	0	0	0	0	0	0	0	0	0	0	0	0	0	0	0	0	0	0	0	0	0	0	0.0
11101	savas_sorumlusu	KNIGHT	MONSTER	RANGE	50	100		AGGR,NOATTSHINSU	0		STUN,SLOW,CURSE,TERROR	0	sinsu_guard_bow	0	50	37	25	12	0	0	0	0	168	196	4000	5	10	1000	3000	2000	0	70	110	150	100	2000	600	1	0	0	0	0	0	0	5	0	5	5	3	0	0	-3	0	0	0	0	0	0	0	0	0	0	0	0	0	0	0	0	0.0	0	0	0	0	0	0	0	0	0	0	0	0	0	0	0	0	0	0	0	0	0	0	0	0.0
11102	koy_gardiyani	KNIGHT	MONSTER	MELEE	50	100		AGGR,NOATTJINNO	0		STUN,SLOW,CURSE,TERROR	0	cheonjo_guard_spear	0	52	39	26	13	0	0	0	0	110	139	5000	3	5	1000	3000	2000	0	70	110	170	100	2000	150	1	0	0	0	0	0	3	0	5	-3	-3	-5	-10	-10	5	0	0	0	0	0	0	0	0	0	0	0	0	0	0	0	0	0.0	0	0	0	0	0	0	0	0	0	0	0	0	0	0	0	0	0	0	0	0	0	0	0	0.0
11103	savas_sorumlusu	KNIGHT	MONSTER	RANGE	50	100		AGGR,NOATTJINNO	0		STUN,SLOW,CURSE,TERROR	0	cheonjo_guard_bow	0	53	40	27	13	0	0	0	0	168	196	4000	5	10	1000	3000	2000	0	70	110	150	100	2000	600	1	0	0	0	0	0	0	5	0	5	5	3	0	0	-3	0	0	0	0	0	0	0	0	0	0	0	0	0	0	0	0	0.0	0	0	0	0	0	0	0	0	0	0	0	0	0	0	0	0	0	0	0	0	0	0	0	0.0
11104	koy_gardiyani	KNIGHT	MONSTER	MELEE	50	100		AGGR,NOATTCHUNJO	0		STUN,SLOW,CURSE,TERROR	0	jinno_guard_spear	0	55	41	27	14	0	0	0	0	110	139	5000	3	5	1000	3000	2000	0	70	110	160	100	2000	150	1	0	0	0	0	0	3	0	5	-3	-3	-5	-10	-10	5	0	0	0	0	0	0	0	0	0	0	0	0	0	0	0	0	0.0	0	0	0	0	0	0	0	0	0	0	0	0	0	0	0	0	0	0	0	0	0	0	0	0.0
11105	savas_sorumlusu	KNIGHT	MONSTER	RANGE	50	100		AGGR,NOATTCHUNJO	0		STUN,SLOW,CURSE,TERROR	0	jinno_guard_bow	0	52	39	26	13	0	0	0	0	168	196	4000	5	10	1000	3000	2000	0	70	100	100	100	2000	600	1	0	0	0	0	0	0	5	0	5	5	3	0	0	-3	0	0	0	0	0	0	0	0	0	0	0	0	0	0	0	0	0.0	0	0	0	0	0	0	0	0	0	0	0	0	0	0	0	0	0	0	0	0	0	0	0	0.0
11106	koy_gardiyani	KNIGHT	MONSTER	MELEE	70	100		AGGR,NOATTSHINSU	0		STUN,SLOW,CURSE,TERROR	0	gangyo_patrol_spear	0	47	35	24	12	0	0	0	0	184	231	13000	3	5	1500	3500	2000	0	90	110	170	100	2000	150	3	0	0	0	1	1	3	0	8	-5	-5	-8	-12	-12	8	0	0	0	0	0	0	0	0	0	0	0	0	0	0	0	0	0.0	0	0	16764159	0	0	0	0	0	0	0	0	0	0	0	0	0	0	0	0	0	0	0	0	0.0
11107	savas_sorumlusu	KNIGHT	MONSTER	RANGE	70	100		AGGR,NOATTSHINSU	0		STUN,SLOW,CURSE,TERROR	0	gangyo_patrol_bow	0	50	37	25	12	0	0	0	0	280	327	8000	5	10	1500	3500	2000	0	90	110	150	100	2000	600	3	0	0	0	1	0	3	5	0	5	5	3	0	0	-10	0	0	0	0	0	0	0	0	0	0	0	0	0	0	0	0	0.0	0	0	16764159	0	0	0	0	0	0	0	0	0	0	0	0	0	0	0	0	0	0	0	0	0.0
11108	koy_gardiyani	KNIGHT	MONSTER	MELEE	70	100		AGGR,NOATTJINNO	0		STUN,SLOW,CURSE,TERROR	0	jinno_patrol_spear	0	52	39	26	13	0	0	0	0	184	231	13000	3	5	1500	3500	2000	0	90	110	170	100	2000	150	3	0	0	0	1	1	3	0	8	-5	-5	-8	-12	-12	8	0	0	0	0	0	0	0	0	0	0	0	0	0	0	0	0	0.0	0	0	16764159	0	0	0	0	0	0	0	0	0	0	0	0	0	0	0	0	0	0	0	0	0.0
11109	savas_sorumlusu	KNIGHT	MONSTER	RANGE	70	100		AGGR,NOATTJINNO	0		STUN,SLOW,CURSE,TERROR	0	jinno_patrol_bow	0	53	40	27	13	0	0	0	0	280	327	8000	5	10	1500	3500	2000	0	90	110	150	100	2000	600	3	0	0	0	1	0	3	5	0	5	5	3	0	0	-10	0	0	0	0	0	0	0	0	0	0	0	0	0	0	0	0	0.0	0	0	16764159	0	0	0	0	0	0	0	0	0	0	0	0	0	0	0	0	0	0	0	0	0.0
11110	koy_gardiyani	KNIGHT	MONSTER	MELEE	70	100		AGGR,NOATTCHUNJO	0		STUN,SLOW,CURSE,TERROR	0	sinsu_patrol_spear	0	55	41	27	14	0	0	0	0	184	231	13000	3	5	1500	3500	2000	0	90	110	160	100	2000	150	3	0	0	0	1	1	3	0	8	-5	-5	-8	-12	-12	8	0	0	0	0	0	0	0	0	0	0	0	0	0	0	0	0	0.0	0	0	16764159	0	0	0	0	0	0	0	0	0	0	0	0	0	0	0	0	0	0	0	0	0.0
11111	savas_sorumlusu	KNIGHT	MONSTER	RANGE	70	100		AGGR,NOATTCHUNJO	0		STUN,SLOW,CURSE,TERROR	0	sinsu_patrol_bow	0	52	39	26	13	0	0	0	0	280	327	8000	5	10	1500	3500	2000	0	90	100	100	100	2000	600	3	0	0	0	1	0	3	5	0	5	5	3	0	0	-10	0	0	0	0	0	0	0	0	0	0	0	0	0	0	0	0	0.0	0	0	16764159	0	0	0	0	0	0	0	0	0	0	0	0	0	0	0	0	0	0	0	0	0.0
11112	koy_gardiyani	KNIGHT	MONSTER	MELEE	90	100		AGGR,NOATTSHINSU	0		STUN,SLOW,CURSE,TERROR	0	gangyo_patrol_spear	0	99	99	99	30	0	0	0	0	263	331	30000	3	5	2000	4000	2000	0	120	110	170	100	2000	150	5	0	0	1	0	3	5	0	10	-10	-10	-15	-20	-20	10	0	0	0	0	0	0	0	0	0	0	0	0	0	0	0	0	0.0	0	0	16764108	0	0	0	0	0	0	0	0	0	0	0	0	0	0	0	0	0	0	0	0	0.0
11113	savas_sorumlusu	KNIGHT	MONSTER	RANGE	90	100		AGGR,NOATTSHINSU	0		STUN,SLOW,CURSE,TERROR	0	gangyo_patrol_bow	0	99	99	99	30	0	0	0	0	400	468	20000	5	10	2000	4000	2000	0	120	110	150	100	2000	600	5	0	0	1	0	0	5	5	0	5	5	5	0	0	-15	0	0	0	0	0	0	0	0	0	0	0	0	0	0	0	0	0.0	0	0	16764108	0	0	0	0	0	0	0	0	0	0	0	0	0	0	0	0	0	0	0	0	0.0
11114	koy_gardiyani	KNIGHT	MONSTER	MELEE	90	100		AGGR,NOATTJINNO	0		STUN,SLOW,CURSE,TERROR	0	jinno_patrol_spear	0	99	99	99	30	0	0	0	0	263	331	30000	3	5	2000	4000	2000	0	120	110	170	100	2000	150	5	0	0	1	0	3	5	0	10	-10	-10	-15	-20	-20	10	0	0	0	0	0	0	0	0	0	0	0	0	0	0	0	0	0.0	0	0	16764108	0	0	0	0	0	0	0	0	0	0	0	0	0	0	0	0	0	0	0	0	0.0
11115	savas_sorumlusu	KNIGHT	MONSTER	RANGE	90	100		AGGR,NOATTJINNO	0		STUN,SLOW,CURSE,TERROR	0	jinno_patrol_bow	0	99	99	99	30	0	0	0	0	400	468	20000	5	10	2000	4000	2000	0	120	110	150	100	2000	600	5	0	0	1	0	0	5	5	0	5	5	5	0	0	-15	0	0	0	0	0	0	0	0	0	0	0	0	0	0	0	0	0.0	0	0	16764108	0	0	0	0	0	0	0	0	0	0	0	0	0	0	0	0	0	0	0	0	0.0
11116	koy_gardiyani	KNIGHT	MONSTER	MELEE	90	100		AGGR,NOATTCHUNJO	0		STUN,SLOW,CURSE,TERROR	0	sinsu_patrol_spear	0	99	99	99	30	0	0	0	0	263	331	30000	3	5	2000	4000	2000	0	120	110	160	100	2000	150	5	0	0	1	0	3	5	0	10	-10	-10	-15	-20	-20	10	0	0	0	0	0	0	0	0	0	0	0	0	0	0	0	0	0.0	0	0	16764108	0	0	0	0	0	0	0	0	0	0	0	0	0	0	0	0	0	0	0	0	0.0
11117	savas_sorumlusu	KNIGHT	MONSTER	RANGE	90	100		AGGR,NOATTCHUNJO	0		STUN,SLOW,CURSE,TERROR	0	sinsu_patrol_bow	0	99	99	99	30	0	0	0	0	400	468	20000	5	10	2000	4000	2000	0	120	100	100	100	2000	600	5	0	0	1	0	0	5	5	0	5	5	5	0	0	-15	0	0	0	0	0	0	0	0	0	0	0	0	0	0	0	0	0.0	0	0	16764108	0	0	0	0	0	0	0	0	0	0	0	0	0	0	0	0	0	0	0	0	0.0
11505	altin_kurbaga	KNIGHT	MONSTER	RANGE	100	100		NOMOVE	0		STUN,SLOW,CURSE,TERROR	0	goldenfrog	0	0	0	90	0	0	0	0	0	0	0	500000	3	1	0	0	802	0	109	100	100	0	2000	150	0	0	0	0	0	0	0	0	0	0	0	0	0	0	0	0	0	0	0	0	0	20	0	0	0	0	0	0	0	0	0	0.0	0	0	0	0	0	0	0	0	0	0	0	0	0	0	0	0	0	0	0	0	0	0	0	0.0
11506	fener	KNIGHT	MONSTER	MELEE	100	100		NOMOVE	0		STUN,SLOW,CURSE,TERROR	0	signal_fire	0	0	0	90	0	0	0	0	0	0	0	6000000	10	1	10000	20000	100000	0	100	101	101	0	2000	150	0	0	0	0	0	0	0	0	0	-30	-30	-30	-30	-30	-30	0	0	0	-15	0	0	0	0	0	0	0	0	0	0	0	0	0.0	0	0	0	0	0	0	0	0	0	0	0	0	0	0	0	0	0	0	0	0	0	0	0	0.0
11507	fener	KNIGHT	MONSTER	MELEE	100	100		NOMOVE	0		STUN,SLOW,CURSE,TERROR	0	signal_fire	0	0	0	90	0	0	0	0	0	0	0	3000000	10	3	10000	20000	100000	0	100	101	101	0	2000	150	0	0	0	0	0	0	0	0	0	-30	-30	-30	-30	-30	-30	0	0	0	-15	0	0	0	0	0	0	0	0	0	0	0	0	0.0	0	0	0	0	0	0	0	0	0	0	0	0	0	0	0	0	0	0	0	0	0	0	0	0.0
11508	fener	KNIGHT	MONSTER	MELEE	100	100		NOMOVE	0		STUN,SLOW,CURSE,TERROR	0	signal_fire	0	0	0	90	0	0	0	0	0	0	0	6000000	20	1	10000	20000	100000	0	150	101	101	0	2000	150	0	0	0	0	0	0	0	0	0	-30	-30	-30	-30	-30	-30	0	0	0	-15	0	0	0	0	0	0	0	0	0	0	0	0	0.0	0	0	0	0	0	0	0	0	0	0	0	0	0	0	0	0	0	0	0	0	0	0	0	0.0
11509	fener	KNIGHT	MONSTER	MELEE	100	100		NOMOVE	0		STUN,SLOW,CURSE,TERROR	0	signal_fire	0	0	0	90	0	0	0	0	0	0	0	3000000	20	3	10000	20000	100000	0	150	101	101	0	2000	150	0	0	0	0	0	0	0	0	0	-30	-30	-30	-30	-30	-30	0	0	0	-15	0	0	0	0	0	0	0	0	0	0	0	0	0.0	0	0	0	0	0	0	0	0	0	0	0	0	0	0	0	0	0	0	0	0	0	0	0	0.0
11510	fener	KNIGHT	MONSTER	MELEE	100	100		NOMOVE	0		STUN,SLOW,CURSE,TERROR	0	signal_fire	0	0	0	90	0	0	0	0	0	0	0	3000000	20	1	10000	20000	100000	0	150	101	101	0	2000	150	0	0	0	0	0	0	0	0	0	-30	-30	-30	-30	-30	-30	0	0	0	-15	0	0	0	0	0	0	0	0	0	0	0	0	0.0	0	0	0	0	0	0	0	0	0	0	0	0	0	0	0	0	0	0	0	0	0	0	0	0.0
12000	kamp_atesi	KNIGHT	NPC	SPECIAL	100	100		NOMOVE	0		STUN,SLOW,CURSE,TERROR	0		0	0	0	0	0	0	0	0	0	0	0	6938	3	1	0	0	802	0	109	100	100	0	2000	175	0	0	0	0	0	0	0	0	0	0	0	0	0	0	0	0	0	0	0	0	0	0	0	0	0	0	0	0	0	0	0	0.0	0	0	0	0	0	0	0	0	0	0	0	0	0	0	0	0	0	0	0	0	0	0	0	0.0
13000	tahta_kapi	KING	DOOR	SPECIAL	70	100		NOMOVE	0		STUN,SLOW,CURSE,TERROR	0		0	0	0	0	0	0	0	0	0	0	0	3954	3	1	0	0	562	0	79	100	100	0	2000	175	0	0	0	0	0	0	0	0	0	0	0	0	0	0	0	0	0	0	0	0	0	0	0	0	0	0	0	0	0	0	0	0.0	0	0	0	0	0	0	0	0	0	0	0	0	0	0	0	0	0	0	0	0	0	0	0	0.0
13001	tas_kapi	KING	DOOR	SPECIAL	70	100		NOMOVE	0		STUN,SLOW,CURSE,TERROR	0		0	0	0	0	0	0	0	0	0	0	0	3954	3	1	0	0	562	0	79	100	100	0	2000	175	0	0	0	0	0	0	0	0	0	0	0	0	0	0	0	0	0	0	0	0	0	0	0	0	0	0	0	0	0	0	0	0.0	0	0	0	0	0	0	0	0	0	0	0	0	0	0	0	0	0	0	0	0	0	0	0	0.0
14000	atolye	KING	BUILDING	SPECIAL	70	100		NOMOVE	0		STUN,SLOW,CURSE,TERROR	0		0	0	0	0	0	0	0	0	0	0	0	3954	3	1	0	0	562	0	79	100	100	0	2000	150	0	0	0	0	0	0	0	0	0	0	0	0	0	0	0	0	0	0	0	0	0	0	0	0	0	0	0	0	0	0	0	0.0	0	0	0	0	0	0	0	0	0	0	0	0	0	0	0	0	0	0	0	0	0	0	0	0.0
14001	atolye	KING	BUILDING	SPECIAL	70	100		NOMOVE	0		STUN,SLOW,CURSE,TERROR	0		0	0	0	0	0	0	0	0	0	0	0	3954	3	1	0	0	562	0	79	100	100	0	2000	150	0	0	0	0	0	0	0	0	0	0	0	0	0	0	0	0	0	0	0	0	0	0	0	0	0	0	0	0	0	0	0	0.0	0	0	0	0	0	0	0	0	0	0	0	0	0	0	0	0	0	0	0	0	0	0	0	0.0
14002	atolye	KING	BUILDING	SPECIAL	70	100		NOMOVE	0		STUN,SLOW,CURSE,TERROR	0		0	0	0	0	0	0	0	0	0	0	0	3954	3	1	0	0	562	0	79	100	100	0	2000	150	0	0	0	0	0	0	0	0	0	0	0	0	0	0	0	0	0	0	0	0	0	0	0	0	0	0	0	0	0	0	0	0.0	0	0	0	0	0	0	0	0	0	0	0	0	0	0	0	0	0	0	0	0	0	0	0	0.0
14003	atolye	KING	BUILDING	SPECIAL	70	100		NOMOVE	0		STUN,SLOW,CURSE,TERROR	0		0	0	0	0	0	0	0	0	0	0	0	3954	3	1	0	0	562	0	79	100	100	0	2000	150	0	0	0	0	0	0	0	0	0	0	0	0	0	0	0	0	0	0	0	0	0	0	0	0	0	0	0	0	0	0	0	0.0	0	0	0	0	0	0	0	0	0	0	0	0	0	0	0	0	0	0	0	0	0	0	0	0.0
14004	atolye	KING	BUILDING	SPECIAL	70	100		NOMOVE	0		STUN,SLOW,CURSE,TERROR	0		0	0	0	0	0	0	0	0	0	0	0	3954	3	1	0	0	562	0	79	100	100	0	2000	150	0	0	0	0	0	0	0	0	0	0	0	0	0	0	0	0	0	0	0	0	0	0	0	0	0	0	0	0	0	0	0	0.0	0	0	0	0	0	0	0	0	0	0	0	0	0	0	0	0	0	0	0	0	0	0	0	0.0
14005	atolye	KING	BUILDING	SPECIAL	70	100		NOMOVE	0		STUN,SLOW,CURSE,TERROR	0		0	0	0	0	0	0	0	0	0	0	0	3954	3	1	0	0	562	0	79	100	100	0	2000	150	0	0	0	0	0	0	0	0	0	0	0	0	0	0	0	0	0	0	0	0	0	0	0	0	0	0	0	0	0	0	0	0.0	0	0	0	0	0	0	0	0	0	0	0	0	0	0	0	0	0	0	0	0	0	0	0	0.0
14006	atolye	KING	BUILDING	SPECIAL	70	100		NOMOVE	0		STUN,SLOW,CURSE,TERROR	0		0	0	0	0	0	0	0	0	0	0	0	3954	3	1	0	0	562	0	79	100	100	0	2000	150	0	0	0	0	0	0	0	0	0	0	0	0	0	0	0	0	0	0	0	0	0	0	0	0	0	0	0	0	0	0	0	0.0	0	0	0	0	0	0	0	0	0	0	0	0	0	0	0	0	0	0	0	0	0	0	0	0.0
14007	atolye	KING	BUILDING	SPECIAL	70	100		NOMOVE	0		STUN,SLOW,CURSE,TERROR	0		0	0	0	0	0	0	0	0	0	0	0	3954	3	1	0	0	562	0	79	100	100	0	2000	150	0	0	0	0	0	0	0	0	0	0	0	0	0	0	0	0	0	0	0	0	0	0	0	0	0	0	0	0	0	0	0	0.0	0	0	0	0	0	0	0	0	0	0	0	0	0	0	0	0	0	0	0	0	0	0	0	0.0
14008	atolye	KING	BUILDING	SPECIAL	70	100		NOMOVE	0		STUN,SLOW,CURSE,TERROR	0		0	0	0	0	0	0	0	0	0	0	0	3954	3	1	0	0	562	0	79	100	100	0	2000	150	0	0	0	0	0	0	0	0	0	0	0	0	0	0	0	0	0	0	0	0	0	0	0	0	0	0	0	0	0	0	0	0.0	0	0	0	0	0	0	0	0	0	0	0	0	0	0	0	0	0	0	0	0	0	0	0	0.0
14009	atolye	KING	BUILDING	SPECIAL	70	100		NOMOVE	0		STUN,SLOW,CURSE,TERROR	0		0	0	0	0	0	0	0	0	0	0	0	3954	3	1	0	0	562	0	79	100	100	0	2000	150	0	0	0	0	0	0	0	0	0	0	0	0	0	0	0	0	0	0	0	0	0	0	0	0	0	0	0	0	0	0	0	0.0	0	0	0	0	0	0	0	0	0	0	0	0	0	0	0	0	0	0	0	0	0	0	0	0.0
14010	sunak	KING	BUILDING	SPECIAL	70	100		NOMOVE	0		STUN,SLOW,CURSE,TERROR	0		0	0	0	0	0	0	0	0	0	0	0	3954	3	1	0	0	562	0	79	100	100	0	2000	150	0	0	0	0	0	0	0	0	0	0	0	0	0	0	0	0	0	0	0	0	0	0	0	0	0	0	0	0	0	0	0	0.0	0	0	0	0	0	0	0	0	0	0	0	0	0	0	0	0	0	0	0	0	0	0	0	0.0
14011	sunak	KING	BUILDING	SPECIAL	70	100		NOMOVE	0		STUN,SLOW,CURSE,TERROR	0		0	0	0	0	0	0	0	0	0	0	0	3954	3	1	0	0	562	0	79	100	100	0	2000	150	0	0	0	0	0	0	0	0	0	0	0	0	0	0	0	0	0	0	0	0	0	0	0	0	0	0	0	0	0	0	0	0.0	0	0	0	0	0	0	0	0	0	0	0	0	0	0	0	0	0	0	0	0	0	0	0	0.0
14012	sunak	KING	BUILDING	SPECIAL	70	100		NOMOVE	0		STUN,SLOW,CURSE,TERROR	0		0	0	0	0	0	0	0	0	0	0	0	3954	3	1	0	0	562	0	79	100	100	0	2000	150	0	0	0	0	0	0	0	0	0	0	0	0	0	0	0	0	0	0	0	0	0	0	0	0	0	0	0	0	0	0	0	0.0	0	0	0	0	0	0	0	0	0	0	0	0	0	0	0	0	0	0	0	0	0	0	0	0.0
14013	sunak	KING	BUILDING	SPECIAL	70	100		NOMOVE	0		STUN,SLOW,CURSE,TERROR	0		0	0	0	0	0	0	0	0	0	0	0	3954	3	1	0	0	562	0	79	100	100	0	2000	150	0	0	0	0	0	0	0	0	0	0	0	0	0	0	0	0	0	0	0	0	0	0	0	0	0	0	0	0	0	0	0	0.0	0	0	0	0	0	0	0	0	0	0	0	0	0	0	0	0	0	0	0	0	0	0	0	0.0
14014	sunak	KING	BUILDING	SPECIAL	70	100		NOMOVE	0		STUN,SLOW,CURSE,TERROR	0		0	0	0	0	0	0	0	0	0	0	0	3954	3	1	0	0	562	0	79	100	100	0	2000	150	0	0	0	0	0	0	0	0	0	0	0	0	0	0	0	0	0	0	0	0	0	0	0	0	0	0	0	0	0	0	0	0.0	0	0	0	0	0	0	0	0	0	0	0	0	0	0	0	0	0	0	0	0	0	0	0	0.0
14015	sunak	KING	BUILDING	SPECIAL	70	100		NOMOVE	0		STUN,SLOW,CURSE,TERROR	0		0	0	0	0	0	0	0	0	0	0	0	3954	3	1	0	0	562	0	79	100	100	0	2000	150	0	0	0	0	0	0	0	0	0	0	0	0	0	0	0	0	0	0	0	0	0	0	0	0	0	0	0	0	0	0	0	0.0	0	0	0	0	0	0	0	0	0	0	0	0	0	0	0	0	0	0	0	0	0	0	0	0.0
14016	sunak	KING	BUILDING	SPECIAL	70	100		NOMOVE	0		STUN,SLOW,CURSE,TERROR	0		0	0	0	0	0	0	0	0	0	0	0	3954	3	1	0	0	562	0	79	100	100	0	2000	150	0	0	0	0	0	0	0	0	0	0	0	0	0	0	0	0	0	0	0	0	0	0	0	0	0	0	0	0	0	0	0	0.0	0	0	0	0	0	0	0	0	0	0	0	0	0	0	0	0	0	0	0	0	0	0	0	0.0
14017	sunak	KING	BUILDING	SPECIAL	70	100		NOMOVE	0		STUN,SLOW,CURSE,TERROR	0		0	0	0	0	0	0	0	0	0	0	0	3954	3	1	0	0	562	0	79	100	100	0	2000	150	0	0	0	0	0	0	0	0	0	0	0	0	0	0	0	0	0	0	0	0	0	0	0	0	0	0	0	0	0	0	0	0.0	0	0	0	0	0	0	0	0	0	0	0	0	0	0	0	0	0	0	0	0	0	0	0	0.0
14018	sunak	KING	BUILDING	SPECIAL	70	100		NOMOVE	0		STUN,SLOW,CURSE,TERROR	0		0	0	0	0	0	0	0	0	0	0	0	3954	3	1	0	0	562	0	79	100	100	0	2000	150	0	0	0	0	0	0	0	0	0	0	0	0	0	0	0	0	0	0	0	0	0	0	0	0	0	0	0	0	0	0	0	0.0	0	0	0	0	0	0	0	0	0	0	0	0	0	0	0	0	0	0	0	0	0	0	0	0.0
14019	sunak	KING	BUILDING	SPECIAL	70	100		NOMOVE	0		STUN,SLOW,CURSE,TERROR	0		0	0	0	0	0	0	0	0	0	0	0	3954	3	1	0	0	562	0	79	100	100	0	2000	150	0	0	0	0	0	0	0	0	0	0	0	0	0	0	0	0	0	0	0	0	0	0	0	0	0	0	0	0	0	0	0	0.0	0	0	0	0	0	0	0	0	0	0	0	0	0	0	0	0	0	0	0	0	0	0	0	0.0
14020	karargah	KING	BUILDING	SPECIAL	70	100		NOMOVE	0		STUN,SLOW,CURSE,TERROR	0		0	0	0	0	0	0	0	0	0	0	0	3954	3	1	0	0	562	0	79	100	100	0	2000	150	0	0	0	0	0	0	0	0	0	0	0	0	0	0	0	0	0	0	0	0	0	0	0	0	0	0	0	0	0	0	0	0.0	0	0	0	0	0	0	0	0	0	0	0	0	0	0	0	0	0	0	0	0	0	0	0	0.0
14021	karargah	KING	BUILDING	SPECIAL	70	100		NOMOVE	0		STUN,SLOW,CURSE,TERROR	0		0	0	0	0	0	0	0	0	0	0	0	3954	3	1	0	0	562	0	79	100	100	0	2000	150	0	0	0	0	0	0	0	0	0	0	0	0	0	0	0	0	0	0	0	0	0	0	0	0	0	0	0	0	0	0	0	0.0	0	0	0	0	0	0	0	0	0	0	0	0	0	0	0	0	0	0	0	0	0	0	0	0.0
14022	karargah	KING	BUILDING	SPECIAL	70	100		NOMOVE	0		STUN,SLOW,CURSE,TERROR	0		0	0	0	0	0	0	0	0	0	0	0	3954	3	1	0	0	562	0	79	100	100	0	2000	150	0	0	0	0	0	0	0	0	0	0	0	0	0	0	0	0	0	0	0	0	0	0	0	0	0	0	0	0	0	0	0	0.0	0	0	0	0	0	0	0	0	0	0	0	0	0	0	0	0	0	0	0	0	0	0	0	0.0
14023	karargah	KING	BUILDING	SPECIAL	70	100		NOMOVE	0		STUN,SLOW,CURSE,TERROR	0		0	0	0	0	0	0	0	0	0	0	0	3954	3	1	0	0	562	0	79	100	100	0	2000	150	0	0	0	0	0	0	0	0	0	0	0	0	0	0	0	0	0	0	0	0	0	0	0	0	0	0	0	0	0	0	0	0.0	0	0	0	0	0	0	0	0	0	0	0	0	0	0	0	0	0	0	0	0	0	0	0	0.0
14024	karargah	KING	BUILDING	SPECIAL	70	100		NOMOVE	0		STUN,SLOW,CURSE,TERROR	0		0	0	0	0	0	0	0	0	0	0	0	3954	3	1	0	0	562	0	79	100	100	0	2000	150	0	0	0	0	0	0	0	0	0	0	0	0	0	0	0	0	0	0	0	0	0	0	0	0	0	0	0	0	0	0	0	0.0	0	0	0	0	0	0	0	0	0	0	0	0	0	0	0	0	0	0	0	0	0	0	0	0.0
14025	karargah	KING	BUILDING	SPECIAL	70	100		NOMOVE	0		STUN,SLOW,CURSE,TERROR	0		0	0	0	0	0	0	0	0	0	0	0	3954	3	1	0	0	562	0	79	100	100	0	2000	150	0	0	0	0	0	0	0	0	0	0	0	0	0	0	0	0	0	0	0	0	0	0	0	0	0	0	0	0	0	0	0	0.0	0	0	0	0	0	0	0	0	0	0	0	0	0	0	0	0	0	0	0	0	0	0	0	0.0
14026	karargah	KING	BUILDING	SPECIAL	70	100		NOMOVE	0		STUN,SLOW,CURSE,TERROR	0		0	0	0	0	0	0	0	0	0	0	0	3954	3	1	0	0	562	0	79	100	100	0	2000	150	0	0	0	0	0	0	0	0	0	0	0	0	0	0	0	0	0	0	0	0	0	0	0	0	0	0	0	0	0	0	0	0.0	0	0	0	0	0	0	0	0	0	0	0	0	0	0	0	0	0	0	0	0	0	0	0	0.0
14027	karargah	KING	BUILDING	SPECIAL	70	100		NOMOVE	0		STUN,SLOW,CURSE,TERROR	0		0	0	0	0	0	0	0	0	0	0	0	3954	3	1	0	0	562	0	79	100	100	0	2000	150	0	0	0	0	0	0	0	0	0	0	0	0	0	0	0	0	0	0	0	0	0	0	0	0	0	0	0	0	0	0	0	0.0	0	0	0	0	0	0	0	0	0	0	0	0	0	0	0	0	0	0	0	0	0	0	0	0.0
14028	karargah	KING	BUILDING	SPECIAL	70	100		NOMOVE	0		STUN,SLOW,CURSE,TERROR	0		0	0	0	0	0	0	0	0	0	0	0	3954	3	1	0	0	562	0	79	100	100	0	2000	150	0	0	0	0	0	0	0	0	0	0	0	0	0	0	0	0	0	0	0	0	0	0	0	0	0	0	0	0	0	0	0	0.0	0	0	0	0	0	0	0	0	0	0	0	0	0	0	0	0	0	0	0	0	0	0	0	0.0
14029	karargah	KING	BUILDING	SPECIAL	70	100		NOMOVE	0		STUN,SLOW,CURSE,TERROR	0		0	0	0	0	0	0	0	0	0	0	0	3954	3	1	0	0	562	0	79	100	100	0	2000	150	0	0	0	0	0	0	0	0	0	0	0	0	0	0	0	0	0	0	0	0	0	0	0	0	0	0	0	0	0	0	0	0.0	0	0	0	0	0	0	0	0	0	0	0	0	0	0	0	0	0	0	0	0	0	0	0	0.0
14030	egitim_kampi	KING	BUILDING	SPECIAL	70	100		NOMOVE	0		STUN,SLOW,CURSE,TERROR	0		0	0	0	0	0	0	0	0	0	0	0	3954	3	1	0	0	562	0	79	100	100	0	2000	150	0	0	0	0	0	0	0	0	0	0	0	0	0	0	0	0	0	0	0	0	0	0	0	0	0	0	0	0	0	0	0	0.0	0	0	0	0	0	0	0	0	0	0	0	0	0	0	0	0	0	0	0	0	0	0	0	0.0
14031	egitim_kampi	KING	BUILDING	SPECIAL	70	100		NOMOVE	0		STUN,SLOW,CURSE,TERROR	0		0	0	0	0	0	0	0	0	0	0	0	3954	3	1	0	0	562	0	79	100	100	0	2000	150	0	0	0	0	0	0	0	0	0	0	0	0	0	0	0	0	0	0	0	0	0	0	0	0	0	0	0	0	0	0	0	0.0	0	0	0	0	0	0	0	0	0	0	0	0	0	0	0	0	0	0	0	0	0	0	0	0.0
14032	egitim_kampi	KING	BUILDING	SPECIAL	70	100		NOMOVE	0		STUN,SLOW,CURSE,TERROR	0		0	0	0	0	0	0	0	0	0	0	0	3954	3	1	0	0	562	0	79	100	100	0	2000	150	0	0	0	0	0	0	0	0	0	0	0	0	0	0	0	0	0	0	0	0	0	0	0	0	0	0	0	0	0	0	0	0.0	0	0	0	0	0	0	0	0	0	0	0	0	0	0	0	0	0	0	0	0	0	0	0	0.0
14033	egitim_kampi	KING	BUILDING	SPECIAL	70	100		NOMOVE	0		STUN,SLOW,CURSE,TERROR	0		0	0	0	0	0	0	0	0	0	0	0	3954	3	1	0	0	562	0	79	100	100	0	2000	150	0	0	0	0	0	0	0	0	0	0	0	0	0	0	0	0	0	0	0	0	0	0	0	0	0	0	0	0	0	0	0	0.0	0	0	0	0	0	0	0	0	0	0	0	0	0	0	0	0	0	0	0	0	0	0	0	0.0
14034	egitim_kampi	KING	BUILDING	SPECIAL	70	100		NOMOVE	0		STUN,SLOW,CURSE,TERROR	0		0	0	0	0	0	0	0	0	0	0	0	3954	3	1	0	0	562	0	79	100	100	0	2000	150	0	0	0	0	0	0	0	0	0	0	0	0	0	0	0	0	0	0	0	0	0	0	0	0	0	0	0	0	0	0	0	0.0	0	0	0	0	0	0	0	0	0	0	0	0	0	0	0	0	0	0	0	0	0	0	0	0.0
14035	egitim_kampi	KING	BUILDING	SPECIAL	70	100		NOMOVE	0		STUN,SLOW,CURSE,TERROR	0		0	0	0	0	0	0	0	0	0	0	0	3954	3	1	0	0	562	0	79	100	100	0	2000	150	0	0	0	0	0	0	0	0	0	0	0	0	0	0	0	0	0	0	0	0	0	0	0	0	0	0	0	0	0	0	0	0.0	0	0	0	0	0	0	0	0	0	0	0	0	0	0	0	0	0	0	0	0	0	0	0	0.0
14036	egitim_kampi	KING	BUILDING	SPECIAL	70	100		NOMOVE	0		STUN,SLOW,CURSE,TERROR	0		0	0	0	0	0	0	0	0	0	0	0	3954	3	1	0	0	562	0	79	100	100	0	2000	150	0	0	0	0	0	0	0	0	0	0	0	0	0	0	0	0	0	0	0	0	0	0	0	0	0	0	0	0	0	0	0	0.0	0	0	0	0	0	0	0	0	0	0	0	0	0	0	0	0	0	0	0	0	0	0	0	0.0
14037	egitim_kampi	KING	BUILDING	SPECIAL	70	100		NOMOVE	0		STUN,SLOW,CURSE,TERROR	0		0	0	0	0	0	0	0	0	0	0	0	3954	3	1	0	0	562	0	79	100	100	0	2000	150	0	0	0	0	0	0	0	0	0	0	0	0	0	0	0	0	0	0	0	0	0	0	0	0	0	0	0	0	0	0	0	0.0	0	0	0	0	0	0	0	0	0	0	0	0	0	0	0	0	0	0	0	0	0	0	0	0.0
14038	egitim_kampi	KING	BUILDING	SPECIAL	70	100		NOMOVE	0		STUN,SLOW,CURSE,TERROR	0		0	0	0	0	0	0	0	0	0	0	0	3954	3	1	0	0	562	0	79	100	100	0	2000	150	0	0	0	0	0	0	0	0	0	0	0	0	0	0	0	0	0	0	0	0	0	0	0	0	0	0	0	0	0	0	0	0.0	0	0	0	0	0	0	0	0	0	0	0	0	0	0	0	0	0	0	0	0	0	0	0	0.0
14039	egitim_kampi	KING	BUILDING	SPECIAL	70	100		NOMOVE	0		STUN,SLOW,CURSE,TERROR	0		0	0	0	0	0	0	0	0	0	0	0	3954	3	1	0	0	562	0	79	100	100	0	2000	150	0	0	0	0	0	0	0	0	0	0	0	0	0	0	0	0	0	0	0	0	0	0	0	0	0	0	0	0	0	0	0	0.0	0	0	0	0	0	0	0	0	0	0	0	0	0	0	0	0	0	0	0	0	0	0	0	0.0
14040	ocak	KING	BUILDING	SPECIAL	70	100		NOMOVE	0		STUN,SLOW,CURSE,TERROR	0		0	0	0	0	0	0	0	0	0	0	0	3954	3	1	0	0	562	0	79	100	100	0	2000	150	0	0	0	0	0	0	0	0	0	0	0	0	0	0	0	0	0	0	0	0	0	0	0	0	0	0	0	0	0	0	0	0.0	0	0	0	0	0	0	0	0	0	0	0	0	0	0	0	0	0	0	0	0	0	0	0	0.0
14041	ocak	KING	BUILDING	SPECIAL	70	100		NOMOVE	0		STUN,SLOW,CURSE,TERROR	0		0	0	0	0	0	0	0	0	0	0	0	3954	3	1	0	0	562	0	79	100	100	0	2000	150	0	0	0	0	0	0	0	0	0	0	0	0	0	0	0	0	0	0	0	0	0	0	0	0	0	0	0	0	0	0	0	0.0	0	0	0	0	0	0	0	0	0	0	0	0	0	0	0	0	0	0	0	0	0	0	0	0.0
14042	ocak	KING	BUILDING	SPECIAL	70	100		NOMOVE	0		STUN,SLOW,CURSE,TERROR	0		0	0	0	0	0	0	0	0	0	0	0	3954	3	1	0	0	562	0	79	100	100	0	2000	150	0	0	0	0	0	0	0	0	0	0	0	0	0	0	0	0	0	0	0	0	0	0	0	0	0	0	0	0	0	0	0	0.0	0	0	0	0	0	0	0	0	0	0	0	0	0	0	0	0	0	0	0	0	0	0	0	0.0
14043	ocak	KING	BUILDING	SPECIAL	70	100		NOMOVE	0		STUN,SLOW,CURSE,TERROR	0		0	0	0	0	0	0	0	0	0	0	0	3954	3	1	0	0	562	0	79	100	100	0	2000	150	0	0	0	0	0	0	0	0	0	0	0	0	0	0	0	0	0	0	0	0	0	0	0	0	0	0	0	0	0	0	0	0.0	0	0	0	0	0	0	0	0	0	0	0	0	0	0	0	0	0	0	0	0	0	0	0	0.0
14044	ocak	KING	BUILDING	SPECIAL	70	100		NOMOVE	0		STUN,SLOW,CURSE,TERROR	0		0	0	0	0	0	0	0	0	0	0	0	3954	3	1	0	0	562	0	79	100	100	0	2000	150	0	0	0	0	0	0	0	0	0	0	0	0	0	0	0	0	0	0	0	0	0	0	0	0	0	0	0	0	0	0	0	0.0	0	0	0	0	0	0	0	0	0	0	0	0	0	0	0	0	0	0	0	0	0	0	0	0.0
14045	ocak	KING	BUILDING	SPECIAL	70	100		NOMOVE	0		STUN,SLOW,CURSE,TERROR	0		0	0	0	0	0	0	0	0	0	0	0	3954	3	1	0	0	562	0	79	100	100	0	2000	150	0	0	0	0	0	0	0	0	0	0	0	0	0	0	0	0	0	0	0	0	0	0	0	0	0	0	0	0	0	0	0	0.0	0	0	0	0	0	0	0	0	0	0	0	0	0	0	0	0	0	0	0	0	0	0	0	0.0
14046	ocak	KING	BUILDING	SPECIAL	70	100		NOMOVE	0		STUN,SLOW,CURSE,TERROR	0		0	0	0	0	0	0	0	0	0	0	0	3954	3	1	0	0	562	0	79	100	100	0	2000	150	0	0	0	0	0	0	0	0	0	0	0	0	0	0	0	0	0	0	0	0	0	0	0	0	0	0	0	0	0	0	0	0.0	0	0	0	0	0	0	0	0	0	0	0	0	0	0	0	0	0	0	0	0	0	0	0	0.0
14047	ocak	KING	BUILDING	SPECIAL	70	100		NOMOVE	0		STUN,SLOW,CURSE,TERROR	0		0	0	0	0	0	0	0	0	0	0	0	3954	3	1	0	0	562	0	79	100	100	0	2000	150	0	0	0	0	0	0	0	0	0	0	0	0	0	0	0	0	0	0	0	0	0	0	0	0	0	0	0	0	0	0	0	0.0	0	0	0	0	0	0	0	0	0	0	0	0	0	0	0	0	0	0	0	0	0	0	0	0.0
14048	ocak	KING	BUILDING	SPECIAL	70	100		NOMOVE	0		STUN,SLOW,CURSE,TERROR	0		0	0	0	0	0	0	0	0	0	0	0	3954	3	1	0	0	562	0	79	100	100	0	2000	150	0	0	0	0	0	0	0	0	0	0	0	0	0	0	0	0	0	0	0	0	0	0	0	0	0	0	0	0	0	0	0	0.0	0	0	0	0	0	0	0	0	0	0	0	0	0	0	0	0	0	0	0	0	0	0	0	0.0
14049	ocak	KING	BUILDING	SPECIAL	70	100		NOMOVE	0		STUN,SLOW,CURSE,TERROR	0		0	0	0	0	0	0	0	0	0	0	0	3954	3	1	0	0	562	0	79	100	100	0	2000	150	0	0	0	0	0	0	0	0	0	0	0	0	0	0	0	0	0	0	0	0	0	0	0	0	0	0	0	0	0	0	0	0.0	0	0	0	0	0	0	0	0	0	0	0	0	0	0	0	0	0	0	0	0	0	0	0	0.0
14050	ocak	KING	BUILDING	SPECIAL	70	100		NOMOVE	0		STUN,SLOW,TERROR	0		0	0	0	0	0	0	0	0	0	0	0	3954	3	1	0	0	562	0	79	100	100	0	2000	150	0	0	0	0	0	0	0	0	0	0	0	0	0	0	0	0	0	0	0	0	0	0	0	0	0	0	0	0	0	0	0	0.0	0	0	0	0	0	0	0	0	0	0	0	0	0	0	0	0	0	0	0	0	0	0	0	0.0
14051	ocak	KING	BUILDING	SPECIAL	70	100		NOMOVE	0		STUN,SLOW,TERROR	0		0	0	0	0	0	0	0	0	0	0	0	3954	3	1	0	0	562	0	79	100	100	0	2000	150	0	0	0	0	0	0	0	0	0	0	0	0	0	0	0	0	0	0	0	0	0	0	0	0	0	0	0	0	0	0	0	0.0	0	0	0	0	0	0	0	0	0	0	0	0	0	0	0	0	0	0	0	0	0	0	0	0.0
14052	ocak	KING	BUILDING	SPECIAL	70	100		NOMOVE	0		STUN,SLOW,TERROR	0		0	0	0	0	0	0	0	0	0	0	0	3954	3	1	0	0	562	0	79	100	100	0	2000	150	0	0	0	0	0	0	0	0	0	0	0	0	0	0	0	0	0	0	0	0	0	0	0	0	0	0	0	0	0	0	0	0.0	0	0	0	0	0	0	0	0	0	0	0	0	0	0	0	0	0	0	0	0	0	0	0	0.0
14053	ocak	KING	BUILDING	SPECIAL	70	100		NOMOVE	0		STUN,SLOW,TERROR	0		0	0	0	0	0	0	0	0	0	0	0	3954	3	1	0	0	562	0	79	100	100	0	2000	150	0	0	0	0	0	0	0	0	0	0	0	0	0	0	0	0	0	0	0	0	0	0	0	0	0	0	0	0	0	0	0	0.0	0	0	0	0	0	0	0	0	0	0	0	0	0	0	0	0	0	0	0	0	0	0	0	0.0
14054	ocak	KING	BUILDING	SPECIAL	70	100		NOMOVE	0		STUN,SLOW,TERROR	0		0	0	0	0	0	0	0	0	0	0	0	3954	3	1	0	0	562	0	79	100	100	0	2000	150	0	0	0	0	0	0	0	0	0	0	0	0	0	0	0	0	0	0	0	0	0	0	0	0	0	0	0	0	0	0	0	0.0	0	0	0	0	0	0	0	0	0	0	0	0	0	0	0	0	0	0	0	0	0	0	0	0.0
14055	ocak	KING	BUILDING	SPECIAL	70	100		NOMOVE	0		STUN,SLOW,TERROR	0		0	0	0	0	0	0	0	0	0	0	0	3954	3	1	0	0	562	0	79	100	100	0	2000	150	0	0	0	0	0	0	0	0	0	0	0	0	0	0	0	0	0	0	0	0	0	0	0	0	0	0	0	0	0	0	0	0.0	0	0	0	0	0	0	0	0	0	0	0	0	0	0	0	0	0	0	0	0	0	0	0	0.0
14086	코발트 제련소	KING	BUILDING	SPECIAL	70	100		NOMOVE	0	HIDE	STUN,SLOW,TERROR	0		0	0	0	0	0	0	0	0	0	0	0	3954	3	1	0	0	562	0	79	100	100	0	2000	150	0	0	0	0	0	0	0	0	0	0	0	0	0	0	0	0	0	0	0	0	0	0	0	0	0	0	0	0	0	0	0	0.0	0	0	0	0	0	0	0	0	0	0	0	0	0	0	0	0	0	0	0	0	0	0	0	0.0
20001	simyaci	KNIGHT	NPC	MELEE	1	100		NOMOVE	0		STUN,SLOW,CURSE,TERROR	0		2	0	0	0	0	0	0	0	0	0	0	120	3	1	0	0	10	0	4	100	100	0	2000	175	0	0	0	0	0	0	0	0	0	0	0	0	0	0	0	0	0	0	0	0	0	0	0	0	0	0	0	0	0	0	0	0.0	0	0	0	0	0	0	0	0	0	0	0	0	0	0	0	0	0	0	0	0	0	0	0	0.0
20002	aranyo	KNIGHT	NPC	MELEE	1	100		NOMOVE	0		STUN,SLOW,CURSE,TERROR	0		2	0	0	0	0	0	0	0	0	0	0	120	3	1	0	0	10	0	4	100	100	0	2000	175	0	0	0	0	0	0	0	0	0	0	0	0	0	0	0	0	0	0	0	0	0	0	0	0	0	0	0	0	0	0	0	0.0	0	0	0	0	0	0	0	0	0	0	0	0	0	0	0	0	0	0	0	0	0	0	0	0.0
20003	ah_yu	KNIGHT	NPC	MELEE	1	100		NOMOVE	0		STUN,SLOW,CURSE,TERROR	0		2	0	0	0	0	0	0	0	0	0	0	120	3	1	0	0	10	0	4	100	100	0	2000	175	0	0	0	0	0	0	0	0	0	0	0	0	0	0	0	0	0	0	0	0	0	0	0	0	0	0	0	0	0	0	0	0.0	0	0	0	0	0	0	0	0	0	0	0	0	0	0	0	0	0	0	0	0	0	0	0	0.0
20004	dilenci	KNIGHT	NPC	MELEE	1	100		NOMOVE	0		STUN,SLOW,CURSE,TERROR	0	beggar	2	0	0	0	0	0	0	0	0	0	0	120	3	1	0	0	10	0	4	100	100	0	2000	175	0	0	0	0	0	0	0	0	0	0	0	0	0	0	0	0	0	0	0	0	0	0	0	0	0	0	0	0	0	0	0	0.0	0	0	0	0	0	0	0	0	0	0	0	0	0	0	0	0	0	0	0	0	0	0	0	0.0
20005	yonah	KNIGHT	NPC	MELEE	1	100		NOMOVE	0		STUN,SLOW,CURSE,TERROR	0		2	0	0	0	0	0	0	0	0	0	0	120	3	1	0	0	10	0	4	100	100	0	2000	175	0	0	0	0	0	0	0	0	0	0	0	0	0	0	0	0	0	0	0	0	0	0	0	0	0	0	0	0	0	0	0	0.0	0	0	0	0	0	0	0	0	0	0	0	0	0	0	0	0	0	0	0	0	0	0	0	0.0
20006	mirine	KNIGHT	NPC	MELEE	1	100		NOMOVE	0		STUN,SLOW,CURSE,TERROR	0		2	0	0	0	0	0	0	0	0	0	0	120	3	1	0	0	10	0	4	100	100	0	2000	175	0	0	0	0	0	0	0	0	0	0	0	0	0	0	0	0	0	0	0	0	0	0	0	0	0	0	0	0	0	0	0	0.0	0	0	0	0	0	0	0	0	0	0	0	0	0	0	0	0	0	0	0	0	0	0	0	0.0
20007	depocu	KNIGHT	NPC	MELEE	1	100		NOMOVE	0		STUN,SLOW,CURSE,TERROR	0		2	0	0	0	0	0	0	0	0	0	0	120	3	1	0	0	10	0	4	100	100	0	2000	175	0	0	0	0	0	0	0	0	0	0	0	0	0	0	0	0	0	0	0	0	0	0	0	0	0	0	0	0	0	0	0	0.0	0	0	0	0	0	0	0	0	0	0	0	0	0	0	0	0	0	0	0	0	0	0	0	0.0
20008	octavio	KNIGHT	NPC	MELEE	1	100		NOMOVE	0		STUN,SLOW,CURSE,TERROR	0		2	0	0	0	0	0	0	0	0	0	0	120	3	1	0	0	10	0	4	100	100	0	2000	175	0	0	0	0	0	0	0	0	0	0	0	0	0	0	0	0	0	0	0	0	0	0	0	0	0	0	0	0	0	0	0	0.0	0	0	0	0	0	0	0	0	0	0	0	0	0	0	0	0	0	0	0	0	0	0	0	0.0
20009	yasli_adam	KNIGHT	NPC	MELEE	1	100		NOMOVE	0		STUN,SLOW,CURSE,TERROR	0		2	0	0	0	0	0	0	0	0	0	0	120	3	1	0	0	10	0	4	100	100	0	2000	175	0	0	0	0	0	0	0	0	0	0	0	0	0	0	0	0	0	0	0	0	0	0	0	0	0	0	0	0	0	0	0	0.0	0	0	0	0	0	0	0	0	0	0	0	0	0	0	0	0	0	0	0	0	0	0	0	0.0
20010	seyyar_satici	KNIGHT	NPC	MELEE	1	100		NOMOVE	0		STUN,SLOW,CURSE,TERROR	0	peddler	2	0	0	0	0	0	0	0	0	0	0	120	3	1	0	0	10	0	4	100	100	0	2000	175	0	0	0	0	0	0	0	0	0	0	0	0	0	0	0	0	0	0	0	0	0	0	0	0	0	0	0	0	0	0	0	0.0	0	0	0	0	0	0	0	0	0	0	0	0	0	0	0	0	0	0	0	0	0	0	0	0.0
20011	uriel	KNIGHT	NPC	MELEE	1	100		NOMOVE	0		STUN,SLOW,CURSE,TERROR	0		2	0	0	0	0	0	0	0	0	0	0	120	3	1	0	0	10	0	4	100	100	0	2000	175	0	0	0	0	0	0	0	0	0	0	0	0	0	0	0	0	0	0	0	0	0	0	0	0	0	0	0	0	0	0	0	0.0	0	0	0	0	0	0	0	0	0	0	0	0	0	0	0	0	0	0	0	0	0	0	0	0.0
20012	yu_rang	KNIGHT	NPC	MELEE	1	100		NOMOVE	0		STUN,SLOW,CURSE,TERROR	0		2	0	0	0	0	0	0	0	0	0	0	120	3	1	0	0	10	0	4	100	100	0	2000	175	0	0	0	0	0	0	0	0	0	0	0	0	0	0	0	0	0	0	0	0	0	0	0	0	0	0	0	0	0	0	0	0.0	0	0	0	0	0	0	0	0	0	0	0	0	0	0	0	0	0	0	0	0	0	0	0	0.0
20013	balikci	KNIGHT	NPC	MELEE	1	100		NOMOVE	0		STUN,SLOW,CURSE,TERROR	0		2	0	0	0	0	0	0	0	0	0	0	120	3	1	0	0	10	0	4	100	100	0	2000	175	0	0	0	0	0	0	0	0	0	0	0	0	0	0	0	0	0	0	0	0	0	0	0	0	0	0	0	0	0	0	0	0.0	0	0	0	0	0	0	0	0	0	0	0	0	0	0	0	0	0	0	0	0	0	0	0	0.0
20014	taurean	KNIGHT	NPC	MELEE	1	100		NOMOVE	0		STUN,SLOW,CURSE,TERROR	0		2	0	0	0	0	0	0	0	0	0	0	120	3	1	0	0	10	0	4	100	100	0	2000	175	0	0	0	0	0	0	0	0	0	0	0	0	0	0	0	0	0	0	0	0	0	0	0	0	0	0	0	0	0	0	0	0.0	0	0	0	0	0	0	0	0	0	0	0	0	0	0	0	0	0	0	0	0	0	0	0	0.0
20015	deokbae	KNIGHT	NPC	MELEE	1	100		NOMOVE	0		STUN,SLOW,CURSE,TERROR	0		2	0	0	0	0	0	0	0	0	0	0	120	3	1	0	0	10	0	4	100	100	0	2000	175	0	0	0	0	0	0	0	0	0	0	0	0	0	0	0	0	0	0	0	0	0	0	0	0	0	0	0	0	0	0	0	0.0	0	0	0	0	0	0	0	0	0	0	0	0	0	0	0	0	0	0	0	0	0	0	0	0.0
20016	demirci	KNIGHT	NPC	MELEE	1	100		NOMOVE	0		STUN,SLOW,CURSE,TERROR	0		2	0	0	0	0	0	0	0	0	0	0	120	3	1	0	0	10	0	4	100	100	0	2000	175	0	0	0	0	0	0	0	0	0	0	0	0	0	0	0	0	0	0	0	0	0	0	0	0	0	0	0	0	0	0	0	0.0	0	0	0	0	0	0	0	0	0	0	0	0	0	0	0	0	0	0	0	0	0	0	0	0.0
20017	yu_hwan	KNIGHT	NPC	MELEE	1	100		NOMOVE	0		STUN,SLOW,CURSE,TERROR	0		2	0	0	0	0	0	0	0	0	0	0	120	3	1	0	0	10	0	4	100	100	0	2000	175	0	0	0	0	0	0	0	0	0	0	0	0	0	0	0	0	0	0	0	0	0	0	0	0	0	0	0	0	0	0	0	0.0	0	0	0	0	0	0	0	0	0	0	0	0	0	0	0	0	0	0	0	0	0	0	0	0.0
20018	baek_go	KNIGHT	NPC	MELEE	1	100		NOMOVE	0		STUN,SLOW,CURSE,TERROR	0		2	0	0	0	0	0	0	0	0	0	0	120	3	1	0	0	10	0	4	100	100	0	2000	175	0	0	0	0	0	0	0	0	0	0	0	0	0	0	0	0	0	0	0	0	0	0	0	0	0	0	0	0	0	0	0	0.0	0	0	0	0	0	0	0	0	0	0	0	0	0	0	0	0	0	0	0	0	0	0	0	0.0
20019	yang_shin	KNIGHT	NPC	MELEE	1	100		NOMOVE	0		STUN,SLOW,CURSE,TERROR	0		2	0	0	0	0	0	0	0	0	0	0	120	3	1	0	0	10	0	4	100	100	0	2000	175	0	0	0	0	0	0	0	0	0	0	0	0	0	0	0	0	0	0	0	0	0	0	0	0	0	0	0	0	0	0	0	0.0	0	0	0	0	0	0	0	0	0	0	0	0	0	0	0	0	0	0	0	0	0	0	0	0.0
20020	hain_balso	KNIGHT	NPC	MELEE	1	100		NOMOVE	0		STUN,SLOW,CURSE,TERROR	0		2	0	0	0	0	0	0	0	0	0	0	120	3	1	0	0	10	0	4	100	100	0	2000	175	0	0	0	0	0	0	0	0	0	0	0	0	0	0	0	0	0	0	0	0	0	0	0	0	0	0	0	0	0	0	0	0.0	0	0	0	0	0	0	0	0	0	0	0	0	0	0	0	0	0	0	0	0	0	0	0	0.0
20021	ariyoung	KNIGHT	NPC	MELEE	1	100		NOMOVE	0		STUN,SLOW,CURSE,TERROR	0		2	0	0	0	0	0	0	0	0	0	0	120	3	1	0	0	10	0	4	100	100	0	2000	175	0	0	0	0	0	0	0	0	0	0	0	0	0	0	0	0	0	0	0	0	0	0	0	0	0	0	0	0	0	0	0	0.0	0	0	0	0	0	0	0	0	0	0	0	0	0	0	0	0	0	0	0	0	0	0	0	0.0
20022	huahn_so	KNIGHT	NPC	MELEE	1	100		NOMOVE	0		STUN,SLOW,CURSE,TERROR	0		2	0	0	0	0	0	0	0	0	0	0	120	3	1	0	0	10	0	4	100	100	0	2000	175	0	0	0	0	0	0	0	0	0	0	0	0	0	0	0	0	0	0	0	0	0	0	0	0	0	0	0	0	0	0	0	0.0	0	0	0	0	0	0	0	0	0	0	0	0	0	0	0	0	0	0	0	0	0	0	0	0.0
20023	soon	KNIGHT	NPC	MELEE	1	100		NOMOVE	0		STUN,SLOW,CURSE,TERROR	0		2	0	0	0	0	0	0	0	0	0	0	120	3	1	0	0	10	0	4	100	100	0	2000	175	0	0	0	0	0	0	0	0	0	0	0	0	0	0	0	0	0	0	0	0	0	0	0	0	0	0	0	0	0	0	0	0.0	0	0	0	0	0	0	0	0	0	0	0	0	0	0	0	0	0	0	0	0	0	0	0	0.0
20024	harang	KNIGHT	NPC	MELEE	1	100		NOMOVE	0		STUN,SLOW,CURSE,TERROR	0		2	0	0	0	0	0	0	0	0	0	0	120	3	1	0	0	10	0	4	100	100	0	2000	175	0	0	0	0	0	0	0	0	0	0	0	0	0	0	0	0	0	0	0	0	0	0	0	0	0	0	0	0	0	0	0	0.0	0	0	0	0	0	0	0	0	0	0	0	0	0	0	0	0	0	0	0	0	0	0	0	0.0
20025	.	KNIGHT	NPC	MELEE	1	100		NOMOVE	0		STUN,SLOW,CURSE,TERROR	0		2	0	0	0	0	0	0	0	0	0	0	120	3	1	0	0	10	0	4	100	100	0	2000	175	0	0	0	0	0	0	0	0	0	0	0	0	0	0	0	0	0	0	0	0	0	0	0	0	0	0	0	0	0	0	0	0.0	0	0	0	0	0	0	0	0	0	0	0	0	0	0	0	0	0	0	0	0	0	0	0	0.0
20026	ji_ryu	KNIGHT	NPC	MELEE	1	100		NOMOVE	0		STUN,SLOW,CURSE,TERROR	0		2	0	0	0	0	0	0	0	0	0	0	120	3	1	0	0	10	0	4	100	100	0	2000	175	0	0	0	0	0	0	0	0	0	0	0	0	0	0	0	0	0	0	0	0	0	0	0	0	0	0	0	0	0	0	0	0.0	0	0	0	0	0	0	0	0	0	0	0	0	0	0	0	0	0	0	0	0	0	0	0	0.0
20027	gillian	KNIGHT	NPC	MELEE	1	100		NOMOVE	0		STUN,SLOW,CURSE,TERROR	0		2	0	0	0	0	0	0	0	0	0	0	120	3	1	0	0	10	0	4	100	100	0	2000	175	0	0	0	0	0	0	0	0	0	0	0	0	0	0	0	0	0	0	0	0	0	0	0	0	0	0	0	0	0	0	0	0.0	0	0	0	0	0	0	0	0	0	0	0	0	0	0	0	0	0	0	0	0	0	0	0	0.0
20028	mirinenin_erkek_kardesi	KNIGHT	NPC	MELEE	1	100		NOMOVE	0		STUN,SLOW,CURSE,TERROR	0		2	0	0	0	0	0	0	0	0	0	0	120	3	1	0	0	10	0	4	100	100	0	2000	175	0	0	0	0	0	0	0	0	0	0	0	0	0	0	0	0	0	0	0	0	0	0	0	0	0	0	0	0	0	0	0	0.0	0	0	0	0	0	0	0	0	0	0	0	0	0	0	0	0	0	0	0	0	0	0	0	0.0
20029	midilli	KNIGHT	NPC	MELEE	1	100			0		STUN,SLOW,CURSE,TERROR	0	pony	0	0	0	0	0	0	0	0	0	0	0	120	3	1	0	0	10	0	4	100	100	0	2000	150	0	0	0	0	0	0	0	0	0	0	0	0	0	0	0	0	0	0	0	0	0	0	0	0	0	0	0	0	0	0	0	0.0	0	0	0	0	0	0	0	0	0	0	0	0	0	0	0	0	0	0	0	0	0	0	0	0.0
20030	at	KNIGHT	NPC	MELEE	1	100			0		STUN,SLOW,CURSE,TERROR	0	pony	2	0	0	0	0	0	0	0	0	0	0	120	3	1	0	0	10	0	4	100	100	0	2000	150	0	0	0	0	0	0	0	0	0	0	0	0	0	0	0	0	0	0	0	0	0	0	0	0	0	0	0	0	0	0	0	0.0	0	0	0	0	0	0	0	0	0	0	0	0	0	0	0	0	0	0	0	0	0	0	0	0.0
20031	noel_baba	KNIGHT	NPC	MELEE	1	100		NOMOVE	0		STUN,SLOW,CURSE,TERROR	0		2	0	0	0	0	0	0	0	0	0	0	120	3	1	0	0	10	0	4	100	100	0	2000	150	0	0	0	0	0	0	0	0	0	0	0	0	0	0	0	0	0	0	0	0	0	0	0	0	0	0	0	0	0	0	0	0.0	0	0	0	0	0	0	0	0	0	0	0	0	0	0	0	0	0	0	0	0	0	0	0	0.0
20032	noel_agaci	KNIGHT	NPC	MELEE	1	100		NOMOVE	0		STUN,SLOW,CURSE,TERROR	0		2	0	0	0	0	0	0	0	0	0	0	120	3	1	0	0	10	0	4	100	100	0	2000	150	0	0	0	0	0	0	0	0	0	0	0	0	0	0	0	0	0	0	0	0	0	0	0	0	0	0	0	0	0	0	0	0.0	0	0	0	0	0	0	0	0	0	0	0	0	0	0	0	0	0	0	0	0	0	0	0	0.0
20033	noel_agaci	KNIGHT	NPC	MELEE	1	100		NOMOVE	0		STUN,SLOW,CURSE,TERROR	0		2	0	0	0	0	0	0	0	0	0	0	120	3	1	0	0	10	0	4	100	100	0	2000	150	0	0	0	0	0	0	0	0	0	0	0	0	0	0	0	0	0	0	0	0	0	0	0	0	0	0	0	0	0	0	0	0.0	0	0	0	0	0	0	0	0	0	0	0	0	0	0	0	0	0	0	0	0	0	0	0	0.0
20034	noel_agaci	KNIGHT	NPC	MELEE	1	100		NOMOVE	0		STUN,SLOW,CURSE,TERROR	0		2	0	0	0	0	0	0	0	0	0	0	120	3	1	0	0	10	0	4	100	100	0	2000	150	0	0	0	0	0	0	0	0	0	0	0	0	0	0	0	0	0	0	0	0	0	0	0	0	0	0	0	0	0	0	0	0.0	0	0	0	0	0	0	0	0	0	0	0	0	0	0	0	0	0	0	0	0	0	0	0	0.0
20035	bayrak	KNIGHT	NPC	MELEE	1	100		NOMOVE	0		STUN,SLOW,CURSE,TERROR	1		0	0	0	0	0	0	0	0	0	0	0	1	1	1	0	0	1	0	1	1	1	1	2000	1	0	0	0	0	0	0	0	0	0	0	0	0	0	0	0	0	0	0	0	0	0	0	0	0	0	0	0	0	0	0	0	0.0	0	0	0	0	0	0	0	0	0	0	0	0	0	0	0	0	0	0	0	0	0	0	0	0.0
20036	bayrak	KNIGHT	NPC	MELEE	1	100		NOMOVE	0		STUN,SLOW,CURSE,TERROR	2		0	0	0	0	0	0	0	0	0	0	0	1	1	1	0	0	1	0	1	1	1	1	2000	1	0	0	0	0	0	0	0	0	0	0	0	0	0	0	0	0	0	0	0	0	0	0	0	0	0	0	0	0	0	0	0	0.0	0	0	0	0	0	0	0	0	0	0	0	0	0	0	0	0	0	0	0	0	0	0	0	0.0
20037	bayrak	KNIGHT	NPC	MELEE	1	100		NOMOVE	0		STUN,SLOW,CURSE,TERROR	3		0	0	0	0	0	0	0	0	0	0	0	1	1	1	0	0	1	0	1	1	1	1	2000	1	0	0	0	0	0	0	0	0	0	0	0	0	0	0	0	0	0	0	0	0	0	0	0	0	0	0	0	0	0	0	0	0.0	0	0	0	0	0	0	0	0	0	0	0	0	0	0	0	0	0	0	0	0	0	0	0	0.0
20038	..	KNIGHT	NPC	MELEE	1	100		NOMOVE	0		STUN,SLOW,CURSE,TERROR	0		2	0	0	0	0	0	0	0	0	0	0	1	1	1	0	0	1	0	1	1	1	1	2000	1	0	0	0	0	0	0	0	0	0	0	0	0	0	0	0	0	0	0	0	0	0	0	0	0	0	0	0	0	0	0	0	0.0	0	0	0	0	0	0	0	0	0	0	0	0	0	0	0	0	0	0	0	0	0	0	0	0.0
20039	.	KING	GOTO	MELEE	1	100		NOMOVE	0		STUN,SLOW,CURSE,TERROR	0		2	0	0	0	0	0	0	0	0	0	0	1	1	1	0	0	1	0	1	1	1	1	2000	1	0	0	0	0	0	0	0	0	0	0	0	0	0	0	0	0	0	0	0	0	0	0	0	0	0	0	0	0	0	0	0	0.0	0	0	0	0	0	0	0	0	0	0	0	0	0	0	0	0	0	0	0	0	0	0	0	0.0
20040	emlakci	KNIGHT	NPC	MELEE	1	100		NOMOVE	0		STUN,SLOW,CURSE,TERROR	0		2	0	0	0	0	0	0	0	0	0	0	1	1	1	0	0	1	0	1	1	1	1	2000	1	0	0	0	0	0	0	0	0	0	0	0	0	0	0	0	0	0	0	0	0	0	0	0	0	0	0	0	0	0	0	0	0.0	0	0	0	0	0	0	0	0	0	0	0	0	0	0	0	0	0	0	0	0	0	0	0	0.0
20041	sarhos	KNIGHT	NPC	MELEE	1	100			0		STUN,SLOW,TERROR	0	beggar	2	0	0	0	0	0	0	0	0	0	0	120	3	1	0	0	10	0	4	100	100	0	2000	150	0	0	0	0	0	0	0	0	0	0	0	0	0	0	0	0	0	0	0	0	0	0	0	0	0	0	0	0	0	0	0	0.0	0	0	16764159	0	0	0	0	0	0	0	0	0	0	0	0	0	0	0	0	0	0	0	0	0.0
20042	seyyar_satici	KNIGHT	NPC	MELEE	1	100			0		STUN,SLOW,CURSE,TERROR	0	peddler	1	0	0	0	0	0	0	0	0	0	0	120	3	1	0	0	10	0	4	100	100	0	2000	150	0	0	0	0	0	0	0	0	0	0	0	0	0	0	0	0	0	0	0	0	0	0	0	0	0	0	0	0	0	0	0	0.0	0	0	16764159	0	0	0	0	0	0	0	0	0	0	0	0	0	0	0	0	0	0	0	0	0.0
20043	.	KNIGHT	NPC	MELEE	1	100			0		STUN,SLOW,CURSE,TERROR	0		2	0	0	0	0	0	0	0	0	0	0	120	3	1	0	0	10	0	4	100	100	0	2000	150	0	0	0	0	0	0	0	0	0	0	0	0	0	0	0	0	0	0	0	0	0	0	0	0	0	0	0	0	0	0	0	0.0	0	0	0	0	0	0	0	0	0	0	0	0	0	0	0	0	0	0	0	0	0	0	0	0.0
20044	silah_ustasi,_stanley	KNIGHT	NPC	MELEE	1	100		NOMOVE	0		STUN,SLOW,CURSE,TERROR	0		2	0	0	0	0	0	0	0	0	0	0	120	3	1	0	0	10	0	4	100	100	0	2000	150	0	0	0	0	0	0	0	0	0	0	0	0	0	0	0	0	0	0	0	0	0	0	0	0	0	0	0	0	0	0	0	0.0	0	0	0	0	0	0	0	0	0	0	0	0	0	0	0	0	0	0	0	0	0	0	0	0.0
20045	zirhci,_stanton	KNIGHT	NPC	MELEE	1	100		NOMOVE	0		STUN,SLOW,CURSE,TERROR	0		2	0	0	0	0	0	0	0	0	0	0	120	3	1	0	0	10	0	4	100	100	0	2000	150	0	0	0	0	0	0	0	0	0	0	0	0	0	0	0	0	0	0	0	0	0	0	0	0	0	0	0	0	0	0	0	0.0	0	0	0	0	0	0	0	0	0	0	0	0	0	0	0	0	0	0	0	0	0	0	0	0.0
20046	kuyumcu,_starbuck	KNIGHT	NPC	MELEE	1	100		NOMOVE	0		STUN,SLOW,CURSE,TERROR	0		2	0	0	0	0	0	0	0	0	0	0	120	3	1	0	0	10	0	4	100	100	0	2000	150	0	0	0	0	0	0	0	0	0	0	0	0	0	0	0	0	0	0	0	0	0	0	0	0	0	0	0	0	0	0	0	0.0	0	0	0	0	0	0	0	0	0	0	0	0	0	0	0	0	0	0	0	0	0	0	0	0.0
20047	elmas_damari	KNIGHT	NPC	MELEE	1	100		NOMOVE	0		STUN,SLOW,CURSE,TERROR	0		2	0	0	0	0	0	0	0	0	0	0	120	3	1	0	0	10	0	4	100	100	0	2000	150	0	0	0	0	0	0	0	0	0	0	0	0	0	0	0	0	0	0	0	0	0	0	0	0	0	0	0	0	0	0	0	0.0	0	0	0	0	0	0	0	0	0	0	0	0	0	0	0	0	0	0	0	0	0	0	0	0.0
20048	kehribar_damari	KNIGHT	NPC	MELEE	1	100		NOMOVE	0		STUN,SLOW,CURSE,TERROR	0		2	0	0	0	0	0	0	0	0	0	0	120	3	1	0	0	10	0	4	100	100	0	2000	150	0	0	0	0	0	0	0	0	0	0	0	0	0	0	0	0	0	0	0	0	0	0	0	0	0	0	0	0	0	0	0	0.0	0	0	0	0	0	0	0	0	0	0	0	0	0	0	0	0	0	0	0	0	0	0	0	0.0
20049	fosil_tahta_damari	KNIGHT	NPC	MELEE	1	100		NOMOVE	0		STUN,SLOW,CURSE,TERROR	0		2	0	0	0	0	0	0	0	0	0	0	120	3	1	0	0	10	0	4	100	100	0	2000	150	0	0	0	0	0	0	0	0	0	0	0	0	0	0	0	0	0	0	0	0	0	0	0	0	0	0	0	0	0	0	0	0.0	0	0	0	0	0	0	0	0	0	0	0	0	0	0	0	0	0	0	0	0	0	0	0	0.0
20050	bakir_damari	KNIGHT	NPC	MELEE	1	100		NOMOVE	0		STUN,SLOW,CURSE,TERROR	0		2	0	0	0	0	0	0	0	0	0	0	120	3	1	0	0	10	0	4	100	100	0	2000	150	0	0	0	0	0	0	0	0	0	0	0	0	0	0	0	0	0	0	0	0	0	0	0	0	0	0	0	0	0	0	0	0.0	0	0	0	0	0	0	0	0	0	0	0	0	0	0	0	0	0	0	0	0	0	0	0	0.0
20051	gumus_damari	KNIGHT	NPC	MELEE	1	100		NOMOVE	0		STUN,SLOW,CURSE,TERROR	0		2	0	0	0	0	0	0	0	0	0	0	120	3	1	0	0	10	0	4	100	100	0	2000	150	0	0	0	0	0	0	0	0	0	0	0	0	0	0	0	0	0	0	0	0	0	0	0	0	0	0	0	0	0	0	0	0.0	0	0	0	0	0	0	0	0	0	0	0	0	0	0	0	0	0	0	0	0	0	0	0	0.0
20052	altin_damari	KNIGHT	NPC	MELEE	1	100		NOMOVE	0		STUN,SLOW,CURSE,TERROR	0		2	0	0	0	0	0	0	0	0	0	0	120	3	1	0	0	10	0	4	100	100	0	2000	150	0	0	0	0	0	0	0	0	0	0	0	0	0	0	0	0	0	0	0	0	0	0	0	0	0	0	0	0	0	0	0	0.0	0	0	0	0	0	0	0	0	0	0	0	0	0	0	0	0	0	0	0	0	0	0	0	0.0
20053	yesim_damari	KNIGHT	NPC	MELEE	1	100		NOMOVE	0		STUN,SLOW,CURSE,TERROR	0		2	0	0	0	0	0	0	0	0	0	0	120	3	1	0	0	10	0	4	100	100	0	2000	150	0	0	0	0	0	0	0	0	0	0	0	0	0	0	0	0	0	0	0	0	0	0	0	0	0	0	0	0	0	0	0	0.0	0	0	0	0	0	0	0	0	0	0	0	0	0	0	0	0	0	0	0	0	0	0	0	0.0
20054	abanoz_damari	KNIGHT	NPC	MELEE	1	100		NOMOVE	0		STUN,SLOW,CURSE,TERROR	0		2	0	0	0	0	0	0	0	0	0	0	120	3	1	0	0	10	0	4	100	100	0	2000	150	0	0	0	0	0	0	0	0	0	0	0	0	0	0	0	0	0	0	0	0	0	0	0	0	0	0	0	0	0	0	0	0.0	0	0	0	0	0	0	0	0	0	0	0	0	0	0	0	0	0	0	0	0	0	0	0	0.0
20055	midye_yigini	KNIGHT	NPC	MELEE	1	100		NOMOVE	0		STUN,SLOW,CURSE,TERROR	0		2	0	0	0	0	0	0	0	0	0	0	120	3	1	0	0	10	0	4	100	100	0	2000	150	0	0	0	0	0	0	0	0	0	0	0	0	0	0	0	0	0	0	0	0	0	0	0	0	0	0	0	0	0	0	0	0.0	0	0	0	0	0	0	0	0	0	0	0	0	0	0	0	0	0	0	0	0	0	0	0	0.0
20056	beyaz_altin_damari	KNIGHT	NPC	MELEE	1	100		NOMOVE	0		STUN,SLOW,CURSE,TERROR	0		2	0	0	0	0	0	0	0	0	0	0	120	3	1	0	0	10	0	4	100	100	0	2000	150	0	0	0	0	0	0	0	0	0	0	0	0	0	0	0	0	0	0	0	0	0	0	0	0	0	0	0	0	0	0	0	0.0	0	0	0	0	0	0	0	0	0	0	0	0	0	0	0	0	0	0	0	0	0	0	0	0.0
20057	kristal_damari	KNIGHT	NPC	MELEE	1	100		NOMOVE	0		STUN,SLOW,CURSE,TERROR	0		2	0	0	0	0	0	0	0	0	0	0	120	3	1	0	0	10	0	4	100	100	0	2000	150	0	0	0	0	0	0	0	0	0	0	0	0	0	0	0	0	0	0	0	0	0	0	0	0	0	0	0	0	0	0	0	0.0	0	0	0	0	0	0	0	0	0	0	0	0	0	0	0	0	0	0	0	0	0	0	0	0.0
20058	kuvars_damari	KNIGHT	NPC	MELEE	1	100		NOMOVE	0		STUN,SLOW,CURSE,TERROR	0		2	0	0	0	0	0	0	0	0	0	0	120	3	1	0	0	10	0	4	100	100	0	2000	150	0	0	0	0	0	0	0	0	0	0	0	0	0	0	0	0	0	0	0	0	0	0	0	0	0	0	0	0	0	0	0	0.0	0	0	0	0	0	0	0	0	0	0	0	0	0	0	0	0	0	0	0	0	0	0	0	0.0
20059	cennetin_gozyasi_damari	KNIGHT	NPC	MELEE	1	100		NOMOVE	0		STUN,SLOW,CURSE,TERROR	0		2	0	0	0	0	0	0	0	0	0	0	120	3	1	0	0	10	0	4	100	100	0	2000	150	0	0	0	0	0	0	0	0	0	0	0	0	0	0	0	0	0	0	0	0	0	0	0	0	0	0	0	0	0	0	0	0.0	0	0	0	0	0	0	0	0	0	0	0	0	0	0	0	0	0	0	0	0	0	0	0	0.0
20060	elmas_simyacisi	KNIGHT	NPC	MELEE	1	100		NOMOVE	0		STUN,SLOW,CURSE,TERROR	0		2	0	0	0	0	0	0	0	0	0	0	120	3	1	0	0	10	0	4	100	100	0	2000	150	0	0	0	0	0	0	0	0	0	0	0	0	0	0	0	0	0	0	0	0	0	0	0	0	0	0	0	0	0	0	0	0.0	0	0	0	0	0	0	0	0	0	0	0	0	0	0	0	0	0	0	0	0	0	0	0	0.0
20061	kehribar_simyacisi	KNIGHT	NPC	MELEE	1	100		NOMOVE	0		STUN,SLOW,CURSE,TERROR	0		2	0	0	0	0	0	0	0	0	0	0	120	3	1	0	0	10	0	4	100	100	0	2000	150	0	0	0	0	0	0	0	0	0	0	0	0	0	0	0	0	0	0	0	0	0	0	0	0	0	0	0	0	0	0	0	0.0	0	0	0	0	0	0	0	0	0	0	0	0	0	0	0	0	0	0	0	0	0	0	0	0.0
20062	fosil_odun_simyacisi	KNIGHT	NPC	MELEE	1	100		NOMOVE	0		STUN,SLOW,CURSE,TERROR	0		2	0	0	0	0	0	0	0	0	0	0	120	3	1	0	0	10	0	4	100	100	0	2000	150	0	0	0	0	0	0	0	0	0	0	0	0	0	0	0	0	0	0	0	0	0	0	0	0	0	0	0	0	0	0	0	0.0	0	0	0	0	0	0	0	0	0	0	0	0	0	0	0	0	0	0	0	0	0	0	0	0.0
20063	bakir_simyacisi	KNIGHT	NPC	MELEE	1	100		NOMOVE	0		STUN,SLOW,CURSE,TERROR	0		2	0	0	0	0	0	0	0	0	0	0	120	3	1	0	0	10	0	4	100	100	0	2000	150	0	0	0	0	0	0	0	0	0	0	0	0	0	0	0	0	0	0	0	0	0	0	0	0	0	0	0	0	0	0	0	0.0	0	0	0	0	0	0	0	0	0	0	0	0	0	0	0	0	0	0	0	0	0	0	0	0.0
20064	gumus_simyacisi	KNIGHT	NPC	MELEE	1	100		NOMOVE	0		STUN,SLOW,CURSE,TERROR	0		2	0	0	0	0	0	0	0	0	0	0	120	3	1	0	0	10	0	4	100	100	0	2000	150	0	0	0	0	0	0	0	0	0	0	0	0	0	0	0	0	0	0	0	0	0	0	0	0	0	0	0	0	0	0	0	0.0	0	0	0	0	0	0	0	0	0	0	0	0	0	0	0	0	0	0	0	0	0	0	0	0.0
20065	altin_simyacisi	KNIGHT	NPC	MELEE	1	100		NOMOVE	0		STUN,SLOW,CURSE,TERROR	0		2	0	0	0	0	0	0	0	0	0	0	120	3	1	0	0	10	0	4	100	100	0	2000	150	0	0	0	0	0	0	0	0	0	0	0	0	0	0	0	0	0	0	0	0	0	0	0	0	0	0	0	0	0	0	0	0.0	0	0	0	0	0	0	0	0	0	0	0	0	0	0	0	0	0	0	0	0	0	0	0	0.0
20066	yesim_simyacisi	KNIGHT	NPC	MELEE	1	100		NOMOVE	0		STUN,SLOW,CURSE,TERROR	0		2	0	0	0	0	0	0	0	0	0	0	120	3	1	0	0	10	0	4	100	100	0	2000	150	0	0	0	0	0	0	0	0	0	0	0	0	0	0	0	0	0	0	0	0	0	0	0	0	0	0	0	0	0	0	0	0.0	0	0	0	0	0	0	0	0	0	0	0	0	0	0	0	0	0	0	0	0	0	0	0	0.0
20067	abanoz_simyacisi	KNIGHT	NPC	MELEE	1	100		NOMOVE	0		STUN,SLOW,CURSE,TERROR	0		2	0	0	0	0	0	0	0	0	0	0	120	3	1	0	0	10	0	4	100	100	0	2000	150	0	0	0	0	0	0	0	0	0	0	0	0	0	0	0	0	0	0	0	0	0	0	0	0	0	0	0	0	0	0	0	0.0	0	0	0	0	0	0	0	0	0	0	0	0	0	0	0	0	0	0	0	0	0	0	0	0.0
20068	inci_simyacisi	KNIGHT	NPC	MELEE	1	100		NOMOVE	0		STUN,SLOW,CURSE,TERROR	0		2	0	0	0	0	0	0	0	0	0	0	120	3	1	0	0	10	0	4	100	100	0	2000	150	0	0	0	0	0	0	0	0	0	0	0	0	0	0	0	0	0	0	0	0	0	0	0	0	0	0	0	0	0	0	0	0.0	0	0	0	0	0	0	0	0	0	0	0	0	0	0	0	0	0	0	0	0	0	0	0	0.0
20069	beyaz_altin_simyacisi	KNIGHT	NPC	MELEE	1	100		NOMOVE	0		STUN,SLOW,CURSE,TERROR	0		2	0	0	0	0	0	0	0	0	0	0	120	3	1	0	0	10	0	4	100	100	0	2000	150	0	0	0	0	0	0	0	0	0	0	0	0	0	0	0	0	0	0	0	0	0	0	0	0	0	0	0	0	0	0	0	0.0	0	0	0	0	0	0	0	0	0	0	0	0	0	0	0	0	0	0	0	0	0	0	0	0.0
20070	kristal_simyacisi	KNIGHT	NPC	MELEE	1	100		NOMOVE	0		STUN,SLOW,CURSE,TERROR	0		2	0	0	0	0	0	0	0	0	0	0	120	3	1	0	0	10	0	4	100	100	0	2000	150	0	0	0	0	0	0	0	0	0	0	0	0	0	0	0	0	0	0	0	0	0	0	0	0	0	0	0	0	0	0	0	0.0	0	0	0	0	0	0	0	0	0	0	0	0	0	0	0	0	0	0	0	0	0	0	0	0.0
20071	ametist_simyacisi	KNIGHT	NPC	MELEE	1	100		NOMOVE	0		STUN,SLOW,CURSE,TERROR	0		2	0	0	0	0	0	0	0	0	0	0	120	3	1	0	0	10	0	4	100	100	0	2000	150	0	0	0	0	0	0	0	0	0	0	0	0	0	0	0	0	0	0	0	0	0	0	0	0	0	0	0	0	0	0	0	0.0	0	0	0	0	0	0	0	0	0	0	0	0	0	0	0	0	0	0	0	0	0	0	0	0.0
20072	cennet_gozyasi_simyacisi	KNIGHT	NPC	MELEE	1	100		NOMOVE	0		STUN,SLOW,CURSE,TERROR	0		2	0	0	0	0	0	0	0	0	0	0	120	3	1	0	0	10	0	4	100	100	0	2000	150	0	0	0	0	0	0	0	0	0	0	0	0	0	0	0	0	0	0	0	0	0	0	0	0	0	0	0	0	0	0	0	0.0	0	0	0	0	0	0	0	0	0	0	0	0	0	0	0	0	0	0	0	0	0	0	0	0.0
20073	eski_muhur	KNIGHT	NPC	MELEE	1	100		NOMOVE	0		STUN,SLOW,CURSE,TERROR	0		2	0	0	0	0	0	0	0	0	0	0	120	3	1	0	0	10	0	4	100	100	0	2000	150	0	0	0	0	0	0	0	0	0	0	0	0	0	0	0	0	0	0	0	0	0	0	0	0	0	0	0	0	0	0	0	0.0	0	0	0	0	0	0	0	0	0	0	0	0	0	0	0	0	0	0	0	0	0	0	0	0.0
20074	seytankulesi_silahustasi	KNIGHT	NPC	MELEE	1	100		NOMOVE	0		STUN,SLOW,CURSE,TERROR	0		2	0	0	0	0	0	0	0	0	0	0	120	3	1	0	0	10	0	4	100	100	0	2000	150	0	0	0	0	0	0	0	0	0	0	0	0	0	0	0	0	0	0	0	0	0	0	0	0	0	0	0	0	0	0	0	0.0	0	0	0	0	0	0	0	0	0	0	0	0	0	0	0	0	0	0	0	0	0	0	0	0.0
20075	seytankulesi_zirh_ustasi	KNIGHT	NPC	MELEE	1	100		NOMOVE	0		STUN,SLOW,CURSE,TERROR	0		2	0	0	0	0	0	0	0	0	0	0	120	3	1	0	0	10	0	4	100	100	0	2000	150	0	0	0	0	0	0	0	0	0	0	0	0	0	0	0	0	0	0	0	0	0	0	0	0	0	0	0	0	0	0	0	0.0	0	0	0	0	0	0	0	0	0	0	0	0	0	0	0	0	0	0	0	0	0	0	0	0.0
20076	seytan_kulesi_kuyumcusu	KNIGHT	NPC	MELEE	1	100		NOMOVE	0		STUN,SLOW,CURSE,TERROR	0		2	0	0	0	0	0	0	0	0	0	0	120	3	1	0	0	10	0	4	100	100	0	2000	150	0	0	0	0	0	0	0	0	0	0	0	0	0	0	0	0	0	0	0	0	0	0	0	0	0	0	0	0	0	0	0	0.0	0	0	0	0	0	0	0	0	0	0	0	0	0	0	0	0	0	0	0	0	0	0	0	0.0
20077	sunak_muhafizi	KNIGHT	NPC	MELEE	70	100		NOMOVE	0		STUN,SLOW,CURSE,TERROR	0		2	0	0	0	0	0	0	0	0	0	0	3954	3	1	0	0	562	0	79	100	100	0	2000	150	0	0	0	0	0	0	0	0	0	0	0	0	0	0	0	0	0	0	0	0	0	0	0	0	0	0	0	0	0	0	0	0.0	0	0	0	0	0	0	0	0	0	0	0	0	0	0	0	0	0	0	0	0	0	0	0	0.0
20078	sunak_muhafizi	KNIGHT	NPC	MELEE	70	100		NOMOVE	0		STUN,SLOW,CURSE,TERROR	0		2	0	0	0	0	0	0	0	0	0	0	3954	3	1	0	0	562	0	79	100	100	0	2000	150	0	0	0	0	0	0	0	0	0	0	0	0	0	0	0	0	0	0	0	0	0	0	0	0	0	0	0	0	0	0	0	0.0	0	0	0	0	0	0	0	0	0	0	0	0	0	0	0	0	0	0	0	0	0	0	0	0.0
20079	sunak_muhafizi	KNIGHT	NPC	MELEE	70	100		NOMOVE	0		STUN,SLOW,CURSE,TERROR	0		2	0	0	0	0	0	0	0	0	0	0	3954	3	1	0	0	562	0	79	100	100	0	2000	150	0	0	0	0	0	0	0	0	0	0	0	0	0	0	0	0	0	0	0	0	0	0	0	0	0	0	0	0	0	0	0	0.0	0	0	0	0	0	0	0	0	0	0	0	0	0	0	0	0	0	0	0	0	0	0	0	0.0
20080	egitim_rehberi	KNIGHT	NPC	MELEE	1	100		NOMOVE	0		STUN,SLOW,CURSE,TERROR	0		2	0	0	0	0	0	0	0	0	0	0	120	3	1	0	0	10	0	4	100	100	0	2000	150	0	0	0	0	0	0	0	0	0	0	0	0	0	0	0	0	0	0	0	0	0	0	0	0	0	0	0	0	0	0	0	0.0	0	0	16764159	0	0	0	0	0	0	0	0	0	0	0	0	0	0	0	0	0	0	0	0	0.0
20081	calinti_gecit_muhuru	KING	NPC	MELEE	1	100		NOMOVE	0		STUN,SLOW,CURSE,TERROR	0		2	0	0	0	0	0	0	0	0	0	0	120	3	1	0	0	10	0	4	100	100	0	2000	150	0	0	0	0	0	0	0	0	0	0	0	0	0	0	0	0	0	0	0	0	0	0	0	0	0	0	0	0	0	0	0	0.0	0	0	0	0	0	0	0	0	0	0	0	0	0	0	0	0	0	0	0	0	0	0	0	0.0
20082	usta	KNIGHT	MONSTER	MELEE	1	100		AGGR,BERSERK	0		STUN,SLOW,TERROR	0	gm	0	135	90	125	33	100	100	100	20	460	650	173487	4	7	0	0	0	36	250	100	100	100	2000	150	0	0	0	0	0	0	0	0	0	0	0	0	0	0	0	0	0	0	0	-10	0	0	0	0	0	0	0	0	0	0	0	4.0	0	10	0	0	0	0	0	0	0	0	0	0	0	0	0	0	0	0	0	0	0	0	0	0.0
20083	jegal_tunseok	KNIGHT	NPC	MELEE	1	100		NOMOVE	0		STUN,SLOW,CURSE,TERROR	0		2	0	0	0	0	0	0	0	0	0	0	120	3	1	0	0	10	0	4	100	100	0	2000	150	0	0	0	0	0	0	0	0	0	0	0	0	0	0	0	0	0	0	0	0	0	0	0	0	0	0	0	0	0	0	0	0.0	0	0	16764159	0	0	0	0	0	0	0	0	0	0	0	0	0	0	0	0	0	0	0	0	0.0
20084	biyolog_chaegirab	KNIGHT	NPC	MELEE	1	100		NOMOVE	0		STUN,SLOW,CURSE,TERROR	0		2	0	0	0	0	0	0	0	0	0	0	120	3	1	0	0	10	0	4	100	100	0	2000	150	0	0	0	0	0	0	0	0	0	0	0	0	0	0	0	0	0	0	0	0	0	0	0	0	0	0	0	0	0	0	0	0.0	0	0	16764159	0	0	0	0	0	0	0	0	0	0	0	0	0	0	0	0	0	0	0	0	0.0
20085	jimjunja	KNIGHT	NPC	MELEE	1	100		NOMOVE	0		STUN,SLOW,CURSE,TERROR	0		2	0	0	0	0	0	0	0	0	0	0	120	3	1	0	0	10	0	4	100	100	0	2000	150	0	0	0	0	0	0	0	0	0	0	0	0	0	0	0	0	0	0	0	0	0	0	0	0	0	0	0	0	0	0	0	0.0	0	0	0	0	0	0	0	0	0	0	0	0	0	0	0	0	0	0	0	0	0	0	0	0.0
20086	handu_up	KNIGHT	NPC	MELEE	1	100		NOMOVE	0		STUN,SLOW,CURSE,TERROR	0		2	0	0	0	0	0	0	0	0	0	0	120	3	1	0	0	10	0	4	100	100	0	2000	150	0	0	0	0	0	0	0	0	0	0	0	0	0	0	0	0	0	0	0	0	0	0	0	0	0	0	0	0	0	0	0	0.0	0	0	16764159	0	0	0	0	0	0	0	0	0	0	0	0	0	0	0	0	0	0	0	0	0.0
20087	wonda_rim	KNIGHT	NPC	MELEE	1	100		NOMOVE	0		STUN,SLOW,CURSE,TERROR	0		2	0	0	0	0	0	0	0	0	0	0	120	3	1	0	0	10	0	4	100	100	0	2000	150	0	0	0	0	0	0	0	0	0	0	0	0	0	0	0	0	0	0	0	0	0	0	0	0	0	0	0	0	0	0	0	0.0	0	0	16764159	0	0	0	0	0	0	0	0	0	0	0	0	0	0	0	0	0	0	0	0	0.0
20088	shuk_sal	KNIGHT	NPC	MELEE	1	100		NOMOVE	0		STUN,SLOW,CURSE,TERROR	0		2	0	0	0	0	0	0	0	0	0	0	120	3	1	0	0	10	0	4	100	100	0	2000	150	0	0	0	0	0	0	0	0	0	0	0	0	0	0	0	0	0	0	0	0	0	0	0	0	0	0	0	0	0	0	0	0.0	0	0	0	0	0	0	0	0	0	0	0	0	0	0	0	0	0	0	0	0	0	0	0	0.0
20089	pung_ho	KNIGHT	NPC	MELEE	1	100		NOMOVE	0		STUN,SLOW,CURSE,TERROR	0		2	0	0	0	0	0	0	0	0	0	0	120	3	1	0	0	10	0	4	100	100	0	2000	150	0	0	0	0	0	0	0	0	0	0	0	0	0	0	0	0	0	0	0	0	0	0	0	0	0	0	0	0	0	0	0	0.0	0	0	0	0	0	0	0	0	0	0	0	0	0	0	0	0	0	0	0	0	0	0	0	0.0
20090	heuk_yong	KNIGHT	NPC	MELEE	1	100		NOMOVE	0		STUN,SLOW,CURSE,TERROR	0		2	0	0	0	0	0	0	0	0	0	0	120	3	1	0	0	10	0	4	100	100	0	2000	150	0	0	0	0	0	0	0	0	0	0	0	0	0	0	0	0	0	0	0	0	0	0	0	0	0	0	0	0	0	0	0	0.0	0	0	0	0	0	0	0	0	0	0	0	0	0	0	0	0	0	0	0	0	0	0	0	0.0
20091	seon_pyeong	KNIGHT	NPC	MELEE	1	100		NOMOVE	0		STUN,SLOW,CURSE,TERROR	0		2	0	0	0	0	0	0	0	0	0	0	120	3	1	0	0	10	0	4	100	100	0	2000	150	0	0	0	0	0	0	0	0	0	0	0	0	0	0	0	0	0	0	0	0	0	0	0	0	0	0	0	0	0	0	0	0.0	0	0	0	0	0	0	0	0	0	0	0	0	0	0	0	0	0	0	0	0	0	0	0	0.0
20092	hwa_hee	KNIGHT	NPC	MELEE	1	100		NOMOVE	0		STUN,SLOW,CURSE,TERROR	0		2	0	0	0	0	0	0	0	0	0	0	120	3	1	0	0	10	0	4	100	100	0	2000	150	0	0	0	0	0	0	0	0	0	0	0	0	0	0	0	0	0	0	0	0	0	0	0	0	0	0	0	0	0	0	0	0.0	0	0	0	0	0	0	0	0	0	0	0	0	0	0	0	0	0	0	0	0	0	0	0	0.0
20093	koe_pung	KNIGHT	NPC	MELEE	1	100		NOMOVE	0		STUN,SLOW,CURSE,TERROR	0		2	0	0	0	0	0	0	0	0	0	0	120	3	1	0	0	10	0	4	100	100	0	2000	150	0	0	0	0	0	0	0	0	0	0	0	0	0	0	0	0	0	0	0	0	0	0	0	0	0	0	0	0	0	0	0	0.0	0	0	0	0	0	0	0	0	0	0	0	0	0	0	0	0	0	0	0	0	0	0	0	0.0
20094	hong_hae	KNIGHT	NPC	MELEE	1	100		NOMOVE	0		STUN,SLOW,CURSE,TERROR	0		2	0	0	0	0	0	0	0	0	0	0	120	3	1	0	0	10	0	4	100	100	0	2000	150	0	0	0	0	0	0	0	0	0	0	0	0	0	0	0	0	0	0	0	0	0	0	0	0	0	0	0	0	0	0	0	0.0	0	0	0	0	0	0	0	0	0	0	0	0	0	0	0	0	0	0	0	0	0	0	0	0.0
20095	seon_hae	KNIGHT	NPC	MELEE	1	100		NOMOVE	0		STUN,SLOW,CURSE,TERROR	0		2	0	0	0	0	0	0	0	0	0	0	120	3	1	0	0	10	0	4	100	100	0	2000	150	0	0	0	0	0	0	0	0	0	0	0	0	0	0	0	0	0	0	0	0	0	0	0	0	0	0	0	0	0	0	0	0.0	0	0	0	0	0	0	0	0	0	0	0	0	0	0	0	0	0	0	0	0	0	0	0	0.0
20096	dikili_tas	KNIGHT	NPC	MELEE	1	100		NOMOVE	0		STUN,SLOW,CURSE,TERROR	0		0	0	0	0	0	0	0	0	0	0	0	120	3	1	0	0	10	0	4	100	100	0	2000	150	0	0	0	0	0	0	0	0	0	0	0	0	0	0	0	0	0	0	0	0	0	0	0	0	0	0	0	0	0	0	0	0.0	0	0	16764159	0	0	0	0	0	0	0	0	0	0	0	0	0	0	0	0	0	0	0	0	0.0
20097	kale_girisi	KING	NPC	MELEE	1	100		NOMOVE	0		STUN,SLOW,CURSE,TERROR	0		2	0	0	0	0	0	0	0	0	0	0	120	3	1	0	0	10	0	4	100	100	0	2000	150	0	0	0	0	0	0	0	0	0	0	0	0	0	0	0	0	0	0	0	0	0	0	0	0	0	0	0	0	0	0	0	0.0	0	0	16764159	0	0	0	0	0	0	0	0	0	0	0	0	0	0	0	0	0	0	0	0	0.0
20098	kale_girisi	KING	NPC	MELEE	1	100		NOMOVE	0		STUN,SLOW,CURSE,TERROR	0		2	0	0	0	0	0	0	0	0	0	0	120	3	1	0	0	10	0	4	100	100	0	2000	150	0	0	0	0	0	0	0	0	0	0	0	0	0	0	0	0	0	0	0	0	0	0	0	0	0	0	0	0	0	0	0	0.0	0	0	16764159	0	0	0	0	0	0	0	0	0	0	0	0	0	0	0	0	0	0	0	0	0.0
20099	kale_girisi	KING	NPC	MELEE	1	100		NOMOVE	0		STUN,SLOW,CURSE,TERROR	0		2	0	0	0	0	0	0	0	0	0	0	120	3	1	0	0	10	0	4	100	100	0	2000	150	0	0	0	0	0	0	0	0	0	0	0	0	0	0	0	0	0	0	0	0	0	0	0	0	0	0	0	0	0	0	0	0.0	0	0	16764159	0	0	0	0	0	0	0	0	0	0	0	0	0	0	0	0	0	0	0	0	0.0
20101	beyaz_at	KNIGHT	HORSE	MELEE	1	100			0		STUN,SLOW,CURSE,TERROR	0	pony	2	0	0	0	0	0	0	0	0	0	0	120	3	1	0	0	10	0	4	100	100	0	2000	150	0	0	0	0	0	0	0	0	0	0	0	0	0	0	0	0	0	0	0	0	0	0	0	0	0	0	0	0	0	0	0	0.0	0	0	0	0	0	0	0	0	0	0	0	0	0	0	0	0	0	0	0	0	0	0	0	0.0
20102	kahverengi_at	KNIGHT	HORSE	MELEE	1	100			0		STUN,SLOW,CURSE,TERROR	0	pony	2	0	0	0	0	0	0	0	0	0	0	120	3	1	0	0	10	0	4	100	100	0	2000	150	0	0	0	0	0	0	0	0	0	0	0	0	0	0	0	0	0	0	0	0	0	0	0	0	0	0	0	0	0	0	0	0.0	0	0	0	0	0	0	0	0	0	0	0	0	0	0	0	0	0	0	0	0	0	0	0	0.0
20103	siyah_at	KNIGHT	HORSE	MELEE	1	100			0		STUN,SLOW,CURSE,TERROR	0	pony	2	0	0	0	0	0	0	0	0	0	0	120	3	1	0	0	10	0	4	100	100	0	2000	150	0	0	0	0	0	0	0	0	0	0	0	0	0	0	0	0	0	0	0	0	0	0	0	0	0	0	0	0	0	0	0	0.0	0	0	0	0	0	0	0	0	0	0	0	0	0	0	0	0	0	0	0	0	0	0	0	0.0
20104	beyaz_at	KNIGHT	HORSE	MELEE	1	100			0		STUN,SLOW,CURSE,TERROR	0	horse	2	0	0	0	0	0	0	0	0	0	0	120	3	1	0	0	10	0	4	100	100	0	2000	150	0	0	0	0	0	0	0	0	0	0	0	0	0	0	0	0	0	0	0	0	0	0	0	0	0	0	0	0	0	0	0	0.0	0	0	0	0	0	0	0	0	0	0	0	0	0	0	0	0	0	0	0	0	0	0	0	0.0
20105	kahverengi_at	KNIGHT	HORSE	MELEE	1	100			0		STUN,SLOW,CURSE,TERROR	0	horse	2	0	0	0	0	0	0	0	0	0	0	120	3	1	0	0	10	0	4	100	100	0	2000	150	0	0	0	0	0	0	0	0	0	0	0	0	0	0	0	0	0	0	0	0	0	0	0	0	0	0	0	0	0	0	0	0.0	0	0	0	0	0	0	0	0	0	0	0	0	0	0	0	0	0	0	0	0	0	0	0	0.0
20106	siyah_at	KNIGHT	HORSE	MELEE	1	100			0		STUN,SLOW,CURSE,TERROR	0	horse	2	0	0	0	0	0	0	0	0	0	0	120	3	1	0	0	10	0	4	100	100	0	2000	150	0	0	0	0	0	0	0	0	0	0	0	0	0	0	0	0	0	0	0	0	0	0	0	0	0	0	0	0	0	0	0	0.0	0	0	0	0	0	0	0	0	0	0	0	0	0	0	0	0	0	0	0	0	0	0	0	0.0
20107	beyaz_at	KNIGHT	HORSE	MELEE	1	100			0		STUN,SLOW,CURSE,TERROR	0	horse2	2	0	0	0	0	0	0	0	0	0	0	120	3	1	0	0	10	0	4	100	100	0	2000	150	0	0	0	0	0	0	0	0	0	0	0	0	0	0	0	0	0	0	0	0	0	0	0	0	0	0	0	0	0	0	0	0.0	0	0	0	0	0	0	0	0	0	0	0	0	0	0	0	0	0	0	0	0	0	0	0	0.0
20108	kahverengi_at	KNIGHT	HORSE	MELEE	1	100			0		STUN,SLOW,CURSE,TERROR	0	horse2	2	0	0	0	0	0	0	0	0	0	0	120	3	1	0	0	10	0	4	100	100	0	2000	150	0	0	0	0	0	0	0	0	0	0	0	0	0	0	0	0	0	0	0	0	0	0	0	0	0	0	0	0	0	0	0	0.0	0	0	0	0	0	0	0	0	0	0	0	0	0	0	0	0	0	0	0	0	0	0	0	0.0
20109	siyah_at	KNIGHT	HORSE	MELEE	1	100			0		STUN,SLOW,CURSE,TERROR	0	horse2	2	0	0	0	0	0	0	0	0	0	0	120	3	1	0	0	10	0	4	100	100	0	2000	150	0	0	0	0	0	0	0	0	0	0	0	0	0	0	0	0	0	0	0	0	0	0	0	0	0	0	0	0	0	0	0	0.0	0	0	0	0	0	0	0	0	0	0	0	0	0	0	0	0	0	0	0	0	0	0	0	0.0
20110	yaban_domuzu	KNIGHT	HORSE	MELEE	1	100			0		STUN,SLOW,CURSE,TERROR	0	boar	2	0	0	0	0	0	0	0	0	0	0	120	3	1	0	0	10	0	4	100	100	0	2000	150	0	0	0	0	0	0	0	0	0	0	0	0	0	0	0	0	0	0	0	0	0	0	0	0	0	0	0	0	0	0	0	0.0	0	0	0	0	0	0	0	0	0	0	0	0	0	0	0	0	0	0	0	0	0	0	0	0.0
20111	kurt	KNIGHT	HORSE	MELEE	1	100			0		STUN,SLOW,CURSE,TERROR	0	dog_god	2	0	0	0	0	0	0	0	0	0	0	120	3	1	0	0	10	0	4	100	100	0	2000	150	0	0	0	0	0	0	0	0	0	0	0	0	0	0	0	0	0	0	0	0	0	0	0	0	0	0	0	0	0	0	0	0.0	0	0	0	0	0	0	0	0	0	0	0	0	0	0	0	0	0	0	0	0	0	0	0	0.0
20112	kaplan	KNIGHT	HORSE	MELEE	1	100			0		STUN,SLOW,CURSE,TERROR	0	fire_tiger	2	0	0	0	0	0	0	0	0	0	0	120	3	1	0	0	10	0	4	100	100	0	2000	150	0	0	0	0	0	0	0	0	0	0	0	0	0	0	0	0	0	0	0	0	0	0	0	0	0	0	0	0	0	0	0	0.0	0	0	0	0	0	0	0	0	0	0	0	0	0	0	0	0	0	0	0	0	0	0	0	0.0
20113	aslan	KNIGHT	HORSE	MELEE	1	100			0		STUN,SLOW,CURSE,TERROR	0	lion	2	0	0	0	0	0	0	0	0	0	0	120	3	1	0	0	10	0	4	100	100	0	2000	150	0	0	0	0	0	0	0	0	0	0	0	0	0	0	0	0	0	0	0	0	0	0	0	0	0	0	0	0	0	0	0	0.0	0	0	0	0	0	0	0	0	0	0	0	0	0	0	0	0	0	0	0	0	0	0	0	0.0
20114	white_lion	KNIGHT	HORSE	MELEE	1	100			0		STUN,SLOW,CURSE,TERROR	0	lion_white	2	0	0	0	0	0	0	0	0	0	0	120	3	1	0	0	10	0	4	100	100	0	2000	150	0	0	0	0	0	0	0	0	0	0	0	0	0	0	0	0	0	0	0	0	0	0	0	0	0	0	0	0	0	0	0	0.0	0	0	0	0	0	0	0	0	0	0	0	0	0	0	0	0	0	0	0	0	0	0	0	0.0
20115	savas_yaban_domuzu	KNIGHT	HORSE	MELEE	1	100			0		STUN,SLOW,CURSE,TERROR	0	pony	2	0	0	0	0	0	0	0	0	0	0	120	3	1	0	0	10	0	4	100	100	0	2000	150	0	0	0	0	0	0	0	0	0	0	0	0	0	0	0	0	0	0	0	0	0	0	0	0	0	0	0	0	0	0	0	0.0	0	0	0	0	0	0	0	0	0	0	0	0	0	0	0	0	0	0	0	0	0	0	0	0.0
20116	kizgin_kurt	KNIGHT	HORSE	MELEE	1	100			0		STUN,SLOW,CURSE,TERROR	0	pony	2	0	0	0	0	0	0	0	0	0	0	120	3	1	0	0	10	0	4	100	100	0	2000	150	0	0	0	0	0	0	0	0	0	0	0	0	0	0	0	0	0	0	0	0	0	0	0	0	0	0	0	0	0	0	0	0.0	0	0	0	0	0	0	0	0	0	0	0	0	0	0	0	0	0	0	0	0	0	0	0	0.0
20117	vahsi_kaplan	KNIGHT	HORSE	MELEE	1	100			0		STUN,SLOW,CURSE,TERROR	0	pony	2	0	0	0	0	0	0	0	0	0	0	120	3	1	0	0	10	0	4	100	100	0	2000	150	0	0	0	0	0	0	0	0	0	0	0	0	0	0	0	0	0	0	0	0	0	0	0	0	0	0	0	0	0	0	0	0.0	0	0	0	0	0	0	0	0	0	0	0	0	0	0	0	0	0	0	0	0	0	0	0	0.0
20118	yirtici_aslan	KNIGHT	HORSE	MELEE	1	100			0		STUN,SLOW,CURSE,TERROR	0		2	0	0	0	0	0	0	0	0	0	0	120	3	1	0	0	10	0	4	100	100	0	2000	150	0	0	0	0	0	0	0	0	0	0	0	0	0	0	0	0	0	0	0	0	0	0	0	0	0	0	0	0	0	0	0	0.0	0	0	0	0	0	0	0	0	0	0	0	0	0	0	0	0	0	0	0	0	0	0	0	0.0
20119	asil_kara_yagiz_ati	KNIGHT	HORSE	MELEE	1	100			0		STUN,SLOW,CURSE,TERROR	0	horse_event1	2	0	0	0	0	0	0	0	0	0	0	120	3	1	0	0	10	0	4	100	100	0	2000	150	0	0	0	0	0	0	0	0	0	0	0	0	0	0	0	0	0	0	0	0	0	0	0	0	0	0	0	0	0	0	0	0.0	0	0	0	0	0	0	0	0	0	0	0	0	0	0	0	0	0	0	0	0	0	0	0	0.0
20120	ã»àcàu°©è£	KNIGHT	HORSE	MELEE	1	100			0		STUN,SLOW,CURSE,TERROR	0	fire_tiger	2	0	0	0	0	0	0	0	0	0	0	120	3	1	0	0	10	0	4	100	100	0	2000	150	0	0	0	0	0	0	0	0	0	0	0	0	0	0	0	0	0	0	0	0	0	0	0	0	0	0	0	0	0	0	0	0.0	0	0	0	0	0	0	0	0	0	0	0	0	0	0	0	0	0	0	0	0	0	0	0	0.0
20121	áøàûàcàu°©è£	KNIGHT	HORSE	MELEE	1	100			0		STUN,SLOW,CURSE,TERROR	0	fire_tiger	2	0	0	0	0	0	0	0	0	0	0	120	3	1	0	0	10	0	4	100	100	0	2000	150	0	0	0	0	0	0	0	0	0	0	0	0	0	0	0	0	0	0	0	0	0	0	0	0	0	0	0	0	0	0	0	0.0	0	0	0	0	0	0	0	0	0	0	0	0	0	0	0	0	0	0	0	0	0	0	0	0.0
20122	è²àcàu°©è£	KNIGHT	HORSE	MELEE	1	100			0		STUN,SLOW,CURSE,TERROR	0	fire_tiger	2	0	0	0	0	0	0	0	0	0	0	120	3	1	0	0	10	0	4	100	100	0	2000	150	0	0	0	0	0	0	0	0	0	0	0	0	0	0	0	0	0	0	0	0	0	0	0	0	0	0	0	0	0	0	0	0.0	0	0	0	0	0	0	0	0	0	0	0	0	0	0	0	0	0	0	0	0	0	0	0	0.0
20123	³ìàcàu°©è£	KNIGHT	HORSE	MELEE	1	100			0		STUN,SLOW,CURSE,TERROR	0	fire_tiger	2	0	0	0	0	0	0	0	0	0	0	120	3	1	0	0	10	0	4	100	100	0	2000	150	0	0	0	0	0	0	0	0	0	0	0	0	0	0	0	0	0	0	0	0	0	0	0	0	0	0	0	0	0	0	0	0.0	0	0	0	0	0	0	0	0	0	0	0	0	0	0	0	0	0	0	0	0	0	0	0	0.0
20124	èæàcàu°©è£	KNIGHT	HORSE	MELEE	1	100			0		STUN,SLOW,CURSE,TERROR	0	fire_tiger	2	0	0	0	0	0	0	0	0	0	0	120	3	1	0	0	10	0	4	100	100	0	2000	150	0	0	0	0	0	0	0	0	0	0	0	0	0	0	0	0	0	0	0	0	0	0	0	0	0	0	0	0	0	0	0	0.0	0	0	0	0	0	0	0	0	0	0	0	0	0	0	0	0	0	0	0	0	0	0	0	0.0
20125	¹éàcàu°©è£	KNIGHT	HORSE	MELEE	1	100			0		STUN,SLOW,CURSE,TERROR	0	fire_tiger	2	0	0	0	0	0	0	0	0	0	0	120	3	1	0	0	10	0	4	100	100	0	2000	150	0	0	0	0	0	0	0	0	0	0	0	0	0	0	0	0	0	0	0	0	0	0	0	0	0	0	0	0	0	0	0	0.0	0	0	0	0	0	0	0	0	0	0	0	0	0	0	0	0	0	0	0	0	0	0	0	0.0
20126	noel_baba	KNIGHT	NPC	MELEE	1	100		NOMOVE	0		STUN,SLOW,CURSE,TERROR	0		2	0	0	0	0	0	0	0	0	0	0	120	3	1	0	0	10	0	4	100	100	0	2000	150	0	0	0	0	0	0	0	0	0	0	0	0	0	0	0	0	0	0	0	0	0	0	0	0	0	0	0	0	0	0	0	0.0	0	0	0	0	0	0	0	0	0	0	0	0	0	0	0	0	0	0	0	0	0	0	0	0.0
20127	yil_donumu_flamasi_1	KNIGHT	NPC	MELEE	1	100		NOMOVE	0	DECO,HIDE	STUN,SLOW,TERROR	0		0	0	0	0	0	0	0	0	0	0	0	120	3	1	0	0	10	0	4	100	100	0	2000	150	0	0	0	0	0	0	0	0	0	0	0	0	0	0	0	0	0	0	0	0	0	0	0	0	0	0	0	0	0	0	0	0.0	0	0	0	0	0	0	0	0	0	0	0	0	0	0	0	0	0	0	0	0	0	0	0	0.0
20128	yil_donumu_flamasi_2	KNIGHT	NPC	MELEE	1	100		NOMOVE	0	DECO,HIDE	STUN,SLOW,TERROR	0		0	0	0	0	0	0	0	0	0	0	0	120	3	1	0	0	10	0	4	100	100	0	2000	150	0	0	0	0	0	0	0	0	0	0	0	0	0	0	0	0	0	0	0	0	0	0	0	0	0	0	0	0	0	0	0	0.0	0	0	0	0	0	0	0	0	0	0	0	0	0	0	0	0	0	0	0	0	0	0	0	0.0
20129	yil_donumu_flamasi_3	KNIGHT	NPC	MELEE	1	100		NOMOVE	0	DECO,HIDE	STUN,SLOW,TERROR	0		0	0	0	0	0	0	0	0	0	0	0	120	3	1	0	0	10	0	4	100	100	0	2000	150	0	0	0	0	0	0	0	0	0	0	0	0	0	0	0	0	0	0	0	0	0	0	0	0	0	0	0	0	0	0	0	0.0	0	0	0	0	0	0	0	0	0	0	0	0	0	0	0	0	0	0	0	0	0	0	0	0.0
20130	yil_donumu_flamasi_4	KNIGHT	NPC	MELEE	1	100		NOMOVE	0	DECO,HIDE	STUN,SLOW,TERROR	0		0	0	0	0	0	0	0	0	0	0	0	120	3	1	0	0	10	0	4	100	100	0	2000	150	0	0	0	0	0	0	0	0	0	0	0	0	0	0	0	0	0	0	0	0	0	0	0	0	0	0	0	0	0	0	0	0.0	0	0	0	0	0	0	0	0	0	0	0	0	0	0	0	0	0	0	0	0	0	0	0	0.0
20131	yil_donumu_flamasi_5	KNIGHT	NPC	MELEE	1	100		NOMOVE	0	DECO,HIDE	STUN,SLOW,TERROR	0		0	0	0	0	0	0	0	0	0	0	0	120	3	1	0	0	10	0	4	100	100	0	2000	150	0	0	0	0	0	0	0	0	0	0	0	0	0	0	0	0	0	0	0	0	0	0	0	0	0	0	0	0	0	0	0	0.0	0	0	0	0	0	0	0	0	0	0	0	0	0	0	0	0	0	0	0	0	0	0	0	0.0
20132	yil_donumu_flamasi_6	KNIGHT	NPC	MELEE	1	100		NOMOVE	0	DECO,HIDE	STUN,SLOW,TERROR	0		0	0	0	0	0	0	0	0	0	0	0	120	3	1	0	0	10	0	4	100	100	0	2000	150	0	0	0	0	0	0	0	0	0	0	0	0	0	0	0	0	0	0	0	0	0	0	0	0	0	0	0	0	0	0	0	0.0	0	0	0	0	0	0	0	0	0	0	0	0	0	0	0	0	0	0	0	0	0	0	0	0.0
20133	yil_donumu_flamasi_7	KNIGHT	NPC	MELEE	1	100		NOMOVE	0	DECO,HIDE	STUN,SLOW,TERROR	0		0	0	0	0	0	0	0	0	0	0	0	120	3	1	0	0	10	0	4	100	100	0	2000	150	0	0	0	0	0	0	0	0	0	0	0	0	0	0	0	0	0	0	0	0	0	0	0	0	0	0	0	0	0	0	0	0.0	0	0	0	0	0	0	0	0	0	0	0	0	0	0	0	0	0	0	0	0	0	0	0	0.0
20134	gunes_flamasi	KNIGHT	NPC	MELEE	1	100		NOMOVE	0	DECO,HIDE	STUN,SLOW,TERROR	0		0	0	0	0	0	0	0	0	0	0	0	120	3	1	0	0	10	0	4	100	100	0	2000	150	0	0	0	0	0	0	0	0	0	0	0	0	0	0	0	0	0	0	0	0	0	0	0	0	0	0	0	0	0	0	0	0.0	0	0	0	0	0	0	0	0	0	0	0	0	0	0	0	0	0	0	0	0	0	0	0	0.0
20135	noel_flamasi	KNIGHT	NPC	MELEE	1	100		NOMOVE	0	DECO,HIDE	STUN,SLOW,TERROR	0		0	0	0	0	0	0	0	0	0	0	0	120	3	1	0	0	10	0	4	100	100	0	2000	150	0	0	0	0	0	0	0	0	0	0	0	0	0	0	0	0	0	0	0	0	0	0	0	0	0	0	0	0	0	0	0	0.0	0	0	0	0	0	0	0	0	0	0	0	0	0	0	0	0	0	0	0	0	0	0	0	0.0
20138	ramazan_flamasi	KNIGHT	NPC	MELEE	1	100		NOMOVE	0	DECO,HIDE	STUN,SLOW,TERROR	0		0	0	0	0	0	0	0	0	0	0	0	120	3	1	0	0	10	0	4	100	100	0	2000	150	0	0	0	0	0	0	0	0	0	0	0	0	0	0	0	0	0	0	0	0	0	0	0	0	0	0	0	0	0	0	0	0.0	0	0	0	0	0	0	0	0	0	0	0	0	0	0	0	0	0	0	0	0	0	0	0	0.0
20139	lonca_flamasi_(eflatun)	KNIGHT	NPC	MELEE	1	100		NOMOVE	0	HIDE	STUN,SLOW,TERROR	0		0	0	0	0	0	0	0	0	0	0	0	120	3	1	0	0	10	0	4	100	100	0	2000	150	0	0	0	0	0	0	0	0	0	0	0	0	0	0	0	0	0	0	0	0	0	0	0	0	0	0	0	0	0	0	0	0.0	0	0	0	0	0	0	0	0	0	0	0	0	0	0	0	0	0	0	0	0	0	0	0	0.0
20140	lonca_flam._(mavi/yesil)	KNIGHT	NPC	MELEE	1	100		NOMOVE	0	HIDE	STUN,SLOW,TERROR	0		0	0	0	0	0	0	0	0	0	0	0	120	3	1	0	0	10	0	4	100	100	0	2000	150	0	0	0	0	0	0	0	0	0	0	0	0	0	0	0	0	0	0	0	0	0	0	0	0	0	0	0	0	0	0	0	0.0	0	0	0	0	0	0	0	0	0	0	0	0	0	0	0	0	0	0	0	0	0	0	0	0.0
20141	lonca_flama_(kir./altin)	KNIGHT	NPC	MELEE	1	100		NOMOVE	0	HIDE	STUN,SLOW,TERROR	0		0	0	0	0	0	0	0	0	0	0	0	120	3	1	0	0	10	0	4	100	100	0	2000	150	0	0	0	0	0	0	0	0	0	0	0	0	0	0	0	0	0	0	0	0	0	0	0	0	0	0	0	0	0	0	0	0.0	0	0	0	0	0	0	0	0	0	0	0	0	0	0	0	0	0	0	0	0	0	0	0	0.0
20142	cadilar_bayrami_flamasi	KNIGHT	NPC	MELEE	1	100		NOMOVE	0	DECO,HIDE	STUN,SLOW,TERROR	0		0	0	0	0	0	0	0	0	0	0	0	120	3	1	0	0	10	0	4	100	100	0	2000	150	0	0	0	0	0	0	0	0	0	0	0	0	0	0	0	0	0	0	0	0	0	0	0	0	0	0	0	0	0	0	0	0.0	0	0	0	0	0	0	0	0	0	0	0	0	0	0	0	0	0	0	0	0	0	0	0	0.0
20143	paskalya_afisi	KNIGHT	NPC	MELEE	1	100		NOMOVE	0	DECO,HIDE	STUN,SLOW,TERROR	0		0	0	0	0	0	0	0	0	0	0	0	120	3	1	0	0	10	0	4	100	100	0	2000	150	0	0	0	0	0	0	0	0	0	0	0	0	0	0	0	0	0	0	0	0	0	0	0	0	0	0	0	0	0	0	0	0.0	0	0	0	0	0	0	0	0	0	0	0	0	0	0	0	0	0	0	0	0	0	0	0	0.0
20146	obur_dunya_portali	KING	NPC	MELEE	1	100		NOMOVE	0		STUN,SLOW,TERROR	0		2	0	0	0	0	0	0	0	0	0	0	120	3	1	0	0	10	0	4	100	0	0	2000	150	0	0	0	0	0	0	0	0	0	0	0	0	0	0	0	0	0	0	0	0	0	0	0	0	0	0	0	0	0	0	0	0.0	0	0	0	0	0	0	0	0	0	0	0	0	0	0	0	0	0	0	0	0	0	0	0	0.0
20147	olum_elcisi	KING	NPC	MELEE	1	100		NOMOVE	0		STUN,SLOW,TERROR	0		2	0	0	0	0	0	0	0	0	0	0	120	3	1	0	0	10	0	4	100	0	0	2000	150	0	0	0	0	0	0	0	0	0	0	0	0	0	0	0	0	0	0	0	0	0	0	0	0	0	0	0	0	0	0	0	0.0	0	0	0	0	0	0	0	0	0	0	0	0	0	0	0	0	0	0	0	0	0	0	0	0.0
20148	hae_tae_bekcisi	KING	NPC	MELEE	1	100		NOMOVE	0		STUN,SLOW,TERROR	0		2	0	0	0	0	0	0	0	0	0	0	120	3	1	0	0	10	0	4	100	0	0	2000	150	0	0	0	0	0	0	0	0	0	0	0	0	0	0	0	0	0	0	0	0	0	0	0	0	0	0	0	0	0	0	0	0.0	0	0	0	0	0	0	0	0	0	0	0	0	0	0	0	0	0	0	0	0	0	0	0	0.0
20149	guclu_savas_ati	KNIGHT	HORSE	MELEE	1	100			0		STUN,SLOW,TERROR	0	horse_guild	2	0	0	0	0	0	0	0	0	0	0	120	3	1	0	0	10	0	4	100	100	0	2000	150	0	0	0	0	0	0	0	0	0	0	0	0	0	0	0	0	0	0	0	0	0	0	0	0	0	0	0	0	0	0	0	0.0	0	0	0	0	0	0	0	0	0	0	0	0	0	0	0	0	0	0	0	0	0	0	0	0.0
20150	g._sav._ati_(lonca_uye.)	KNIGHT	HORSE	MELEE	1	100			0		STUN,SLOW,TERROR	0	horse_guild	2	0	0	0	0	0	0	0	0	0	0	120	3	1	0	0	10	0	4	100	100	0	2000	150	0	0	0	0	0	0	0	0	0	0	0	0	0	0	0	0	0	0	0	0	0	0	0	0	0	0	0	0	0	0	0	0.0	0	0	0	0	0	0	0	0	0	0	0	0	0	0	0	0	0	0	0	0	0	0	0	0.0
20151	g._sav._ati_(lonca_lid.)	KNIGHT	HORSE	MELEE	1	100			0		STUN,SLOW,TERROR	0	horse_guild	2	0	0	0	0	0	0	0	0	0	0	120	3	1	0	0	10	0	4	100	100	0	2000	150	0	0	0	0	0	0	0	0	0	0	0	0	0	0	0	0	0	0	0	0	0	0	0	0	0	0	0	0	0	0	0	0.0	0	0	0	0	0	0	0	0	0	0	0	0	0	0	0	0	0	0	0	0	0	0	0	0.0
20201	aaa	KNIGHT	HORSE	MELEE	1	100			0		STUN,SLOW,CURSE,TERROR	0	boar	0	0	0	0	0	0	0	0	0	0	0	120	3	1	0	0	10	0	4	100	100	0	2000	150	0	0	0	0	0	0	0	0	0	0	0	0	0	0	0	0	0	0	0	0	0	0	0	0	0	0	0	0	0	0	0	0.0	0	0	0	0	0	0	0	0	0	0	0	0	0	0	0	0	0	0	0	0	0	0	0	0.0
20202	aaa	KNIGHT	HORSE	MELEE	1	100			0		STUN,SLOW,CURSE,TERROR	0	dog_god	0	0	0	0	0	0	0	0	0	0	0	120	3	1	0	0	10	0	4	100	100	0	2000	150	0	0	0	0	0	0	0	0	0	0	0	0	0	0	0	0	0	0	0	0	0	0	0	0	0	0	0	0	0	0	0	0.0	0	0	0	0	0	0	0	0	0	0	0	0	0	0	0	0	0	0	0	0	0	0	0	0.0
20203	aaa	KNIGHT	HORSE	MELEE	1	100			0		STUN,SLOW,CURSE,TERROR	0	fire_tiger	0	0	0	0	0	0	0	0	0	0	0	120	3	1	0	0	10	0	4	100	100	0	2000	150	0	0	0	0	0	0	0	0	0	0	0	0	0	0	0	0	0	0	0	0	0	0	0	0	0	0	0	0	0	0	0	0.0	0	0	0	0	0	0	0	0	0	0	0	0	0	0	0	0	0	0	0	0	0	0	0	0.0
20204	aaa	KNIGHT	HORSE	MELEE	1	100			0		STUN,SLOW,CURSE,TERROR	0	lion	0	0	0	0	0	0	0	0	0	0	0	120	3	1	0	0	10	0	4	100	100	0	2000	150	0	0	0	0	0	0	0	0	0	0	0	0	0	0	0	0	0	0	0	0	0	0	0	0	0	0	0	0	0	0	0	0.0	0	0	0	0	0	0	0	0	0	0	0	0	0	0	0	0	0	0	0	0	0	0	0	0.0
20205	aaa	KNIGHT	HORSE	MELEE	1	100			0		STUN,SLOW,CURSE,TERROR	0	boar	0	0	0	0	0	0	0	0	0	0	0	120	3	1	0	0	10	0	4	100	100	0	2000	150	0	0	0	0	0	0	0	0	0	0	0	0	0	0	0	0	0	0	0	0	0	0	0	0	0	0	0	0	0	0	0	0.0	0	0	0	0	0	0	0	0	0	0	0	0	0	0	0	0	0	0	0	0	0	0	0	0.0
20206	aaa	KNIGHT	HORSE	MELEE	1	100			0		STUN,SLOW,CURSE,TERROR	0	dog_god	0	0	0	0	0	0	0	0	0	0	0	120	3	1	0	0	10	0	4	100	100	0	2000	150	0	0	0	0	0	0	0	0	0	0	0	0	0	0	0	0	0	0	0	0	0	0	0	0	0	0	0	0	0	0	0	0.0	0	0	0	0	0	0	0	0	0	0	0	0	0	0	0	0	0	0	0	0	0	0	0	0.0
20207	aaa	KNIGHT	HORSE	MELEE	1	100			0		STUN,SLOW,CURSE,TERROR	0		0	0	0	0	0	0	0	0	0	0	0	120	3	1	0	0	10	0	4	100	100	0	2000	150	0	0	0	0	0	0	0	0	0	0	0	0	0	0	0	0	0	0	0	0	0	0	0	0	0	0	0	0	0	0	0	0.0	0	0	0	0	0	0	0	0	0	0	0	0	0	0	0	0	0	0	0	0	0	0	0	0.0
20208	aaa	KNIGHT	HORSE	MELEE	1	100			0		STUN,SLOW,CURSE,TERROR	0	lion	0	0	0	0	0	0	0	0	0	0	0	120	3	1	0	0	10	0	4	100	100	0	2000	150	0	0	0	0	0	0	0	0	0	0	0	0	0	0	0	0	0	0	0	0	0	0	0	0	0	0	0	0	0	0	0	0.0	0	0	0	0	0	0	0	0	0	0	0	0	0	0	0	0	0	0	0	0	0	0	0	0.0
20209	aaa	KNIGHT	HORSE	MELEE	1	100			0		STUN,SLOW,CURSE,TERROR	0	boar	0	0	0	0	0	0	0	0	0	0	0	120	3	1	0	0	10	0	4	100	100	0	2000	150	0	0	0	0	0	0	0	0	0	0	0	0	0	0	0	0	0	0	0	0	0	0	0	0	0	0	0	0	0	0	0	0.0	0	0	0	0	0	0	0	0	0	0	0	0	0	0	0	0	0	0	0	0	0	0	0	0.0
20210	aaa	KNIGHT	HORSE	MELEE	1	100			0		STUN,SLOW,CURSE,TERROR	0	dog_god	0	0	0	0	0	0	0	0	0	0	0	120	3	1	0	0	10	0	4	100	100	0	2000	150	0	0	0	0	0	0	0	0	0	0	0	0	0	0	0	0	0	0	0	0	0	0	0	0	0	0	0	0	0	0	0	0.0	0	0	0	0	0	0	0	0	0	0	0	0	0	0	0	0	0	0	0	0	0	0	0	0.0
20211	aaa	KNIGHT	HORSE	MELEE	1	100			0		STUN,SLOW,CURSE,TERROR	0	fire_tiger	0	0	0	0	0	0	0	0	0	0	0	120	3	1	0	0	10	0	4	100	100	0	2000	150	0	0	0	0	0	0	0	0	0	0	0	0	0	0	0	0	0	0	0	0	0	0	0	0	0	0	0	0	0	0	0	0.0	0	0	0	0	0	0	0	0	0	0	0	0	0	0	0	0	0	0	0	0	0	0	0	0.0
20212	aaa	KNIGHT	HORSE	MELEE	1	100			0		STUN,SLOW,CURSE,TERROR	0	lion	0	0	0	0	0	0	0	0	0	0	0	120	3	1	0	0	10	0	4	100	100	0	2000	150	0	0	0	0	0	0	0	0	0	0	0	0	0	0	0	0	0	0	0	0	0	0	0	0	0	0	0	0	0	0	0	0.0	0	0	0	0	0	0	0	0	0	0	0	0	0	0	0	0	0	0	0	0	0	0	0	0.0
20213	aaa	KNIGHT	HORSE	MELEE	1	100			0		STUN,SLOW,CURSE,TERROR	0	reindeer_male	0	0	0	0	0	0	0	0	0	0	0	120	3	1	0	0	10	0	4	100	100	0	2000	150	0	0	0	0	0	0	0	0	0	0	0	0	0	0	0	0	0	0	0	0	0	0	0	0	0	0	0	0	0	0	0	0.0	0	0	0	0	0	0	0	0	0	0	0	0	0	0	0	0	0	0	0	0	0	0	0	0.0
20214	aaa	KNIGHT	HORSE	MELEE	1	100			0		STUN,SLOW,CURSE,TERROR	0	reindeer_male	0	0	0	0	0	0	0	0	0	0	0	120	3	1	0	0	10	0	4	100	100	0	2000	150	0	0	0	0	0	0	0	0	0	0	0	0	0	0	0	0	0	0	0	0	0	0	0	0	0	0	0	0	0	0	0	0.0	0	0	0	0	0	0	0	0	0	0	0	0	0	0	0	0	0	0	0	0	0	0	0	0.0
20215	aaa	KNIGHT	HORSE	MELEE	1	100			0		STUN,SLOW,CURSE,TERROR	0	reindeer_male	0	0	0	0	0	0	0	0	0	0	0	120	3	1	0	0	10	0	4	100	100	0	2000	150	0	0	0	0	0	0	0	0	0	0	0	0	0	0	0	0	0	0	0	0	0	0	0	0	0	0	0	0	0	0	0	0.0	0	0	0	0	0	0	0	0	0	0	0	0	0	0	0	0	0	0	0	0	0	0	0	0.0
20216	aaa	KNIGHT	HORSE	MELEE	1	100			0		STUN,SLOW,CURSE,TERROR	0	reindeer_female	0	0	0	0	0	0	0	0	0	0	0	120	3	1	0	0	10	0	4	100	100	0	2000	150	0	0	0	0	0	0	0	0	0	0	0	0	0	0	0	0	0	0	0	0	0	0	0	0	0	0	0	0	0	0	0	0.0	0	0	0	0	0	0	0	0	0	0	0	0	0	0	0	0	0	0	0	0	0	0	0	0.0
20217	aaa	KNIGHT	HORSE	MELEE	1	100			0		STUN,SLOW,CURSE,TERROR	0	reindeer_female	0	0	0	0	0	0	0	0	0	0	0	120	3	1	0	0	10	0	4	100	100	0	2000	150	0	0	0	0	0	0	0	0	0	0	0	0	0	0	0	0	0	0	0	0	0	0	0	0	0	0	0	0	0	0	0	0.0	0	0	0	0	0	0	0	0	0	0	0	0	0	0	0	0	0	0	0	0	0	0	0	0.0
20218	aaa	KNIGHT	HORSE	MELEE	1	100			0		STUN,SLOW,CURSE,TERROR	0	reindeer_female	0	0	0	0	0	0	0	0	0	0	0	120	3	1	0	0	10	0	4	100	100	0	2000	150	0	0	0	0	0	0	0	0	0	0	0	0	0	0	0	0	0	0	0	0	0	0	0	0	0	0	0	0	0	0	0	0.0	0	0	0	0	0	0	0	0	0	0	0	0	0	0	0	0	0	0	0	0	0	0	0	0.0
20219	aaa	KNIGHT	HORSE	MELEE	1	100			0		STUN,SLOW,CURSE,TERROR	0	horse_event1	0	0	0	0	0	0	0	0	0	0	0	120	3	1	0	0	10	0	4	100	100	0	2000	150	0	0	0	0	0	0	0	0	0	0	0	0	0	0	0	0	0	0	0	0	0	0	0	0	0	0	0	0	0	0	0	0.0	0	0	0	0	0	0	0	0	0	0	0	0	0	0	0	0	0	0	0	0	0	0	0	0.0
20220	aaa	KNIGHT	HORSE	MELEE	1	100			0		STUN,SLOW,CURSE,TERROR	0	reindeer_male	0	0	0	0	0	0	0	0	0	0	0	120	3	1	0	0	10	0	4	100	100	0	2000	150	0	0	0	0	0	0	0	0	0	0	0	0	0	0	0	0	0	0	0	0	0	0	0	0	0	0	0	0	0	0	0	0.0	0	0	0	0	0	0	0	0	0	0	0	0	0	0	0	0	0	0	0	0	0	0	0	0.0
20221	aaa	KNIGHT	HORSE	MELEE	1	100			0		STUN,SLOW,CURSE,TERROR	0		0	0	0	0	0	0	0	0	0	0	0	120	3	1	0	0	10	0	4	100	100	0	2000	150	0	0	0	0	0	0	0	0	0	0	0	0	0	0	0	0	0	0	0	0	0	0	0	0	0	0	0	0	0	0	0	0.0	0	0	0	0	0	0	0	0	0	0	0	0	0	0	0	0	0	0	0	0	0	0	0	0.0
20222	aaa	KNIGHT	HORSE	MELEE	1	100			0		STUN,SLOW,CURSE,TERROR	0		0	0	0	0	0	0	0	0	0	0	0	120	3	1	0	0	10	0	4	100	100	0	2000	150	0	0	0	0	0	0	0	0	0	0	0	0	0	0	0	0	0	0	0	0	0	0	0	0	0	0	0	0	0	0	0	0.0	0	0	0	0	0	0	0	0	0	0	0	0	0	0	0	0	0	0	0	0	0	0	0	0.0
20223	aaa	KNIGHT	HORSE	MELEE	1	100			0		STUN,SLOW,CURSE,TERROR	0	dinosaur	0	0	0	0	0	0	0	0	0	0	0	120	3	1	0	0	10	0	4	100	100	0	2000	150	0	0	0	0	0	0	0	0	0	0	0	0	0	0	0	0	0	0	0	0	0	0	0	0	0	0	0	0	0	0	0	0.0	0	0	0	0	0	0	0	0	0	0	0	0	0	0	0	0	0	0	0	0	0	0	0	0.0
20224	aaa	KNIGHT	HORSE	MELEE	1	100			0		STUN,SLOW,CURSE,TERROR	0	dinosaur	0	0	0	0	0	0	0	0	0	0	0	120	3	1	0	0	10	0	4	100	100	0	2000	150	0	0	0	0	0	0	0	0	0	0	0	0	0	0	0	0	0	0	0	0	0	0	0	0	0	0	0	0	0	0	0	0.0	0	0	0	0	0	0	0	0	0	0	0	0	0	0	0	0	0	0	0	0	0	0	0	0.0
20225	aaa	KNIGHT	HORSE	MELEE	1	100			0		STUN,SLOW,CURSE,TERROR	0	dinosaur	0	0	0	0	0	0	0	0	0	0	0	120	3	1	0	0	10	0	4	100	100	0	2000	150	0	0	0	0	0	0	0	0	0	0	0	0	0	0	0	0	0	0	0	0	0	0	0	0	0	0	0	0	0	0	0	0.0	0	0	0	0	0	0	0	0	0	0	0	0	0	0	0	0	0	0	0	0	0	0	0	0.0
20226	aaa	KNIGHT	HORSE	MELEE	1	100			0		STUN,SLOW,CURSE,TERROR	0		0	0	0	0	0	0	0	0	0	0	0	120	3	1	0	0	10	0	4	100	100	0	2000	150	0	0	0	0	0	0	0	0	0	0	0	0	0	0	0	0	0	0	0	0	0	0	0	0	0	0	0	0	0	0	0	0.0	0	0	0	0	0	0	0	0	0	0	0	0	0	0	0	0	0	0	0	0	0	0	0	0.0
20227	aaa	KNIGHT	HORSE	MELEE	1	100			0		STUN,SLOW,CURSE,TERROR	0	unicorn	0	0	0	0	0	0	0	0	0	0	0	120	3	1	0	0	10	0	4	100	100	0	2000	150	0	0	0	0	0	0	0	0	0	0	0	0	0	0	0	0	0	0	0	0	0	0	0	0	0	0	0	0	0	0	0	0.0	0	0	0	0	0	0	0	0	0	0	0	0	0	0	0	0	0	0	0	0	0	0	0	0.0
20228	aaa	KNIGHT	HORSE	MELEE	1	100			0		STUN,SLOW,CURSE,TERROR	0	turkey	0	0	0	0	0	0	0	0	0	0	0	120	3	1	0	0	10	0	4	100	100	0	2000	150	0	0	0	0	0	0	0	0	0	0	0	0	0	0	0	0	0	0	0	0	0	0	0	0	0	0	0	0	0	0	0	0.0	0	0	0	0	0	0	0	0	0	0	0	0	0	0	0	0	0	0	0	0	0	0	0	0.0
20229	aaa	KNIGHT	HORSE	MELEE	1	100			0		STUN,SLOW,CURSE,TERROR	0	turkey	0	0	0	0	0	0	0	0	0	0	0	120	3	1	0	0	10	0	4	100	100	0	2000	150	0	0	0	0	0	0	0	0	0	0	0	0	0	0	0	0	0	0	0	0	0	0	0	0	0	0	0	0	0	0	0	0.0	0	0	0	0	0	0	0	0	0	0	0	0	0	0	0	0	0	0	0	0	0	0	0	0.0
20230	aaa	KNIGHT	HORSE	MELEE	1	100			0		STUN,SLOW,CURSE,TERROR	0	turkey	0	0	0	0	0	0	0	0	0	0	0	120	3	1	0	0	10	0	4	100	100	0	2000	150	0	0	0	0	0	0	0	0	0	0	0	0	0	0	0	0	0	0	0	0	0	0	0	0	0	0	0	0	0	0	0	0.0	0	0	0	0	0	0	0	0	0	0	0	0	0	0	0	0	0	0	0	0	0	0	0	0.0
20231	aaa	KNIGHT	HORSE	MELEE	1	100			0		STUN,SLOW,CURSE,TERROR	0	leopard	0	0	0	0	0	0	0	0	0	0	0	120	3	1	0	0	10	0	4	100	100	0	2000	150	0	0	0	0	0	0	0	0	0	0	0	0	0	0	0	0	0	0	0	0	0	0	0	0	0	0	0	0	0	0	0	0.0	0	0	0	0	0	0	0	0	0	0	0	0	0	0	0	0	0	0	0	0	0	0	0	0.0
20232	aaa	KNIGHT	HORSE	MELEE	1	100			0		STUN,SLOW,CURSE,TERROR	0	leopard	0	0	0	0	0	0	0	0	0	0	0	120	3	1	0	0	10	0	4	100	100	0	2000	150	0	0	0	0	0	0	0	0	0	0	0	0	0	0	0	0	0	0	0	0	0	0	0	0	0	0	0	0	0	0	0	0.0	0	0	0	0	0	0	0	0	0	0	0	0	0	0	0	0	0	0	0	0	0	0	0	0.0
20233	muffin_(kahve_aksesuar)	KNIGHT	HORSE	MELEE	1	100			0		STUN,SLOW,CURSE,TERROR	0	chick	0	0	0	0	0	0	0	0	0	0	0	120	3	1	0	0	10	0	4	100	100	0	2000	150	0	0	0	0	0	0	0	0	0	0	0	0	0	0	0	0	0	0	0	0	0	0	0	0	0	0	0	0	0	0	0	0.0	0	0	0	0	0	0	0	0	0	0	0	0	0	0	0	0	0	0	0	0	0	0	0	0.0
20234	nugget_(kahve_aksesuar)	KNIGHT	HORSE	MELEE	1	100			0		STUN,SLOW,CURSE,TERROR	0	chick	0	0	0	0	0	0	0	0	0	0	0	120	3	1	0	0	10	0	4	100	100	0	2000	150	0	0	0	0	0	0	0	0	0	0	0	0	0	0	0	0	0	0	0	0	0	0	0	0	0	0	0	0	0	0	0	0.0	0	0	0	0	0	0	0	0	0	0	0	0	0	0	0	0	0	0	0	0	0	0	0	0.0
20235	muffin_(mavi_aksesuar)	KNIGHT	HORSE	MELEE	1	100			0		STUN,SLOW,CURSE,TERROR	0	chick	0	0	0	0	0	0	0	0	0	0	0	120	3	1	0	0	10	0	4	100	100	0	2000	150	0	0	0	0	0	0	0	0	0	0	0	0	0	0	0	0	0	0	0	0	0	0	0	0	0	0	0	0	0	0	0	0.0	0	0	0	0	0	0	0	0	0	0	0	0	0	0	0	0	0	0	0	0	0	0	0	0.0
20236	nugget_(mavi_aksesuar)	KNIGHT	HORSE	MELEE	1	100			0		STUN,SLOW,CURSE,TERROR	0	chick	0	0	0	0	0	0	0	0	0	0	0	120	3	1	0	0	10	0	4	100	100	0	2000	150	0	0	0	0	0	0	0	0	0	0	0	0	0	0	0	0	0	0	0	0	0	0	0	0	0	0	0	0	0	0	0	0.0	0	0	0	0	0	0	0	0	0	0	0	0	0	0	0	0	0	0	0	0	0	0	0	0.0
20237	muffin_(yesil_aksesuar)	KNIGHT	HORSE	MELEE	1	100			0		STUN,SLOW,CURSE,TERROR	0	chick	0	0	0	0	0	0	0	0	0	0	0	120	3	1	0	0	10	0	4	100	100	0	2000	150	0	0	0	0	0	0	0	0	0	0	0	0	0	0	0	0	0	0	0	0	0	0	0	0	0	0	0	0	0	0	0	0.0	0	0	0	0	0	0	0	0	0	0	0	0	0	0	0	0	0	0	0	0	0	0	0	0.0
20238	nugget_(yesil_aksesuar)	KNIGHT	HORSE	MELEE	1	100			0		STUN,SLOW,CURSE,TERROR	0	chick	0	0	0	0	0	0	0	0	0	0	0	120	3	1	0	0	10	0	4	100	100	0	2000	150	0	0	0	0	0	0	0	0	0	0	0	0	0	0	0	0	0	0	0	0	0	0	0	0	0	0	0	0	0	0	0	0.0	0	0	0	0	0	0	0	0	0	0	0	0	0	0	0	0	0	0	0	0	0	0	0	0.0
20239	simsek	KNIGHT	HORSE	MELEE	1	100			0		STUN,SLOW,CURSE,TERROR	0		0	0	0	0	0	0	0	0	0	0	0	120	3	1	0	0	10	0	4	100	100	0	2000	150	0	0	0	0	0	0	0	0	0	0	0	0	0	0	0	0	0	0	0	0	0	0	0	0	0	0	0	0	0	0	0	0.0	0	0	0	0	0	0	0	0	0	0	0	0	0	0	0	0	0	0	0	0	0	0	0	0.0
20240	gumburtu	KNIGHT	HORSE	MELEE	1	100			0		STUN,SLOW,CURSE,TERROR	0		0	0	0	0	0	0	0	0	0	0	0	120	3	1	0	0	10	0	4	100	100	0	2000	150	0	0	0	0	0	0	0	0	0	0	0	0	0	0	0	0	0	0	0	0	0	0	0	0	0	0	0	0	0	0	0	0.0	0	0	0	0	0	0	0	0	0	0	0	0	0	0	0	0	0	0	0	0	0	0	0	0.0
20241	nugget_(lacivert)	KING	HORSE	MELEE	1	100			0		STUN,SLOW,TERROR	0	chick	0	0	0	0	0	0	0	0	0	0	0	120	3	1	0	0	10	0	4	100	100	0	2000	150	0	0	0	0	0	0	0	0	0	0	0	0	0	0	0	0	0	0	0	0	0	0	0	0	0	0	0	0	0	0	0	0.0	0	0	0	0	0	0	0	0	0	0	0	0	0	0	0	0	0	0	0	0	0	0	0	0.0
20242	muffin_(gul_rengi)	KING	HORSE	MELEE	1	100			0		STUN,SLOW,TERROR	0	chick	0	0	0	0	0	0	0	0	0	0	0	120	3	1	0	0	10	0	4	100	100	0	2000	150	0	0	0	0	0	0	0	0	0	0	0	0	0	0	0	0	0	0	0	0	0	0	0	0	0	0	0	0	0	0	0	0.0	0	0	0	0	0	0	0	0	0	0	0	0	0	0	0	0	0	0	0	0	0	0	0	0.0
20243	kizaghanin_ati	KNIGHT	HORSE	MELEE	1	100			0		STUN,SLOW,TERROR	0	horse_event1	0	0	0	0	0	0	0	0	0	0	0	120	3	1	0	0	10	0	4	100	100	0	2000	150	0	0	0	0	0	0	0	0	0	0	0	0	0	0	0	0	0	0	0	0	0	0	0	0	0	0	0	0	0	0	0	0.0	0	0	0	0	0	0	0	0	0	0	0	0	0	0	0	0	0	0	0	0	0	0	0	0.0
20244	nirvana_ejderhasi	KNIGHT	HORSE	MELEE	1	100			0		STUN,SLOW,TERROR	0	halloween_2016_dragon	0	0	0	0	0	0	0	0	0	0	0	120	3	1	0	0	10	0	4	100	100	0	2000	150	0	0	0	0	0	0	0	0	0	0	0	0	0	0	0	0	0	0	0	0	0	0	0	0	0	0	0	0	0	0	0	0.0	0	0	0	0	0	0	0	0	0	0	0	0	0	0	0	0	0	0	0	0	0	0	0	0.0
20245	samsara_ejderhasi	KNIGHT	HORSE	MELEE	1	100			0		STUN,SLOW,TERROR	0	halloween_2016_dragon	0	0	0	0	0	0	0	0	0	0	0	120	3	1	0	0	10	0	4	100	100	0	2000	150	0	0	0	0	0	0	0	0	0	0	0	0	0	0	0	0	0	0	0	0	0	0	0	0	0	0	0	0	0	0	0	0.0	0	0	0	0	0	0	0	0	0	0	0	0	0	0	0	0	0	0	0	0	0	0	0	0.0
20246	manni	KNIGHT	HORSE	MELEE	1	100			0		STUN,SLOW,TERROR	0	christmas_2016_mammoth	0	0	0	0	0	0	0	0	0	0	0	120	3	1	0	0	10	0	4	100	100	0	2000	150	0	0	0	0	0	0	0	0	0	0	0	0	0	0	0	0	0	0	0	0	0	0	0	0	0	0	0	0	0	0	0	0.0	0	0	0	0	0	0	0	0	0	0	0	0	0	0	0	0	0	0	0	0	0	0	0	0.0
20247	manu	KNIGHT	HORSE	MELEE	1	100			0		STUN,SLOW,TERROR	0	christmas_2016_mammoth	0	0	0	0	0	0	0	0	0	0	0	120	3	1	0	0	10	0	4	100	100	0	2000	150	0	0	0	0	0	0	0	0	0	0	0	0	0	0	0	0	0	0	0	0	0	0	0	0	0	0	0	0	0	0	0	0.0	0	0	0	0	0	0	0	0	0	0	0	0	0	0	0	0	0	0	0	0	0	0	0	0.0
20248	kahverengi_dovus_tulusu	KNIGHT	HORSE	MELEE	1	100			0		STUN,SLOW,TERROR	0	ramadan_2017_camel	0	0	0	0	0	0	0	0	0	0	0	120	3	1	0	0	10	0	4	100	100	0	2000	150	0	0	0	0	0	0	0	0	0	0	0	0	0	0	0	0	0	0	0	0	0	0	0	0	0	0	0	0	0	0	0	0.0	0	0	0	0	0	0	0	0	0	0	0	0	0	0	0	0	0	0	0	0	0	0	0	0.0
20249	siyah_dovus_tulusu	KNIGHT	HORSE	MELEE	1	100			0		STUN,SLOW,TERROR	0	ramadan_2017_camel	0	0	0	0	0	0	0	0	0	0	0	120	3	1	0	0	10	0	4	100	100	0	2000	150	0	0	0	0	0	0	0	0	0	0	0	0	0	0	0	0	0	0	0	0	0	0	0	0	0	0	0	0	0	0	0	0.0	0	0	0	0	0	0	0	0	0	0	0	0	0	0	0	0	0	0	0	0	0	0	0	0.0
20250	lav_cehennemi_keleri	KNIGHT	HORSE	MELEE	1	100			0		STUN,SLOW,TERROR	0	halloween_2017_volcano_beast	0	0	0	0	0	0	0	0	0	0	0	120	3	1	0	0	10	0	4	100	100	0	2000	150	0	0	0	0	0	0	0	0	0	0	0	0	0	0	0	0	0	0	0	0	0	0	0	0	0	0	0	0	0	0	0	0.0	0	0	0	0	0	0	0	0	0	0	0	0	0	0	0	0	0	0	0	0	0	0	0	0.0
20251	buz_cehennemi_keleri	KNIGHT	HORSE	MELEE	1	100			0		STUN,SLOW,TERROR	0	halloween_2017_volcano_beast	0	0	0	0	0	0	0	0	0	0	0	120	3	1	0	0	10	0	4	100	100	0	2000	150	0	0	0	0	0	0	0	0	0	0	0	0	0	0	0	0	0	0	0	0	0	0	0	0	0	0	0	0	0	0	0	0.0	0	0	0	0	0	0	0	0	0	0	0	0	0	0	0	0	0	0	0	0	0	0	0	0.0
20252	magma_ejderi	KNIGHT	HORSE	MELEE	1	100			0		STUN,SLOW,TERROR	0		0	0	0	0	0	0	0	0	0	0	0	120	3	1	0	0	10	0	4	100	100	0	2000	150	0	0	0	0	0	0	0	0	0	0	0	0	0	0	0	0	0	0	0	0	0	0	0	0	0	0	0	0	0	0	0	0.0	0	0	0	0	0	0	0	0	0	0	0	0	0	0	0	0	0	0	0	0	0	0	0	0.0
20253	appaloosa	KNIGHT	HORSE	MELEE	1	100			0		STUN,SLOW,TERROR	0	pony	0	0	0	0	0	0	0	0	0	0	0	120	3	1	0	0	10	0	4	100	100	0	2000	150	0	0	0	0	0	0	0	0	0	0	0	0	0	0	0	0	0	0	0	0	0	0	0	0	0	0	0	0	0	0	0	0.0	0	0	0	0	0	0	0	0	0	0	0	0	0	0	0	0	0	0	0	0	0	0	0	0.0
20254	beyaz_tavsan	KNIGHT	HORSE	MELEE	1	100			0		STUN,SLOW,TERROR	0	easter_2018_rabbit	0	0	0	0	0	0	0	0	0	0	0	120	3	1	0	0	10	0	4	100	100	0	2000	150	0	0	0	0	0	0	0	0	0	0	0	0	0	0	0	0	0	0	0	0	0	0	0	0	0	0	0	0	0	0	0	0.0	0	0	0	0	0	0	0	0	0	0	0	0	0	0	0	0	0	0	0	0	0	0	0	0.0
20255	ay_tavsani	KNIGHT	HORSE	MELEE	1	100			0		STUN,SLOW,TERROR	0	easter_2018_rabbit	0	0	0	0	0	0	0	0	0	0	0	120	3	1	0	0	10	0	4	100	100	0	2000	150	0	0	0	0	0	0	0	0	0	0	0	0	0	0	0	0	0	0	0	0	0	0	0	0	0	0	0	0	0	0	0	0.0	0	0	0	0	0	0	0	0	0	0	0	0	0	0	0	0	0	0	0	0	0	0	0	0.0
20257	bernie	KNIGHT	HORSE	MELEE	1	100			0		STUN,SLOW,TERROR	0	christmas_2017_sleddog	0	0	0	0	0	0	0	0	0	0	0	120	3	1	0	0	10	0	4	100	100	0	2000	150	0	0	0	0	0	0	0	0	0	0	0	0	0	0	0	0	0	0	0	0	0	0	0	0	0	0	0	0	0	0	0	0.0	0	0	0	0	0	0	0	0	0	0	0	0	0	0	0	0	0	0	0	0	0	0	0	0.0
20258	mavis_barry	KNIGHT	HORSE	MELEE	1	100			0		STUN,SLOW,TERROR	0	christmas_2017_sleddog	0	0	0	0	0	0	0	0	0	0	0	120	3	1	0	0	10	0	4	100	100	0	2000	150	0	0	0	0	0	0	0	0	0	0	0	0	0	0	0	0	0	0	0	0	0	0	0	0	0	0	0	0	0	0	0	0.0	0	0	0	0	0	0	0	0	0	0	0	0	0	0	0	0	0	0	0	0	0	0	0	0.0
20259	kerberos_(altin)	KNIGHT	HORSE	MELEE	1	100			0		STUN,SLOW,TERROR	0	halloween_2018_cerberos	0	0	0	0	0	0	0	0	0	0	0	120	3	1	0	0	10	0	4	100	100	0	2000	150	0	0	0	0	0	0	0	0	0	0	0	0	0	0	0	0	0	0	0	0	0	0	0	0	0	0	0	0	0	0	0	0.0	0	0	0	0	0	0	0	0	0	0	0	0	0	0	0	0	0	0	0	0	0	0	0	0.0
20260	kerberos_(gumus)	KNIGHT	HORSE	MELEE	1	100			0		STUN,SLOW,TERROR	0	halloween_2018_cerberos	0	0	0	0	0	0	0	0	0	0	0	120	3	1	0	0	10	0	4	100	100	0	2000	150	0	0	0	0	0	0	0	0	0	0	0	0	0	0	0	0	0	0	0	0	0	0	0	0	0	0	0	0	0	0	0	0.0	0	0	0	0	0	0	0	0	0	0	0	0	0	0	0	0	0	0	0	0	0	0	0	0.0
20261	spektral_at	KNIGHT	HORSE	MELEE	1	100			0		STUN,SLOW,TERROR	0	christmas_2018_horse	0	0	0	0	0	0	0	0	0	0	0	120	3	1	0	0	10	0	4	100	100	0	2000	150	0	0	0	0	0	0	0	0	0	0	0	0	0	0	0	0	0	0	0	0	0	0	0	0	0	0	0	0	0	0	0	0.0	0	0	0	0	0	0	0	0	0	0	0	0	0	0	0	0	0	0	0	0	0	0	0	0.0
20262	at_nokturnat	KNIGHT	HORSE	MELEE	1	100			0		STUN,SLOW,TERROR	0	christmas_2018_horse	0	0	0	0	0	0	0	0	0	0	0	120	3	1	0	0	10	0	4	100	100	0	2000	150	0	0	0	0	0	0	0	0	0	0	0	0	0	0	0	0	0	0	0	0	0	0	0	0	0	0	0	0	0	0	0	0.0	0	0	0	0	0	0	0	0	0	0	0	0	0	0	0	0	0	0	0	0	0	0	0	0.0
20263	gece_kanadi	KNIGHT	HORSE	MELEE	1	100			0		STUN,SLOW,TERROR	0	halloween_2019_bat	0	0	0	0	0	0	0	0	0	0	0	120	3	1	0	0	10	0	4	100	100	0	2000	150	0	0	0	0	0	0	0	0	0	0	0	0	0	0	0	0	0	0	0	0	0	0	0	0	0	0	0	0	0	0	0	0.0	0	0	0	0	0	0	0	0	0	0	0	0	0	0	0	0	0	0	0	0	0	0	0	0.0
20264	karanlik_kanat	KNIGHT	HORSE	MELEE	1	100			0		STUN,SLOW,TERROR	0	halloween_2019_bat	0	0	0	0	0	0	0	0	0	0	0	120	3	1	0	0	10	0	4	100	100	0	2000	150	0	0	0	0	0	0	0	0	0	0	0	0	0	0	0	0	0	0	0	0	0	0	0	0	0	0	0	0	0	0	0	0.0	0	0	0	0	0	0	0	0	0	0	0	0	0	0	0	0	0	0	0	0	0	0	0	0.0
20265	ay_golgesi	KNIGHT	HORSE	MELEE	1	100			0		STUN,SLOW,TERROR	0	christmas_2019_horse	0	0	0	0	0	0	0	0	0	0	0	120	3	1	0	0	10	0	4	100	100	0	2000	150	0	0	0	0	0	0	0	0	0	0	0	0	0	0	0	0	0	0	0	0	0	0	0	0	0	0	0	0	0	0	0	0.0	0	0	0	0	0	0	0	0	0	0	0	0	0	0	0	0	0	0	0	0	0	0	0	0.0
20266	gumus_yildiz	KNIGHT	HORSE	MELEE	1	100			0		STUN,SLOW,TERROR	0	christmas_2019_horse	0	0	0	0	0	0	0	0	0	0	0	120	3	1	0	0	10	0	4	100	100	0	2000	150	0	0	0	0	0	0	0	0	0	0	0	0	0	0	0	0	0	0	0	0	0	0	0	0	0	0	0	0	0	0	0	0.0	0	0	0	0	0	0	0	0	0	0	0	0	0	0	0	0	0	0	0	0	0	0	0	0.0
20267	altin_savas_hayvani	KNIGHT	HORSE	MELEE	1	100			0		STUN,SLOW,TERROR	0	easter_2020_cow	0	0	0	0	0	0	0	0	0	0	0	120	3	1	0	0	10	0	0	4	100	100	2000	150	0	0	0	0	0	0	0	0	0	0	0	0	0	0	0	0	0	0	0	0	0	0	0	0	0	0	0	0	0	0	0	0.0	0	0	0	0	0	0	0	0	0	0	0	0	0	0	0	0	0	0	0	0	0	0	0	0.0
20268	gumus_savas_hayvani	KNIGHT	HORSE	MELEE	1	100			0		STUN,SLOW,TERROR	0	easter_2020_cow	0	0	0	0	0	0	0	0	0	0	0	120	3	1	0	0	10	0	0	4	100	100	2000	150	0	0	0	0	0	0	0	0	0	0	0	0	0	0	0	0	0	0	0	0	0	0	0	0	0	0	0	0	0	0	0	0.0	0	0	0	0	0	0	0	0	0	0	0	0	0	0	0	0	0	0	0	0	0	0	0	0.0
20269	beyaz_sfenks	KNIGHT	HORSE	MELEE	1	100			0		STUN,SLOW,TERROR	0	ramadan_2020_sphinx	0	0	0	0	0	0	0	0	0	0	0	120	3	1	0	0	10	0	4	100	100	0	2000	150	0	0	0	0	0	0	0	0	0	0	0	0	0	0	0	0	0	0	0	0	0	0	0	0	0	0	0	0	0	0	0	0.0	0	0	0	0	0	0	0	0	0	0	0	0	0	0	0	0	0	0	0	0	0	0	0	0.0
20270	tas_sfenks	KNIGHT	HORSE	MELEE	1	100			0		STUN,SLOW,TERROR	0	ramadan_2020_sphinx	0	0	0	0	0	0	0	0	0	0	0	120	3	1	0	0	10	0	4	100	100	0	2000	150	0	0	0	0	0	0	0	0	0	0	0	0	0	0	0	0	0	0	0	0	0	0	0	0	0	0	0	0	0	0	0	0.0	0	0	0	0	0	0	0	0	0	0	0	0	0	0	0	0	0	0	0	0	0	0	0	0.0
20271	buz_kuzgunu	KNIGHT	HORSE	MELEE	1	100			0		STUN,SLOW,TERROR	0	halloween_2020_crow	0	0	0	0	0	0	0	0	0	0	0	120	3	1	0	0	10	0	4	100	100	0	2000	150	0	0	0	0	0	0	0	0	0	0	0	0	0	0	0	0	0	0	0	0	0	0	0	0	0	0	0	0	0	0	0	0.0	0	0	0	0	0	0	0	0	0	0	0	0	0	0	0	0	0	0	0	0	0	0	0	0.0
20272	gece_kuzgunu	KNIGHT	HORSE	MELEE	1	100			0		STUN,SLOW,TERROR	0	halloween_2020_crow	0	0	0	0	0	0	0	0	0	0	0	120	3	1	0	0	10	0	4	100	100	0	2000	150	0	0	0	0	0	0	0	0	0	0	0	0	0	0	0	0	0	0	0	0	0	0	0	0	0	0	0	0	0	0	0	0.0	0	0	0	0	0	0	0	0	0	0	0	0	0	0	0	0	0	0	0	0	0	0	0	0.0
20273	beyaz_kis_lamasi	KNIGHT	HORSE	MELEE	1	100			0		STUN,SLOW,TERROR	0		0	0	0	0	0	0	0	0	0	0	0	120	3	1	0	0	10	0	4	100	100	0	2000	150	0	0	0	0	0	0	0	0	0	0	0	0	0	0	0	0	0	0	0	0	0	0	0	0	0	0	0	0	0	0	0	0.0	0	0	0	0	0	0	0	0	0	0	0	0	0	0	0	0	0	0	0	0	0	0	0	0.0
20274	kahverengi_kis_lamasi	KNIGHT	HORSE	MELEE	1	100			0		STUN,SLOW,TERROR	0	christmas_2020_alpaca	0	0	0	0	0	0	0	0	0	0	0	120	3	1	0	0	10	0	4	100	100	0	2000	150	0	0	0	0	0	0	0	0	0	0	0	0	0	0	0	0	0	0	0	0	0	0	0	0	0	0	0	0	0	0	0	0.0	0	0	0	0	0	0	0	0	0	0	0	0	0	0	0	0	0	0	0	0	0	0	0	0.0
20275	alastor	KNIGHT	HORSE	MELEE	1	100			0		STUN,SLOW,TERROR	0		0	0	0	0	0	0	0	0	0	0	0	120	3	1	0	0	10	0	4	100	100	0	2000	150	0	0	0	0	0	0	0	0	0	0	0	0	0	0	0	0	0	0	0	0	0	0	0	0	0	0	0	0	0	0	0	0.0	0	0	0	0	0	0	0	0	0	0	0	0	0	0	0	0	0	0	0	0	0	0	0	0.0
20276	aceleci_tavsan_(pembe)	KNIGHT	HORSE	MELEE	1	100			0		STUN,SLOW,TERROR	0	easter_2021_rabbit	0	0	0	0	0	0	0	0	0	0	0	120	3	1	0	0	10	0	4	100	100	0	2000	150	0	0	0	0	0	0	0	0	0	0	0	0	0	0	0	0	0	0	0	0	0	0	0	0	0	0	0	0	0	0	0	0.0	0	0	0	0	0	0	0	0	0	0	0	0	0	0	0	0	0	0	0	0	0	0	0	0.0
20277	aceleci_tavsan_(mavi)	KNIGHT	HORSE	MELEE	1	100			0		STUN,SLOW,TERROR	0	easter_2021_rabbit	0	0	0	0	0	0	0	0	0	0	0	120	3	1	0	0	10	0	4	100	100	0	2000	150	0	0	0	0	0	0	0	0	0	0	0	0	0	0	0	0	0	0	0	0	0	0	0	0	0	0	0	0	0	0	0	0.0	0	0	0	0	0	0	0	0	0	0	0	0	0	0	0	0	0	0	0	0	0	0	0	0.0
20278	kan_kirmizi_kitsune	KNIGHT	HORSE	MELEE	1	100			0		STUN,SLOW,TERROR	0	halloween_2021_ninetail	0	0	0	0	0	0	0	0	0	0	0	120	3	1	0	0	10	0	4	100	100	0	2000	150	0	0	0	0	0	0	0	0	0	0	0	0	0	0	0	0	0	0	0	0	0	0	0	0	0	0	0	0	0	0	0	0.0	0	0	0	0	0	0	0	0	0	0	0	0	0	0	0	0	0	0	0	0	0	0	0	0.0
20279	buz_mavisi_kitsune	KNIGHT	HORSE	MELEE	1	100			0		STUN,SLOW,TERROR	0	halloween_2021_ninetail	0	0	0	0	0	0	0	0	0	0	0	120	3	1	0	0	10	0	4	100	100	0	2000	150	0	0	0	0	0	0	0	0	0	0	0	0	0	0	0	0	0	0	0	0	0	0	0	0	0	0	0	0	0	0	0	0.0	0	0	0	0	0	0	0	0	0	0	0	0	0	0	0	0	0	0	0	0	0	0	0	0.0
20280	kizil_kar_kurdu	KNIGHT	HORSE	MELEE	1	100			0		STUN,SLOW,TERROR	0	christmas_2021_wolf	0	0	0	0	0	0	0	0	0	0	0	120	3	1	0	0	10	0	4	100	100	0	2000	150	0	0	0	0	0	0	0	0	0	0	0	0	0	0	0	0	0	0	0	0	0	0	0	0	0	0	0	0	0	0	0	0.0	0	0	0	0	0	0	0	0	0	0	0	0	0	0	0	0	0	0	0	0	0	0	0	0.0
20281	mavi_kar_kurdu	KNIGHT	HORSE	MELEE	1	100			0		STUN,SLOW,TERROR	0	christmas_2021_wolf	0	0	0	0	0	0	0	0	0	0	0	120	3	1	0	0	10	0	4	100	100	0	2000	150	0	0	0	0	0	0	0	0	0	0	0	0	0	0	0	0	0	0	0	0	0	0	0	0	0	0	0	0	0	0	0	0.0	0	0	0	0	0	0	0	0	0	0	0	0	0	0	0	0	0	0	0	0	0	0	0	0.0
20282	ay_isigi_deniz_ati	KNIGHT	HORSE	MELEE	1	100			0		STUN,SLOW,TERROR	0	easter_2022_seahorse	0	0	0	0	0	0	0	0	0	0	0	120	3	1	0	0	10	0	4	100	100	0	2000	150	0	0	0	0	0	0	0	0	0	0	0	0	0	0	0	0	0	0	0	0	0	0	0	0	0	0	0	0	0	0	0	0.0	0	0	0	0	0	0	0	0	0	0	0	0	0	0	0	0	0	0	0	0	0	0	0	0.0
20283	gunes_isigi_deniz_ati	KNIGHT	HORSE	MELEE	1	100			0		STUN,SLOW,TERROR	0	easter_2022_seahorse	0	0	0	0	0	0	0	0	0	0	0	120	3	1	0	0	10	0	4	100	100	0	2000	150	0	0	0	0	0	0	0	0	0	0	0	0	0	0	0	0	0	0	0	0	0	0	0	0	0	0	0	0	0	0	0	0.0	0	0	0	0	0	0	0	0	0	0	0	0	0	0	0	0	0	0	0	0	0	0	0	0.0
20284	kara_gece_kabusu	KNIGHT	HORSE	MELEE	1	100			0		STUN,SLOW,TERROR	0	halloween_2022_bat	0	0	0	0	0	0	0	0	0	0	0	120	3	1	0	0	10	0	4	100	100	0	2000	150	0	0	0	0	0	0	0	0	0	0	0	0	0	0	0	0	0	0	0	0	0	0	0	0	0	0	0	0	0	0	0	0.0	0	0	0	0	0	0	0	0	0	0	0	0	0	0	0	0	0	0	0	0	0	0	0	0.0
20285	altin_gece_kabusu	KNIGHT	HORSE	MELEE	1	100			0		STUN,SLOW,TERROR	0	halloween_2022_bat	0	0	0	0	0	0	0	0	0	0	0	120	3	1	0	0	10	0	4	100	100	0	2000	150	0	0	0	0	0	0	0	0	0	0	0	0	0	0	0	0	0	0	0	0	0	0	0	0	0	0	0	0	0	0	0	0.0	0	0	0	0	0	0	0	0	0	0	0	0	0	0	0	0	0	0	0	0	0	0	0	0.0
20286	kis_firtinasi_ren_geyigi	KNIGHT	HORSE	MELEE	1	100			0		STUN,SLOW,TERROR	0	christmas_2022_reindeer	0	0	0	0	0	0	0	0	0	0	0	120	3	1	0	0	10	0	4	100	100	0	2000	150	0	0	0	0	0	0	0	0	0	0	0	0	0	0	0	0	0	0	0	0	0	0	0	0	0	0	0	0	0	0	0	0.0	0	0	0	0	0	0	0	0	0	0	0	0	0	0	0	0	0	0	0	0	0	0	0	0.0
20287	kis_gecesi_ren_geyigi	KNIGHT	HORSE	MELEE	1	100			0		STUN,SLOW,TERROR	0	christmas_2022_reindeer	0	0	0	0	0	0	0	0	0	0	0	120	3	1	0	0	10	0	4	100	100	0	2000	150	0	0	0	0	0	0	0	0	0	0	0	0	0	0	0	0	0	0	0	0	0	0	0	0	0	0	0	0	0	0	0	0.0	0	0	0	0	0	0	0	0	0	0	0	0	0	0	0	0	0	0	0	0	0	0	0	0.0
20288	kar_tanesi_yildizi	KNIGHT	HORSE	MELEE	1	100			0		STUN,SLOW,TERROR	0	reindeer_male	0	0	0	0	0	0	0	0	0	0	0	120	3	1	0	0	10	0	4	100	100	0	2000	150	0	0	0	0	0	0	0	0	0	0	0	0	0	0	0	0	0	0	0	0	0	0	0	0	0	0	0	0	0	0	0	0.0	0	0	0	0	0	0	0	0	0	0	0	0	0	0	0	0	0	0	0	0	0	0	0	0.0
20289	aceleci_tavsan_(kirmizi)	KNIGHT	HORSE	MELEE	1	100			0		STUN,SLOW,TERROR	0	easter_2021_rabbit	0	0	0	0	0	0	0	0	0	0	0	120	3	1	0	0	10	0	4	100	100	0	2000	150	0	0	0	0	0	0	0	0	0	0	0	0	0	0	0	0	0	0	0	0	0	0	0	0	0	0	0	0	0	0	0	0.0	0	0	0	0	0	0	0	0	0	0	0	0	0	0	0	0	0	0	0	0	0	0	0	0.0
20290	aceleci_tavsan_(siyah)	KNIGHT	HORSE	MELEE	1	100			0		STUN,SLOW,TERROR	0	easter_2021_rabbit	0	0	0	0	0	0	0	0	0	0	0	120	3	1	0	0	10	0	4	100	100	0	2000	150	0	0	0	0	0	0	0	0	0	0	0	0	0	0	0	0	0	0	0	0	0	0	0	0	0	0	0	0	0	0	0	0.0	0	0	0	0	0	0	0	0	0	0	0	0	0	0	0	0	0	0	0	0	0	0	0	0.0
20291	aaa	KNIGHT	HORSE	MELEE	1	100			0		STUN,SLOW,TERROR	0	halloween_2023_broom	0	0	0	0	0	0	0	0	0	0	0	120	3	1	0	0	10	0	4	100	100	0	2000	150	0	0	0	0	0	0	0	0	0	0	0	0	0	0	0	0	0	0	0	0	0	0	0	0	0	0	0	0	0	0	0	0.0	0	0	0	0	0	0	0	0	0	0	0	0	0	0	0	0	0	0	0	0	0	0	0	0.0
20292	aaa	KNIGHT	HORSE	MELEE	1	100			0		STUN,SLOW,TERROR	0	halloween_2023_broom	0	0	0	0	0	0	0	0	0	0	0	120	3	1	0	0	10	0	4	100	100	0	2000	150	0	0	0	0	0	0	0	0	0	0	0	0	0	0	0	0	0	0	0	0	0	0	0	0	0	0	0	0	0	0	0	0.0	0	0	0	0	0	0	0	0	0	0	0	0	0	0	0	0	0	0	0	0	0	0	0	0.0
20293	aaa	KNIGHT	HORSE	MELEE	1	100			0		STUN,SLOW,TERROR	0	christmas_2018_horse	0	0	0	0	0	0	0	0	0	0	0	120	3	1	0	0	10	0	4	100	100	0	2000	150	0	0	0	0	0	0	0	0	0	0	0	0	0	0	0	0	0	0	0	0	0	0	0	0	0	0	0	0	0	0	0	0.0	0	0	0	0	0	0	0	0	0	0	0	0	0	0	0	0	0	0	0	0	0	0	0	0.0
20294	aaa	KNIGHT	HORSE	MELEE	1	100			0		STUN,SLOW,TERROR	0	christmas_2018_horse	0	0	0	0	0	0	0	0	0	0	0	120	3	1	0	0	10	0	4	100	100	0	2000	150	0	0	0	0	0	0	0	0	0	0	0	0	0	0	0	0	0	0	0	0	0	0	0	0	0	0	0	0	0	0	0	0.0	0	0	0	0	0	0	0	0	0	0	0	0	0	0	0	0	0	0	0	0	0	0	0	0.0
20295	aaa	KNIGHT	HORSE	MELEE	1	100			0		STUN,SLOW,TERROR	0	ramadan_2024_eagle	0	0	0	0	0	0	0	0	0	0	0	120	3	1	0	0	10	0	4	100	100	0	2000	150	0	0	0	0	0	0	0	0	0	0	0	0	0	0	0	0	0	0	0	0	0	0	0	0	0	0	0	0	0	0	0	0.0	0	0	0	0	0	0	0	0	0	0	0	0	0	0	0	0	0	0	0	0	0	0	0	0.0
20296	aaa	KNIGHT	HORSE	MELEE	1	100			0		STUN,SLOW,TERROR	0	ramadan_2024_eagle	0	0	0	0	0	0	0	0	0	0	0	120	3	1	0	0	10	0	4	100	100	0	2000	150	0	0	0	0	0	0	0	0	0	0	0	0	0	0	0	0	0	0	0	0	0	0	0	0	0	0	0	0	0	0	0	0.0	0	0	0	0	0	0	0	0	0	0	0	0	0	0	0	0	0	0	0	0	0	0	0	0.0
20298	aaa	KNIGHT	HORSE	MELEE	1	100			0		STUN,SLOW,TERROR	0		0	0	0	0	0	0	0	0	0	0	0	120	3	1	0	0	10	0	4	100	100	0	2000	150	0	0	0	0	0	0	0	0	0	0	0	0	0	0	0	0	0	0	0	0	0	0	0	0	0	0	0	0	0	0	0	0.0	0	0	0	0	0	0	0	0	0	0	0	0	0	0	0	0	0	0	0	0	0	0	0	0.0
20299	aaa	KNIGHT	HORSE	MELEE	1	100			0		STUN,SLOW,TERROR	0	easter_2025_old_wagon	0	0	0	0	0	0	0	0	0	0	0	120	3	1	0	0	10	0	4	100	100	0	2000	150	0	0	0	0	0	0	0	0	0	0	0	0	0	0	0	0	0	0	0	0	0	0	0	0	0	0	0	0	0	0	0	0.0	0	0	0	0	0	0	0	0	0	0	0	0	0	0	0	0	0	0	0	0	0	0	0	0.0
20300	bedensel_savas_ogretmeni	KNIGHT	NPC	MELEE	70	100		NOMOVE	0		STUN,SLOW,CURSE,TERROR	0		2	0	0	0	0	0	0	0	0	0	0	3954	3	1	0	0	562	0	79	100	100	0	2000	175	0	0	0	0	0	0	0	0	0	0	0	0	0	0	0	0	0	0	0	0	0	0	0	0	0	0	0	0	0	0	0	0.0	0	0	0	0	0	0	0	0	0	0	0	0	0	0	0	0	0	0	0	0	0	0	0	0.0
20301	zihinsel_savas_ogretmeni	KNIGHT	NPC	MELEE	70	100		NOMOVE	0		STUN,SLOW,CURSE,TERROR	0		2	0	0	0	0	0	0	0	0	0	0	3954	3	1	0	0	562	0	79	100	100	0	2000	175	0	0	0	0	0	0	0	0	0	0	0	0	0	0	0	0	0	0	0	0	0	0	0	0	0	0	0	0	0	0	0	0.0	0	0	0	0	0	0	0	0	0	0	0	0	0	0	0	0	0	0	0	0	0	0	0	0.0
20302	yakin_dovus_ogretmeni	KNIGHT	NPC	MELEE	70	100		NOMOVE	0		STUN,SLOW,CURSE,TERROR	0		2	0	0	0	0	0	0	0	0	0	0	3954	3	1	0	0	562	0	79	100	100	0	2000	175	0	0	0	0	0	0	0	0	0	0	0	0	0	0	0	0	0	0	0	0	0	0	0	0	0	0	0	0	0	0	0	0.0	0	0	0	0	0	0	0	0	0	0	0	0	0	0	0	0	0	0	0	0	0	0	0	0.0
20303	uzak_dovus_ogretmeni	KNIGHT	NPC	MELEE	70	100		NOMOVE	0		STUN,SLOW,CURSE,TERROR	0		2	0	0	0	0	0	0	0	0	0	0	3954	3	1	0	0	562	0	79	100	100	0	2000	175	0	0	0	0	0	0	0	0	0	0	0	0	0	0	0	0	0	0	0	0	0	0	0	0	0	0	0	0	0	0	0	0.0	0	0	0	0	0	0	0	0	0	0	0	0	0	0	0	0	0	0	0	0	0	0	0	0.0
20304	buyulu_silah_ogretmeni	KNIGHT	NPC	MELEE	70	100		NOMOVE	0		STUN,SLOW,CURSE,TERROR	0		2	0	0	0	0	0	0	0	0	0	0	3954	3	1	0	0	562	0	79	100	100	0	2000	175	0	0	0	0	0	0	0	0	0	0	0	0	0	0	0	0	0	0	0	0	0	0	0	0	0	0	0	0	0	0	0	0.0	0	0	0	0	0	0	0	0	0	0	0	0	0	0	0	0	0	0	0	0	0	0	0	0.0
20305	kara_buyu_ogretmeni	KNIGHT	NPC	MELEE	70	100		NOMOVE	0		STUN,SLOW,CURSE,TERROR	0		2	0	0	0	0	0	0	0	0	0	0	3954	3	1	0	0	562	0	79	100	100	0	2000	175	0	0	0	0	0	0	0	0	0	0	0	0	0	0	0	0	0	0	0	0	0	0	0	0	0	0	0	0	0	0	0	0.0	0	0	0	0	0	0	0	0	0	0	0	0	0	0	0	0	0	0	0	0	0	0	0	0.0
20306	ejderha_gucu_ogretmeni	KNIGHT	NPC	MELEE	70	100		NOMOVE	0		STUN,SLOW,CURSE,TERROR	0		2	0	0	0	0	0	0	0	0	0	0	3954	3	1	0	0	562	0	79	100	100	0	2000	175	0	0	0	0	0	0	0	0	0	0	0	0	0	0	0	0	0	0	0	0	0	0	0	0	0	0	0	0	0	0	0	0.0	0	0	0	0	0	0	0	0	0	0	0	0	0	0	0	0	0	0	0	0	0	0	0	0.0
20307	iyilestirme_ogretmeni	KNIGHT	NPC	MELEE	70	100		NOMOVE	0		STUN,SLOW,CURSE,TERROR	0		2	0	0	0	0	0	0	0	0	0	0	3954	3	1	0	0	562	0	79	100	100	0	2000	175	0	0	0	0	0	0	0	0	0	0	0	0	0	0	0	0	0	0	0	0	0	0	0	0	0	0	0	0	0	0	0	0.0	0	0	0	0	0	0	0	0	0	0	0	0	0	0	0	0	0	0	0	0	0	0	0	0.0
20320	bedensel_savas_ogretmeni	KNIGHT	NPC	MELEE	70	100		NOMOVE	0		STUN,SLOW,CURSE,TERROR	0		2	0	0	0	0	0	0	0	0	0	0	3954	3	1	0	0	562	0	79	100	100	0	2000	175	0	0	0	0	0	0	0	0	0	0	0	0	0	0	0	0	0	0	0	0	0	0	0	0	0	0	0	0	0	0	0	0.0	0	0	0	0	0	0	0	0	0	0	0	0	0	0	0	0	0	0	0	0	0	0	0	0.0
20321	zihinsel_savas_ogretmeni	KNIGHT	NPC	MELEE	70	100		NOMOVE	0		STUN,SLOW,CURSE,TERROR	0		2	0	0	0	0	0	0	0	0	0	0	3954	3	1	0	0	562	0	79	100	100	0	2000	175	0	0	0	0	0	0	0	0	0	0	0	0	0	0	0	0	0	0	0	0	0	0	0	0	0	0	0	0	0	0	0	0.0	0	0	0	0	0	0	0	0	0	0	0	0	0	0	0	0	0	0	0	0	0	0	0	0.0
20322	yakin_dovus_ogretmeni	KNIGHT	NPC	MELEE	70	100		NOMOVE	0		STUN,SLOW,CURSE,TERROR	0		2	0	0	0	0	0	0	0	0	0	0	3954	3	1	0	0	562	0	79	100	100	0	2000	175	0	0	0	0	0	0	0	0	0	0	0	0	0	0	0	0	0	0	0	0	0	0	0	0	0	0	0	0	0	0	0	0.0	0	0	0	0	0	0	0	0	0	0	0	0	0	0	0	0	0	0	0	0	0	0	0	0.0
20323	uzak_dovus_ogretmeni	KNIGHT	NPC	MELEE	70	100		NOMOVE	0		STUN,SLOW,CURSE,TERROR	0		2	0	0	0	0	0	0	0	0	0	0	3954	3	1	0	0	562	0	79	100	100	0	2000	175	0	0	0	0	0	0	0	0	0	0	0	0	0	0	0	0	0	0	0	0	0	0	0	0	0	0	0	0	0	0	0	0.0	0	0	0	0	0	0	0	0	0	0	0	0	0	0	0	0	0	0	0	0	0	0	0	0.0
20324	buyulu_silah_ogretmeni	KNIGHT	NPC	MELEE	70	100		NOMOVE	0		STUN,SLOW,CURSE,TERROR	0		2	0	0	0	0	0	0	0	0	0	0	3954	3	1	0	0	562	0	79	100	100	0	2000	175	0	0	0	0	0	0	0	0	0	0	0	0	0	0	0	0	0	0	0	0	0	0	0	0	0	0	0	0	0	0	0	0.0	0	0	0	0	0	0	0	0	0	0	0	0	0	0	0	0	0	0	0	0	0	0	0	0.0
20325	kara_buyu_ogretmeni	KNIGHT	NPC	MELEE	70	100		NOMOVE	0		STUN,SLOW,CURSE,TERROR	0		2	0	0	0	0	0	0	0	0	0	0	3954	3	1	0	0	562	0	79	100	100	0	2000	175	0	0	0	0	0	0	0	0	0	0	0	0	0	0	0	0	0	0	0	0	0	0	0	0	0	0	0	0	0	0	0	0.0	0	0	0	0	0	0	0	0	0	0	0	0	0	0	0	0	0	0	0	0	0	0	0	0.0
20326	ejderha_gucu_ogretmeni	KNIGHT	NPC	MELEE	70	100		NOMOVE	0		STUN,SLOW,CURSE,TERROR	0		2	0	0	0	0	0	0	0	0	0	0	3954	3	1	0	0	562	0	79	100	100	0	2000	175	0	0	0	0	0	0	0	0	0	0	0	0	0	0	0	0	0	0	0	0	0	0	0	0	0	0	0	0	0	0	0	0.0	0	0	0	0	0	0	0	0	0	0	0	0	0	0	0	0	0	0	0	0	0	0	0	0.0
20327	iyilestirme_ogretmeni	KNIGHT	NPC	MELEE	70	100		NOMOVE	0		STUN,SLOW,CURSE,TERROR	0		2	0	0	0	0	0	0	0	0	0	0	3954	3	1	0	0	562	0	79	100	100	0	2000	175	0	0	0	0	0	0	0	0	0	0	0	0	0	0	0	0	0	0	0	0	0	0	0	0	0	0	0	0	0	0	0	0.0	0	0	0	0	0	0	0	0	0	0	0	0	0	0	0	0	0	0	0	0	0	0	0	0.0
20340	bedensel_savas_ogretmeni	KNIGHT	NPC	MELEE	70	100		NOMOVE	0		STUN,SLOW,CURSE,TERROR	0		2	0	0	0	0	0	0	0	0	0	0	3954	3	1	0	0	562	0	79	100	100	0	2000	175	0	0	0	0	0	0	0	0	0	0	0	0	0	0	0	0	0	0	0	0	0	0	0	0	0	0	0	0	0	0	0	0.0	0	0	0	0	0	0	0	0	0	0	0	0	0	0	0	0	0	0	0	0	0	0	0	0.0
20341	zihinsel_savas_ogretmeni	KNIGHT	NPC	MELEE	70	100		NOMOVE	0		STUN,SLOW,CURSE,TERROR	0		2	0	0	0	0	0	0	0	0	0	0	3954	3	1	0	0	562	0	79	100	100	0	2000	175	0	0	0	0	0	0	0	0	0	0	0	0	0	0	0	0	0	0	0	0	0	0	0	0	0	0	0	0	0	0	0	0.0	0	0	0	0	0	0	0	0	0	0	0	0	0	0	0	0	0	0	0	0	0	0	0	0.0
20342	yakin_dovus_ogretmeni	KNIGHT	NPC	MELEE	70	100		NOMOVE	0		STUN,SLOW,CURSE,TERROR	0		2	0	0	0	0	0	0	0	0	0	0	3954	3	1	0	0	562	0	79	100	100	0	2000	175	0	0	0	0	0	0	0	0	0	0	0	0	0	0	0	0	0	0	0	0	0	0	0	0	0	0	0	0	0	0	0	0.0	0	0	0	0	0	0	0	0	0	0	0	0	0	0	0	0	0	0	0	0	0	0	0	0.0
20343	uzak_dovus_ogretmeni	KNIGHT	NPC	MELEE	70	100		NOMOVE	0		STUN,SLOW,CURSE,TERROR	0		2	0	0	0	0	0	0	0	0	0	0	3954	3	1	0	0	562	0	79	100	100	0	2000	175	0	0	0	0	0	0	0	0	0	0	0	0	0	0	0	0	0	0	0	0	0	0	0	0	0	0	0	0	0	0	0	0.0	0	0	0	0	0	0	0	0	0	0	0	0	0	0	0	0	0	0	0	0	0	0	0	0.0
20344	buyulu_silah_ogretmeni	KNIGHT	NPC	MELEE	70	100		NOMOVE	0		STUN,SLOW,CURSE,TERROR	0		2	0	0	0	0	0	0	0	0	0	0	3954	3	1	0	0	562	0	79	100	100	0	2000	175	0	0	0	0	0	0	0	0	0	0	0	0	0	0	0	0	0	0	0	0	0	0	0	0	0	0	0	0	0	0	0	0.0	0	0	0	0	0	0	0	0	0	0	0	0	0	0	0	0	0	0	0	0	0	0	0	0.0
20345	kara_buyu_ogretmeni	KNIGHT	NPC	MELEE	70	100		NOMOVE	0		STUN,SLOW,CURSE,TERROR	0		2	0	0	0	0	0	0	0	0	0	0	3954	3	1	0	0	562	0	79	100	100	0	2000	175	0	0	0	0	0	0	0	0	0	0	0	0	0	0	0	0	0	0	0	0	0	0	0	0	0	0	0	0	0	0	0	0.0	0	0	0	0	0	0	0	0	0	0	0	0	0	0	0	0	0	0	0	0	0	0	0	0.0
20346	ejderha_gucu_ogretmeni	KNIGHT	NPC	MELEE	70	100		NOMOVE	0		STUN,SLOW,CURSE,TERROR	0		2	0	0	0	0	0	0	0	0	0	0	3954	3	1	0	0	562	0	79	100	100	0	2000	175	0	0	0	0	0	0	0	0	0	0	0	0	0	0	0	0	0	0	0	0	0	0	0	0	0	0	0	0	0	0	0	0.0	0	0	0	0	0	0	0	0	0	0	0	0	0	0	0	0	0	0	0	0	0	0	0	0.0
20347	iyilestirme_ogretmeni	KNIGHT	NPC	MELEE	70	100		NOMOVE	0		STUN,SLOW,CURSE,TERROR	0		2	0	0	0	0	0	0	0	0	0	0	3954	3	1	0	0	562	0	79	100	100	0	2000	175	0	0	0	0	0	0	0	0	0	0	0	0	0	0	0	0	0	0	0	0	0	0	0	0	0	0	0	0	0	0	0	0.0	0	0	0	0	0	0	0	0	0	0	0	0	0	0	0	0	0	0	0	0	0	0	0	0.0
20348	seytan_kulesi_bekcisi	KNIGHT	NPC	MELEE	70	100		NOMOVE	0		STUN,SLOW,CURSE,TERROR	0		2	0	0	0	0	0	0	0	0	0	0	3954	3	1	0	0	562	0	79	100	100	0	2000	175	0	0	0	0	0	0	0	0	0	0	0	0	0	0	0	0	0	0	0	0	0	0	0	0	0	0	0	0	0	0	0	0.0	0	0	0	0	0	0	0	0	0	0	0	0	0	0	0	0	0	0	0	0	0	0	0	0.0
20349	seyis	KNIGHT	NPC	MELEE	70	100		NOMOVE	0		STUN,SLOW,CURSE,TERROR	0		2	0	0	0	0	0	0	0	0	0	0	3954	3	1	0	0	562	0	79	100	100	0	2000	150	0	0	0	0	0	0	0	0	0	0	0	0	0	0	0	0	0	0	0	0	0	0	0	0	0	0	0	0	0	0	0	0.0	0	0	0	0	0	0	0	0	0	0	0	0	0	0	0	0	0	0	0	0	0	0	0	0.0
20350	zindan_bekcisi	KNIGHT	NPC	MELEE	70	100		NOMOVE	0		STUN,SLOW,CURSE,TERROR	0		2	0	0	0	0	0	0	0	0	0	0	3954	3	1	0	0	562	0	79	100	100	0	2000	150	0	0	0	0	0	0	0	0	0	0	0	0	0	0	0	0	0	0	0	0	0	0	0	0	0	0	0	0	0	0	0	0.0	0	0	0	0	0	0	0	0	0	0	0	0	0	0	0	0	0	0	0	0	0	0	0	0.0
20351	salon_bekcisi	KNIGHT	NPC	MELEE	70	100		NOMOVE	0		STUN,SLOW,CURSE,TERROR	0		0	0	0	0	0	0	0	0	0	0	0	3954	3	1	0	0	562	0	79	100	100	0	2000	150	0	0	0	0	0	0	0	0	0	0	0	0	0	0	0	0	0	0	0	0	0	0	0	0	0	0	0	0	0	0	0	0.0	0	0	0	0	0	0	0	0	0	0	0	0	0	0	0	0	0	0	0	0	0	0	0	0.0
20352	hasun_tas_aniti	KNIGHT	NPC	MELEE	70	100		NOMOVE	0		STUN,SLOW,CURSE,TERROR	0		2	0	0	0	0	0	0	0	0	0	0	3954	3	1	0	0	562	0	79	100	100	0	2000	150	0	0	0	0	0	0	0	0	0	0	0	0	0	0	0	0	0	0	0	0	0	0	0	0	0	0	0	0	0	0	0	0.0	0	0	0	0	0	0	0	0	0	0	0	0	0	0	0	0	0	0	0	0	0	0	0	0.0
20353	seul_rong_tas_aniti	KNIGHT	NPC	MELEE	70	100		NOMOVE	0		STUN,SLOW,CURSE,TERROR	0		2	0	0	0	0	0	0	0	0	0	0	3954	3	1	0	0	562	0	79	100	100	0	2000	150	0	0	0	0	0	0	0	0	0	0	0	0	0	0	0	0	0	0	0	0	0	0	0	0	0	0	0	0	0	0	0	0.0	0	0	0	0	0	0	0	0	0	0	0	0	0	0	0	0	0	0	0	0	0	0	0	0.0
20354	sehir_bekcisi	KNIGHT	NPC	MELEE	70	100		NOMOVE	0		STUN,SLOW,CURSE,TERROR	0		2	0	0	0	0	0	0	0	0	0	0	3954	3	1	0	0	562	0	79	100	100	0	2000	150	0	0	0	0	0	0	0	0	0	0	0	0	0	0	0	0	0	0	0	0	0	0	0	0	0	0	0	0	0	0	0	0.0	0	0	0	0	0	0	0	0	0	0	0	0	0	0	0	0	0	0	0	0	0	0	0	0.0
20355	yuzbasi	KNIGHT	NPC	MELEE	70	100		NOMOVE	0		STUN,SLOW,CURSE,TERROR	0		2	0	0	0	0	0	0	0	0	0	0	3954	3	1	0	0	562	0	79	100	100	0	2000	150	0	0	0	0	0	0	0	0	0	0	0	0	0	0	0	0	0	0	0	0	0	0	0	0	0	0	0	0	0	0	0	0.0	0	0	0	0	0	0	0	0	0	0	0	0	0	0	0	0	0	0	0	0	0	0	0	0.0
20356	ginseng_toplayicisi	KNIGHT	NPC	MELEE	70	100		NOMOVE	0		STUN,SLOW,CURSE,TERROR	0		2	0	0	0	0	0	0	0	0	0	0	3954	3	1	0	0	562	0	79	100	100	0	2000	150	0	0	0	0	0	0	0	0	0	0	0	0	0	0	0	0	0	0	0	0	0	0	0	0	0	0	0	0	0	0	0	0.0	0	0	0	0	0	0	0	0	0	0	0	0	0	0	0	0	0	0	0	0	0	0	0	0.0
20357	weol_aniti	KNIGHT	NPC	MELEE	70	100		NOMOVE	0		STUN,SLOW,CURSE,TERROR	0		2	0	0	0	0	0	0	0	0	0	0	3954	3	1	0	0	562	0	79	100	100	0	2000	150	0	0	0	0	0	0	0	0	0	0	0	0	0	0	0	0	0	0	0	0	0	0	0	0	0	0	0	0	0	0	0	0.0	0	0	0	0	0	0	0	0	0	0	0	0	0	0	0	0	0	0	0	0	0	0	0	0.0
20358	isimsiz_cicekler	KNIGHT	NPC	MELEE	70	100		NOMOVE	0		STUN,SLOW,CURSE,TERROR	0		2	0	0	0	0	0	0	0	0	0	0	3954	3	1	0	0	562	0	79	100	100	0	2000	150	0	0	0	0	0	0	0	0	0	0	0	0	0	0	0	0	0	0	0	0	0	0	0	0	0	0	0	0	0	0	0	0.0	0	0	0	0	0	0	0	0	0	0	0	0	0	0	0	0	0	0	0	0	0	0	0	0.0
20359	eski_kutu_ile_kagitlar	KNIGHT	NPC	MELEE	70	100		NOMOVE	0		STUN,SLOW,CURSE,TERROR	0		2	0	0	0	0	0	0	0	0	0	0	3954	3	1	0	0	562	0	79	100	100	0	2000	150	0	0	0	0	0	0	0	0	0	0	0	0	0	0	0	0	0	0	0	0	0	0	0	0	0	0	0	0	0	0	0	0.0	0	0	0	0	0	0	0	0	0	0	0	0	0	0	0	0	0	0	0	0	0	0	0	0.0
20360	wha_aniti	KNIGHT	NPC	MELEE	70	100		NOMOVE	0		STUN,SLOW,CURSE,TERROR	0		2	0	0	0	0	0	0	0	0	0	0	3954	3	1	0	0	562	0	79	100	100	0	2000	150	0	0	0	0	0	0	0	0	0	0	0	0	0	0	0	0	0	0	0	0	0	0	0	0	0	0	0	0	0	0	0	0.0	0	0	0	0	0	0	0	0	0	0	0	0	0	0	0	0	0	0	0	0	0	0	0	0.0
20361	su_aniti	KNIGHT	NPC	MELEE	70	100		NOMOVE	0		STUN,SLOW,CURSE,TERROR	0		2	0	0	0	0	0	0	0	0	0	0	3954	3	1	0	0	562	0	79	100	100	0	2000	150	0	0	0	0	0	0	0	0	0	0	0	0	0	0	0	0	0	0	0	0	0	0	0	0	0	0	0	0	0	0	0	0.0	0	0	0	0	0	0	0	0	0	0	0	0	0	0	0	0	0	0	0	0	0	0	0	0.0
20362	mok_aniti	KNIGHT	NPC	MELEE	70	100		NOMOVE	0		STUN,SLOW,CURSE,TERROR	0		2	0	0	0	0	0	0	0	0	0	0	3954	3	1	0	0	562	0	79	100	100	0	2000	150	0	0	0	0	0	0	0	0	0	0	0	0	0	0	0	0	0	0	0	0	0	0	0	0	0	0	0	0	0	0	0	0.0	0	0	0	0	0	0	0	0	0	0	0	0	0	0	0	0	0	0	0	0	0	0	0	0.0
20363	gum_aniti	KNIGHT	NPC	MELEE	70	100		NOMOVE	0		STUN,SLOW,CURSE,TERROR	0		2	0	0	0	0	0	0	0	0	0	0	3954	3	1	0	0	562	0	79	100	100	0	2000	150	0	0	0	0	0	0	0	0	0	0	0	0	0	0	0	0	0	0	0	0	0	0	0	0	0	0	0	0	0	0	0	0.0	0	0	0	0	0	0	0	0	0	0	0	0	0	0	0	0	0	0	0	0	0	0	0	0.0
20364	nakajima	KNIGHT	NPC	MELEE	70	100			0		STUN,SLOW,CURSE,TERROR	0		2	0	0	0	0	0	0	0	0	0	0	3954	3	1	0	0	562	0	79	100	100	0	2000	150	0	0	0	0	0	0	0	0	0	0	0	0	0	0	0	0	0	0	0	0	0	0	0	0	0	0	0	0	0	0	0	0.0	0	0	0	0	0	0	0	0	0	0	0	0	0	0	0	0	0	0	0	0	0	0	0	0.0
20365	to_aniti	KNIGHT	NPC	MELEE	70	100		NOMOVE	0		STUN,SLOW,CURSE,TERROR	0		0	0	0	0	0	0	0	0	0	0	0	3954	3	1	0	0	562	0	79	100	100	0	2000	150	0	0	0	0	0	0	0	0	0	0	0	0	0	0	0	0	0	0	0	0	0	0	0	0	0	0	0	0	0	0	0	0.0	0	0	0	0	0	0	0	0	0	0	0	0	0	0	0	0	0	0	0	0	0	0	0	0.0
20366	sa_soe	KNIGHT	NPC	MELEE	70	100		NOMOVE	0		STUN,SLOW,CURSE,TERROR	0		2	0	0	0	0	0	0	0	0	0	0	3954	3	1	0	0	562	0	79	100	100	0	2000	150	0	0	0	0	0	0	0	0	0	0	0	0	0	0	0	0	0	0	0	0	0	0	0	0	0	0	0	0	0	0	0	0.0	0	0	0	0	0	0	0	0	0	0	0	0	0	0	0	0	0	0	0	0	0	0	0	0.0
20367	katakomb_bekcisi	KNIGHT	NPC	MELEE	70	100		NOMOVE	0		STUN,SLOW,CURSE,TERROR	0		2	0	0	0	0	0	0	0	0	0	0	3954	3	1	0	0	562	0	79	100	100	0	2000	150	0	0	0	0	0	0	0	0	0	0	0	0	0	0	0	0	0	0	0	0	0	0	0	0	0	0	0	0	0	0	0	0.0	0	0	0	0	0	0	0	0	0	0	0	0	0	0	0	0	0	0	0	0	0	0	0	0.0
20368	seyyar_satici	KNIGHT	NPC	MELEE	1	100			0		STUN,SLOW,CURSE,TERROR	0	peddler	0	0	0	0	0	0	0	0	0	0	0	120	3	1	0	0	10	0	4	100	100	0	2000	150	0	0	0	0	0	0	0	0	0	0	0	0	0	0	0	0	0	0	0	0	0	0	0	0	0	0	0	0	0	0	0	0.0	0	0	16764159	0	0	0	0	0	0	0	0	0	0	0	0	0	0	0	0	0	0	0	0	0.0
20369	lee_chung	KNIGHT	NPC	MELEE	1	100		NOMOVE	0		STUN,SLOW,CURSE,TERROR	0	leechung	2	0	0	0	0	0	0	0	0	0	0	120	3	1	0	0	10	0	4	100	100	0	2000	150	0	0	0	0	0	0	0	0	0	0	0	0	0	0	0	0	0	0	0	0	0	0	0	0	0	0	0	0	0	0	0	0.0	0	0	0	0	0	0	0	0	0	0	0	0	0	0	0	0	0	0	0	0	0	0	0	0.0
20370	zehirlenen_asker	KNIGHT	NPC	MELEE	1	100		NOMOVE	0		STUN,SLOW,CURSE,TERROR	0	spy1	2	0	0	0	0	0	0	0	0	0	0	120	3	1	0	0	10	0	4	100	100	0	2000	150	0	0	0	0	0	0	0	0	0	0	0	0	0	0	0	0	0	0	0	0	0	0	0	0	0	0	0	0	0	0	0	0.0	0	0	0	0	0	0	0	0	0	0	0	0	0	0	0	0	0	0	0	0	0	0	0	0.0
20371	eski_mezar_tasi	KNIGHT	NPC	MELEE	70	100		NOMOVE	0		STUN,SLOW,CURSE,TERROR	0		2	0	0	0	0	0	0	0	0	0	0	3954	3	1	0	0	562	0	79	100	100	0	2000	150	0	0	0	0	0	0	0	0	0	0	0	0	0	0	0	0	0	0	0	0	0	0	0	0	0	0	0	0	0	0	0	0.0	0	0	0	0	0	0	0	0	0	0	0	0	0	0	0	0	0	0	0	0	0	0	0	0.0
20372	asinmis_tas_levha	KNIGHT	NPC	MELEE	70	100		NOMOVE	0		STUN,SLOW,CURSE,TERROR	0		2	0	0	0	0	0	0	0	0	0	0	3954	3	1	0	0	562	0	79	100	100	0	2000	150	0	0	0	0	0	0	0	0	0	0	0	0	0	0	0	0	0	0	0	0	0	0	0	0	0	0	0	0	0	0	0	0.0	0	0	0	0	0	0	0	0	0	0	0	0	0	0	0	0	0	0	0	0	0	0	0	0.0
20373	koruma_gorevlisi	KNIGHT	NPC	MELEE	70	100			0		STUN,SLOW,CURSE,TERROR	0		0	0	0	0	0	0	0	0	0	0	0	3954	3	1	0	0	562	0	79	100	100	0	2000	150	0	0	0	0	0	0	0	0	0	0	0	0	0	0	0	0	0	0	0	0	0	0	0	0	0	0	0	0	0	0	0	0.0	0	0	0	0	0	0	0	0	0	0	0	0	0	0	0	0	0	0	0	0	0	0	0	0.0
20374	bekci	KNIGHT	NPC	MELEE	70	100		NOMOVE	0		STUN,SLOW,CURSE,TERROR	0		0	0	0	0	0	0	0	0	0	0	0	3954	3	1	0	0	562	0	79	100	100	0	2000	150	0	0	0	0	0	0	0	0	0	0	0	0	0	0	0	0	0	0	0	0	0	0	0	0	0	0	0	0	0	0	0	0.0	0	0	0	0	0	0	0	0	0	0	0	0	0	0	0	0	0	0	0	0	0	0	0	0.0
20375	ahsap_barikat	KNIGHT	NPC	MELEE	70	100		NOMOVE	0		STUN,SLOW,CURSE,TERROR	0		2	0	0	0	0	0	0	0	0	0	0	3954	3	1	0	0	562	0	79	100	100	0	2000	150	0	0	0	0	0	0	0	0	0	0	0	0	0	0	0	0	0	0	0	0	0	0	0	0	0	0	0	0	0	0	0	0.0	0	0	0	0	0	0	0	0	0	0	0	0	0	0	0	0	0	0	0	0	0	0	0	0.0
20376	kim_rim	KNIGHT	NPC	MELEE	70	100		NOMOVE	0		STUN,SLOW,CURSE,TERROR	0		2	0	0	0	0	0	0	0	0	0	0	3954	3	1	0	0	562	0	79	100	100	0	2000	150	0	0	0	0	0	0	0	0	0	0	0	0	0	0	0	0	0	0	0	0	0	0	0	0	0	0	0	0	0	0	0	0.0	0	0	0	0	0	0	0	0	0	0	0	0	0	0	0	0	0	0	0	0	0	0	0	0.0
20377	yak_hwan	KNIGHT	NPC	MELEE	70	100		NOMOVE	0		STUN,SLOW,CURSE,TERROR	0		2	0	0	0	0	0	0	0	0	0	0	3954	3	1	0	0	562	0	79	100	100	0	2000	150	0	0	0	0	0	0	0	0	0	0	0	0	0	0	0	0	0	0	0	0	0	0	0	0	0	0	0	0	0	0	0	0.0	0	0	0	0	0	0	0	0	0	0	0	0	0	0	0	0	0	0	0	0	0	0	0	0.0
20378	amiral_angmur	KNIGHT	NPC	MELEE	70	100		NOMOVE	0		STUN,SLOW,CURSE,TERROR	0		2	0	0	0	0	0	0	0	0	0	0	3954	3	1	0	0	562	0	79	100	100	0	2000	150	0	0	0	0	0	0	0	0	0	0	0	0	0	0	0	0	0	0	0	0	0	0	0	0	0	0	0	0	0	0	0	0.0	0	0	0	0	0	0	0	0	0	0	0	0	0	0	0	0	0	0	0	0	0	0	0	0.0
20379	yarali_asker	KNIGHT	NPC	MELEE	70	100		NOMOVE	0		STUN,SLOW,CURSE,TERROR	0		2	0	0	0	0	0	0	0	0	0	0	3954	3	1	0	0	562	0	79	100	100	0	2000	150	0	0	0	0	0	0	0	0	0	0	0	0	0	0	0	0	0	0	0	0	0	0	0	0	0	0	0	0	0	0	0	0.0	0	0	0	0	0	0	0	0	0	0	0	0	0	0	0	0	0	0	0	0	0	0	0	0.0
20380	yon_i_gezgini	KNIGHT	NPC	MELEE	70	100		NOMOVE	0		STUN,SLOW,CURSE,TERROR	0		2	0	0	0	0	0	0	0	0	0	0	3954	3	1	0	0	562	0	79	100	100	0	2000	150	0	0	0	0	0	0	0	0	0	0	0	0	0	0	0	0	0	0	0	0	0	0	0	0	0	0	0	0	0	0	0	0.0	0	0	0	0	0	0	0	0	0	0	0	0	0	0	0	0	0	0	0	0	0	0	0	0.0
20381	konfucyus	KNIGHT	NPC	MELEE	70	100		NOMOVE	0		STUN,SLOW,CURSE,TERROR	0		2	0	0	0	0	0	0	0	0	0	0	3954	3	1	0	0	562	0	79	100	100	0	2000	150	0	0	0	0	0	0	0	0	0	0	0	0	0	0	0	0	0	0	0	0	0	0	0	0	0	0	0	0	0	0	0	0.0	0	0	0	0	0	0	0	0	0	0	0	0	0	0	0	0	0	0	0	0	0	0	0	0.0
20382	kaya_cicegi	KNIGHT	NPC	MELEE	70	100		NOMOVE	0		STUN,SLOW,CURSE,TERROR	0		2	0	0	0	0	0	0	0	0	0	0	3954	3	1	0	0	562	0	79	100	100	0	2000	150	0	0	0	0	0	0	0	0	0	0	0	0	0	0	0	0	0	0	0	0	0	0	0	0	0	0	0	0	0	0	0	0.0	0	0	0	0	0	0	0	0	0	0	0	0	0	0	0	0	0	0	0	0	0	0	0	0.0
20383	jae_seon_kim	KNIGHT	NPC	MELEE	1	100		NOMOVE	0		STUN,SLOW,CURSE,TERROR	0		2	0	0	0	0	0	0	0	0	0	0	120	3	1	0	0	10	0	4	100	100	0	2000	150	0	0	0	0	0	0	0	0	0	0	0	0	0	0	0	0	0	0	0	0	0	0	0	0	0	0	0	0	0	0	0	0.0	0	0	0	0	0	0	0	0	0	0	0	0	0	0	0	0	0	0	0	0	0	0	0	0.0
20384	noel_agaci	KNIGHT	NPC	MELEE	1	100		NOMOVE	0		STUN,SLOW,CURSE,TERROR	0		2	0	0	0	0	0	0	0	0	0	0	120	3	1	0	0	10	0	4	100	100	0	2000	150	0	0	0	0	0	0	0	0	0	0	0	0	0	0	0	0	0	0	0	0	0	0	0	0	0	0	0	0	0	0	0	0.0	0	0	0	0	0	0	0	0	0	0	0	0	0	0	0	0	0	0	0	0	0	0	0	0.0
20385	am_heh_yutagi	KNIGHT	NPC	MELEE	1	100		NOMOVE	0		STUN,SLOW,CURSE,TERROR	0		2	0	0	0	0	0	0	0	0	0	0	120	3	1	0	0	10	0	4	100	100	0	2000	150	0	0	0	0	0	0	0	0	0	0	0	0	0	0	0	0	0	0	0	0	0	0	0	0	0	0	0	0	0	0	0	0.0	0	0	0	0	0	0	0	0	0	0	0	0	0	0	0	0	0	0	0	0	0	0	0	0.0
20386	isfet_steli	KNIGHT	NPC	MELEE	1	100		NOMOVE	0		STUN,SLOW,CURSE,TERROR	0		2	0	0	0	0	0	0	0	0	0	0	120	3	1	0	0	10	0	4	100	100	0	2000	150	0	0	0	0	0	0	0	0	0	0	0	0	0	0	0	0	0	0	0	0	0	0	0	0	0	0	0	0	0	0	0	0.0	0	0	0	0	0	0	0	0	0	0	0	0	0	0	0	0	0	0	0	0	0	0	0	0.0
20387	kader_kilidi	KNIGHT	NPC	MELEE	1	100		NOMOVE	0		STUN,SLOW,CURSE,TERROR	0		0	0	0	0	0	0	0	0	0	0	0	120	3	1	0	0	10	0	4	100	100	0	2000	150	0	0	0	0	0	0	0	0	0	0	0	0	0	0	0	0	0	0	0	0	0	0	0	0	0	0	0	0	0	0	0	0.0	0	0	0	0	0	0	0	0	0	0	0	0	0	0	0	0	0	0	0	0	0	0	0	0.0
20388	ejderha_kapisi	KING	DOOR	MELEE	1	100		NOMOVE	0		STUN,SLOW,TERROR	0		0	0	0	0	0	0	0	0	0	0	0	120	3	1	0	0	10	0	4	100	100	0	2000	150	0	0	0	0	0	0	0	0	0	0	0	0	0	0	0	0	0	0	0	0	0	0	0	0	0	0	0	0	0	0	0	0.0	0	0	0	0	0	0	0	0	0	0	0	0	0	0	0	0	0	0	0	0	0	0	0	0.0
20389	noname	KNIGHT	NPC	MELEE	1	100		NOMOVE	0		STUN,SLOW,CURSE,TERROR	0		2	0	0	0	0	0	0	0	0	0	0	120	3	1	0	0	10	0	4	100	100	0	2000	150	0	0	0	0	0	0	0	0	0	0	0	0	0	0	0	0	0	0	0	0	0	0	0	0	0	0	0	0	0	0	0	0.0	0	0	0	0	0	0	0	0	0	0	0	0	0	0	0	0	0	0	0	0	0	0	0	0.0
20390	taramor_mezar_tasi	KNIGHT	NPC	MELEE	1	100		NOMOVE	0		STUN,SLOW,CURSE,TERROR	0		2	0	0	0	0	0	0	0	0	0	0	120	3	1	0	0	10	0	4	100	100	0	2000	150	0	0	0	0	0	0	0	0	0	0	0	0	0	0	0	0	0	0	0	0	0	0	0	0	0	0	0	0	0	0	0	0.0	0	0	0	0	0	0	0	0	0	0	0	0	0	0	0	0	0	0	0	0	0	0	0	0.0
20391	gunes_bitkisi	KNIGHT	NPC	MELEE	1	100		NOMOVE	0		STUN,SLOW,CURSE,TERROR	0		2	0	0	0	0	0	0	0	0	0	0	120	3	1	0	0	10	0	4	100	100	0	2000	150	0	0	0	0	0	0	0	0	0	0	0	0	0	0	0	0	0	0	0	0	0	0	0	0	0	0	0	0	0	0	0	0.0	0	0	0	0	0	0	0	0	0	0	0	0	0	0	0	0	0	0	0	0	0	0	0	0.0
20392	olu_asker	KNIGHT	NPC	MELEE	1	100		NOMOVE	0		STUN,SLOW,CURSE,TERROR	0		2	0	0	0	0	0	0	0	0	0	0	120	3	1	0	0	10	0	4	100	100	0	2000	150	0	0	0	0	0	0	0	0	0	0	0	0	0	0	0	0	0	0	0	0	0	0	0	0	0	0	0	0	0	0	0	0.0	0	0	0	0	0	0	0	0	0	0	0	0	0	0	0	0	0	0	0	0	0	0	0	0.0
20393	yarali_asker	KNIGHT	NPC	MELEE	1	100		NOMOVE	0		STUN,SLOW,CURSE,TERROR	0		2	0	0	0	0	0	0	0	0	0	0	120	3	1	0	0	10	0	4	100	100	0	2000	150	0	0	0	0	0	0	0	0	0	0	0	0	0	0	0	0	0	0	0	0	0	0	0	0	0	0	0	0	0	0	0	0.0	0	0	0	0	0	0	0	0	0	0	0	0	0	0	0	0	0	0	0	0	0	0	0	0.0
20394	ates_diyari_bekcisi	KNIGHT	NPC	MELEE	70	100		NOMOVE	0		STUN,SLOW,CURSE,TERROR	0		2	0	0	0	0	0	0	0	0	0	0	3954	3	1	0	0	562	0	79	100	100	0	2000	150	0	0	0	0	0	0	0	0	0	0	0	0	0	0	0	0	0	0	0	0	0	0	0	0	0	0	0	0	0	0	0	0.0	0	0	0	0	0	0	0	0	0	0	0	0	0	0	0	0	0	0	0	0	0	0	0	0.0
20395	buz_dagi_muhafizi	KNIGHT	NPC	MELEE	70	100		NOMOVE	0		STUN,SLOW,CURSE,TERROR	0		2	0	0	0	0	0	0	0	0	0	0	3954	3	1	0	0	562	0	79	100	100	0	2000	150	0	0	0	0	0	0	0	0	0	0	0	0	0	0	0	0	0	0	0	0	0	0	0	0	0	0	0	0	0	0	0	0.0	0	0	0	0	0	0	0	0	0	0	0	0	0	0	0	0	0	0	0	0	0	0	0	0.0
20396	àû¼o»ó´u_æc¸å¿Ã û¼o»ó´u_æc¸å¿Á	KNIGHT	NPC	MELEE	70	100		NOMOVE	0		STUN,SLOW,CURSE,TERROR	0		2	0	0	0	0	0	0	0	0	0	0	3954	3	1	0	0	562	0	79	100	100	0	2000	150	0	0	0	0	0	0	0	0	0	0	0	0	0	0	0	0	0	0	0	0	0	0	0	0	0	0	0	0	0	0	0	0.0	0	0	0	0	0	0	0	0	0	0	0	0	0	0	0	0	0	0	0	0	0	0	0	0.0
20397	buz_aslani	KNIGHT	NPC	MELEE	1	100		NOMOVE	0		STUN,SLOW,CURSE,TERROR	0		2	0	0	0	0	0	0	0	0	0	0	120	3	1	0	0	10	0	4	100	100	0	2000	150	0	0	0	0	0	0	0	0	0	0	0	0	0	0	0	0	0	0	0	0	0	0	0	0	0	0	0	0	0	0	0	0.0	0	0	0	0	0	0	0	0	0	0	0	0	0	0	0	0	0	0	0	0	0	0	0	0.0
20398	arktos_kupu	KNIGHT	NPC	MELEE	1	100		NOMOVE	0		STUN,SLOW,CURSE,TERROR	0		2	0	0	0	0	0	0	0	0	0	0	120	3	1	0	0	10	0	4	100	100	0	2000	150	0	0	0	0	0	0	0	0	0	0	0	0	0	0	0	0	0	0	0	0	0	0	0	0	0	0	0	0	0	0	0	0.0	0	0	0	0	0	0	0	0	0	0	0	0	0	0	0	0	0	0	0	0	0	0	0	0.0
20399	kuzeyli_ejderha_sutunu	KING	STONE	MELEE	100	100		NOMOVE	0		STUN,SLOW,CURSE,TERROR	0	ice_stonepillar	0	0	0	100	0	0	0	0	0	0	0	1200000	5	1	0	0	51	0	100	6055	6060	0	2000	150	0	0	0	0	0	0	0	0	0	0	0	0	0	0	0	0	0	0	0	0	100	100	0	0	0	0	0	0	0	0	0	0.0	0	0	0	0	0	0	0	0	0	0	0	0	0	0	0	0	0	0	0	0	0	0	0	0.0
20400	bilge_myonghorang	KNIGHT	NPC	MELEE	1	100		NOMOVE	0		STUN,SLOW,CURSE,TERROR	0		2	0	0	0	0	0	0	0	0	0	0	120	3	1	0	0	10	0	4	100	100	0	2000	150	0	0	0	0	0	0	0	0	0	0	0	0	0	0	0	0	0	0	0	0	0	0	0	0	0	0	0	0	0	0	0	0.0	0	0	0	0	0	0	0	0	0	0	0	0	0	0	0	0	0	0	0	0	0	0	0	0.0
20401	koloni_bekcisi	KNIGHT	NPC	MELEE	1	100		NOMOVE	0		STUN,SLOW,CURSE,TERROR	0		2	0	0	0	0	0	0	0	0	0	0	120	3	1	0	0	10	0	4	100	100	0	2000	150	0	0	0	0	0	0	0	0	0	0	0	0	0	0	0	0	0	0	0	0	0	0	0	0	0	0	0	0	0	0	0	0.0	0	0	0	0	0	0	0	0	0	0	0	0	0	0	0	0	0	0	0	0	0	0	0	0.0
20402	portal_bekcisi	KNIGHT	NPC	MELEE	1	100		NOMOVE	0		STUN,SLOW,CURSE,TERROR	0		2	0	0	0	0	0	0	0	0	0	0	120	3	1	0	0	10	0	4	100	100	0	2000	150	0	0	0	0	0	0	0	0	0	0	0	0	0	0	0	0	0	0	0	0	0	0	0	0	0	0	0	0	0	0	0	0.0	0	0	0	0	0	0	0	0	0	0	0	0	0	0	0	0	0	0	0	0	0	0	0	0.0
20403	amarok	KNIGHT	NPC	MELEE	1	100		NOMOVE	0		STUN,SLOW,CURSE,TERROR	0		2	0	0	0	0	0	0	0	0	0	0	120	3	1	0	0	10	0	4	100	100	0	2000	150	0	0	0	0	0	0	0	0	0	0	0	0	0	0	0	0	0	0	0	0	0	0	0	0	0	0	0	0	0	0	0	0.0	0	0	0	0	0	0	0	0	0	0	0	0	0	0	0	0	0	0	0	0	0	0	0	0.0
20404	nagual	KNIGHT	NPC	MELEE	1	100		NOMOVE	0		STUN,SLOW,CURSE,TERROR	0		0	0	0	0	0	0	0	0	0	0	0	120	3	1	0	0	10	0	4	100	100	0	2000	150	0	0	0	0	0	0	0	0	0	0	0	0	0	0	0	0	0	0	0	0	0	0	0	0	0	0	0	0	0	0	0	0.0	0	0	0	0	0	0	0	0	0	0	0	0	0	0	0	0	0	0	0	0	0	0	0	0.0
20405	waheela	KNIGHT	NPC	MELEE	1	100		NOMOVE	0		STUN,SLOW,CURSE,TERROR	0		0	0	0	0	0	0	0	0	0	0	0	120	3	1	0	0	10	0	4	100	100	0	2000	150	0	0	0	0	0	0	0	0	0	0	0	0	0	0	0	0	0	0	0	0	0	0	0	0	0	0	0	0	0	0	0	0.0	0	0	0	0	0	0	0	0	0	0	0	0	0	0	0	0	0	0	0	0	0	0	0	0.0
20406	noname	KNIGHT	NPC	MELEE	1	100		NOMOVE	0		STUN,SLOW,CURSE,TERROR	0		2	0	0	0	0	0	0	0	0	0	0	120	3	1	0	0	10	0	4	100	100	0	2000	150	0	0	0	0	0	0	0	0	0	0	0	0	0	0	0	0	0	0	0	0	0	0	0	0	0	0	0	0	0	0	0	0.0	0	0	0	0	0	0	0	0	0	0	0	0	0	0	0	0	0	0	0	0	0	0	0	0.0
20407	fenrir	KNIGHT	NPC	MELEE	1	100		NOMOVE	0		STUN,SLOW,CURSE,TERROR	0		2	0	0	0	0	0	0	0	0	0	0	120	3	1	0	0	10	0	4	100	100	0	2000	150	0	0	0	0	0	0	0	0	0	0	0	0	0	0	0	0	0	0	0	0	0	0	0	0	0	0	0	0	0	0	0	0.0	0	0	0	0	0	0	0	0	0	0	0	0	0	0	0	0	0	0	0	0	0	0	0	0.0
20408	tapinak_bekcisi	KNIGHT	NPC	MELEE	1	100		NOMOVE	0		STUN,SLOW,CURSE,TERROR	0		2	0	0	0	0	0	0	0	0	0	0	120	3	1	0	0	10	0	4	100	100	0	2000	150	0	0	0	0	0	0	0	0	0	0	0	0	0	0	0	0	0	0	0	0	0	0	0	0	0	0	0	0	0	0	0	0.0	0	0	0	0	0	0	0	0	0	0	0	0	0	0	0	0	0	0	0	0	0	0	0	0.0
20409	orman_bekcisi	KNIGHT	NPC	MELEE	1	100		NOMOVE	0		STUN,SLOW,CURSE,TERROR	0		2	0	0	0	0	0	0	0	0	0	0	120	3	1	0	0	10	0	4	100	100	0	2000	150	0	0	0	0	0	0	0	0	0	0	0	0	0	0	0	0	0	0	0	0	0	0	0	0	0	0	0	0	0	0	0	0.0	0	0	0	0	0	0	0	0	0	0	0	0	0	0	0	0	0	0	0	0	0	0	0	0.0
20410	orman_casusu	KNIGHT	NPC	MELEE	1	100		NOMOVE	0		STUN,SLOW,CURSE,TERROR	0		2	0	0	0	0	0	0	0	0	0	0	120	3	1	0	0	10	0	4	100	100	0	2000	150	0	0	0	0	0	0	0	0	0	0	0	0	0	0	0	0	0	0	0	0	0	0	0	0	0	0	0	0	0	0	0	0.0	0	0	0	0	0	0	0	0	0	0	0	0	0	0	0	0	0	0	0	0	0	0	0	0.0
20411	orman_kasifi	KNIGHT	NPC	MELEE	1	100		NOMOVE	0		STUN,SLOW,CURSE,TERROR	0		2	0	0	0	0	0	0	0	0	0	0	120	3	1	0	0	10	0	4	100	100	0	2000	150	0	0	0	0	0	0	0	0	0	0	0	0	0	0	0	0	0	0	0	0	0	0	0	0	0	0	0	0	0	0	0	0.0	0	0	0	0	0	0	0	0	0	0	0	0	0	0	0	0	0	0	0	0	0	0	0	0.0
20412	orman_bekcileri_lideri	KNIGHT	NPC	MELEE	1	100		NOMOVE	0		STUN,SLOW,CURSE,TERROR	0		2	0	0	0	0	0	0	0	0	0	0	120	3	1	0	0	10	0	4	100	100	0	2000	150	0	0	0	0	0	0	0	0	0	0	0	0	0	0	0	0	0	0	0	0	0	0	0	0	0	0	0	0	0	0	0	0.0	0	0	0	0	0	0	0	0	0	0	0	0	0	0	0	0	0	0	0	0	0	0	0	0.0
20413	kawuco	KNIGHT	NPC	MELEE	1	100		NOMOVE	0		STUN,SLOW,CURSE,TERROR	0		2	0	0	0	0	0	0	0	0	0	0	120	3	1	0	0	10	0	4	100	100	0	2000	150	0	0	0	0	0	0	0	0	0	0	0	0	0	0	0	0	0	0	0	0	0	0	0	0	0	0	0	0	0	0	0	0.0	0	0	0	0	0	0	0	0	0	0	0	0	0	0	0	0	0	0	0	0	0	0	0	0.0
20414	andastra	KNIGHT	NPC	MELEE	1	100		NOMOVE	0		STUN,SLOW,CURSE,TERROR	0		1	0	0	0	0	0	0	0	0	0	0	120	3	1	0	0	10	0	4	100	100	0	2000	150	0	0	0	0	0	0	0	0	0	0	0	0	0	0	0	0	0	0	0	0	0	0	0	0	0	0	0	0	0	0	0	0.0	0	0	0	0	0	0	0	0	0	0	0	0	0	0	0	0	0	0	0	0	0	0	0	0.0
20415	portal	KNIGHT	NPC	MELEE	1	100		NOMOVE	0		STUN,SLOW,CURSE,TERROR	0		2	0	0	0	0	0	0	0	0	0	0	120	3	1	0	0	10	0	4	100	100	0	2000	150	0	0	0	0	0	0	0	0	0	0	0	0	0	0	0	0	0	0	0	0	0	0	0	0	0	0	0	0	0	0	0	0.0	0	0	0	0	0	0	0	0	0	0	0	0	0	0	0	0	0	0	0	0	0	0	0	0.0
20416	sam_pumpkin	KNIGHT	NPC	MELEE	1	100		NOMOVE	0		STUN,SLOW,CURSE,TERROR	0		2	0	0	0	0	0	0	0	0	0	0	120	3	1	0	0	10	0	4	100	100	0	2000	150	0	0	0	0	0	0	0	0	0	0	0	0	0	0	0	0	0	0	0	0	0	0	0	0	0	0	0	0	0	0	0	0.0	0	0	153189242	0	0	0	0	0	0	0	0	0	0	0	0	0	0	0	0	0	0	0	0	0.0
20417	okey_masasi	KNIGHT	NPC	MELEE	1	100		NOMOVE	0		STUN,SLOW,CURSE,TERROR	0		2	0	0	0	0	0	0	0	0	0	0	120	3	1	0	0	10	0	4	100	100	0	2000	150	0	0	0	0	0	0	0	0	0	0	0	0	0	0	0	0	0	0	0	0	0	0	0	0	0	0	0	0	0	0	0	0.0	0	0	0	0	0	0	0	0	0	0	0	0	0	0	0	0	0	0	0	0	0	0	0	0.0
20419	ejderha_bekcisi_dolnarr	KNIGHT	NPC	MELEE	1	140		NOMOVE	0		STUN,SLOW,TERROR	0		2	0	0	0	0	0	0	0	0	0	0	120	3	1	0	0	10	0	4	100	100	0	2000	150	0	0	0	0	0	0	0	0	0	0	0	0	0	0	0	0	0	0	0	0	0	0	0	0	0	0	0	0	0	0	0	0.0	0	0	0	0	0	0	0	0	0	0	0	0	0	0	0	0	0	0	0	0	0	0	0	0.0
20420	altin_ejderha_kutusu	KNIGHT	NPC	MELEE	1	100		NOMOVE	0		STUN,SLOW,TERROR	0		2	0	0	0	0	0	0	0	0	0	0	120	3	1	0	0	10	0	4	100	100	0	2000	150	0	0	0	0	0	0	0	0	0	0	0	0	0	0	0	0	0	0	0	0	0	0	0	0	0	0	0	0	0	0	0	0.0	0	0	0	0	0	0	0	0	0	0	0	0	0	0	0	0	0	0	0	0	0	0	0	0.0
20421	ejderha_bekcisi_jaharr	KNIGHT	NPC	MELEE	1	100		NOMOVE	0		STUN,SLOW,TERROR	0		2	0	0	0	0	0	0	0	0	0	0	120	3	1	0	0	10	0	4	100	100	0	2000	150	0	0	0	0	0	0	0	0	0	0	0	0	0	0	0	0	0	0	0	0	0	0	0	0	0	0	0	0	0	0	0	0.0	0	0	0	0	0	0	0	0	0	0	0	0	0	0	0	0	0	0	0	0	0	0	0	0.0
20422	ejderha_yumurtasi	KING	STONE	MELEE	120	150		NOMOVE	0		STUN,SLOW,TERROR	0	metinstone_egg	0	0	0	100	0	0	0	0	0	0	0	1300000	5	1	0	0	51	0	100	6337	6339	0	2000	150	0	0	0	0	0	0	0	0	0	0	0	0	0	0	0	0	0	0	0	0	100	100	0	0	0	0	0	0	0	0	0	0.0	0	0	0	0	0	0	0	0	0	0	0	0	0	0	0	0	0	0	0	0	0	0	0	0.0
20423	ruh_kristali_simyacisi	KNIGHT	NPC	MELEE	1	100		NOMOVE	0		STUN,SLOW,TERROR	0		2	0	0	0	0	0	0	0	0	0	0	120	3	1	0	0	10	0	4	100	100	0	2000	150	0	0	0	0	0	0	0	0	0	0	0	0	0	0	0	0	0	0	0	0	0	0	0	0	0	0	0	0	0	0	0	0.0	0	0	0	0	0	0	0	0	0	0	0	0	0	0	0	0	0	0	0	0	0	0	0	0.0
20424	yakut_simyacisi	KNIGHT	NPC	MELEE	1	100		NOMOVE	0		STUN,SLOW,TERROR	0		2	0	0	0	0	0	0	0	0	0	0	120	3	1	0	0	10	0	4	100	100	0	2000	150	0	0	0	0	0	0	0	0	0	0	0	0	0	0	0	0	0	0	0	0	0	0	0	0	0	0	0	0	0	0	0	0.0	0	0	0	0	0	0	0	0	0	0	0	0	0	0	0	0	0	0	0	0	0	0	0	0.0
20425	lal_simyacisi	KNIGHT	NPC	MELEE	1	100		NOMOVE	0		STUN,SLOW,TERROR	0		2	0	0	0	0	0	0	0	0	0	0	120	3	1	0	0	10	0	4	100	100	0	2000	150	0	0	0	0	0	0	0	0	0	0	0	0	0	0	0	0	0	0	0	0	0	0	0	0	0	0	0	0	0	0	0	0.0	0	0	0	0	0	0	0	0	0	0	0	0	0	0	0	0	0	0	0	0	0	0	0	0.0
20426	zumrut_simyacisi	KNIGHT	NPC	MELEE	1	100		NOMOVE	0		STUN,SLOW,TERROR	0		2	0	0	0	0	0	0	0	0	0	0	120	3	1	0	0	10	0	4	100	100	0	2000	150	0	0	0	0	0	0	0	0	0	0	0	0	0	0	0	0	0	0	0	0	0	0	0	0	0	0	0	0	0	0	0	0.0	0	0	0	0	0	0	0	0	0	0	0	0	0	0	0	0	0	0	0	0	0	0	0	0.0
20427	safir_simyacisi	KNIGHT	NPC	MELEE	1	100		NOMOVE	0		STUN,SLOW,TERROR	0		2	0	0	0	0	0	0	0	0	0	0	120	3	1	0	0	10	0	4	100	100	0	2000	150	0	0	0	0	0	0	0	0	0	0	0	0	0	0	0	0	0	0	0	0	0	0	0	0	0	0	0	0	0	0	0	0.0	0	0	0	0	0	0	0	0	0	0	0	0	0	0	0	0	0	0	0	0	0	0	0	0.0
20428	turmalin_simyacisi	KNIGHT	NPC	MELEE	1	100		NOMOVE	0		STUN,SLOW,TERROR	0		2	0	0	0	0	0	0	0	0	0	0	120	3	1	0	0	10	0	4	100	100	0	2000	150	0	0	0	0	0	0	0	0	0	0	0	0	0	0	0	0	0	0	0	0	0	0	0	0	0	0	0	0	0	0	0	0.0	0	0	0	0	0	0	0	0	0	0	0	0	0	0	0	0	0	0	0	0	0	0	0	0.0
20429	savas_bolgesi_ustasi	KNIGHT	NPC	MELEE	1	100		NOMOVE	0		STUN,SLOW,TERROR	0		2	0	0	0	0	0	0	0	0	0	0	120	3	1	0	0	10	0	4	100	100	0	2000	150	0	0	0	0	0	0	0	0	0	0	0	0	0	0	0	0	0	0	0	0	0	0	0	0	0	0	0	0	0	0	0	0.0	0	0	16764159	0	0	0	0	0	0	0	0	0	0	0	0	0	0	0	0	0	0	0	0	0.0
20430	pasta	KNIGHT	NPC	MELEE	1	140		NOMOVE	0		STUN,SLOW,TERROR	0		2	0	0	0	0	0	0	0	0	0	0	120	3	1	0	0	10	0	4	100	100	0	2000	150	0	0	0	0	0	0	0	0	0	0	0	0	0	0	0	0	0	0	0	0	0	0	0	0	0	0	0	0	0	0	0	0.0	0	0	0	0	0	0	0	0	0	0	0	0	0	0	0	0	0	0	0	0	0	0	0	0.0
20431	yil_donumu_tuccari	KNIGHT	NPC	MELEE	1	100		NOMOVE	0		STUN,SLOW,TERROR	0		1	0	0	0	0	0	0	0	0	0	0	120	3	1	0	0	10	0	4	100	100	0	2000	150	0	0	0	0	0	0	0	0	0	0	0	0	0	0	0	0	0	0	0	0	0	0	0	0	0	0	0	0	0	0	0	0.0	0	0	0	0	0	0	0	0	0	0	0	0	0	0	0	0	0	0	0	0	0	0	0	0.0
20432	hidra_yumurtasi	KING	STONE	MELEE	120	100		NOMOVE	0		STUN,SLOW,TERROR	0	metinstone_defensewave	0	0	0	100	0	0	0	0	0	0	0	238386	5	1	0	0	10	0	4	100	100	0	2000	150	0	0	0	0	0	0	0	0	0	0	0	0	0	0	0	0	0	0	0	0	100	100	0	0	0	0	0	0	0	0	0	0.0	0	0	0	0	0	0	0	0	0	0	0	0	0	0	0	0	0	0	0	0	0	0	0	0.0
20433	savasci_heykeli	KNIGHT	NPC	MELEE	1	80		NOMOVE	0		STUN,SLOW,TERROR	0		2	0	0	0	0	0	0	0	0	0	0	120	3	1	0	0	10	0	4	100	100	0	2000	150	0	0	0	0	0	0	0	0	0	0	0	0	0	0	0	0	0	0	0	0	0	0	0	0	0	0	0	0	0	0	0	0.0	0	0	0	0	0	0	0	0	0	0	0	0	0	0	0	0	0	0	0	0	0	0	0	0.0
20434	gemi_diregi	KNIGHT	NPC	MELEE	1	100		NOMOVE,NORECOVERY	0		STUN,SLOW,TERROR,UNK_IMMUNE_FLAG4,UNK_IMMUNE_FLAG5,UNK_IMMUNE_FLAG6	0	defensewave_sail	0	0	0	0	0	0	0	0	0	0	0	5000000	3	1	0	0	10	0	250	100	100	0	2000	150	0	0	0	0	0	0	0	0	0	0	0	0	0	0	0	0	0	0	0	0	0	0	0	0	0	0	0	0	0	0	0	0.0	0	0	0	0	0	0	0	0	0	0	0	0	0	0	0	0	0	0	0	0	0	0	0	0.0
20435	meleyin_izi	KNIGHT	NPC	MELEE	1	60		NOMOVE	0		STUN,SLOW,TERROR	0		2	0	0	0	0	0	0	0	0	0	0	120	3	1	0	0	10	0	4	100	100	0	2000	150	0	0	0	0	0	0	0	0	0	0	0	0	0	0	0	0	0	0	0	0	0	0	0	0	0	0	0	0	0	0	0	0.0	0	0	0	0	0	0	0	0	0	0	0	0	0	0	0	0	0	0	0	0	0	0	0	0.0
20436	dumen	KNIGHT	NPC	MELEE	1	100		NOMOVE	0		STUN,SLOW,TERROR	0		2	0	0	0	0	0	0	0	0	0	0	120	3	1	0	0	10	0	4	100	100	0	2000	150	0	0	0	0	0	0	0	0	0	0	0	0	0	0	0	0	0	0	0	0	0	0	0	0	0	0	0	0	0	0	0	0.0	0	0	0	0	0	0	0	0	0	0	0	0	0	0	0	0	0	0	0	0	0	0	0	0.0
20437	onarim_tahtasi	KING	STONE	MELEE	1	100		NOMOVE,COUNT,NORECOVERY	0		STUN,SLOW,TERROR	0	defensewave_woodrepair	0	0	0	0	0	0	0	0	0	0	0	10	3	1	0	0	10	0	4	100	100	0	2000	150	0	0	0	0	0	0	0	0	0	0	0	0	0	0	0	0	0	0	0	0	0	0	0	0	0	0	0	0	0	0	0	0.0	0	0	0	0	0	0	0	0	0	0	0	0	0	0	0	0	0	0	0	0	0	0	0	0.0
20438	kesis_milbon	KNIGHT	NPC	MELEE	1	100		NOMOVE	0		STUN,SLOW,TERROR	0		2	0	0	0	0	0	0	0	0	0	0	120	3	1	0	0	10	0	4	100	0	0	2000	150	0	0	0	0	0	0	0	0	0	0	0	0	0	0	0	0	0	0	0	0	0	0	0	0	0	0	0	0	0	0	0	0.0	0	0	0	0	0	0	0	0	0	0	0	0	0	0	0	0	0	0	0	0	0	0	0	0.0
20439	zi_portali	KING	NPC	MELEE	1	100		NOMOVE	0		STUN,SLOW,TERROR	0		2	0	0	0	0	0	0	0	0	0	0	120	3	1	0	0	10	0	4	100	0	0	2000	150	0	0	0	0	0	0	0	0	0	0	0	0	0	0	0	0	0	0	0	0	0	0	0	0	0	0	0	0	0	0	0	0.0	0	0	0	0	0	0	0	0	0	0	0	0	0	0	0	0	0	0	0	0	0	0	0	0.0
20440	chou_portali	KING	NPC	MELEE	1	100		NOMOVE	0		STUN,SLOW,TERROR	0		2	0	0	0	0	0	0	0	0	0	0	120	3	1	0	0	10	0	4	100	0	0	2000	150	0	0	0	0	0	0	0	0	0	0	0	0	0	0	0	0	0	0	0	0	0	0	0	0	0	0	0	0	0	0	0	0.0	0	0	0	0	0	0	0	0	0	0	0	0	0	0	0	0	0	0	0	0	0	0	0	0.0
20441	yin_portali	KING	NPC	MELEE	1	100		NOMOVE	0		STUN,SLOW,TERROR	0		2	0	0	0	0	0	0	0	0	0	0	120	3	1	0	0	10	0	4	100	0	0	2000	150	0	0	0	0	0	0	0	0	0	0	0	0	0	0	0	0	0	0	0	0	0	0	0	0	0	0	0	0	0	0	0	0.0	0	0	0	0	0	0	0	0	0	0	0	0	0	0	0	0	0	0	0	0	0	0	0	0.0
20442	mao_portali	KING	NPC	MELEE	1	100		NOMOVE	0		STUN,SLOW,TERROR	0		2	0	0	0	0	0	0	0	0	0	0	120	3	1	0	0	10	0	4	100	0	0	2000	150	0	0	0	0	0	0	0	0	0	0	0	0	0	0	0	0	0	0	0	0	0	0	0	0	0	0	0	0	0	0	0	0.0	0	0	0	0	0	0	0	0	0	0	0	0	0	0	0	0	0	0	0	0	0	0	0	0.0
20443	chen_portali	KING	NPC	MELEE	1	100		NOMOVE	0		STUN,SLOW,TERROR	0		2	0	0	0	0	0	0	0	0	0	0	120	3	1	0	0	10	0	4	100	0	0	2000	150	0	0	0	0	0	0	0	0	0	0	0	0	0	0	0	0	0	0	0	0	0	0	0	0	0	0	0	0	0	0	0	0.0	0	0	0	0	0	0	0	0	0	0	0	0	0	0	0	0	0	0	0	0	0	0	0	0.0
20444	si_portali	KING	NPC	MELEE	1	100		NOMOVE	0		STUN,SLOW,TERROR	0		2	0	0	0	0	0	0	0	0	0	0	120	3	1	0	0	10	0	4	100	0	0	2000	150	0	0	0	0	0	0	0	0	0	0	0	0	0	0	0	0	0	0	0	0	0	0	0	0	0	0	0	0	0	0	0	0.0	0	0	0	0	0	0	0	0	0	0	0	0	0	0	0	0	0	0	0	0	0	0	0	0.0
20445	wu_portali	KING	NPC	MELEE	1	100		NOMOVE	0		STUN,SLOW,TERROR	0		2	0	0	0	0	0	0	0	0	0	0	120	3	1	0	0	10	0	4	100	0	0	2000	150	0	0	0	0	0	0	0	0	0	0	0	0	0	0	0	0	0	0	0	0	0	0	0	0	0	0	0	0	0	0	0	0.0	0	0	0	0	0	0	0	0	0	0	0	0	0	0	0	0	0	0	0	0	0	0	0	0.0
20446	wei_portali	KING	NPC	MELEE	1	100		NOMOVE	0		STUN,SLOW,TERROR	0		2	0	0	0	0	0	0	0	0	0	0	120	3	1	0	0	10	0	4	100	0	0	2000	150	0	0	0	0	0	0	0	0	0	0	0	0	0	0	0	0	0	0	0	0	0	0	0	0	0	0	0	0	0	0	0	0.0	0	0	0	0	0	0	0	0	0	0	0	0	0	0	0	0	0	0	0	0	0	0	0	0.0
20447	shen_portali	KING	NPC	MELEE	1	100		NOMOVE	0		STUN,SLOW,TERROR	0		2	0	0	0	0	0	0	0	0	0	0	120	3	1	0	0	10	0	4	100	0	0	2000	150	0	0	0	0	0	0	0	0	0	0	0	0	0	0	0	0	0	0	0	0	0	0	0	0	0	0	0	0	0	0	0	0.0	0	0	0	0	0	0	0	0	0	0	0	0	0	0	0	0	0	0	0	0	0	0	0	0.0
20448	yu_portali	KING	NPC	MELEE	1	100		NOMOVE	0		STUN,SLOW,TERROR	0		2	0	0	0	0	0	0	0	0	0	0	120	3	1	0	0	10	0	4	100	0	0	2000	150	0	0	0	0	0	0	0	0	0	0	0	0	0	0	0	0	0	0	0	0	0	0	0	0	0	0	0	0	0	0	0	0.0	0	0	0	0	0	0	0	0	0	0	0	0	0	0	0	0	0	0	0	0	0	0	0	0.0
20449	xu_portali	KING	NPC	MELEE	1	100		NOMOVE	0		STUN,SLOW,TERROR	0		2	0	0	0	0	0	0	0	0	0	0	120	3	1	0	0	10	0	4	100	0	0	2000	150	0	0	0	0	0	0	0	0	0	0	0	0	0	0	0	0	0	0	0	0	0	0	0	0	0	0	0	0	0	0	0	0.0	0	0	0	0	0	0	0	0	0	0	0	0	0	0	0	0	0	0	0	0	0	0	0	0.0
20450	hai_portali	KING	NPC	MELEE	1	100		NOMOVE	0		STUN,SLOW,TERROR	0		2	0	0	0	0	0	0	0	0	0	0	120	3	1	0	0	10	0	4	100	0	0	2000	150	0	0	0	0	0	0	0	0	0	0	0	0	0	0	0	0	0	0	0	0	0	0	0	0	0	0	0	0	0	0	0	0.0	0	0	0	0	0	0	0	0	0	0	0	0	0	0	0	0	0	0	0	0	0	0	0	0.0
20451	zodyak_tuccari	KNIGHT	NPC	MELEE	1	100		NOMOVE	0		STUN,SLOW,TERROR	0		1	0	0	0	0	0	0	0	0	0	0	120	3	1	0	0	10	0	4	100	0	0	2000	150	0	0	0	0	0	0	0	0	0	0	0	0	0	0	0	0	0	0	0	0	0	0	0	0	0	0	0	0	0	0	0	0.0	0	0	0	0	0	0	0	0	0	0	0	0	0	0	0	0	0	0	0	0	0	0	0	0.0
20452	zi_heykeli	KING	STONE	SPECIAL	5	100		NOMOVE,COUNT,NORECOVERY	0		STUN,SLOW,TERROR	0	12zi_statue_mouse_npc	0	0	0	6	0	0	0	0	0	0	0	3000	5	1	0	0	1	0	8	104	109	0	2000	175	0	0	0	0	0	0	0	0	0	0	0	0	0	0	0	0	0	0	0	0	0	0	0	0	0	0	0	0	0	0	0	0.0	0	0	0	0	0	0	0	0	0	0	0	0	0	0	0	0	0	0	0	0	0	0	0	0.0
20453	chou_heykeli	KING	STONE	SPECIAL	5	100		NOMOVE,COUNT,NORECOVERY	0		STUN,SLOW,TERROR	0	12zi_statue_cow_npc	0	0	0	6	0	0	0	0	0	0	0	3000	5	1	0	0	1	0	8	104	109	0	2000	175	0	0	0	0	0	0	0	0	0	0	0	0	0	0	0	0	0	0	0	0	0	0	0	0	0	0	0	0	0	0	0	0.0	0	0	0	0	0	0	0	0	0	0	0	0	0	0	0	0	0	0	0	0	0	0	0	0.0
20454	yin_heykeli	KING	STONE	SPECIAL	5	100		NOMOVE,COUNT,NORECOVERY	0		STUN,SLOW,TERROR	0	12zi_statue_tiger_npc	0	0	0	6	0	0	0	0	0	0	0	3000	5	1	0	0	1	0	8	104	109	0	2000	175	0	0	0	0	0	0	0	0	0	0	0	0	0	0	0	0	0	0	0	0	0	0	0	0	0	0	0	0	0	0	0	0.0	0	0	0	0	0	0	0	0	0	0	0	0	0	0	0	0	0	0	0	0	0	0	0	0.0
20455	mao_heykeli	KING	STONE	SPECIAL	5	100		NOMOVE,COUNT,NORECOVERY	0		STUN,SLOW,TERROR	0	12zi_statue_rabbit_npc	0	0	0	6	0	0	0	0	0	0	0	3000	5	1	0	0	1	0	8	104	109	0	2000	175	0	0	0	0	0	0	0	0	0	0	0	0	0	0	0	0	0	0	0	0	0	0	0	0	0	0	0	0	0	0	0	0.0	0	0	0	0	0	0	0	0	0	0	0	0	0	0	0	0	0	0	0	0	0	0	0	0.0
20456	chen_heykeli	KING	STONE	SPECIAL	5	100		NOMOVE,COUNT,NORECOVERY	0		STUN,SLOW,TERROR	0	12zi_statue_dragon_npc	0	0	0	6	0	0	0	0	0	0	0	3000	5	1	0	0	1	0	8	104	109	0	2000	175	0	0	0	0	0	0	0	0	0	0	0	0	0	0	0	0	0	0	0	0	0	0	0	0	0	0	0	0	0	0	0	0.0	0	0	0	0	0	0	0	0	0	0	0	0	0	0	0	0	0	0	0	0	0	0	0	0.0
20457	si_heykeli	KING	STONE	SPECIAL	5	100		NOMOVE,COUNT,NORECOVERY	0		STUN,SLOW,TERROR	0	12zi_statue_snake_npc	0	0	0	6	0	0	0	0	0	0	0	3000	5	1	0	0	1	0	8	104	109	0	2000	175	0	0	0	0	0	0	0	0	0	0	0	0	0	0	0	0	0	0	0	0	0	0	0	0	0	0	0	0	0	0	0	0.0	0	0	0	0	0	0	0	0	0	0	0	0	0	0	0	0	0	0	0	0	0	0	0	0.0
20458	wu_heykeli	KING	STONE	SPECIAL	5	100		NOMOVE,COUNT,NORECOVERY	0		STUN,SLOW,TERROR	0	12zi_statue_horse_npc	0	0	0	6	0	0	0	0	0	0	0	3000	5	1	0	0	1	0	8	104	109	0	2000	175	0	0	0	0	0	0	0	0	0	0	0	0	0	0	0	0	0	0	0	0	0	0	0	0	0	0	0	0	0	0	0	0.0	0	0	0	0	0	0	0	0	0	0	0	0	0	0	0	0	0	0	0	0	0	0	0	0.0
20459	wei_heykeli	KING	STONE	SPECIAL	5	100		NOMOVE,COUNT,NORECOVERY	0		STUN,SLOW,TERROR	0	12zi_statue_sheep_npc	0	0	0	6	0	0	0	0	0	0	0	3000	5	1	0	0	1	0	8	104	109	0	2000	175	0	0	0	0	0	0	0	0	0	0	0	0	0	0	0	0	0	0	0	0	0	0	0	0	0	0	0	0	0	0	0	0.0	0	0	0	0	0	0	0	0	0	0	0	0	0	0	0	0	0	0	0	0	0	0	0	0.0
20460	shen_heykeli	KING	STONE	SPECIAL	5	100		NOMOVE,COUNT,NORECOVERY	0		STUN,SLOW,TERROR	0	12zi_statue_monkey_npc	0	0	0	6	0	0	0	0	0	0	0	3000	5	1	0	0	1	0	8	104	109	0	2000	175	0	0	0	0	0	0	0	0	0	0	0	0	0	0	0	0	0	0	0	0	0	0	0	0	0	0	0	0	0	0	0	0.0	0	0	0	0	0	0	0	0	0	0	0	0	0	0	0	0	0	0	0	0	0	0	0	0.0
20461	yu_heykeli	KING	STONE	SPECIAL	5	100		NOMOVE,COUNT,NORECOVERY	0		STUN,SLOW,TERROR	0	12zi_statue_chicken_npc	0	0	0	6	0	0	0	0	0	0	0	3000	5	1	0	0	1	0	8	104	109	0	2000	175	0	0	0	0	0	0	0	0	0	0	0	0	0	0	0	0	0	0	0	0	0	0	0	0	0	0	0	0	0	0	0	0.0	0	0	0	0	0	0	0	0	0	0	0	0	0	0	0	0	0	0	0	0	0	0	0	0.0
20462	xu_heykeli	KING	STONE	SPECIAL	5	100		NOMOVE,COUNT,NORECOVERY	0		STUN,SLOW,TERROR	0	12zi_statue_dog_npc	0	0	0	6	0	0	0	0	0	0	0	3000	5	1	0	0	1	0	8	104	109	0	2000	175	0	0	0	0	0	0	0	0	0	0	0	0	0	0	0	0	0	0	0	0	0	0	0	0	0	0	0	0	0	0	0	0.0	0	0	0	0	0	0	0	0	0	0	0	0	0	0	0	0	0	0	0	0	0	0	0	0.0
20463	hai_heykeli	KING	STONE	SPECIAL	5	100		NOMOVE,COUNT,NORECOVERY	0		STUN,SLOW,TERROR	0	12zi_statue_pig_npc	0	0	0	6	0	0	0	0	0	0	0	3000	5	1	0	0	1	0	8	104	109	0	2000	175	0	0	0	0	0	0	0	0	0	0	0	0	0	0	0	0	0	0	0	0	0	0	0	0	0	0	0	0	0	0	0	0.0	0	0	0	0	0	0	0	0	0	0	0	0	0	0	0	0	0	0	0	0	0	0	0	0.0
20464	top	KNIGHT	MONSTER	MELEE	100	100		NOMOVE,COUNT,NORECOVERY	0		STUN,SLOW,TERROR	0	12zi_target_daepo	0	0	0	90	0	0	0	0	0	0	0	120	10	1	0	0	0	0	0	104	109	0	2000	150	0	0	0	0	0	0	0	0	0	0	0	0	0	0	0	0	0	0	0	0	0	0	0	0	0	0	0	0	0	0	0	0.0	0	0	0	0	0	0	0	0	0	0	0	0	0	0	0	0	0	0	0	0	0	0	0	0.0
20465	zodyak_portali	KNIGHT	NPC	MELEE	70	100		NOMOVE	0		STUN,SLOW,TERROR	0		2	0	0	0	0	0	0	0	0	0	0	3954	3	1	0	0	562	0	79	100	100	0	2000	150	0	0	0	0	0	0	0	0	0	0	0	0	0	0	0	0	0	0	0	0	0	0	0	0	0	0	0	0	0	0	0	0.0	0	0	0	0	0	0	0	0	0	0	0	0	0	0	0	0	0	0	0	0	0	0	0	0.0
20470	yanilsama_heykeli	KNIGHT	NPC	MELEE	1	100		NOMOVE	0		STUN,SLOW,TERROR	0		2	0	0	0	0	0	0	0	0	0	0	120	3	1	0	0	10	0	4	100	0	0	2000	150	0	0	0	0	0	0	0	0	0	0	0	0	0	0	0	0	0	0	0	0	0	0	0	0	0	0	0	0	0	0	0	0.0	0	0	0	0	0	0	0	0	0	0	0	0	0	0	0	0	0	0	0	0	0	0	0	0.0
20471	uyanis_heykeli	KNIGHT	NPC	MELEE	1	100		NOMOVE	0		STUN,SLOW,TERROR	0		2	0	0	0	0	0	0	0	0	0	0	120	3	1	0	0	10	0	4	100	0	0	2000	150	0	0	0	0	0	0	0	0	0	0	0	0	0	0	0	0	0	0	0	0	0	0	0	0	0	0	0	0	0	0	0	0.0	0	0	0	0	0	0	0	0	0	0	0	0	0	0	0	0	0	0	0	0	0	0	0	0.0
20472	zaman_catlagi_heykeli	KNIGHT	NPC	MELEE	1	100		NOMOVE	0		STUN,SLOW,TERROR	0		2	0	0	0	0	0	0	0	0	0	0	120	3	1	0	0	10	0	4	100	0	0	2000	150	0	0	0	0	0	0	0	0	0	0	0	0	0	0	0	0	0	0	0	0	0	0	0	0	0	0	0	0	0	0	0	0.0	0	0	0	0	0	0	0	0	0	0	0	0	0	0	0	0	0	0	0	0	0	0	0	0.0
20473	cephanelik_heykeli	KNIGHT	NPC	MELEE	1	100		NOMOVE	0		STUN,SLOW,TERROR	0		2	0	0	0	0	0	0	0	0	0	0	120	3	1	0	0	10	0	4	100	0	0	2000	150	0	0	0	0	0	0	0	0	0	0	0	0	0	0	0	0	0	0	0	0	0	0	0	0	0	0	0	0	0	0	0	0.0	0	0	0	0	0	0	0	0	0	0	0	0	0	0	0	0	0	0	0	0	0	0	0	0.0
20474	zirh_ustasi_heykeli	KNIGHT	NPC	MELEE	1	100		NOMOVE	0		STUN,SLOW,TERROR	0		2	0	0	0	0	0	0	0	0	0	0	120	3	1	0	0	10	0	4	100	0	0	2000	150	0	0	0	0	0	0	0	0	0	0	0	0	0	0	0	0	0	0	0	0	0	0	0	0	0	0	0	0	0	0	0	0.0	0	0	0	0	0	0	0	0	0	0	0	0	0	0	0	0	0	0	0	0	0	0	0	0.0
20475	kutsal_set_demircisi	KNIGHT	NPC	MELEE	1	100		NOMOVE	0		STUN,SLOW,TERROR	0		2	0	0	0	0	0	0	0	0	0	0	120	3	1	0	0	10	0	4	100	100	0	2000	150	0	0	0	0	0	0	0	0	0	0	0	0	0	0	0	0	0	0	0	0	0	0	0	0	0	0	0	0	0	0	0	0.0	0	0	0	0	0	0	0	0	0	0	0	0	0	0	0	0	0	0	0	0	0	0	0	0.0
20476	gorkemli_set_demircisi	KNIGHT	NPC	MELEE	1	100		NOMOVE	0		STUN,SLOW,TERROR	0		2	0	0	0	0	0	0	0	0	0	0	120	3	1	0	0	10	0	4	100	100	0	2000	150	0	0	0	0	0	0	0	0	0	0	0	0	0	0	0	0	0	0	0	0	0	0	0	0	0	0	0	0	0	0	0	0.0	0	0	0	0	0	0	0	0	0	0	0	0	0	0	0	0	0	0	0	0	0	0	0	0.0
20477	kahraman_set_demircisi	KNIGHT	NPC	MELEE	1	100		NOMOVE	0		STUN,SLOW,TERROR	0		2	0	0	0	0	0	0	0	0	0	0	120	3	1	0	0	10	0	4	100	100	0	2000	150	0	0	0	0	0	0	0	0	0	0	0	0	0	0	0	0	0	0	0	0	0	0	0	0	0	0	0	0	0	0	0	0.0	0	0	0	0	0	0	0	0	0	0	0	0	0	0	0	0	0	0	0	0	0	0	0	0.0
20478	soylu_set_demircisi	KNIGHT	NPC	MELEE	1	100		NOMOVE	0		STUN,SLOW,TERROR	0		2	0	0	0	0	0	0	0	0	0	0	120	3	1	0	0	10	0	4	100	100	0	2000	150	0	0	0	0	0	0	0	0	0	0	0	0	0	0	0	0	0	0	0	0	0	0	0	0	0	0	0	0	0	0	0	0.0	0	0	0	0	0	0	0	0	0	0	0	0	0	0	0	0	0	0	0	0	0	0	0	0.0
20479	heybetli_set_demircisi	KNIGHT	NPC	MELEE	1	100		NOMOVE	0		STUN,SLOW,TERROR	0		2	0	0	0	0	0	0	0	0	0	0	120	3	1	0	0	10	0	4	100	100	0	2000	150	0	0	0	0	0	0	0	0	0	0	0	0	0	0	0	0	0	0	0	0	0	0	0	0	0	0	0	0	0	0	0	0.0	0	0	0	0	0	0	0	0	0	0	0	0	0	0	0	0	0	0	0	0	0	0	0	0.0
20480	ticaret_yoneticisi	KNIGHT	NPC	MELEE	1	100		NOMOVE	0		STUN,SLOW,TERROR	0		2	0	0	0	0	0	0	0	0	0	0	120	3	1	0	0	10	0	4	100	100	0	2000	150	0	0	0	0	0	0	0	0	0	0	0	0	0	0	0	0	0	0	0	0	0	0	0	0	0	0	0	0	0	0	0	0.0	0	0	0	0	0	0	0	0	0	0	0	0	0	0	0	0	0	0	0	0	0	0	0	0.0
20481	ticaret_yoneticisi	KNIGHT	NPC	MELEE	1	100		NOMOVE	0		STUN,SLOW,TERROR	0		2	0	0	0	0	0	0	0	0	0	0	120	3	1	0	0	10	0	4	100	100	0	2000	150	0	0	0	0	0	0	0	0	0	0	0	0	0	0	0	0	0	0	0	0	0	0	0	0	0	0	0	0	0	0	0	0.0	0	0	0	0	0	0	0	0	0	0	0	0	0	0	0	0	0	0	0	0	0	0	0	0.0
20482	enigma_odulu	KNIGHT	MONSTER	MELEE	1	100		NOMOVE	0		STUN,SLOW,TERROR	0		0	0	0	0	0	0	0	0	0	0	0	37000	3	1	0	0	10	0	4	100	100	0	2000	150	0	0	0	0	0	0	0	0	0	0	0	0	0	0	0	0	0	0	0	0	0	0	0	0	0	0	0	0	0	0	0	0.0	0	0	0	0	0	0	0	0	0	0	0	0	0	0	0	0	0	0	0	0	0	0	0	0.0
20483	enigma_tapin._(bonus_c)	KNIGHT	MONSTER	MELEE	90	100		NOMOVE	0		STUN,SLOW,TERROR	0		0	0	0	0	0	0	0	0	0	0	0	65000	3	1	0	0	1	0	4	100	100	0	2000	150	0	0	0	0	0	0	0	0	0	0	0	0	0	0	0	0	0	0	0	0	0	0	0	0	0	0	0	0	0	0	0	0.0	0	0	0	0	0	0	0	0	0	0	0	0	0	0	0	0	0	0	0	0	0	0	0	0.0
20484	enigma_tapin._(bonus_b)	KNIGHT	MONSTER	MELEE	105	100		NOMOVE	0		STUN,SLOW,TERROR	0		0	0	0	0	0	0	0	0	0	0	0	110000	3	1	0	0	1	0	4	100	100	0	2000	150	0	0	0	0	0	0	0	0	0	0	0	0	0	0	0	0	0	0	0	0	0	0	0	0	0	0	0	0	0	0	0	0.0	0	0	0	0	0	0	0	0	0	0	0	0	0	0	0	0	0	0	0	0	0	0	0	0.0
20485	enigma_tapin._(bonus_a)	KNIGHT	MONSTER	MELEE	120	100		NOMOVE	0		STUN,SLOW,TERROR	0		0	0	0	0	0	0	0	0	0	0	0	175000	3	1	0	0	0	1	4	100	100	0	2000	150	0	0	0	0	0	0	0	0	0	0	0	0	0	0	0	0	0	0	0	0	0	0	0	0	0	0	0	0	0	0	0	0.0	0	0	0	0	0	0	0	0	0	0	0	0	0	0	0	0	0	0	0	0	0	0	0	0.0
20486	lonca_savasi_bolgesi_(d)	KING	NPC	MELEE	1	100		NOMOVE	0		STUN,SLOW,TERROR	0		2	0	0	0	0	0	0	0	0	0	0	175000	3	1	0	0	0	0	4	100	100	0	2000	150	0	0	0	0	0	0	0	0	0	0	0	0	0	0	0	0	0	0	0	0	0	0	0	0	0	0	0	0	0	0	0	0.0	0	0	0	0	0	0	0	0	0	0	0	0	0	0	0	0	0	0	0	0	0	0	0	0.0
20487	lonca_savasi_bolgesi_(b)	KING	NPC	MELEE	1	100		NOMOVE	0		STUN,SLOW,TERROR	0		2	0	0	0	0	0	0	0	0	0	0	175000	3	1	0	0	0	0	4	100	100	0	2000	150	0	0	0	0	0	0	0	0	0	0	0	0	0	0	0	0	0	0	0	0	0	0	0	0	0	0	0	0	0	0	0	0.0	0	0	0	0	0	0	0	0	0	0	0	0	0	0	0	0	0	0	0	0	0	0	0	0.0
20488	lonca_savasi_bolgesi_(g)	KING	NPC	MELEE	1	100		NOMOVE	0		STUN,SLOW,TERROR	0		2	0	0	0	0	0	0	0	0	0	0	175000	3	1	0	0	0	0	4	100	100	0	2000	150	0	0	0	0	0	0	0	0	0	0	0	0	0	0	0	0	0	0	0	0	0	0	0	0	0	0	0	0	0	0	0	0.0	0	0	0	0	0	0	0	0	0	0	0	0	0	0	0	0	0	0	0	0	0	0	0	0.0
20489	lonca_savasi_bolgesi_(k)	KING	NPC	MELEE	1	100		NOMOVE	0		STUN,SLOW,TERROR	0		2	0	0	0	0	0	0	0	0	0	0	175000	3	1	0	0	0	0	4	100	100	0	2000	150	0	0	0	0	0	0	0	0	0	0	0	0	0	0	0	0	0	0	0	0	0	0	0	0	0	0	0	0	0	0	0	0.0	0	0	0	0	0	0	0	0	0	0	0	0	0	0	0	0	0	0	0	0	0	0	0	0.0
20490	lonca_tuccari	KNIGHT	NPC	MELEE	1	100		NOMOVE	0		STUN,SLOW,TERROR	0		2	0	0	0	0	0	0	0	0	0	0	120	3	1	0	0	10	0	4	100	100	0	2000	150	0	0	0	0	0	0	0	0	0	0	0	0	0	0	0	0	0	0	0	0	0	0	0	0	0	0	0	0	0	0	0	0.0	0	0	0	0	0	0	0	0	0	0	0	0	0	0	0	0	0	0	0	0	0	0	0	0.0
20491	aaa	KNIGHT	NPC	MELEE	1	100		NOMOVE	0		STUN,SLOW,TERROR	0	guild_whitedragon_statue	2	0	0	0	0	0	0	0	0	0	0	120	3	1	0	0	10	0	4	100	100	0	2000	150	0	0	0	0	0	0	0	0	0	0	0	0	0	0	0	0	0	0	0	0	0	0	0	0	0	0	0	0	0	0	0	0.0	0	0	0	0	0	0	0	0	0	0	0	0	0	0	0	0	0	0	0	0	0	0	0	0.0
20492	aaa	KNIGHT	NPC	MELEE	1	100		NOMOVE	0		STUN,SLOW,TERROR	0		2	0	0	0	0	0	0	0	0	0	0	120	3	1	0	0	10	0	4	100	100	0	2000	150	0	0	0	0	0	0	0	0	0	0	0	0	0	0	0	0	0	0	0	0	0	0	0	0	0	0	0	0	0	0	0	0.0	0	0	0	0	0	0	0	0	0	0	0	0	0	0	0	0	0	0	0	0	0	0	0	0.0
20493	aaa	KNIGHT	NPC	MELEE	1	100		NOMOVE	0		STUN,SLOW,TERROR	0	guild_whitedragon_arrow	2	0	0	0	0	0	0	0	0	0	0	50000	3	1	0	0	10	0	4	100	100	0	2000	150	0	0	0	0	0	0	0	0	0	0	0	0	0	0	0	0	0	0	0	0	0	0	0	0	0	0	0	0	0	0	0	0.0	0	0	0	0	0	0	0	0	0	0	0	0	0	0	0	0	0	0	0	0	0	0	0	0.0
20494	aaa	KNIGHT	MONSTER	MELEE	120	100		NOMOVE	0		SLOW,TERROR,UNK_IMMUNE_FLAG4,UNK_IMMUNE_FLAG5,UNK_IMMUNE_FLAG6,UNK_IMMUNE_FLAG7,UNK_IMMUNE_FLAG8,UNK_IMMUNE_FLAG9	0	guild_whitedragon_door	0	10	10	10	10	0	0	0	0	354	500	180000	5	1	0	0	0	1	100	100	100	0	2000	175	0	0	0	0	0	0	0	0	0	0	0	0	0	0	0	0	0	0	0	0	0	0	0	0	1	0	0	0	0	0	0	1.0	0	0	0	0	0	0	0	0	0	0	0	0	0	0	0	0	0	0	0	0	0	0	0	0.0
20495	aaa	KING	STONE	MELEE	120	100		NOMOVE	0		SLOW,TERROR,UNK_IMMUNE_FLAG4,UNK_IMMUNE_FLAG5,UNK_IMMUNE_FLAG6,UNK_IMMUNE_FLAG7,UNK_IMMUNE_FLAG8,UNK_IMMUNE_FLAG9	0	metinstone_whitedragon_egg	0	0	0	100	0	0	0	0	0	0	0	9600000	15	1	0	0	0	1	100	0	0	0	2000	150	0	0	0	0	0	0	0	0	0	0	0	0	0	0	0	0	0	0	0	0	100	100	0	0	0	0	0	0	0	0	0	0.0	0	0	0	0	0	0	0	0	0	0	0	0	0	0	0	0	0	0	0	0	0	0	0	0.0
20496	aaa	KING	STONE	MELEE	120	100		NOMOVE	0		SLOW,TERROR,UNK_IMMUNE_FLAG4,UNK_IMMUNE_FLAG5,UNK_IMMUNE_FLAG6,UNK_IMMUNE_FLAG7,UNK_IMMUNE_FLAG8,UNK_IMMUNE_FLAG9	0	metinstone_whitedragon_egg	0	0	0	100	0	0	0	0	0	0	0	9600000	15	1	0	0	0	1	100	0	0	0	2000	150	0	0	0	0	0	0	0	0	0	0	0	0	0	0	0	0	0	0	0	0	100	100	0	0	0	0	0	0	0	0	0	0.0	0	0	0	0	0	0	0	0	0	0	0	0	0	0	0	0	0	0	0	0	0	0	0	0.0
20497	aaa	KNIGHT	STONE	MELEE	120	100		NORECOVERY	0		SLOW,TERROR,UNK_IMMUNE_FLAG4,UNK_IMMUNE_FLAG5,UNK_IMMUNE_FLAG6,UNK_IMMUNE_FLAG7,UNK_IMMUNE_FLAG8,UNK_IMMUNE_FLAG9	0	metinstone_whitedragon_egg_2	0	0	0	100	0	0	0	0	0	0	0	300000	0	0	0	0	0	1	100	0	0	0	2000	150	0	0	0	0	0	0	0	0	0	0	0	0	0	0	0	0	0	0	0	0	100	100	0	0	0	0	0	0	0	0	0	0.0	0	0	0	0	0	0	0	0	0	0	0	0	0	0	0	0	0	0	0	0	0	0	0	0.0
20498	aaa	KING	STONE	MELEE	120	100		NOMOVE	0		SLOW,TERROR,UNK_IMMUNE_FLAG4,UNK_IMMUNE_FLAG5,UNK_IMMUNE_FLAG6,UNK_IMMUNE_FLAG7,UNK_IMMUNE_FLAG8,UNK_IMMUNE_FLAG9	0	metinstone_whitedragon_ice	0	0	0	100	0	0	0	0	0	0	0	6000000	15	1	0	0	0	1	100	6548	6548	0	2000	150	0	0	0	0	0	0	0	0	0	0	0	0	0	0	0	0	0	0	0	0	100	100	0	0	0	0	0	0	0	0	0	0.0	0	0	0	0	0	0	0	0	0	0	0	0	0	0	0	0	0	0	0	0	0	0	0	0.0
20499	신기전(poly)	KNIGHT	NPC	MELEE	1	100		NOMOVE	0		STUN,SLOW,TERROR	0	guild_whitedragon_arrow_poly	0	0	0	0	0	0	0	0	0	0	0	120	3	1	0	0	10	0	4	100	100	0	2000	2000	0	0	0	0	0	0	0	0	0	0	0	0	0	0	0	0	0	0	0	0	0	0	0	0	0	0	0	0	0	0	0	0.0	0	0	0	0	0	0	0	0	0	0	0	0	0	0	0	0	0	0	0	0	0	0	0	0.0
20500	ejderha_yumurtasi	KING	STONE	MELEE	105	150		NOMOVE	0		STUN,SLOW,TERROR	0	metinstone_egg	0	0	0	100	0	0	0	0	0	0	0	850000	5	1	0	0	51	0	100	6337	6339	0	2000	150	0	0	0	0	0	0	0	0	0	0	0	0	0	0	0	0	0	0	0	0	100	100	0	0	0	0	0	0	0	0	0	0.0	0	0	0	0	0	0	0	0	0	0	0	0	0	0	0	0	0	0	0	0	0	0	0	0.0
20501	gaya_sandigi	KNIGHT	NPC	MELEE	1	100		NOMOVE	0		STUN,SLOW,TERROR	0		2	0	0	0	0	0	0	0	0	0	0	120	3	1	0	0	10	0	4	100	100	0	2000	150	0	0	0	0	0	0	0	0	0	0	0	0	0	0	0	0	0	0	0	0	0	0	0	0	0	0	0	0	0	0	0	0.0	0	0	0	0	0	0	0	0	0	0	0	0	0	0	0	0	0	0	0	0	0	0	0	0.0
20502	yutnori_masasi	KNIGHT	NPC	MELEE	1	100		NOMOVE	0		STUN,SLOW,TERROR	0		2	0	0	0	0	0	0	0	0	0	0	120	3	1	0	0	10	0	4	100	100	0	2000	150	0	0	0	0	0	0	0	0	0	0	0	0	0	0	0	0	0	0	0	0	0	0	0	0	0	0	0	0	0	0	0	0.0	0	0	0	0	0	0	0	0	0	0	0	0	0	0	0	0	0	0	0	0	0	0	0	0.0
20503	gaya_tuccari	KNIGHT	NPC	MELEE	70	100		NOMOVE	0		STUN,SLOW,TERROR	0		2	0	0	0	0	0	0	0	0	0	0	3954	3	1	0	0	562	0	79	100	100	0	2000	150	0	0	0	0	0	0	0	0	0	0	0	0	0	0	0	0	0	0	0	0	0	0	0	0	0	0	0	0	0	0	0	0.0	0	0	0	0	0	0	0	0	0	0	0	0	0	0	0	0	0	0	0	0	0	0	0	0.0
20504	gaya_magazasi	KNIGHT	NPC	MELEE	70	100		NOMOVE	0		STUN,SLOW,TERROR	0		2	0	0	0	0	0	0	0	0	0	0	3954	3	1	0	0	562	0	79	100	100	0	2000	150	0	0	0	0	0	0	0	0	0	0	0	0	0	0	0	0	0	0	0	0	0	0	0	0	0	0	0	0	0	0	0	0.0	0	0	0	0	0	0	0	0	0	0	0	0	0	0	0	0	0	0	0	0	0	0	0	0.0
20505	yut_cubuklari	KNIGHT	NPC	MELEE	1	100		NOMOVE	0		STUN,SLOW,TERROR	0		2	0	0	0	0	0	0	0	0	0	0	120	3	1	0	0	10	0	4	100	100	0	2000	150	0	0	0	0	0	0	0	0	0	0	0	0	0	0	0	0	0	0	0	0	0	0	0	0	0	0	0	0	0	0	0	0.0	0	0	0	0	0	0	0	0	0	0	0	0	0	0	0	0	0	0	0	0	0	0	0	0.0
20506	krali_yakala_masasi	KNIGHT	NPC	MELEE	1	100		NOMOVE	0		STUN,SLOW,TERROR	0		2	0	0	0	0	0	0	0	0	0	0	120	3	1	0	0	10	0	4	100	100	0	2000	150	0	0	0	0	0	0	0	0	0	0	0	0	0	0	0	0	0	0	0	0	0	0	0	0	0	0	0	0	0	0	0	0.0	0	0	0	0	0	0	0	0	0	0	0	0	0	0	0	0	0	0	0	0	0	0	0	0.0
20507	얼음결정체(동결)	KING	STONE	MELEE	120	100		NOMOVE	0		SLOW,TERROR,UNK_IMMUNE_FLAG5,UNK_IMMUNE_FLAG6,UNK_IMMUNE_FLAG7,UNK_IMMUNE_FLAG8,UNK_IMMUNE_FLAG9	0	metinstone_whitedragon_ice	0	0	0	100	0	0	0	0	0	0	0	500000	7	1	0	0	0	1	100	6548	6548	0	2000	150	0	0	0	0	0	0	0	0	0	0	0	0	0	0	0	0	0	0	0	0	100	100	0	0	0	0	0	0	0	0	0	0.0	0	0	0	0	0	0	0	0	0	0	0	0	0	0	0	0	0	0	0	0	0	0	0	0.0
20510	zc:_sura_ruhu	KING	NPC	MELEE	70	100		NOMOVE	0		STUN,SLOW,TERROR	0		2	0	0	0	0	0	0	0	0	0	0	3954	3	1	0	0	562	0	79	100	100	0	2000	150	0	0	0	0	0	0	0	0	0	0	0	0	0	0	0	0	0	0	0	0	0	0	0	0	0	0	0	0	0	0	0	0.0	0	0	0	0	0	0	0	0	0	0	0	0	0	0	0	0	0	0	0	0	0	0	0	0.0
20511	zc:_am_heh_yutagi	KNIGHT	NPC	MELEE	1	100		NOMOVE	0		STUN,SLOW,TERROR	0		2	0	0	0	0	0	0	0	0	0	0	120	3	1	0	0	10	0	4	100	100	0	2000	150	0	0	0	0	0	0	0	0	0	0	0	0	0	0	0	0	0	0	0	0	0	0	0	0	0	0	0	0	0	0	0	0.0	0	0	0	0	0	0	0	0	0	0	0	0	0	0	0	0	0	0	0	0	0	0	0	0.0
20512	zc:_taramor_mezar_tasi	KNIGHT	NPC	MELEE	1	100		NOMOVE	0		STUN,SLOW,TERROR	0		2	0	0	0	0	0	0	0	0	0	0	120	3	1	0	0	10	0	4	100	100	0	2000	150	0	0	0	0	0	0	0	0	0	0	0	0	0	0	0	0	0	0	0	0	0	0	0	0	0	0	0	0	0	0	0	0.0	0	0	0	0	0	0	0	0	0	0	0	0	0	0	0	0	0	0	0	0	0	0	0	0.0
20513	zc:_isfet_steli	KNIGHT	NPC	MELEE	1	100		NOMOVE	0		STUN,SLOW,TERROR	0		2	0	0	0	0	0	0	0	0	0	0	120	3	1	0	0	10	0	4	100	100	0	2000	150	0	0	0	0	0	0	0	0	0	0	0	0	0	0	0	0	0	0	0	0	0	0	0	0	0	0	0	0	0	0	0	0.0	0	0	0	0	0	0	0	0	0	0	0	0	0	0	0	0	0	0	0	0	0	0	0	0.0
20514	zc:_kader_kilidi	KNIGHT	NPC	MELEE	1	100		NOMOVE	0		STUN,SLOW,TERROR	0		0	0	0	0	0	0	0	0	0	0	0	120	3	1	0	0	10	0	4	100	100	0	2000	150	0	0	0	0	0	0	0	0	0	0	0	0	0	0	0	0	0	0	0	0	0	0	0	0	0	0	0	0	0	0	0	0.0	0	0	0	0	0	0	0	0	0	0	0	0	0	0	0	0	0	0	0	0	0	0	0	0.0
20515	zc:_ejder_kapisi	KING	DOOR	MELEE	1	100		NOMOVE	0		STUN,SLOW,TERROR	0		2	0	0	0	0	0	0	0	0	0	0	120	3	1	0	0	10	0	4	100	100	0	2000	150	0	0	0	0	0	0	0	0	0	0	0	0	0	0	0	0	0	0	0	0	0	0	0	0	0	0	0	0	0	0	0	0.0	0	0	0	0	0	0	0	0	0	0	0	0	0	0	0	0	0	0	0	0	0	0	0	0.0
20516	zc:_buz_arslani	KNIGHT	NPC	MELEE	1	100		NOMOVE	0		STUN,SLOW,TERROR	0		2	0	0	0	0	0	0	0	0	0	0	120	3	1	0	0	10	0	4	100	100	0	2000	150	0	0	0	0	0	0	0	0	0	0	0	0	0	0	0	0	0	0	0	0	0	0	0	0	0	0	0	0	0	0	0	0.0	0	0	0	0	0	0	0	0	0	0	0	0	0	0	0	0	0	0	0	0	0	0	0	0.0
20517	zc:_arktos_kupu	KNIGHT	NPC	MELEE	1	100		NOMOVE	0		STUN,SLOW,TERROR	0		2	0	0	0	0	0	0	0	0	0	0	120	3	1	0	0	10	0	4	100	100	0	2000	150	0	0	0	0	0	0	0	0	0	0	0	0	0	0	0	0	0	0	0	0	0	0	0	0	0	0	0	0	0	0	0	0.0	0	0	0	0	0	0	0	0	0	0	0	0	0	0	0	0	0	0	0	0	0	0	0	0.0
20518	zc:_kuzey_ejderi_sutunu	KING	STONE	MELEE	120	100		NOMOVE	0		STUN,SLOW,TERROR	0	ice_stonepillar	0	0	0	100	0	0	0	0	0	0	0	1200000	5	1	0	0	51	0	100	6075	6080	0	2000	150	0	0	0	0	0	0	0	0	0	0	0	0	0	0	0	0	0	0	0	0	100	100	0	0	0	0	0	0	0	0	0	0.0	0	0	0	0	0	0	0	0	0	0	0	0	0	0	0	0	0	0	0	0	0	0	0	0.0
20519	zc:_orman_bekcisi	KNIGHT	NPC	MELEE	1	100		NOMOVE	0		STUN,SLOW,TERROR	0		2	0	0	0	0	0	0	0	0	0	0	120	3	1	0	0	10	0	4	100	100	0	2000	150	0	0	0	0	0	0	0	0	0	0	0	0	0	0	0	0	0	0	0	0	0	0	0	0	0	0	0	0	0	0	0	0.0	0	0	0	0	0	0	0	0	0	0	0	0	0	0	0	0	0	0	0	0	0	0	0	0.0
20520	zc:_orman_casusu	KNIGHT	NPC	MELEE	1	100		NOMOVE	0		STUN,SLOW,TERROR	0		2	0	0	0	0	0	0	0	0	0	0	120	3	1	0	0	10	0	4	100	100	0	2000	150	0	0	0	0	0	0	0	0	0	0	0	0	0	0	0	0	0	0	0	0	0	0	0	0	0	0	0	0	0	0	0	0.0	0	0	0	0	0	0	0	0	0	0	0	0	0	0	0	0	0	0	0	0	0	0	0	0.0
20521	zc:_orman_izcisi	KNIGHT	NPC	MELEE	1	100		NOMOVE	0		STUN,SLOW,TERROR	0		2	0	0	0	0	0	0	0	0	0	0	120	3	1	0	0	10	0	4	100	100	0	2000	150	0	0	0	0	0	0	0	0	0	0	0	0	0	0	0	0	0	0	0	0	0	0	0	0	0	0	0	0	0	0	0	0.0	0	0	0	0	0	0	0	0	0	0	0	0	0	0	0	0	0	0	0	0	0	0	0	0.0
20522	zc:_orman_b._lideri	KNIGHT	NPC	MELEE	1	100		NOMOVE	0		STUN,SLOW,TERROR	0		2	0	0	0	0	0	0	0	0	0	0	120	3	1	0	0	10	0	4	100	100	0	2000	150	0	0	0	0	0	0	0	0	0	0	0	0	0	0	0	0	0	0	0	0	0	0	0	0	0	0	0	0	0	0	0	0.0	0	0	0	0	0	0	0	0	0	0	0	0	0	0	0	0	0	0	0	0	0	0	0	0.0
20530	ts:_sura_ruhu	KING	NPC	MELEE	70	100		NOMOVE	0		STUN,SLOW,TERROR	0		2	0	0	0	0	0	0	0	0	0	0	3954	3	1	0	0	562	0	79	100	100	0	2000	150	0	0	0	0	0	0	0	0	0	0	0	0	0	0	0	0	0	0	0	0	0	0	0	0	0	0	0	0	0	0	0	0.0	0	0	0	0	0	0	0	0	0	0	0	0	0	0	0	0	0	0	0	0	0	0	0	0.0
20531	ts:_am_heh_yutagi	KNIGHT	NPC	MELEE	1	100		NOMOVE	0		STUN,SLOW,TERROR	0		2	0	0	0	0	0	0	0	0	0	0	120	3	1	0	0	10	0	4	100	100	0	2000	150	0	0	0	0	0	0	0	0	0	0	0	0	0	0	0	0	0	0	0	0	0	0	0	0	0	0	0	0	0	0	0	0.0	0	0	0	0	0	0	0	0	0	0	0	0	0	0	0	0	0	0	0	0	0	0	0	0.0
20532	ts:_taramor_mezar_tasi	KNIGHT	NPC	MELEE	1	100		NOMOVE	0		STUN,SLOW,TERROR	0		2	0	0	0	0	0	0	0	0	0	0	120	3	1	0	0	10	0	4	100	100	0	2000	150	0	0	0	0	0	0	0	0	0	0	0	0	0	0	0	0	0	0	0	0	0	0	0	0	0	0	0	0	0	0	0	0.0	0	0	0	0	0	0	0	0	0	0	0	0	0	0	0	0	0	0	0	0	0	0	0	0.0
20533	ts:_isfet_steli	KNIGHT	NPC	MELEE	1	100		NOMOVE	0		STUN,SLOW,TERROR	0		2	0	0	0	0	0	0	0	0	0	0	120	3	1	0	0	10	0	4	100	100	0	2000	150	0	0	0	0	0	0	0	0	0	0	0	0	0	0	0	0	0	0	0	0	0	0	0	0	0	0	0	0	0	0	0	0.0	0	0	0	0	0	0	0	0	0	0	0	0	0	0	0	0	0	0	0	0	0	0	0	0.0
20534	ts:_kader_kilidi	KNIGHT	NPC	MELEE	1	100		NOMOVE	0		STUN,SLOW,TERROR	0		0	0	0	0	0	0	0	0	0	0	0	120	3	1	0	0	10	0	4	100	100	0	2000	150	0	0	0	0	0	0	0	0	0	0	0	0	0	0	0	0	0	0	0	0	0	0	0	0	0	0	0	0	0	0	0	0.0	0	0	0	0	0	0	0	0	0	0	0	0	0	0	0	0	0	0	0	0	0	0	0	0.0
20535	ts:_ejder_kapisi	KING	DOOR	MELEE	1	100		NOMOVE	0		STUN,SLOW,TERROR	0		2	0	0	0	0	0	0	0	0	0	0	120	3	1	0	0	10	0	4	100	100	0	2000	150	0	0	0	0	0	0	0	0	0	0	0	0	0	0	0	0	0	0	0	0	0	0	0	0	0	0	0	0	0	0	0	0.0	0	0	0	0	0	0	0	0	0	0	0	0	0	0	0	0	0	0	0	0	0	0	0	0.0
20536	ts:_buz_arslani	KNIGHT	NPC	MELEE	1	100		NOMOVE	0		STUN,SLOW,TERROR	0		2	0	0	0	0	0	0	0	0	0	0	120	3	1	0	0	10	0	4	100	100	0	2000	150	0	0	0	0	0	0	0	0	0	0	0	0	0	0	0	0	0	0	0	0	0	0	0	0	0	0	0	0	0	0	0	0.0	0	0	0	0	0	0	0	0	0	0	0	0	0	0	0	0	0	0	0	0	0	0	0	0.0
20537	ts:_arktos_kupu	KNIGHT	NPC	MELEE	1	100		NOMOVE	0		STUN,SLOW,TERROR	0		2	0	0	0	0	0	0	0	0	0	0	120	3	1	0	0	10	0	4	100	100	0	2000	150	0	0	0	0	0	0	0	0	0	0	0	0	0	0	0	0	0	0	0	0	0	0	0	0	0	0	0	0	0	0	0	0.0	0	0	0	0	0	0	0	0	0	0	0	0	0	0	0	0	0	0	0	0	0	0	0	0.0
20538	ts:_kuzey_ejderi_sutunu	KING	STONE	MELEE	120	100		NOMOVE	0		STUN,SLOW,TERROR	0	ice_stonepillar	0	0	0	100	0	0	0	0	0	0	0	1200000	5	1	0	0	51	0	100	6125	6130	0	2000	150	0	0	0	0	0	0	0	0	0	0	0	0	0	0	0	0	0	0	0	0	100	100	0	0	0	0	0	0	0	0	0	0.0	0	0	0	0	0	0	0	0	0	0	0	0	0	0	0	0	0	0	0	0	0	0	0	0.0
20539	ts:_orman_bekcisi	KNIGHT	NPC	MELEE	1	100		NOMOVE	0		STUN,SLOW,TERROR	0		2	0	0	0	0	0	0	0	0	0	0	120	3	1	0	0	10	0	4	100	100	0	2000	150	0	0	0	0	0	0	0	0	0	0	0	0	0	0	0	0	0	0	0	0	0	0	0	0	0	0	0	0	0	0	0	0.0	0	0	0	0	0	0	0	0	0	0	0	0	0	0	0	0	0	0	0	0	0	0	0	0.0
20540	ts:_orman_casusu	KNIGHT	NPC	MELEE	1	100		NOMOVE	0		STUN,SLOW,TERROR	0		2	0	0	0	0	0	0	0	0	0	0	120	3	1	0	0	10	0	4	100	100	0	2000	150	0	0	0	0	0	0	0	0	0	0	0	0	0	0	0	0	0	0	0	0	0	0	0	0	0	0	0	0	0	0	0	0.0	0	0	0	0	0	0	0	0	0	0	0	0	0	0	0	0	0	0	0	0	0	0	0	0.0
20541	ts:_orman_izcisi	KNIGHT	NPC	MELEE	1	100		NOMOVE	0		STUN,SLOW,TERROR	0		2	0	0	0	0	0	0	0	0	0	0	120	3	1	0	0	10	0	4	100	100	0	2000	150	0	0	0	0	0	0	0	0	0	0	0	0	0	0	0	0	0	0	0	0	0	0	0	0	0	0	0	0	0	0	0	0.0	0	0	0	0	0	0	0	0	0	0	0	0	0	0	0	0	0	0	0	0	0	0	0	0.0
20542	ts:_orman_b._lideri	KNIGHT	NPC	MELEE	1	100		NOMOVE	0		STUN,SLOW,TERROR	0		2	0	0	0	0	0	0	0	0	0	0	120	3	1	0	0	10	0	4	100	100	0	2000	150	0	0	0	0	0	0	0	0	0	0	0	0	0	0	0	0	0	0	0	0	0	0	0	0	0	0	0	0	0	0	0	0.0	0	0	0	0	0	0	0	0	0	0	0	0	0	0	0	0	0	0	0	0	0	0	0	0.0
20650	madalya_korucusu	KNIGHT	NPC	MELEE	1	100		NOMOVE	0		STUN,SLOW,TERROR	0		2	0	0	0	0	0	0	0	0	0	0	120	3	1	0	0	10	0	4	100	100	0	2000	150	0	0	0	0	0	0	0	0	0	0	0	0	0	0	0	0	0	0	0	0	0	0	0	0	0	0	0	0	0	0	0	0.0	0	0	0	0	0	0	0	0	0	0	0	0	0	0	0	0	0	0	0	0	0	0	0	0.0
20660	sis_jediti_simyageri	KNIGHT	NPC	MELEE	1	100		NOMOVE	0		STUN,SLOW,TERROR	0		2	0	0	0	0	0	0	0	0	0	0	120	3	1	0	0	10	0	4	100	100	0	2000	150	0	0	0	0	0	0	0	0	0	0	0	0	0	0	0	0	0	0	0	0	0	0	0	0	0	0	0	0	0	0	0	0.0	0	0	0	0	0	0	0	0	0	0	0	0	0	0	0	0	0	0	0	0	0	0	0	0.0
20661	gunes_jediti_simyageri	KNIGHT	NPC	MELEE	1	100		NOMOVE	0		STUN,SLOW,TERROR	0		2	0	0	0	0	0	0	0	0	0	0	120	3	1	0	0	10	0	4	100	100	0	2000	150	0	0	0	0	0	0	0	0	0	0	0	0	0	0	0	0	0	0	0	0	0	0	0	0	0	0	0	0	0	0	0	0.0	0	0	0	0	0	0	0	0	0	0	0	0	0	0	0	0	0	0	0	0	0	0	0	0.0
20662	gece_jediti_simyageri	KNIGHT	NPC	MELEE	1	100		NOMOVE	0		STUN,SLOW,TERROR	0		2	0	0	0	0	0	0	0	0	0	0	120	3	1	0	0	10	0	4	100	100	0	2000	150	0	0	0	0	0	0	0	0	0	0	0	0	0	0	0	0	0	0	0	0	0	0	0	0	0	0	0	0	0	0	0	0.0	0	0	0	0	0	0	0	0	0	0	0	0	0	0	0	0	0	0	0	0	0	0	0	0.0
20663	duman_jediti_simyageri	KNIGHT	NPC	MELEE	1	100		NOMOVE	0		STUN,SLOW,TERROR	0		2	0	0	0	0	0	0	0	0	0	0	120	3	1	0	0	10	0	4	100	100	0	2000	150	0	0	0	0	0	0	0	0	0	0	0	0	0	0	0	0	0	0	0	0	0	0	0	0	0	0	0	0	0	0	0	0.0	0	0	0	0	0	0	0	0	0	0	0	0	0	0	0	0	0	0	0	0	0	0	0	0.0
20664	코발트 연금술사 홬½발트 연금술사 홁	KNIGHT	NPC	MELEE	1	100		NOMOVE	0		STUN,SLOW,TERROR	0		2	0	0	0	0	0	0	0	0	0	0	120	3	1	0	0	10	0	4	100	100	0	2000	150	0	0	0	0	0	0	0	0	0	0	0	0	0	0	0	0	0	0	0	0	0	0	0	0	0	0	0	0	0	0	0	0.0	0	0	0	0	0	0	0	0	0	0	0	0	0	0	0	0	0	0	0	0	0	0	0	0.0
20702	enerji_tapinagi	KING	STONE	SPECIAL	0	100		NOMOVE,NORECOVERY	0		STUN,SLOW,TERROR	0	shrine_02	0	0	0	6	0	0	0	0	0	0	0	3000	5	1	0	0	1	0	8	0	0	0	2000	175	0	0	0	0	0	0	0	0	0	0	0	0	0	0	0	0	0	0	0	0	0	0	0	0	0	0	0	0	0	0	0	0.0	0	0	0	0	0	0	0	0	0	0	0	0	0	0	0	0	0	0	0	0	0	0	0	0.0
20703	sans_tapinagi	KING	STONE	SPECIAL	0	100		NOMOVE,NORECOVERY	0		STUN,SLOW,TERROR	0	shrine_01	0	0	0	6	0	0	0	0	0	0	0	3000	5	1	0	0	1	0	8	0	0	0	2000	175	0	0	0	0	0	0	0	0	0	0	0	0	0	0	0	0	0	0	0	0	0	0	0	0	0	0	0	0	0	0	0	0.0	0	0	0	0	0	0	0	0	0	0	0	0	0	0	0	0	0	0	0	0	0	0	0	0.0
20704	guc_tapinagi	KING	STONE	SPECIAL	0	100		NOMOVE,NORECOVERY	0		STUN,SLOW,TERROR	0	shrine_03	0	0	0	6	0	0	0	0	0	0	0	3000	5	1	0	0	1	0	8	0	0	0	2000	175	0	0	0	0	0	0	0	0	0	0	0	0	0	0	0	0	0	0	0	0	0	0	0	0	0	0	0	0	0	0	0	0.0	0	0	0	0	0	0	0	0	0	0	0	0	0	0	0	0	0	0	0	0	0	0	0	0.0
20705	hazine_tapinagi	KING	STONE	SPECIAL	0	100		NOMOVE,NORECOVERY	0		STUN,SLOW,TERROR	0	shrine_04	0	0	0	6	0	0	0	0	0	0	0	3000	5	1	0	0	1	0	8	0	0	0	2000	175	0	0	0	0	0	0	0	0	0	0	0	0	0	0	0	0	0	0	0	0	0	0	0	0	0	0	0	0	0	0	0	0.0	0	0	0	0	0	0	0	0	0	0	0	0	0	0	0	0	0	0	0	0	0	0	0	0.0
20706	aydinlanma_tapinagi	KING	STONE	SPECIAL	0	100		NOMOVE,NORECOVERY	0		STUN,SLOW,TERROR	0	shrine_05	0	0	0	6	0	0	0	0	0	0	0	3000	5	1	0	0	1	0	8	0	0	0	2000	175	0	0	0	0	0	0	0	0	0	0	0	0	0	0	0	0	0	0	0	0	0	0	0	0	0	0	0	0	0	0	0	0.0	0	0	0	0	0	0	0	0	0	0	0	0	0	0	0	0	0	0	0	0	0	0	0	0.0
20707	æ÷å»(°iàuáo)_385_3æ÷å»(°iàuáo)_385_3		KING	GOTO	MELEE	1	100		NOMOVE	0		STUN,SLOW,TERROR	0		2	0	0	0	0	0	0	0	0	0	0	1	1	1	0	0	1	0	1	1	1	1	2000	1	0	0	0	0	0	0	0	0	0	0	0	0	0	0	0	0	0	0	0	0	0	0	0	0	0	0	0	0	0	0	0.0	0	0	0	0	0	0	0	0	0	0	0	0	0	0	0	0	0	0	0	0	0	0	0	0.0
20710	tedarik_kutusu(br)	KNIGHT	STONE	MELEE	1	80		NOMOVE	0		STUN,SLOW,TERROR	0	reddragon_room_box	0	0	0	0	0	0	0	0	0	0	0	50	0	0	0	0	1	0	1	0	0	0	2000	150	0	0	0	0	0	0	0	0	0	0	0	0	0	0	0	0	0	0	0	0	0	0	0	0	0	0	0	0	0	0	0	0.0	0	0	0	0	0	0	0	0	0	0	0	0	0	0	0	0	0	0	0	0	0	0	0	0.0
20711	ekipman_kutusu(br)	KNIGHT	STONE	MELEE	1	80		NOMOVE	0		STUN,SLOW,TERROR	0	metinstone_02	0	0	0	0	0	0	0	0	0	0	0	60	0	0	0	0	1	0	1	0	0	0	2000	150	0	0	0	0	0	0	0	0	0	0	0	0	0	0	0	0	0	0	0	0	0	0	0	0	0	0	0	0	0	0	0	0.0	0	0	0	0	0	0	0	0	0	0	0	0	0	0	0	0	0	0	0	0	0	0	0	0.0
20712	elektrik_alani	KING	NPC	MELEE	1	100		NOMOVE	0		STUN,SLOW,TERROR	0		0	0	0	0	0	0	0	0	0	0	0	1	1	1	0	0	1	0	1	1	1	1	2000	1	0	0	0	0	0	0	0	0	0	0	0	0	0	0	0	0	0	0	0	0	0	0	0	0	0	0	0	0	0	0	0	0.0	0	0	0	0	0	0	0	0	0	0	0	0	0	0	0	0	0	0	0	0	0	0	0	0.0
20713	ekipman_kutusu(br)	KNIGHT	STONE	MELEE	1	80		NOMOVE	0		STUN,SLOW,TERROR	0	metinstone_02	0	0	0	0	0	0	0	0	0	0	0	60	0	0	0	0	1	0	1	0	0	0	2000	150	0	0	0	0	0	0	0	0	0	0	0	0	0	0	0	0	0	0	0	0	0	0	0	0	0	0	0	0	0	0	0	0.0	0	0	0	0	0	0	0	0	0	0	0	0	0	0	0	0	0	0	0	0	0	0	0	0.0
20714	ozel_tedarik_kutusu(br)	KNIGHT	STONE	MELEE	1	80		NOMOVE	0		STUN,SLOW,TERROR	0	ice_keybox	0	0	0	0	0	0	0	0	0	0	0	160	0	0	0	0	1	0	1	0	0	0	2000	150	0	0	0	0	0	0	0	0	0	0	0	0	0	0	0	0	0	0	0	0	0	0	0	0	0	0	0	0	0	0	0	0.0	0	0	0	0	0	0	0	0	0	0	0	0	0	0	0	0	0	0	0	0	0	0	0	0.0
20798	sungma_portali	KING	NPC	MELEE	70	100		NOMOVE	0	SUNGMA_PORTAL	STUN,SLOW,TERROR	0		2	0	0	0	0	0	0	0	0	0	0	120	3	1	0	0	10	0	4	100	100	0	2000	150	0	0	0	0	0	0	0	0	0	0	0	0	0	0	0	0	0	0	0	0	0	0	0	0	0	0	0	0	0	0	0	0.0	0	0	0	0	0	0	0	0	0	0	0	0	0	0	0	0	0	0	0	0	0	0	0	0.0
20799	cicekler	KNIGHT	NPC	MELEE	70	100		NOMOVE	0		STUN,SLOW,TERROR	0		2	0	0	0	0	0	0	0	0	0	3954	3	1	0	0	0	0	0	79	100	100	0	2000	150	0	0	0	0	0	0	0	0	0	0	0	0	0	0	0	0	0	0	0	0	0	0	0	0	0	0	0	0	0	0	0	0.0	0	0	0	0	0	0	0	0	0	0	0	0	0	0	0	0	0	0	0	0	0	0	0	0.0
20800	yarali	KNIGHT	NPC	MELEE	1	100		NOMOVE	0		STUN,SLOW,TERROR	0		2	0	0	0	0	0	0	0	0	0	120	3	1	0	0	0	0	0	4	100	100	0	2000	150	0	0	0	0	0	0	0	0	0	0	0	0	0	0	0	0	0	0	0	0	0	0	0	0	0	0	0	0	0	0	0	0.0	0	0	0	0	0	0	0	0	0	0	0	0	0	0	0	0	0	0	0	0	0	0	0	0.0
20802	yohara_bekcisi	KNIGHT	NPC	MELEE	1	100		NOMOVE	0		STUN,SLOW,TERROR	0		2	0	0	0	0	0	0	0	0	0	0	120	3	1	0	0	10	0	4	100	100	0	2000	150	0	0	0	0	0	0	0	0	0	0	0	0	0	0	0	0	0	0	0	0	0	0	0	0	0	0	0	0	0	0	0	0.0	0	0	0	0	0	0	0	0	0	0	0	0	0	0	0	0	0	0	0	0	0	0	0	0.0
20803	yohara_muhafizi	KNIGHT	NPC	MELEE	1	100		NOMOVE	0		STUN,SLOW,TERROR	0		2	0	0	0	0	0	0	0	0	0	0	120	3	1	0	0	10	0	4	100	100	0	2000	150	0	0	0	0	0	0	0	0	0	0	0	0	0	0	0	0	0	0	0	0	0	0	0	0	0	0	0	0	0	0	0	0.0	0	0	0	0	0	0	0	0	0	0	0	0	0	0	0	0	0	0	0	0	0	0	0	0.0
20804	yilan_bekcisi	KNIGHT	NPC	MELEE	1	100		NOMOVE	0		STUN,SLOW,TERROR	0		2	0	0	0	0	0	0	0	0	0	0	120	3	1	0	0	10	0	4	100	100	0	2000	150	0	0	0	0	0	0	0	0	0	0	0	0	0	0	0	0	0	0	0	0	0	0	0	0	0	0	0	0	0	0	0	0.0	0	0	0	0	0	0	0	0	0	0	0	0	0	0	0	0	0	0	0	0	0	0	0	0.0
20805	kuzey_ruzgari_bekcisi	KNIGHT	NPC	MELEE	1	100		NOMOVE	0		STUN,SLOW,TERROR	0		2	0	0	0	0	0	0	0	0	0	0	120	3	1	0	0	10	0	4	100	100	0	2000	150	0	0	0	0	0	0	0	0	0	0	0	0	0	0	0	0	0	0	0	0	0	0	0	0	0	0	0	0	0	0	0	0.0	0	0	0	0	0	0	0	0	0	0	0	0	0	0	0	0	0	0	0	0	0	0	0	0.0
20806	ruh_sirti_bekcisi	KNIGHT	NPC	MELEE	1	100		NOMOVE	0		STUN,SLOW,TERROR	0		2	0	0	0	0	0	0	0	0	0	0	120	3	1	0	0	10	0	4	100	100	0	2000	150	0	0	0	0	0	0	0	0	0	0	0	0	0	0	0	0	0	0	0	0	0	0	0	0	0	0	0	0	0	0	0	0.0	0	0	0	0	0	0	0	0	0	0	0	0	0	0	0	0	0	0	0	0	0	0	0	0.0
20807	yilan_heykeli	KNIGHT	NPC	MELEE	1	100		NOMOVE	0		STUN,SLOW,TERROR	0		2	0	0	0	0	0	0	0	0	0	0	120	3	1	0	0	10	0	4	100	100	0	2000	150	0	0	0	0	0	0	0	0	0	0	0	0	0	0	0	0	0	0	0	0	0	0	0	0	0	0	0	0	0	0	0	0.0	0	0	0	0	0	0	0	0	0	0	0	0	0	0	0	0	0	0	0	0	0	0	0	0.0
20808	general_kohan	KNIGHT	NPC	MELEE	1	100		NOMOVE	0		STUN,SLOW,TERROR	0		2	0	0	0	0	0	0	0	0	0	0	120	3	1	0	0	10	0	4	100	100	0	2000	150	0	0	0	0	0	0	0	0	0	0	0	0	0	0	0	0	0	0	0	0	0	0	0	0	0	0	0	0	0	0	0	0.0	0	0	0	0	0	0	0	0	0	0	0	0	0	0	0	0	0	0	0	0	0	0	0	0.0
20809	konfucyus	KNIGHT	NPC	MELEE	1	100		NOMOVE	0		STUN,SLOW,TERROR	0		2	0	0	0	0	0	0	0	0	0	120	3	1	0	0	0	0	0	4	100	100	0	2000	150	0	0	0	0	0	0	0	0	0	0	0	0	0	0	0	0	0	0	0	0	0	0	0	0	0	0	0	0	0	0	0	0.0	0	0	0	0	0	0	0	0	0	0	0	0	0	0	0	0	0	0	0	0	0	0	0	0.0
20810	chaegirab	KNIGHT	NPC	MELEE	1	100		NOMOVE	0		STUN,SLOW,TERROR	0		2	0	0	0	0	0	0	0	0	0	120	3	1	0	0	0	0	0	4	100	100	0	2000	150	0	0	0	0	0	0	0	0	0	0	0	0	0	0	0	0	0	0	0	0	0	0	0	0	0	0	0	0	0	0	0	0.0	0	0	0	0	0	0	0	0	0	0	0	0	0	0	0	0	0	0	0	0	0	0	0	0.0
20811	kim_rim	KNIGHT	NPC	MELEE	1	100		NOMOVE	0		STUN,SLOW,TERROR	0		2	0	0	0	0	0	0	0	0	0	120	3	1	0	0	0	0	0	4	100	100	0	2000	150	0	0	0	0	0	0	0	0	0	0	0	0	0	0	0	0	0	0	0	0	0	0	0	0	0	0	0	0	0	0	0	0.0	0	0	0	0	0	0	0	0	0	0	0	0	0	0	0	0	0	0	0	0	0	0	0	0.0
20812	amiral_angmur	KNIGHT	NPC	MELEE	1	100		NOMOVE	0		STUN,SLOW,TERROR	0		2	0	0	0	0	0	0	0	0	0	0	120	3	1	0	0	10	0	4	100	100	0	2000	150	0	0	0	0	0	0	0	0	0	0	0	0	0	0	0	0	0	0	0	0	0	0	0	0	0	0	0	0	0	0	0	0.0	0	0	0	0	0	0	0	0	0	0	0	0	0	0	0	0	0	0	0	0	0	0	0	0.0
20813	kuzey_ruzgari_kesisi	KNIGHT	NPC	MELEE	1	100		NOMOVE	0		STUN,SLOW,TERROR	0		2	0	0	0	0	0	0	0	0	0	0	120	3	1	0	0	10	0	4	100	100	0	2000	150	0	0	0	0	0	0	0	0	0	0	0	0	0	0	0	0	0	0	0	0	0	0	0	0	0	0	0	0	0	0	0	0.0	0	0	0	0	0	0	0	0	0	0	0	0	0	0	0	0	0	0	0	0	0	0	0	0.0
20814	kayiip_gozcu	KNIGHT	NPC	MELEE	1	100		NOMOVE	0		STUN,SLOW,TERROR	0		2	0	0	0	0	0	0	0	0	0	0	120	3	1	0	0	10	0	4	100	100	0	2000	150	0	0	0	0	0	0	0	0	0	0	0	0	0	0	0	0	0	0	0	0	0	0	0	0	0	0	0	0	0	0	0	0.0	0	0	0	0	0	0	0	0	0	0	0	0	0	0	0	0	0	0	0	0	0	0	0	0.0
20815	hayalet_bekci	KNIGHT	NPC	MELEE	1	100		NOMOVE	0		STUN,SLOW,TERROR	0		2	0	0	0	0	0	0	0	0	0	0	120	3	1	0	0	10	0	4	100	100	0	2000	150	0	0	0	0	0	0	0	0	0	0	0	0	0	0	0	0	0	0	0	0	0	0	0	0	0	0	0	0	0	0	0	0.0	0	0	0	0	0	0	0	0	0	0	0	0	0	0	0	0	0	0	0	0	0	0	0	0.0
20822	dolandirici	KNIGHT	NPC	MELEE	1	100		NOMOVE	0		STUN,SLOW,TERROR	0		2	0	0	0	0	0	0	0	0	0	120	3	1	0	0	0	0	0	4	100	100	0	2000	150	0	0	0	0	0	0	0	0	0	0	0	0	0	0	0	0	0	0	0	0	0	0	0	0	0	0	0	0	0	0	0	0.0	0	0	0	0	0	0	0	0	0	0	0	0	0	0	0	0	0	0	0	0	0	0	0	0.0
20823	chi_usta	KNIGHT	NPC	MELEE	1	100		NOMOVE	0		STUN,SLOW,TERROR	0		2	0	0	0	0	0	0	0	0	0	120	3	1	0	0	0	0	0	4	100	100	0	2000	150	0	0	0	0	0	0	0	0	0	0	0	0	0	0	0	0	0	0	0	0	0	0	0	0	0	0	0	0	0	0	0	0.0	0	0	0	0	0	0	0	0	0	0	0	0	0	0	0	0	0	0	0	0	0	0	0	0.0
20826	huahn_so	KNIGHT	NPC	MELEE	1	100		NOMOVE	0		STUN,SLOW,TERROR	0		2	0	0	0	0	0	0	0	0	0	120	3	1	0	0	0	0	0	4	100	100	0	2000	150	0	0	0	0	0	0	0	0	0	0	0	0	0	0	0	0	0	0	0	0	0	0	0	0	0	0	0	0	0	0	0	0.0	0	0	0	0	0	0	0	0	0	0	0	0	0	0	0	0	0	0	0	0	0	0	0	0.0
20828	deri_ustasi	KNIGHT	NPC	MELEE	1	100		NOMOVE	0		STUN,SLOW,TERROR	0		2	0	0	0	0	0	0	0	0	0	120	3	1	0	0	0	0	0	4	100	100	0	2000	150	0	0	0	0	0	0	0	0	0	0	0	0	0	0	0	0	0	0	0	0	0	0	0	0	0	0	0	0	0	0	0	0.0	0	0	0	0	0	0	0	0	0	0	0	0	0	0	0	0	0	0	0	0	0	0	0	0.0
20829	yilan_tapinagi_demircisi	KNIGHT	NPC	MELEE	1	100		NOMOVE	0		STUN,SLOW,TERROR	0		2	0	0	0	0	0	0	0	0	0	0	120	3	1	0	0	10	0	4	100	100	0	2000	150	0	0	0	0	0	0	0	0	0	0	0	0	0	0	0	0	0	0	0	0	0	0	0	0	0	0	0	0	0	0	0	0.0	0	0	0	0	0	0	0	0	0	0	0	0	0	0	0	0	0	0	0	0	0	0	0	0.0
20830	ulak_komutan	KNIGHT	NPC	MELEE	1	100		NOMOVE	0		STUN,SLOW,TERROR	0		2	0	0	0	0	0	0	0	0	0	120	3	1	0	0	0	0	0	4	100	100	0	2000	150	0	0	0	0	0	0	0	0	0	0	0	0	0	0	0	0	0	0	0	0	0	0	0	0	0	0	0	0	0	0	0	0.0	0	0	0	0	0	0	0	0	0	0	0	0	0	0	0	0	0	0	0	0	0	0	0	0.0
20831	yohara_komutani	KNIGHT	NPC	MELEE	1	100		NOMOVE	0		STUN,SLOW,TERROR	0		2	0	0	0	0	0	0	0	0	0	120	3	1	0	0	0	0	0	4	100	100	0	2000	150	0	0	0	0	0	0	0	0	0	0	0	0	0	0	0	0	0	0	0	0	0	0	0	0	0	0	0	0	0	0	0	0.0	0	0	0	0	0	0	0	0	0	0	0	0	0	0	0	0	0	0	0	0	0	0	0	0.0
20832	amiral_angmur	KNIGHT	NPC	MELEE	1	100		NOMOVE	0		STUN,SLOW,TERROR	0		2	0	0	0	0	0	0	0	0	0	120	3	1	0	0	0	0	0	4	100	100	0	2000	150	0	0	0	0	0	0	0	0	0	0	0	0	0	0	0	0	0	0	0	0	0	0	0	0	0	0	0	0	0	0	0	0.0	0	0	0	0	0	0	0	0	0	0	0	0	0	0	0	0	0	0	0	0	0	0	0	0.0
20833	bozulmus_cicekler	KNIGHT	NPC	MELEE	1	100		NOMOVE	0		STUN,SLOW,TERROR	0		2	0	0	0	0	0	0	0	0	0	120	3	1	0	0	0	0	0	4	100	100	0	2000	150	0	0	0	0	0	0	0	0	0	0	0	0	0	0	0	0	0	0	0	0	0	0	0	0	0	0	0	0	0	0	0	0.0	0	0	0	0	0	0	0	0	0	0	0	0	0	0	0	0	0	0	0	0	0	0	0	0.0
20834	sunak	KNIGHT	NPC	MELEE	1	100		NOMOVE	0		STUN,SLOW,TERROR	0	npc_empirestone	2	0	0	0	0	0	0	0	0	0	120	3	1	0	0	0	0	0	4	100	100	0	2000	150	0	0	0	0	0	0	0	0	0	0	0	0	0	0	0	0	0	0	0	0	0	0	0	0	0	0	0	0	0	0	0	0.0	0	0	0	0	0	0	0	0	0	0	0	0	0	0	0	0	0	0	0	0	0	0	0	0.0
20835	yazici	KNIGHT	NPC	MELEE	1	100		NOMOVE	0		STUN,SLOW,TERROR	0		2	0	0	0	0	0	0	0	0	0	120	3	1	0	0	0	0	0	4	100	100	0	2000	150	0	0	0	0	0	0	0	0	0	0	0	0	0	0	0	0	0	0	0	0	0	0	0	0	0	0	0	0	0	0	0	0.0	0	0	0	0	0	0	0	0	0	0	0	0	0	0	0	0	0	0	0	0	0	0	0	0.0
20836	baltali_mizrak	KNIGHT	NPC	MELEE	1	100		NOMOVE	0		STUN,SLOW,TERROR	0	east_wl_soldier	2	0	0	0	0	0	0	0	0	0	0	120	3	1	0	0	10	0	4	100	100	0	2000	150	0	0	0	0	0	0	0	0	0	0	0	0	0	0	0	0	0	0	0	0	0	0	0	0	0	0	0	0	0	0	0	0.0	0	0	0	0	0	0	0	0	0	0	0	0	0	0	0	0	0	0	0	0	0	0	0	0.0
20837	cikis	KING	NPC	MELEE	1	100		NOMOVE	0		STUN,SLOW,TERROR	0		2	0	0	0	0	0	0	0	0	0	0	120	3	1	0	0	10	0	4	100	100	0	2000	150	0	0	0	0	0	0	0	0	0	0	0	0	0	0	0	0	0	0	0	0	0	0	0	0	0	0	0	0	0	0	0	0.0	0	0	0	0	0	0	0	0	0	0	0	0	0	0	0	0	0	0	0	0	0	0	0	0.0
20838	bolum_2	KING	NPC	MELEE	1	100		NOMOVE	0		STUN,SLOW,TERROR	0		2	0	0	0	0	0	0	0	0	0	0	120	3	1	0	0	10	0	4	100	100	0	2000	150	0	0	0	0	0	0	0	0	0	0	0	0	0	0	0	0	0	0	0	0	0	0	0	0	0	0	0	0	0	0	0	0.0	0	0	0	0	0	0	0	0	0	0	0	0	0	0	0	0	0	0	0	0	0	0	0	0.0
20839	bolum_3	KING	NPC	MELEE	1	100		NOMOVE	0		STUN,SLOW,TERROR	0		2	0	0	0	0	0	0	0	0	0	0	120	3	1	0	0	10	0	4	100	100	0	2000	150	0	0	0	0	0	0	0	0	0	0	0	0	0	0	0	0	0	0	0	0	0	0	0	0	0	0	0	0	0	0	0	0.0	0	0	0	0	0	0	0	0	0	0	0	0	0	0	0	0	0	0	0	0	0	0	0	0.0
20840	dongan_obasi	KING	NPC	MELEE	1	100		NOMOVE	0		STUN,SLOW,TERROR	0		2	0	0	0	0	0	0	0	0	0	0	120	3	1	0	0	10	0	4	100	100	0	2000	150	0	0	0	0	0	0	0	0	0	0	0	0	0	0	0	0	0	0	0	0	0	0	0	0	0	0	0	0	0	0	0	0.0	0	0	0	0	0	0	0	0	0	0	0	0	0	0	0	0	0	0	0	0	0	0	0	0.0
20841	kelle_avcisi	KNIGHT	NPC	MELEE	1	100		NOMOVE	0		STUN,SLOW,TERROR	0		2	0	0	0	0	0	0	0	0	0	0	120	3	1	0	0	10	0	4	100	100	0	2000	175	0	0	0	0	0	0	0	0	0	0	0	0	0	0	0	0	0	0	0	0	0	0	0	0	0	0	0	0	0	0	0	0.0	0	0	0	0	0	0	0	0	0	0	0	0	0	0	0	0	0	0	0	0	0	0	0	0.0
20842	tutsak_demirci	KNIGHT	NPC	MELEE	1	100		NOMOVE	0		STUN,SLOW,TERROR	0		2	0	0	0	0	0	0	0	0	0	0	120	3	1	0	0	10	0	4	100	100	0	2000	150	0	0	0	0	0	0	0	0	0	0	0	0	0	0	0	0	0	0	0	0	0	0	0	0	0	0	0	0	0	0	0	0.0	0	0	0	0	0	0	0	0	0	0	0	0	0	0	0	0	0	0	0	0	0	0	0	0.0
20844	yilan_heykeli	KNIGHT	NPC	MELEE	1	100		NOMOVE	0		STUN,SLOW,TERROR	0		2	0	0	0	0	0	0	0	0	0	0	120	3	1	0	0	10	0	4	100	100	0	2000	150	0	0	0	0	0	0	0	0	0	0	0	0	0	0	0	0	0	0	0	0	0	0	0	0	0	0	0	0	0	0	0	0.0	0	0	0	0	0	0	0	0	0	0	0	0	0	0	0	0	0	0	0	0	0	0	0	0.0
20845	kelle_avcisi._(zula)	KNIGHT	NPC	MELEE	1	100		NOMOVE	0		STUN,SLOW,TERROR	0		2	0	0	0	0	0	0	0	0	0	0	120	3	1	0	0	10	0	4	100	100	0	2000	175	0	0	0	0	0	0	0	0	0	0	0	0	0	0	0	0	0	0	0	0	0	0	0	0	0	0	0	0	0	0	0	0.0	0	0	0	0	0	0	0	0	0	0	0	0	0	0	0	0	0	0	0	0	0	0	0	0.0
20846	kelle_avcisi._(ruh_s.)	KNIGHT	NPC	MELEE	1	100		NOMOVE	0		STUN,SLOW,TERROR	0		2	0	0	0	0	0	0	0	0	0	0	120	3	1	0	0	10	0	4	100	100	0	2000	175	0	0	0	0	0	0	0	0	0	0	0	0	0	0	0	0	0	0	0	0	0	0	0	0	0	0	0	0	0	0	0	0.0	0	0	0	0	0	0	0	0	0	0	0	0	0	0	0	0	0	0	0	0	0	0	0	0.0
20847	kelle_avcisi._(zula)	KNIGHT	NPC	MELEE	1	100		NOMOVE	0		STUN,SLOW,TERROR	0		2	0	0	0	0	0	0	0	0	0	0	120	3	1	0	0	10	0	4	100	100	0	2000	175	0	0	0	0	0	0	0	0	0	0	0	0	0	0	0	0	0	0	0	0	0	0	0	0	0	0	0	0	0	0	0	0.0	0	0	0	0	0	0	0	0	0	0	0	0	0	0	0	0	0	0	0	0	0	0	0	0.0
20848	eski_kemikler	KNIGHT	NPC	MELEE	1	100		NOMOVE	0		STUN,SLOW,TERROR	0		2	0	0	0	0	0	0	0	0	0	0	120	3	1	0	0	10	0	4	100	100	0	2000	175	0	0	0	0	0	0	0	0	0	0	0	0	0	0	0	0	0	0	0	0	0	0	0	0	0	0	0	0	0	0	0	0.0	0	0	0	0	0	0	0	0	0	0	0	0	0	0	0	0	0	0	0	0	0	0	0	0.0
20849	taehvarang	KNIGHT	NPC	MELEE	1	100		NOMOVE	0		STUN,SLOW,TERROR	0		2	0	0	0	0	0	0	0	0	0	0	120	3	1	0	0	10	0	4	100	100	0	2000	175	0	0	0	0	0	0	0	0	0	0	0	0	0	0	0	0	0	0	0	0	0	0	0	0	0	0	0	0	0	0	0	0.0	0	0	0	0	0	0	0	0	0	0	0	0	0	0	0	0	0	0	0	0	0	0	0	0.0
20850	gizemli_sunak	KNIGHT	NPC	MELEE	1	100		NOMOVE	0		STUN,SLOW,TERROR	0		2	0	0	0	0	0	0	0	0	0	0	120	3	1	0	0	10	0	4	100	100	0	2000	175	0	0	0	0	0	0	0	0	0	0	0	0	0	0	0	0	0	0	0	0	0	0	0	0	0	0	0	0	0	0	0	0.0	0	0	0	0	0	0	0	0	0	0	0	0	0	0	0	0	0	0	0	0	0	0	0	0.0
20851	kelle_avcisi._(se._co.)	KNIGHT	NPC	MELEE	1	100		NOMOVE	0		STUN,SLOW,TERROR	0		2	0	0	0	0	0	0	0	0	0	0	120	3	1	0	0	10	0	4	100	100	0	2000	175	0	0	0	0	0	0	0	0	0	0	0	0	0	0	0	0	0	0	0	0	0	0	0	0	0	0	0	0	0	0	0	0.0	0	0	0	0	0	0	0	0	0	0	0	0	0	0	0	0	0	0	0	0	0	0	0	0.0
20852	kelle_avcisi._(namg._y.)	KNIGHT	NPC	MELEE	1	100		NOMOVE	0		STUN,SLOW,TERROR	0		2	0	0	0	0	0	0	0	0	0	0	120	3	1	0	0	10	0	4	100	100	0	2000	175	0	0	0	0	0	0	0	0	0	0	0	0	0	0	0	0	0	0	0	0	0	0	0	0	0	0	0	0	0	0	0	0.0	0	0	0	0	0	0	0	0	0	0	0	0	0	0	0	0	0	0	0	0	0	0	0	0.0
20853	aaa	KNIGHT	NPC	MELEE	1	100		NOMOVE	0		STUN,SLOW,TERROR	0		2	0	0	0	0	0	0	0	0	0	0	120	3	1	0	0	10	0	4	100	100	0	2000	150	0	0	0	0	0	0	0	0	0	0	0	0	0	0	0	0	0	0	0	0	0	0	0	0	0	0	0	0	0	0	0	0.0	0	0	0	0	0	0	0	0	0	0	0	0	0	0	0	0	0	0	0	0	0	0	0	0.0
20856	aaa	KNIGHT	NPC	MELEE	1	100		NORECOVERY	0		SLOW,TERROR,UNK_IMMUNE_FLAG5,UNK_IMMUNE_FLAG6,UNK_IMMUNE_FLAG7,UNK_IMMUNE_FLAG8,UNK_IMMUNE_FLAG9	0	treasure_hunt_goblin	2	0	0	0	0	0	0	0	0	0	0	250000	3	1	0	0	10	0	100	100	150	0	2000	175	0	0	0	0	0	0	0	0	0	0	0	0	0	0	0	0	0	0	0	0	30	0	0	0	0	0	0	0	0	0	0	0.0	0	0	0	0	0	0	0	0	0	0	0	0	0	0	0	0	0	0	0	0	0	0	0	0.0
20857	aaa	KNIGHT	NPC	MELEE	1	100		NOMOVE	0		STUN,SLOW,TERROR	0		2	0	0	0	0	0	0	0	0	0	0	120	3	1	0	0	10	0	4	100	100	0	2000	175	0	0	0	0	0	0	0	0	0	0	0	0	0	0	0	0	0	0	0	0	0	0	0	0	0	0	0	0	0	0	0	0.0	0	0	0	0	0	0	0	0	0	0	0	0	0	0	0	0	0	0	0	0	0	0	0	0.0
20858	aaa	KNIGHT	NPC	MELEE	1	100		NOMOVE	0		STUN,SLOW,TERROR	0		2	0	0	0	0	0	0	0	0	0	0	120	3	1	0	0	10	0	4	100	100	0	2000	175	0	0	0	0	0	0	0	0	0	0	0	0	0	0	0	0	0	0	0	0	0	0	0	0	0	0	0	0	0	0	0	0.0	0	0	0	0	0	0	0	0	0	0	0	0	0	0	0	0	0	0	0	0	0	0	0	0.0
20859	aaa	KNIGHT	NPC	MELEE	1	100		NOMOVE	0		STUN,SLOW,TERROR	0		2	0	0	0	0	0	0	0	0	0	0	120	3	1	0	0	10	0	4	100	100	0	2000	175	0	0	0	0	0	0	0	0	0	0	0	0	0	0	0	0	0	0	0	0	0	0	0	0	0	0	0	0	0	0	0	0.0	0	0	0	0	0	0	0	0	0	0	0	0	0	0	0	0	0	0	0	0	0	0	0	0.0
20860	aaa	KNIGHT	NPC	MELEE	1	100		NOMOVE	0		STUN,SLOW,TERROR	0		2	0	0	0	0	0	0	0	0	0	0	120	3	1	0	0	10	0	4	100	100	0	2000	175	0	0	0	0	0	0	0	0	0	0	0	0	0	0	0	0	0	0	0	0	0	0	0	0	0	0	0	0	0	0	0	0.0	0	0	0	0	0	0	0	0	0	0	0	0	0	0	0	0	0	0	0	0	0	0	0	0.0
20861	aaa	KNIGHT	NPC	MELEE	1	100		NOMOVE	0		STUN,SLOW,TERROR	0		2	0	0	0	0	0	0	0	0	0	0	120	3	1	0	0	10	0	4	100	100	0	2000	175	0	0	0	0	0	0	0	0	0	0	0	0	0	0	0	0	0	0	0	0	0	0	0	0	0	0	0	0	0	0	0	0.0	0	0	0	0	0	0	0	0	0	0	0	0	0	0	0	0	0	0	0	0	0	0	0	0.0
20862	aaa	KNIGHT	NPC	MELEE	1	100		NOMOVE	0		STUN,SLOW,TERROR	0		2	0	0	0	0	0	0	0	0	0	0	120	3	1	0	0	10	0	4	100	100	0	2000	175	0	0	0	0	0	0	0	0	0	0	0	0	0	0	0	0	0	0	0	0	0	0	0	0	0	0	0	0	0	0	0	0.0	0	0	0	0	0	0	0	0	0	0	0	0	0	0	0	0	0	0	0	0	0	0	0	0.0
20863	aaa	KNIGHT	NPC	MELEE	1	100		NOMOVE	0		STUN,SLOW,TERROR	0		2	0	0	0	0	0	0	0	0	0	0	120	3	1	0	0	10	0	4	100	100	0	2000	175	0	0	0	0	0	0	0	0	0	0	0	0	0	0	0	0	0	0	0	0	0	0	0	0	0	0	0	0	0	0	0	0.0	0	0	0	0	0	0	0	0	0	0	0	0	0	0	0	0	0	0	0	0	0	0	0	0.0
20864	aaa	KNIGHT	NPC	MELEE	1	100		NOMOVE	0		STUN,SLOW,TERROR	0		2	0	0	0	0	0	0	0	0	0	0	120	3	1	0	0	10	0	4	100	100	0	2000	175	0	0	0	0	0	0	0	0	0	0	0	0	0	0	0	0	0	0	0	0	0	0	0	0	0	0	0	0	0	0	0	0.0	0	0	0	0	0	0	0	0	0	0	0	0	0	0	0	0	0	0	0	0	0	0	0	0.0
20865	aaa	KNIGHT	NPC	MELEE	1	100		NOMOVE	0		STUN,SLOW,TERROR	0		2	0	0	0	0	0	0	0	0	0	0	120	3	1	0	0	10	0	4	100	100	0	2000	175	0	0	0	0	0	0	0	0	0	0	0	0	0	0	0	0	0	0	0	0	0	0	0	0	0	0	0	0	0	0	0	0.0	0	0	0	0	0	0	0	0	0	0	0	0	0	0	0	0	0	0	0	0	0	0	0	0.0
20866	aaa	KNIGHT	NPC	MELEE	1	100		NOMOVE	0		STUN,SLOW,TERROR	0		2	0	0	0	0	0	0	0	0	0	0	120	3	1	0	0	10	0	4	100	100	0	2000	175	0	0	0	0	0	0	0	0	0	0	0	0	0	0	0	0	0	0	0	0	0	0	0	0	0	0	0	0	0	0	0	0.0	0	0	0	0	0	0	0	0	0	0	0	0	0	0	0	0	0	0	0	0	0	0	0	0.0
20867	aaa	KNIGHT	NPC	MELEE	1	100		NOMOVE	0	HIDE	STUN,SLOW,TERROR	0		2	0	0	0	0	0	0	0	0	0	0	120	3	1	0	0	10	0	4	100	100	0	2000	175	0	0	0	0	0	0	0	0	0	0	0	0	0	0	0	0	0	0	0	0	0	0	0	0	0	0	0	0	0	0	0	0.0	0	0	0	0	0	0	0	0	0	0	0	0	0	0	0	0	0	0	0	0	0	0	0	0.0
20868	aaa	KNIGHT	NPC	MELEE	1	100		NOMOVE	0		STUN,SLOW,TERROR	0		2	0	0	0	0	0	0	0	0	0	0	120	3	1	0	0	10	0	4	100	100	0	2000	175	0	0	0	0	0	0	0	0	0	0	0	0	0	0	0	0	0	0	0	0	0	0	0	0	0	0	0	0	0	0	0	0.0	0	0	0	0	0	0	0	0	0	0	0	0	0	0	0	0	0	0	0	0	0	0	0	0.0
20869	aaa	KNIGHT	NPC	MELEE	1	100		NOMOVE	0		STUN,SLOW,TERROR	0		2	0	0	0	0	0	0	0	0	0	0	120	3	1	0	0	10	0	4	100	100	0	2000	175	0	0	0	0	0	0	0	0	0	0	0	0	0	0	0	0	0	0	0	0	0	0	0	0	0	0	0	0	0	0	0	0.0	0	0	0	0	0	0	0	0	0	0	0	0	0	0	0	0	0	0	0	0	0	0	0	0.0
20872	aaa	KNIGHT	NPC	MELEE	1	100		NOMOVE	0		STUN,SLOW,TERROR	0		2	0	0	0	0	0	0	0	0	0	0	120	3	1	0	0	10	0	4	100	100	0	2000	150	0	0	0	0	0	0	0	0	0	0	0	0	0	0	0	0	0	0	0	0	0	0	0	0	0	0	0	0	0	0	0	0.0	0	0	0	0	0	0	0	0	0	0	0	0	0	0	0	0	0	0	0	0	0	0	0	0.0
30000	aaa	KNIGHT	SHOP	MELEE	1	100		NOMOVE	0		STUN,SLOW,TERROR	0		0	0	0	0	0	0	0	0	0	0	0	120	3	1	0	0	10	0	4	100	100	0	2000	150	0	0	0	0	0	0	0	0	0	0	0	0	0	0	0	0	0	0	0	0	0	0	0	0	0	0	0	0	0	0	0	0.0	0	0	16764159	0	0	0	0	0	0	0	0	0	0	0	0	0	0	0	0	0	0	0	0	0.0
30001	aaa	KNIGHT	SHOP	MELEE	1	100		NOMOVE	0		STUN,SLOW,TERROR	0		0	0	0	0	0	0	0	0	0	0	0	120	3	1	0	0	10	0	4	100	100	0	2000	150	0	0	0	0	0	0	0	0	0	0	0	0	0	0	0	0	0	0	0	0	0	0	0	0	0	0	0	0	0	0	0	0.0	0	0	16764159	0	0	0	0	0	0	0	0	0	0	0	0	0	0	0	0	0	0	0	0	0.0
30002	binbir_gece	KNIGHT	SHOP	MELEE	1	100		NOMOVE	0		STUN,SLOW,TERROR	0		0	0	0	0	0	0	0	0	0	0	0	120	3	1	0	0	10	0	4	100	100	0	2000	150	0	0	0	0	0	0	0	0	0	0	0	0	0	0	0	0	0	0	0	0	0	0	0	0	0	0	0	0	0	0	0	0.0	0	0	0	0	0	0	0	0	0	0	0	0	0	0	0	0	0	0	0	0	0	0	0	0.0
30003	mangal_ustasi	KNIGHT	SHOP	MELEE	1	100		NOMOVE	0		STUN,SLOW,TERROR	0		0	0	0	0	0	0	0	0	0	0	0	120	3	1	0	0	10	0	4	100	100	0	2000	150	0	0	0	0	0	0	0	0	0	0	0	0	0	0	0	0	0	0	0	0	0	0	0	0	0	0	0	0	0	0	0	0.0	0	0	0	0	0	0	0	0	0	0	0	0	0	0	0	0	0	0	0	0	0	0	0	0.0
30004	hazine_avcisi	KNIGHT	SHOP	MELEE	1	100		NOMOVE	0		STUN,SLOW,TERROR	0		0	0	0	0	0	0	0	0	0	0	0	120	3	1	0	0	10	0	4	100	100	0	2000	150	0	0	0	0	0	0	0	0	0	0	0	0	0	0	0	0	0	0	0	0	0	0	0	0	0	0	0	0	0	0	0	0.0	0	0	0	0	0	0	0	0	0	0	0	0	0	0	0	0	0	0	0	0	0	0	0	0.0
30005	kisik_ates	KNIGHT	SHOP	MELEE	1	100		NOMOVE	0		STUN,SLOW,TERROR	0		0	0	0	0	0	0	0	0	0	0	0	120	3	1	0	0	10	0	4	100	100	0	2000	150	0	0	0	0	0	0	0	0	0	0	0	0	0	0	0	0	0	0	0	0	0	0	0	0	0	0	0	0	0	0	0	0.0	0	0	0	0	0	0	0	0	0	0	0	0	0	0	0	0	0	0	0	0	0	0	0	0.0
30006	silah_saticisi	KNIGHT	SHOP	MELEE	1	100		NOMOVE	0		STUN,SLOW,TERROR	0		0	0	0	0	0	0	0	0	0	0	0	120	3	1	0	0	10	0	4	100	100	0	2000	150	0	0	0	0	0	0	0	0	0	0	0	0	0	0	0	0	0	0	0	0	0	0	0	0	0	0	0	0	0	0	0	0.0	0	0	0	0	0	0	0	0	0	0	0	0	0	0	0	0	0	0	0	0	0	0	0	0.0
30007	zirh_ticareti	KNIGHT	SHOP	MELEE	1	100		NOMOVE	0		STUN,SLOW,TERROR	0		0	0	0	0	0	0	0	0	0	0	0	120	3	1	0	0	10	0	4	100	100	0	2000	150	0	0	0	0	0	0	0	0	0	0	0	0	0	0	0	0	0	0	0	0	0	0	0	0	0	0	0	0	0	0	0	0.0	0	0	0	0	0	0	0	0	0	0	0	0	0	0	0	0	0	0	0	0	0	0	0	0.0
30008	simyaci	KNIGHT	SHOP	MELEE	1	100		NOMOVE	0		STUN,SLOW,TERROR	0		0	0	0	0	0	0	0	0	0	0	0	120	3	1	0	0	10	0	4	100	100	0	2000	150	0	0	0	0	0	0	0	0	0	0	0	0	0	0	0	0	0	0	0	0	0	0	0	0	0	0	0	0	0	0	0	0.0	0	0	0	0	0	0	0	0	0	0	0	0	0	0	0	0	0	0	0	0	0	0	0	0.0
30101	kud_heykeli	KNIGHT	NPC	MELEE	70	100		NOMOVE	0		STUN,SLOW,CURSE,TERROR	0	zombie_key_stone	2	0	0	0	0	0	0	0	0	0	0	3954	3	1	0	0	562	0	79	100	100	0	2000	150	0	0	0	0	0	0	0	0	0	0	0	0	0	0	0	0	0	0	0	0	0	0	0	0	0	0	0	0	0	0	0	0.0	0	0	0	0	0	0	0	0	0	0	0	0	0	0	0	0	0	0	0	0	0	0	0	0.0
30102	bazalt_dikilitas	KNIGHT	NPC	MELEE	70	100		NOMOVE	0		STUN,SLOW,CURSE,TERROR	0	zombie_god_stone	2	0	0	0	0	0	0	0	0	0	0	3954	3	1	0	0	562	0	79	100	100	0	2000	150	0	0	0	0	0	0	0	0	0	0	0	0	0	0	0	0	0	0	0	0	0	0	0	0	0	0	0	0	0	0	0	0.0	0	0	0	0	0	0	0	0	0	0	0	0	0	0	0	0	0	0	0	0	0	0	0	0.0
30103	kaplumbaga_kayaligi	KNIGHT	NPC	MELEE	70	100		NOMOVE	0		STUN,SLOW,CURSE,TERROR	0	zombie_security_stone	2	0	0	0	0	0	0	0	0	0	0	3954	3	1	0	0	562	0	79	100	100	0	2000	150	0	0	0	0	0	0	0	0	0	0	0	0	0	0	0	0	0	0	0	0	0	0	0	0	0	0	0	0	0	0	0	0.0	0	0	0	0	0	0	0	0	0	0	0	0	0	0	0	0	0	0	0	0	0	0	0	0.0
30104	runik_diregi	KNIGHT	NPC	MELEE	70	100		NOMOVE	0		STUN,SLOW,CURSE,TERROR	0	zombie_security_stone	2	0	0	0	0	0	0	0	0	0	0	3954	3	1	0	0	562	0	79	100	100	0	2000	150	0	0	0	0	0	0	0	0	0	0	0	0	0	0	0	0	0	0	0	0	0	0	0	0	0	0	0	0	0	0	0	0.0	0	0	0	0	0	0	0	0	0	0	0	0	0	0	0	0	0	0	0	0	0	0	0	0.0
30111	1._lanet_kapisi	KNIGHT	DOOR	SPECIAL	85	100		NOMOVE	0			0	zombie_ghost_door	0	0	0	90	0	0	0	0	0	0	0	600000	10	1	1000	2000	3200	0	100	100	0	0	2000	150	0	0	0	0	0	0	0	0	0	-30	-30	-30	-30	-30	-30	0	0	0	-15	0	0	0	0	0	0	0	0	0	0	0	0	0.0	0	0	0	0	0	0	0	0	0	0	0	0	0	0	0	0	0	0	0	0	0	0	0	0.0
30112	2._lanet_kapisi	KNIGHT	DOOR	SPECIAL	85	100		NOMOVE	0			0	zombie_ghost_door	0	0	0	90	0	0	0	0	0	0	0	300000	10	3	1000	2000	3200	0	100	100	0	0	2000	150	0	0	0	0	0	0	0	0	0	-30	-30	-30	-30	-30	-30	0	0	0	-15	0	0	0	0	0	0	0	0	0	0	0	0	0.0	0	0	0	0	0	0	0	0	0	0	0	0	0	0	0	0	0	0	0	0	0	0	0	0.0
30113	3._lanet_kapisi	KNIGHT	DOOR	SPECIAL	85	100		NOMOVE	0			0	zombie_ghost_door	0	0	0	90	0	0	0	0	0	0	0	600000	20	1	1000	2000	3200	0	150	100	0	0	2000	150	0	0	0	0	0	0	0	0	0	-30	-30	-30	-30	-30	-30	0	0	0	-15	0	0	0	0	0	0	0	0	0	0	0	0	0.0	0	0	0	0	0	0	0	0	0	0	0	0	0	0	0	0	0	0	0	0	0	0	0	0.0
30114	4._lanet_kapisi	KNIGHT	DOOR	SPECIAL	85	100		NOMOVE	0			0	zombie_ghost_door	0	0	0	90	0	0	0	0	0	0	0	300000	20	3	1000	2000	3200	0	150	100	0	0	2000	150	0	0	0	0	0	0	0	0	0	-30	-30	-30	-30	-30	-30	0	0	0	-15	0	0	0	0	0	0	0	0	0	0	0	0	0.0	0	0	0	0	0	0	0	0	0	0	0	0	0	0	0	0	0	0	0	0	0	0	0	0.0
30115	5._lanet_kapisi	KNIGHT	DOOR	SPECIAL	85	100		NOMOVE	0			0	zombie_ghost_door	0	0	0	90	0	0	0	0	0	0	0	300000	20	1	1000	2000	3200	0	150	100	0	0	2000	150	0	0	0	0	0	0	0	0	0	-30	-30	-30	-30	-30	-30	0	0	0	-15	0	0	0	0	0	0	0	0	0	0	0	0	0.0	0	0	0	0	0	0	0	0	0	0	0	0	0	0	0	0	0	0	0	0	0	0	0	0.0
30116	6._lanet_kapisi	KNIGHT	DOOR	SPECIAL	85	100		NOMOVE	0			0	zombie_ghost_door	0	0	0	90	0	0	0	0	0	0	0	600000	10	1	1000	2000	3200	0	100	100	0	0	2000	150	0	0	0	0	0	0	0	0	0	-30	-30	-30	-30	-30	-30	0	0	0	-15	0	0	0	0	0	0	0	0	0	0	0	0	0.0	0	0	0	0	0	0	0	0	0	0	0	0	0	0	0	0	0	0	0	0	0	0	0	0.0
30117	7._lanet_kapisi	KNIGHT	DOOR	SPECIAL	85	100		NOMOVE	0			0	zombie_ghost_door	0	0	0	90	0	0	0	0	0	0	0	300000	10	3	1000	2000	3200	0	100	100	0	0	2000	150	0	0	0	0	0	0	0	0	0	-30	-30	-30	-30	-30	-30	0	0	0	-15	0	0	0	0	0	0	0	0	0	0	0	0	0.0	0	0	0	0	0	0	0	0	0	0	0	0	0	0	0	0	0	0	0	0	0	0	0	0.0
30118	8._lanet_kapisi	KNIGHT	DOOR	SPECIAL	85	100		NOMOVE	0			0	zombie_ghost_door	0	0	0	90	0	0	0	0	0	0	0	600000	20	1	1000	2000	3200	0	150	100	0	0	2000	150	0	0	0	0	0	0	0	0	0	-30	-30	-30	-30	-30	-30	0	0	0	-15	0	0	0	0	0	0	0	0	0	0	0	0	0.0	0	0	0	0	0	0	0	0	0	0	0	0	0	0	0	0	0	0	0	0	0	0	0	0.0
30119	9._lanet_kapisi	KNIGHT	DOOR	SPECIAL	85	100		NOMOVE	0			0	zombie_ghost_door	0	0	0	90	0	0	0	0	0	0	0	300000	20	3	1000	2000	3200	0	150	100	0	0	2000	150	0	0	0	0	0	0	0	0	0	-30	-30	-30	-30	-30	-30	0	0	0	-15	0	0	0	0	0	0	0	0	0	0	0	0	0.0	0	0	0	0	0	0	0	0	0	0	0	0	0	0	0	0	0	0	0	0	0	0	0	0.0
30120	bitki_cantasi	KNIGHT	NPC	MELEE	70	100		NOMOVE	0		STUN,SLOW,CURSE,TERROR	0		2	0	0	0	0	0	0	0	0	0	0	3954	3	1	0	0	562	0	79	100	100	0	2000	150	0	0	0	0	0	0	0	0	0	0	0	0	0	0	0	0	0	0	0	0	0	0	0	0	0	0	0	0	0	0	0	0.0	0	0	0	0	0	0	0	0	0	0	0	0	0	0	0	0	0	0	0	0	0	0	0	0.0
30121	sura_ruhu	KING	NPC	MELEE	70	100		NOMOVE	0		STUN,SLOW,CURSE,TERROR	0		2	0	0	0	0	0	0	0	0	0	0	3954	3	1	0	0	562	0	79	100	100	0	2000	150	0	0	0	0	0	0	0	0	0	0	0	0	0	0	0	0	0	0	0	0	0	0	0	0	0	0	0	0	0	0	0	0.0	0	0	0	0	0	0	0	0	0	0	0	0	0	0	0	0	0	0	0	0	0	0	0	0.0
30122	savasci_ruhu	KING	NPC	MELEE	70	100		NOMOVE	0		STUN,SLOW,CURSE,TERROR	0		2	0	0	0	0	0	0	0	0	0	0	3954	3	1	0	0	562	0	79	100	100	0	2000	150	0	0	0	0	0	0	0	0	0	0	0	0	0	0	0	0	0	0	0	0	0	0	0	0	0	0	0	0	0	0	0	0.0	0	0	0	0	0	0	0	0	0	0	0	0	0	0	0	0	0	0	0	0	0	0	0	0.0
30123	karanlik_tapinak	KNIGHT	NPC	MELEE	70	100		NOMOVE	0		STUN,SLOW,CURSE,TERROR	0		2	0	0	0	0	0	0	0	0	0	0	3954	3	1	0	0	562	0	79	100	100	0	2000	150	0	0	0	0	0	0	0	0	0	0	0	0	0	0	0	0	0	0	0	0	0	0	0	0	0	0	0	0	0	0	0	0.0	0	0	0	0	0	0	0	0	0	0	0	0	0	0	0	0	0	0	0	0	0	0	0	0.0
30124	sura_iskeleti_1	KNIGHT	NPC	MELEE	70	100		NOMOVE	0		STUN,SLOW,CURSE,TERROR	0		2	0	0	0	0	0	0	0	0	0	0	3954	3	1	0	0	562	0	79	100	100	0	2000	150	0	0	0	0	0	0	0	0	0	0	0	0	0	0	0	0	0	0	0	0	0	0	0	0	0	0	0	0	0	0	0	0.0	0	0	0	0	0	0	0	0	0	0	0	0	0	0	0	0	0	0	0	0	0	0	0	0.0
30125	sura_iskeleti_2	KNIGHT	NPC	MELEE	70	100		NOMOVE	0		STUN,SLOW,CURSE,TERROR	0		2	0	0	0	0	0	0	0	0	0	0	3954	3	1	0	0	562	0	79	100	100	0	2000	150	0	0	0	0	0	0	0	0	0	0	0	0	0	0	0	0	0	0	0	0	0	0	0	0	0	0	0	0	0	0	0	0.0	0	0	0	0	0	0	0	0	0	0	0	0	0	0	0	0	0	0	0	0	0	0	0	0.0
30126	sura_iskeleti_3	KNIGHT	NPC	MELEE	70	100		NOMOVE	0		STUN,SLOW,CURSE,TERROR	0		2	0	0	0	0	0	0	0	0	0	0	3954	3	1	0	0	562	0	79	100	100	0	2000	150	0	0	0	0	0	0	0	0	0	0	0	0	0	0	0	0	0	0	0	0	0	0	0	0	0	0	0	0	0	0	0	0.0	0	0	0	0	0	0	0	0	0	0	0	0	0	0	0	0	0	0	0	0	0	0	0	0.0
30127	sura_iskeleti_4	KNIGHT	NPC	MELEE	70	100		NOMOVE	0		STUN,SLOW,CURSE,TERROR	0		2	0	0	0	0	0	0	0	0	0	0	3954	3	1	0	0	562	0	79	100	100	0	2000	150	0	0	0	0	0	0	0	0	0	0	0	0	0	0	0	0	0	0	0	0	0	0	0	0	0	0	0	0	0	0	0	0.0	0	0	0	0	0	0	0	0	0	0	0	0	0	0	0	0	0	0	0	0	0	0	0	0.0
30128	sura_iskeleti_5	KNIGHT	NPC	MELEE	70	100		NOMOVE	0		STUN,SLOW,CURSE,TERROR	0		2	0	0	0	0	0	0	0	0	0	0	3954	3	1	0	0	562	0	79	100	100	0	2000	150	0	0	0	0	0	0	0	0	0	0	0	0	0	0	0	0	0	0	0	0	0	0	0	0	0	0	0	0	0	0	0	0.0	0	0	0	0	0	0	0	0	0	0	0	0	0	0	0	0	0	0	0	0	0	0	0	0.0
30129	paskalya_tavsani	KNIGHT	NPC	MELEE	1	100		NOMOVE	0		STUN,SLOW,CURSE,TERROR	0		2	0	0	0	0	0	0	0	0	0	0	120	3	1	0	0	10	0	4	100	100	0	2000	150	0	0	0	0	0	0	0	0	0	0	0	0	0	0	0	0	0	0	0	0	0	0	0	0	0	0	0	0	0	0	0	0.0	0	0	0	0	0	0	0	0	0	0	0	0	0	0	0	0	0	0	0	0	0	0	0	0.0
30130	mezar_tasi	KNIGHT	NPC	MELEE	1	100		NOMOVE	0		SLOW,CURSE	0		2	0	0	0	0	0	0	0	0	0	0	120	3	1	0	0	10	0	4	100	100	0	2000	150	0	0	0	0	0	0	0	0	0	0	0	0	0	0	0	0	0	0	0	0	0	0	0	0	0	0	0	0	0	0	0	0.0	0	0	0	0	0	0	0	0	0	0	0	0	0	0	0	0	0	0	0	0	0	0	0	0.0
30131	bay_b.	KNIGHT	NPC	MELEE	1	100		NOMOVE	0		STUN,SLOW,TERROR	0		2	0	0	0	0	0	0	0	0	0	0	120	3	1	0	0	10	0	4	100	100	0	2000	150	0	0	0	0	0	0	0	0	0	0	0	0	0	0	0	0	0	0	0	0	0	0	0	0	0	0	0	0	0	0	0	0.0	0	0	0	0	0	0	0	0	0	0	0	0	0	0	0	0	0	0	0	0	0	0	0	0.0
30132	bay_b.	KNIGHT	NPC	MELEE	1	100		NOMOVE	0		STUN,SLOW,TERROR	0		2	0	0	0	0	0	0	0	0	0	0	120	3	1	0	0	10	0	4	100	100	0	2000	150	0	0	0	0	0	0	0	0	0	0	0	0	0	0	0	0	0	0	0	0	0	0	0	0	0	0	0	0	0	0	0	0.0	0	0	0	0	0	0	0	0	0	0	0	0	0	0	0	0	0	0	0	0	0	0	0	0.0
30301	ruh_kristali_damari	KNIGHT	NPC	MELEE	1	100		NOMOVE	0		STUN,SLOW,CURSE,TERROR	0		2	0	0	0	0	0	0	0	0	0	0	120	3	1	0	0	10	0	4	100	100	0	2000	150	0	0	0	0	0	0	0	0	0	0	0	0	0	0	0	0	0	0	0	0	0	0	0	0	0	0	0	0	0	0	0	0.0	0	0	0	0	0	0	0	0	0	0	0	0	0	0	0	0	0	0	0	0	0	0	0	0.0
30302	yakut_damari	KNIGHT	NPC	MELEE	1	100		NOMOVE	0		STUN,SLOW,CURSE,TERROR	0		2	0	0	0	0	0	0	0	0	0	0	120	3	1	0	0	10	0	4	100	100	0	2000	150	0	0	0	0	0	0	0	0	0	0	0	0	0	0	0	0	0	0	0	0	0	0	0	0	0	0	0	0	0	0	0	0.0	0	0	0	0	0	0	0	0	0	0	0	0	0	0	0	0	0	0	0	0	0	0	0	0.0
30303	grena_damari	KNIGHT	NPC	MELEE	1	100		NOMOVE	0		STUN,SLOW,CURSE,TERROR	0		2	0	0	0	0	0	0	0	0	0	0	120	3	1	0	0	10	0	4	100	100	0	2000	150	0	0	0	0	0	0	0	0	0	0	0	0	0	0	0	0	0	0	0	0	0	0	0	0	0	0	0	0	0	0	0	0.0	0	0	0	0	0	0	0	0	0	0	0	0	0	0	0	0	0	0	0	0	0	0	0	0.0
30304	zumrut_damari	KNIGHT	NPC	MELEE	1	100		NOMOVE	0		STUN,SLOW,CURSE,TERROR	0		2	0	0	0	0	0	0	0	0	0	0	120	3	1	0	0	10	0	4	100	100	0	2000	150	0	0	0	0	0	0	0	0	0	0	0	0	0	0	0	0	0	0	0	0	0	0	0	0	0	0	0	0	0	0	0	0.0	0	0	0	0	0	0	0	0	0	0	0	0	0	0	0	0	0	0	0	0	0	0	0	0.0
30305	safir_damari	KNIGHT	NPC	MELEE	1	100		NOMOVE	0		STUN,SLOW,CURSE,TERROR	0		2	0	0	0	0	0	0	0	0	0	0	120	3	1	0	0	10	0	4	100	100	0	2000	150	0	0	0	0	0	0	0	0	0	0	0	0	0	0	0	0	0	0	0	0	0	0	0	0	0	0	0	0	0	0	0	0.0	0	0	0	0	0	0	0	0	0	0	0	0	0	0	0	0	0	0	0	0	0	0	0	0.0
30306	turmalin_maden_damari	KNIGHT	NPC	MELEE	1	100		NOMOVE	0		STUN,SLOW,CURSE,TERROR	0		2	0	0	0	0	0	0	0	0	0	0	120	3	1	0	0	10	0	4	100	100	0	2000	150	0	0	0	0	0	0	0	0	0	0	0	0	0	0	0	0	0	0	0	0	0	0	0	0	0	0	0	0	0	0	0	0.0	0	0	0	0	0	0	0	0	0	0	0	0	0	0	0	0	0	0	0	0	0	0	0	0.0
30307	summer	KNIGHT	NPC	MELEE	1	100		NOMOVE	0		STUN,SLOW,TERROR	0		2	0	0	0	0	0	0	0	0	0	0	120	3	1	0	0	10	0	4	100	100	0	2000	150	0	0	0	0	0	0	0	0	0	0	0	0	0	0	0	0	0	0	0	0	0	0	0	0	0	0	0	0	0	0	0	0.0	0	0	0	0	0	0	0	0	0	0	0	0	0	0	0	0	0	0	0	0	0	0	0	0.0
30308	posta_kutusu	KNIGHT	NPC	MELEE	1	100		NOMOVE	0		STUN,SLOW,TERROR	0		2	0	0	0	0	0	0	0	0	0	0	120	3	1	0	0	10	0	4	100	100	0	2000	150	0	0	0	0	0	0	0	0	0	0	0	0	0	0	0	0	0	0	0	0	0	0	0	0	0	0	0	0	0	0	0	0.0	0	0	0	0	0	0	0	0	0	0	0	0	0	0	0	0	0	0	0	0	0	0	0	0.0
30309	sis_jeditlisi_(gorev)	KNIGHT	NPC	MELEE	1	100		NOMOVE	0		STUN,SLOW,TERROR	0		2	0	0	0	0	0	0	0	0	0	0	120	3	1	0	0	10	0	4	100	100	0	2000	150	0	0	0	0	0	0	0	0	0	0	0	0	0	0	0	0	0	0	0	0	0	0	0	0	0	0	0	0	0	0	0	0.0	0	0	0	0	0	0	0	0	0	0	0	0	0	0	0	0	0	0	0	0	0	0	0	0.0
30310	gunes_jeditlisi	KNIGHT	NPC	MELEE	1	100		NOMOVE	0		STUN,SLOW,TERROR	0		2	0	0	0	0	0	0	0	0	0	0	120	3	1	0	0	10	0	4	100	100	0	2000	150	0	0	0	0	0	0	0	0	0	0	0	0	0	0	0	0	0	0	0	0	0	0	0	0	0	0	0	0	0	0	0	0.0	0	0	0	0	0	0	0	0	0	0	0	0	0	0	0	0	0	0	0	0	0	0	0	0.0
30311	gece_jeditlisi	KNIGHT	NPC	MELEE	1	100		NOMOVE	0		STUN,SLOW,TERROR	0		2	0	0	0	0	0	0	0	0	0	0	120	3	1	0	0	10	0	4	100	100	0	2000	150	0	0	0	0	0	0	0	0	0	0	0	0	0	0	0	0	0	0	0	0	0	0	0	0	0	0	0	0	0	0	0	0.0	0	0	0	0	0	0	0	0	0	0	0	0	0	0	0	0	0	0	0	0	0	0	0	0.0
30312	duman_jeditlisi	KNIGHT	NPC	MELEE	1	100		NOMOVE	0		STUN,SLOW,TERROR	0		2	0	0	0	0	0	0	0	0	0	0	120	3	1	0	0	10	0	4	100	100	0	2000	150	0	0	0	0	0	0	0	0	0	0	0	0	0	0	0	0	0	0	0	0	0	0	0	0	0	0	0	0	0	0	0	0.0	0	0	0	0	0	0	0	0	0	0	0	0	0	0	0	0	0	0	0	0	0	0	0	0.0
30313	sis_jeditlisi	KNIGHT	NPC	MELEE	1	100		NOMOVE	0		STUN,SLOW,TERROR	0		2	0	0	0	0	0	0	0	0	0	0	120	3	1	0	0	10	0	4	100	100	0	2000	150	0	0	0	0	0	0	0	0	0	0	0	0	0	0	0	0	0	0	0	0	0	0	0	0	0	0	0	0	0	0	0	0.0	0	0	0	0	0	0	0	0	0	0	0	0	0	0	0	0	0	0	0	0	0	0	0	0.0
30314	코발트광맥	KNIGHT	NPC	MELEE	1	100		NOMOVE	0		STUN,SLOW,TERROR	0		2	0	0	0	0	0	0	0	0	0	0	120	3	1	0	0	10	0	4	100	100	0	2000	150	0	0	0	0	0	0	0	0	0	0	0	0	0	0	0	0	0	0	0	0	0	0	0	0	0	0	0	0	0	0	0	0.0	0	0	0	0	0	0	0	0	0	0	0	0	0	0	0	0	0	0	0	0	0	0	0	0.0
33001	¸gcè°¡àc_cø°ñ	KNIGHT	NPC	MELEE	70	100		NOMOVE	0		STUN,SLOW,CURSE,TERROR	0		2	0	0	0	0	0	0	0	0	0	0	3954	3	1	0	0	562	0	79	100	100	0	2000	150	0	0	0	0	0	0	0	0	0	0	0	0	0	0	0	0	0	0	0	0	0	0	0	0	0	0	0	0	0	0	0	0.0	0	0	0	0	0	0	0	0	0	0	0	0	0	0	0	0	0	0	0	0	0	0	0	0.0
33002	tarihci	KNIGHT	NPC	MELEE	1	100		NOMOVE	0		STUN,SLOW,CURSE,TERROR	0		2	0	0	0	0	0	0	0	0	0	0	120	3	1	0	0	10	0	4	100	100	0	2000	150	0	0	0	0	0	0	0	0	0	0	0	0	0	0	0	0	0	0	0	0	0	0	0	0	0	0	0	0	0	0	0	0.0	0	0	0	0	0	0	0	0	0	0	0	0	0	0	0	0	0	0	0	0	0	0	0	0.0
33003	niyetli_vatandas	KNIGHT	NPC	MELEE	1	100		NOMOVE	0		STUN,SLOW,CURSE,TERROR	0		2	0	0	0	0	0	0	0	0	0	0	120	3	1	0	0	10	0	4	100	100	0	2000	150	0	0	0	0	0	0	0	0	0	0	0	0	0	0	0	0	0	0	0	0	0	0	0	0	0	0	0	0	0	0	0	0.0	0	0	0	0	0	0	0	0	0	0	0	0	0	0	0	0	0	0	0	0	0	0	0	0.0
33004	niyetli_vatandas	KNIGHT	NPC	MELEE	1	100		NOMOVE	0		STUN,SLOW,CURSE,TERROR	0		2	0	0	0	0	0	0	0	0	0	0	120	3	1	0	0	10	0	4	100	100	0	2000	150	0	0	0	0	0	0	0	0	0	0	0	0	0	0	0	0	0	0	0	0	0	0	0	0	0	0	0	0	0	0	0	0.0	0	0	0	0	0	0	0	0	0	0	0	0	0	0	0	0	0	0	0	0	0	0	0	0.0
33005	niyetli_vatandas	KNIGHT	NPC	MELEE	1	100		NOMOVE	0		STUN,SLOW,CURSE,TERROR	0		2	0	0	0	0	0	0	0	0	0	0	120	3	1	0	0	10	0	4	100	100	0	2000	150	0	0	0	0	0	0	0	0	0	0	0	0	0	0	0	0	0	0	0	0	0	0	0	0	0	0	0	0	0	0	0	0.0	0	0	0	0	0	0	0	0	0	0	0	0	0	0	0	0	0	0	0	0	0	0	0	0.0
33006	niyetli_vatandas	KNIGHT	NPC	MELEE	1	100		NOMOVE	0		STUN,SLOW,CURSE,TERROR	0		2	0	0	0	0	0	0	0	0	0	0	120	3	1	0	0	10	0	4	100	100	0	2000	150	0	0	0	0	0	0	0	0	0	0	0	0	0	0	0	0	0	0	0	0	0	0	0	0	0	0	0	0	0	0	0	0.0	0	0	0	0	0	0	0	0	0	0	0	0	0	0	0	0	0	0	0	0	0	0	0	0.0
33007	niyetli_vatandas	KNIGHT	NPC	MELEE	1	100		NOMOVE	0		STUN,SLOW,CURSE,TERROR	0		2	0	0	0	0	0	0	0	0	0	0	120	3	1	0	0	10	0	4	100	100	0	2000	150	0	0	0	0	0	0	0	0	0	0	0	0	0	0	0	0	0	0	0	0	0	0	0	0	0	0	0	0	0	0	0	0.0	0	0	0	0	0	0	0	0	0	0	0	0	0	0	0	0	0	0	0	0	0	0	0	0.0
33008	jack_pumpkin	KNIGHT	NPC	MELEE	1	100		NOMOVE	0		STUN,SLOW,CURSE,TERROR	0		2	0	0	0	0	0	0	0	0	0	0	120	3	1	0	0	10	0	4	100	100	0	2000	150	0	0	0	0	0	0	0	0	0	0	0	0	0	0	0	0	0	0	0	0	0	0	0	0	0	0	0	0	0	0	0	0.0	0	0	0	0	0	0	0	0	0	0	0	0	0	0	0	0	0	0	0	0	0	0	0	0.0
33009	kan_ritueli	KNIGHT	NPC	MELEE	1	100		NOMOVE	0		STUN,SLOW,TERROR	0		2	0	0	0	0	0	0	0	0	0	0	120	3	1	0	0	10	0	4	100	100	0	2000	150	0	0	0	0	0	0	0	0	0	0	0	0	0	0	0	0	0	0	0	0	0	0	0	0	0	0	0	0	0	0	0	0.0	0	0	0	0	0	0	0	0	0	0	0	0	0	0	0	0	0	0	0	0	0	0	0	0.0
33010	kardan_adam	KNIGHT	NPC	MELEE	1	100		NOMOVE	0		STUN,SLOW,TERROR	0		2	0	0	0	0	0	0	0	0	0	0	120	3	1	0	0	10	0	4	100	100	0	2000	150	0	0	0	0	0	0	0	0	0	0	0	0	0	0	0	0	0	0	0	0	0	0	0	0	0	0	0	0	0	0	0	0.0	0	0	0	0	0	0	0	0	0	0	0	0	0	0	0	0	0	0	0	0	0	0	0	0.0
34001	ates_ankasi	KING	PET_PAY	MELEE	1	100			0		STUN,SLOW,CURSE,TERROR	0	phoenix1	0	0	0	0	0	0	0	0	0	0	0	120	3	1	0	0	10	0	4	100	100	0	2000	150	0	0	0	0	0	0	0	0	0	0	0	0	0	0	0	0	0	0	0	0	0	0	0	0	0	0	0	0	0	0	0	0.0	0	0	0	0	0	0	0	0	0	0	0	0	0	0	0	0	0	0	0	0	0	0	0	0.0
34002	yavru_ren_geyigi	KING	PET_PAY	MELEE	1	100			0		STUN,SLOW,CURSE,TERROR	0	reindeer_young	0	0	0	0	0	0	0	0	0	0	0	120	3	1	0	0	10	0	4	100	100	0	2000	150	0	0	0	0	0	0	0	0	0	0	0	0	0	0	0	0	0	0	0	0	0	0	0	0	0	0	0	0	0	0	0	0.0	0	0	0	0	0	0	0	0	0	0	0	0	0	0	0	0	0	0	0	0	0	0	0	0.0
34003	buz_ankasi	KING	PET_PAY	MELEE	1	100			0		STUN,SLOW,CURSE,TERROR	0	phoenix1	0	0	0	0	0	0	0	0	0	0	0	120	3	1	0	0	10	0	4	100	100	0	2000	150	0	0	0	0	0	0	0	0	0	0	0	0	0	0	0	0	0	0	0	0	0	0	0	0	0	0	0	0	0	0	0	0.0	0	0	0	0	0	0	0	0	0	0	0	0	0	0	0	0	0	0	0	0	0	0	0	0.0
34004	yavru_azrail	KING	PET_PAY	MELEE	1	100			0		STUN,SLOW,CURSE,TERROR	0	pwahuang1	0	0	0	0	0	0	0	0	0	0	0	120	3	1	0	0	10	0	4	100	100	0	2000	150	0	0	0	0	0	0	0	0	0	0	0	0	0	0	0	0	0	0	0	0	0	0	0	0	0	0	0	0	0	0	0	0.0	0	0	0	0	0	0	0	0	0	0	0	0	0	0	0	0	0	0	0	0	0	0	0	0.0
34005	porki	KING	PET_PAY	MELEE	1	100			0		STUN,SLOW,CURSE,TERROR	0	pig_young1	0	0	0	0	0	0	0	0	0	0	0	120	3	1	0	0	10	0	4	100	100	0	2000	150	0	0	0	0	0	0	0	0	0	0	0	0	0	0	0	0	0	0	0	0	0	0	0	0	0	0	0	0	0	0	0	0.0	0	0	0	0	0	0	0	0	0	0	0	0	0	0	0	0	0	0	0	0	0	0	0	0.0
34006	rufus	KING	PET_PAY	MELEE	1	100			0		STUN,SLOW,CURSE,TERROR	0	dog_young1	0	0	0	0	0	0	0	0	0	0	0	120	3	1	0	0	10	0	4	100	100	0	2000	150	0	0	0	0	0	0	0	0	0	0	0	0	0	0	0	0	0	0	0	0	0	0	0	0	0	0	0	0	0	0	0	0.0	0	0	0	0	0	0	0	0	0	0	0	0	0	0	0	0	0	0	0	0	0	0	0	0.0
34007	khan	KING	PET_PAY	MELEE	1	100			0		STUN,SLOW,CURSE,TERROR	0	tiger_young1	0	0	0	0	0	0	0	0	0	0	0	120	3	1	0	0	10	0	4	100	100	0	2000	150	0	0	0	0	0	0	0	0	0	0	0	0	0	0	0	0	0	0	0	0	0	0	0	0	0	0	0	0	0	0	0	0.0	0	0	0	0	0	0	0	0	0	0	0	0	0	0	0	0	0	0	0	0	0	0	0	0.0
34008	leonidas	KING	PET_PAY	MELEE	1	100			0		STUN,SLOW,CURSE,TERROR	0	lion_young1	0	0	0	0	0	0	0	0	0	0	0	120	3	1	0	0	10	0	4	100	100	0	2000	150	0	0	0	0	0	0	0	0	0	0	0	0	0	0	0	0	0	0	0	0	0	0	0	0	0	0	0	0	0	0	0	0.0	0	0	0	0	0	0	0	0	0	0	0	0	0	0	0	0	0	0	0	0	0	0	0	0.0
34009	yavru_azrail	KING	PET_PAY	MELEE	1	100			0		STUN,SLOW,CURSE,TERROR	0	pwahuang1	0	0	0	0	0	0	0	0	0	0	0	120	3	1	0	0	10	0	4	100	100	0	2000	150	0	0	0	0	0	0	0	0	0	0	0	0	0	0	0	0	0	0	0	0	0	0	0	0	0	0	0	0	0	0	0	0.0	0	0	0	0	0	0	0	0	0	0	0	0	0	0	0	0	0	0	0	0	0	0	0	0.0
34010	bambi	KING	PET_PAY	MELEE	1	100			0		STUN,SLOW,CURSE,TERROR	0		0	0	0	0	0	0	0	0	0	0	0	120	3	1	0	0	10	0	4	100	100	0	2000	150	0	0	0	0	0	0	0	0	0	0	0	0	0	0	0	0	0	0	0	0	0	0	0	0	0	0	0	0	0	0	0	0.0	0	0	0	0	0	0	0	0	0	0	0	0	0	0	0	0	0	0	0	0	0	0	0	0.0
34011	knuud	KING	PET_PAY	MELEE	1	100			0		STUN,SLOW,CURSE,TERROR	0		0	0	0	0	0	0	0	0	0	0	0	120	3	1	0	0	10	0	4	100	100	0	2000	150	0	0	0	0	0	0	0	0	0	0	0	0	0	0	0	0	0	0	0	0	0	0	0	0	0	0	0	0	0	0	0	0.0	0	0	0	0	0	0	0	0	0	0	0	0	0	0	0	0	0	0	0	0	0	0	0	0.0
34012	bao_bao	KING	PET_PAY	MELEE	1	100			0		STUN,SLOW,CURSE,TERROR	0		0	0	0	0	0	0	0	0	0	0	0	120	3	1	0	0	10	0	4	100	100	0	2000	150	0	0	0	0	0	0	0	0	0	0	0	0	0	0	0	0	0	0	0	0	0	0	0	0	0	0	0	0	0	0	0	0.0	0	0	0	0	0	0	0	0	0	0	0	0	0	0	0	0	0	0	0	0	0	0	0	0.0
34013	sisko_cellatcik	KING	PET_PAY	MELEE	1	100			0		STUN,SLOW,CURSE,TERROR	0		0	0	0	0	0	0	0	0	0	0	0	120	3	1	0	0	10	0	4	100	100	0	2000	150	0	0	0	0	0	0	0	0	0	0	0	0	0	0	0	0	0	0	0	0	0	0	0	0	0	0	0	0	0	0	0	0.0	0	0	0	0	0	0	0	0	0	0	0	0	0	0	0	0	0	0	0	0	0	0	0	0.0
34014	sisko_cellatcik_(altin)	KING	PET_PAY	MELEE	1	100			0		STUN,SLOW,CURSE,TERROR	0		0	0	0	0	0	0	0	0	0	0	0	120	3	1	0	0	10	0	4	100	100	0	2000	150	0	0	0	0	0	0	0	0	0	0	0	0	0	0	0	0	0	0	0	0	0	0	0	0	0	0	0	0	0	0	0	0.0	0	0	0	0	0	0	0	0	0	0	0	0	0	0	0	0	0	0	0	0	0	0	0	0.0
34015	boney	KING	PET_PAY	MELEE	1	100			0		STUN,SLOW,CURSE,TERROR	0		0	0	0	0	0	0	0	0	0	0	0	120	3	1	0	0	10	0	4	100	100	0	2000	150	0	0	0	0	0	0	0	0	0	0	0	0	0	0	0	0	0	0	0	0	0	0	0	0	0	0	0	0	0	0	0	0.0	0	0	0	0	0	0	0	0	0	0	0	0	0	0	0	0	0	0	0	0	0	0	0	0.0
34016	yesim_ankasi	KING	PET_PAY	MELEE	1	100			0		STUN,SLOW,CURSE,TERROR	0		0	0	0	0	0	0	0	0	0	0	0	120	3	1	0	0	10	0	4	100	100	0	2000	150	0	0	0	0	0	0	0	0	0	0	0	0	0	0	0	0	0	0	0	0	0	0	0	0	0	0	0	0	0	0	0	0.0	0	0	0	0	0	0	0	0	0	0	0	0	0	0	0	0	0	0	0	0	0	0	0	0.0
34017	kutup_porki	KING	PET_PAY	MELEE	1	100			0		STUN,SLOW,CURSE,TERROR	0	pig_young2	0	0	0	0	0	0	0	0	0	0	0	120	3	1	0	0	10	0	4	100	100	0	2000	150	0	0	0	0	0	0	0	0	0	0	0	0	0	0	0	0	0	0	0	0	0	0	0	0	0	0	0	0	0	0	0	0.0	0	0	0	0	0	0	0	0	0	0	0	0	0	0	0	0	0	0	0	0	0	0	0	0.0
34018	ayaz_rufus	KING	PET_PAY	MELEE	1	100			0		STUN,SLOW,CURSE,TERROR	0	dog_young2	0	0	0	0	0	0	0	0	0	0	0	120	3	1	0	0	10	0	4	100	100	0	2000	150	0	0	0	0	0	0	0	0	0	0	0	0	0	0	0	0	0	0	0	0	0	0	0	0	0	0	0	0	0	0	0	0.0	0	0	0	0	0	0	0	0	0	0	0	0	0	0	0	0	0	0	0	0	0	0	0	0.0
34019	arktik_khan	KING	PET_PAY	MELEE	1	100			0		STUN,SLOW,CURSE,TERROR	0	tiger_young2	0	0	0	0	0	0	0	0	0	0	0	120	3	1	0	0	10	0	4	100	100	0	2000	150	0	0	0	0	0	0	0	0	0	0	0	0	0	0	0	0	0	0	0	0	0	0	0	0	0	0	0	0	0	0	0	0.0	0	0	0	0	0	0	0	0	0	0	0	0	0	0	0	0	0	0	0	0	0	0	0	0.0
34020	kar_leonidas	KING	PET_PAY	MELEE	1	100			0		STUN,SLOW,CURSE,TERROR	0	lion_young2	0	0	0	0	0	0	0	0	0	0	0	120	3	1	0	0	10	0	4	100	100	0	2000	150	0	0	0	0	0	0	0	0	0	0	0	0	0	0	0	0	0	0	0	0	0	0	0	0	0	0	0	0	0	0	0	0.0	0	0	0	0	0	0	0	0	0	0	0	0	0	0	0	0	0	0	0	0	0	0	0	0.0
34021	sheldon	KING	PET_PAY	MELEE	1	100			0		STUN,SLOW,CURSE,TERROR	0		0	0	0	0	0	0	0	0	0	0	0	120	3	1	0	0	10	0	4	100	100	0	2000	150	0	0	0	0	0	0	0	0	0	0	0	0	0	0	0	0	0	0	0	0	0	0	0	0	0	0	0	0	0	0	0	0.0	0	0	0	0	0	0	0	0	0	0	0	0	0	0	0	0	0	0	0	0	0	0	0	0.0
34022	cooper	KING	PET_PAY	MELEE	1	100			0		STUN,SLOW,CURSE,TERROR	0		0	0	0	0	0	0	0	0	0	0	0	120	3	1	0	0	10	0	4	100	100	0	2000	150	0	0	0	0	0	0	0	0	0	0	0	0	0	0	0	0	0	0	0	0	0	0	0	0	0	0	0	0	0	0	0	0.0	0	0	0	0	0	0	0	0	0	0	0	0	0	0	0	0	0	0	0	0	0	0	0	0.0
34023	panter_yavrusu	KING	PET_PAY	MELEE	1	100			0		STUN,SLOW,CURSE,TERROR	0		0	0	0	0	0	0	0	0	0	0	0	120	3	1	0	0	10	0	4	100	100	0	2000	150	0	0	0	0	0	0	0	0	0	0	0	0	0	0	0	0	0	0	0	0	0	0	0	0	0	0	0	0	0	0	0	0.0	0	0	0	0	0	0	0	0	0	0	0	0	0	0	0	0	0	0	0	0	0	0	0	0.0
34024	leopar_yavrusu	KING	PET_PAY	MELEE	1	100			0		STUN,SLOW,CURSE,TERROR	0		0	0	0	0	0	0	0	0	0	0	0	120	3	1	0	0	10	0	4	100	100	0	2000	150	0	0	0	0	0	0	0	0	0	0	0	0	0	0	0	0	0	0	0	0	0	0	0	0	0	0	0	0	0	0	0	0.0	0	0	0	0	0	0	0	0	0	0	0	0	0	0	0	0	0	0	0	0	0	0	0	0.0
34026	balkabagi_kafasi	KING	PET_PAY	MELEE	1	100			0		STUN,SLOW,CURSE,TERROR	0	halloween_pumpkin_pet	0	0	0	0	0	0	0	0	0	0	0	120	3	1	0	0	10	0	4	100	100	0	2000	150	0	0	0	0	0	0	0	0	0	0	0	0	0	0	0	0	0	0	0	0	0	0	0	0	0	0	0	0	0	0	0	0.0	0	0	0	0	0	0	0	0	0	0	0	0	0	0	0	0	0	0	0	0	0	0	0	0.0
34027	kucuk_supurgeci	KING	PET_PAY	MELEE	1	100			0		STUN,SLOW,CURSE,TERROR	0	halloween_broom	0	0	0	0	0	0	0	0	0	0	0	120	3	1	0	0	10	0	4	100	100	0	2000	150	0	0	0	0	0	0	0	0	0	0	0	0	0	0	0	0	0	0	0	0	0	0	0	0	0	0	0	0	0	0	0	0.0	0	0	0	0	0	0	0	0	0	0	0	0	0	0	0	0	0	0	0	0	0	0	0	0.0
34028	kar_tanesi	KING	PET_PAY	MELEE	1	100			0		STUN,SLOW,CURSE,TERROR	0	christmas_pet1	0	0	0	0	0	0	0	0	0	0	0	120	3	1	0	0	10	0	4	100	100	0	2000	150	0	0	0	0	0	0	0	0	0	0	0	0	0	0	0	0	0	0	0	0	0	0	0	0	0	0	0	0	0	0	0	0.0	0	0	0	0	0	0	0	0	0	0	0	0	0	0	0	0	0	0	0	0	0	0	0	0.0
34029	cancik	KING	PET_PAY	MELEE	1	100			0		STUN,SLOW,CURSE,TERROR	0	christmas_pet2	0	0	0	0	0	0	0	0	0	0	0	120	3	1	0	0	10	0	4	100	100	0	2000	150	0	0	0	0	0	0	0	0	0	0	0	0	0	0	0	0	0	0	0	0	0	0	0	0	0	0	0	0	0	0	0	0.0	0	0	0	0	0	0	0	0	0	0	0	0	0	0	0	0	0	0	0	0	0	0	0	0.0
34030	cupido	KING	PET_PAY	MELEE	1	100			0		STUN,SLOW,CURSE,TERROR	0		0	0	0	0	0	0	0	0	0	0	0	120	3	1	0	0	10	0	4	100	100	0	2000	150	0	0	0	0	0	0	0	0	0	0	0	0	0	0	0	0	0	0	0	0	0	0	0	0	0	0	0	0	0	0	0	0.0	0	0	0	0	0	0	0	0	0	0	0	0	0	0	0	0	0	0	0	0	0	0	0	0.0
34031	ofkeli_kalp	KING	PET_PAY	MELEE	1	100			0		STUN,SLOW,CURSE,TERROR	0		0	0	0	0	0	0	0	0	0	0	0	120	3	1	0	0	10	0	4	100	100	0	2000	150	0	0	0	0	0	0	0	0	0	0	0	0	0	0	0	0	0	0	0	0	0	0	0	0	0	0	0	0	0	0	0	0.0	0	0	0	0	0	0	0	0	0	0	0	0	0	0	0	0	0	0	0	0	0	0	0	0.0
34032	kirmizi_hilal	KING	PET_PAY	MELEE	1	100			0		STUN,SLOW,CURSE,TERROR	0		0	0	0	0	0	0	0	0	0	0	0	120	3	1	0	0	10	0	4	100	100	0	2000	150	0	0	0	0	0	0	0	0	0	0	0	0	0	0	0	0	0	0	0	0	0	0	0	0	0	0	0	0	0	0	0	0.0	0	0	0	0	0	0	0	0	0	0	0	0	0	0	0	0	0	0	0	0	0	0	0	0.0
34033	mavi_hilal	KING	PET_PAY	MELEE	1	100			0		STUN,SLOW,CURSE,TERROR	0		0	0	0	0	0	0	0	0	0	0	0	120	3	1	0	0	10	0	4	100	100	0	2000	150	0	0	0	0	0	0	0	0	0	0	0	0	0	0	0	0	0	0	0	0	0	0	0	0	0	0	0	0	0	0	0	0.0	0	0	0	0	0	0	0	0	0	0	0	0	0	0	0	0	0	0	0	0	0	0	0	0.0
34034	beyaz_kuzucuk	KING	PET_PAY	MELEE	1	100			0		STUN,SLOW,CURSE,TERROR	0		0	0	0	0	0	0	0	0	0	0	0	120	3	1	0	0	10	0	4	100	100	0	2000	150	0	0	0	0	0	0	0	0	0	0	0	0	0	0	0	0	0	0	0	0	0	0	0	0	0	0	0	0	0	0	0	0.0	0	0	0	0	0	0	0	0	0	0	0	0	0	0	0	0	0	0	0	0	0	0	0	0.0
34035	mavi_koc	KING	PET_PAY	MELEE	1	100			0		STUN,SLOW,CURSE,TERROR	0		0	0	0	0	0	0	0	0	0	0	0	120	3	1	0	0	10	0	4	100	100	0	2000	150	0	0	0	0	0	0	0	0	0	0	0	0	0	0	0	0	0	0	0	0	0	0	0	0	0	0	0	0	0	0	0	0.0	0	0	0	0	0	0	0	0	0	0	0	0	0	0	0	0	0	0	0	0	0	0	0	0.0
34036	kucuk_ejderha	KING	PET	MELEE	1	100			0		STUN,SLOW,CURSE,TERROR	0		0	0	0	0	0	0	0	0	0	0	0	120	3	1	0	0	10	0	4	100	100	0	2000	150	0	0	0	0	0	0	0	0	0	0	0	0	0	0	0	0	0	0	0	0	0	0	0	0	0	0	0	0	0	0	0	0.0	0	0	0	0	0	0	0	0	0	0	0	0	0	0	0	0	0	0	0	0	0	0	0	0.0
34037	kucuk_ejderha_(kahraman)	KING	PET	MELEE	1	100			0		STUN,SLOW,CURSE,TERROR	0		0	0	0	0	0	0	0	0	0	0	0	120	3	1	0	0	10	0	4	100	100	0	2000	150	0	0	0	0	0	0	0	0	0	0	0	0	0	0	0	0	0	0	0	0	0	0	0	0	0	0	0	0	0	0	0	0.0	0	0	0	0	0	0	0	0	0	0	0	0	0	0	0	0	0	0	0	0	0	0	0	0.0
34038	kurtulus_ankasi	KING	PET_PAY	MELEE	1	100			0		STUN,SLOW,TERROR	0		0	0	0	0	0	0	0	0	0	0	0	120	3	1	0	0	10	0	4	100	100	0	2000	150	0	0	0	0	0	0	0	0	0	0	0	0	0	0	0	0	0	0	0	0	0	0	0	0	0	0	0	0	0	0	0	0.0	0	0	0	0	0	0	0	0	0	0	0	0	0	0	0	0	0	0	0	0	0	0	0	0.0
34039	yavru_huashin	KING	PET_PAY	MELEE	1	100			0		STUN,SLOW,CURSE,TERROR	0		0	0	0	0	0	0	0	0	0	0	0	120	3	1	0	0	10	0	4	100	100	0	2000	150	0	0	0	0	0	0	0	0	0	0	0	0	0	0	0	0	0	0	0	0	0	0	0	0	0	0	0	0	0	0	0	0.0	0	0	0	0	0	0	0	0	0	0	0	0	0	0	0	0	0	0	0	0	0	0	0	0.0
34041	kucuk_maymun	KING	PET	MELEE	1	100			0		STUN,SLOW,CURSE,TERROR	0		0	0	0	0	0	0	0	0	0	0	0	120	3	1	0	0	10	0	4	100	100	0	2000	150	0	0	0	0	0	0	0	0	0	0	0	0	0	0	0	0	0	0	0	0	0	0	0	0	0	0	0	0	0	0	0	0.0	0	0	0	0	0	0	0	0	0	0	0	0	0	0	0	0	0	0	0	0	0	0	0	0.0
34042	kucuk_maymun_(kahraman)	KING	PET	MELEE	1	100			0		STUN,SLOW,CURSE,TERROR	0		0	0	0	0	0	0	0	0	0	0	0	120	3	1	0	0	10	0	4	100	100	0	2000	150	0	0	0	0	0	0	0	0	0	0	0	0	0	0	0	0	0	0	0	0	0	0	0	0	0	0	0	0	0	0	0	0.0	0	0	0	0	0	0	0	0	0	0	0	0	0	0	0	0	0	0	0	0	0	0	0	0.0
34045	kucuk_orumcek	KING	PET	MELEE	1	100			0		STUN,SLOW,CURSE,TERROR	0		0	0	0	0	0	0	0	0	0	0	0	120	3	1	0	0	10	0	4	100	100	0	2000	150	0	0	0	0	0	0	0	0	0	0	0	0	0	0	0	0	0	0	0	0	0	0	0	0	0	0	0	0	0	0	0	0.0	0	0	0	0	0	0	0	0	0	0	0	0	0	0	0	0	0	0	0	0	0	0	0	0.0
34046	kucuk_orumcek_(kahraman)	KING	PET	MELEE	1	100			0		STUN,SLOW,CURSE,TERROR	0		0	0	0	0	0	0	0	0	0	0	0	120	3	1	0	0	10	0	4	100	100	0	2000	150	0	0	0	0	0	0	0	0	0	0	0	0	0	0	0	0	0	0	0	0	0	0	0	0	0	0	0	0	0	0	0	0.0	0	0	0	0	0	0	0	0	0	0	0	0	0	0	0	0	0	0	0	0	0	0	0	0.0
34047	exedyar_yavrusu	KING	PET	MELEE	1	100			0		STUN,SLOW,TERROR	0		0	0	0	0	0	0	0	0	0	0	0	120	3	1	0	0	10	0	4	100	100	0	2000	150	0	0	0	0	0	0	0	0	0	0	0	0	0	0	0	0	0	0	0	0	0	0	0	0	0	0	0	0	0	0	0	0.0	0	0	0	0	0	0	0	0	0	0	0	0	0	0	0	0	0	0	0	0	0	0	0	0.0
34048	nadir_exedyar_yavrusu	KING	PET	MELEE	1	100			0		STUN,SLOW,TERROR	0		0	0	0	0	0	0	0	0	0	0	0	120	3	1	0	0	10	0	4	100	100	0	2000	150	0	0	0	0	0	0	0	0	0	0	0	0	0	0	0	0	0	0	0	0	0	0	0	0	0	0	0	0	0	0	0	0.0	0	0	0	0	0	0	0	0	0	0	0	0	0	0	0	0	0	0	0	0	0	0	0	0.0
34049	kucuk_razador	KING	PET	MELEE	1	100			0		STUN,SLOW,CURSE,TERROR	0		0	0	0	0	0	0	0	0	0	0	0	120	3	1	0	0	10	0	4	100	100	0	2000	150	0	0	0	0	0	0	0	0	0	0	0	0	0	0	0	0	0	0	0	0	0	0	0	0	0	0	0	0	0	0	0	0.0	0	0	0	0	0	0	0	0	0	0	0	0	0	0	0	0	0	0	0	0	0	0	0	0.0
34050	kucuk_razador_(kahraman)	KING	PET	MELEE	1	100			0		STUN,SLOW,CURSE,TERROR	0		0	0	0	0	0	0	0	0	0	0	0	120	3	1	0	0	10	0	4	100	100	0	2000	150	0	0	0	0	0	0	0	0	0	0	0	0	0	0	0	0	0	0	0	0	0	0	0	0	0	0	0	0	0	0	0	0.0	0	0	0	0	0	0	0	0	0	0	0	0	0	0	0	0	0	0	0	0	0	0	0	0.0
34053	kucuk_nemere	KING	PET	MELEE	1	100			0		STUN,SLOW,CURSE,TERROR	0		0	0	0	0	0	0	0	0	0	0	0	120	3	1	0	0	10	0	4	100	100	0	2000	150	0	0	0	0	0	0	0	0	0	0	0	0	0	0	0	0	0	0	0	0	0	0	0	0	0	0	0	0	0	0	0	0.0	0	0	0	0	0	0	0	0	0	0	0	0	0	0	0	0	0	0	0	0	0	0	0	0.0
34054	kucuk_nemere_(kahraman)	KING	PET	MELEE	1	100			0		STUN,SLOW,CURSE,TERROR	0		0	0	0	0	0	0	0	0	0	0	0	120	3	1	0	0	10	0	4	100	100	0	2000	150	0	0	0	0	0	0	0	0	0	0	0	0	0	0	0	0	0	0	0	0	0	0	0	0	0	0	0	0	0	0	0	0.0	0	0	0	0	0	0	0	0	0	0	0	0	0	0	0	0	0	0	0	0	0	0	0	0.0
34055	bruce	KING	PET_PAY	MELEE	1	100			0		STUN,SLOW,CURSE,TERROR	0		0	0	0	0	0	0	0	0	0	0	0	120	3	1	0	0	10	0	4	100	100	0	2000	150	0	0	0	0	0	0	0	0	0	0	0	0	0	0	0	0	0	0	0	0	0	0	0	0	0	0	0	0	0	0	0	0.0	0	0	0	0	0	0	0	0	0	0	0	0	0	0	0	0	0	0	0	0	0	0	0	0.0
34056	wayne	KING	PET_PAY	MELEE	1	100			0		STUN,SLOW,CURSE,TERROR	0		0	0	0	0	0	0	0	0	0	0	0	120	3	1	0	0	10	0	4	100	100	0	2000	150	0	0	0	0	0	0	0	0	0	0	0	0	0	0	0	0	0	0	0	0	0	0	0	0	0	0	0	0	0	0	0	0.0	0	0	0	0	0	0	0	0	0	0	0	0	0	0	0	0	0	0	0	0	0	0	0	0.0
34057	robin	KING	PET_PAY	MELEE	1	100			0		STUN,SLOW,CURSE,TERROR	0		0	0	0	0	0	0	0	0	0	0	0	120	3	1	0	0	10	0	4	100	100	0	2000	150	0	0	0	0	0	0	0	0	0	0	0	0	0	0	0	0	0	0	0	0	0	0	0	0	0	0	0	0	0	0	0	0.0	0	0	0	0	0	0	0	0	0	0	0	0	0	0	0	0	0	0	0	0	0	0	0	0.0
34058	valentino	KING	PET_PAY	MELEE	1	100			0		STUN,SLOW,CURSE,TERROR	0		0	0	0	0	0	0	0	0	0	0	0	120	3	1	0	0	10	0	4	100	100	0	2000	150	0	0	0	0	0	0	0	0	0	0	0	0	0	0	0	0	0	0	0	0	0	0	0	0	0	0	0	0	0	0	0	0.0	0	0	0	0	0	0	0	0	0	0	0	0	0	0	0	0	0	0	0	0	0	0	0	0.0
34059	valentinia	KING	PET_PAY	MELEE	1	100			0		STUN,SLOW,CURSE,TERROR	0		0	0	0	0	0	0	0	0	0	0	0	120	3	1	0	0	10	0	4	100	100	0	2000	150	0	0	0	0	0	0	0	0	0	0	0	0	0	0	0	0	0	0	0	0	0	0	0	0	0	0	0	0	0	0	0	0.0	0	0	0	0	0	0	0	0	0	0	0	0	0	0	0	0	0	0	0	0	0	0	0	0.0
34060	valentino	KING	PET_PAY	MELEE	1	100			0		STUN,SLOW,CURSE,TERROR	0		0	0	0	0	0	0	0	0	0	0	0	120	3	1	0	0	10	0	4	100	100	0	2000	150	0	0	0	0	0	0	0	0	0	0	0	0	0	0	0	0	0	0	0	0	0	0	0	0	0	0	0	0	0	0	0	0.0	0	0	0	0	0	0	0	0	0	0	0	0	0	0	0	0	0	0	0	0	0	0	0	0.0
34061	valentinia	KING	PET_PAY	MELEE	1	100			0		STUN,SLOW,CURSE,TERROR	0		0	0	0	0	0	0	0	0	0	0	0	120	3	1	0	0	10	0	4	100	100	0	2000	150	0	0	0	0	0	0	0	0	0	0	0	0	0	0	0	0	0	0	0	0	0	0	0	0	0	0	0	0	0	0	0	0.0	0	0	0	0	0	0	0	0	0	0	0	0	0	0	0	0	0	0	0	0	0	0	0	0.0
34062	ay_feneri_(turuncu)	KING	PET_PAY	MELEE	1	100			0		STUN,SLOW,TERROR	0		0	0	0	0	0	0	0	0	0	0	0	120	3	1	0	0	10	0	4	100	100	0	2000	150	0	0	0	0	0	0	0	0	0	0	0	0	0	0	0	0	0	0	0	0	0	0	0	0	0	0	0	0	0	0	0	0.0	0	0	0	0	0	0	0	0	0	0	0	0	0	0	0	0	0	0	0	0	0	0	0	0.0
34063	ay_feneri_(mavi)	KING	PET_PAY	MELEE	1	100			0		STUN,SLOW,TERROR	0		0	0	0	0	0	0	0	0	0	0	0	120	3	1	0	0	10	0	4	100	100	0	2000	150	0	0	0	0	0	0	0	0	0	0	0	0	0	0	0	0	0	0	0	0	0	0	0	0	0	0	0	0	0	0	0	0.0	0	0	0	0	0	0	0	0	0	0	0	0	0	0	0	0	0	0	0	0	0	0	0	0.0
34064	kucuk_meley	KING	PET	MELEE	1	100			0		STUN,SLOW,TERROR	0		0	0	0	0	0	0	0	0	0	0	0	120	3	1	0	0	10	0	4	100	100	0	2000	150	0	0	0	0	0	0	0	0	0	0	0	0	0	0	0	0	0	0	0	0	0	0	0	0	0	0	0	0	0	0	0	0.0	0	0	0	0	0	0	0	0	0	0	0	0	0	0	0	0	0	0	0	0	0	0	0	0.0
34065	kucuk_meley	KING	PET	MELEE	1	100			0		STUN,SLOW,TERROR	0		0	0	0	0	0	0	0	0	0	0	0	120	3	1	0	0	10	0	4	100	100	0	2000	150	0	0	0	0	0	0	0	0	0	0	0	0	0	0	0	0	0	0	0	0	0	0	0	0	0	0	0	0	0	0	0	0.0	0	0	0	0	0	0	0	0	0	0	0	0	0	0	0	0	0	0	0	0	0	0	0	0.0
34066	bonsa	KING	PET_PAY	MELEE	1	100			0		STUN,SLOW,TERROR	0		0	0	0	0	0	0	0	0	0	0	0	120	3	1	0	0	10	0	4	100	100	0	2000	150	0	0	0	0	0	0	0	0	0	0	0	0	0	0	0	0	0	0	0	0	0	0	0	0	0	0	0	0	0	0	0	0.0	0	0	0	0	0	0	0	0	0	0	0	0	0	0	0	0	0	0	0	0	0	0	0	0.0
34067	bayan_jiangshi	KING	PET_PAY	MELEE	1	100			0		STUN,SLOW,TERROR	0		0	0	0	0	0	0	0	0	0	0	0	120	3	1	0	0	10	0	4	100	100	0	2000	150	0	0	0	0	0	0	0	0	0	0	0	0	0	0	0	0	0	0	0	0	0	0	0	0	0	0	0	0	0	0	0	0.0	0	0	0	0	0	0	0	0	0	0	0	0	0	0	0	0	0	0	0	0	0	0	0	0.0
34068	bay_jiangshi	KING	PET_PAY	MELEE	1	100			0		STUN,SLOW,TERROR	0		0	0	0	0	0	0	0	0	0	0	0	120	3	1	0	0	10	0	4	100	100	0	2000	150	0	0	0	0	0	0	0	0	0	0	0	0	0	0	0	0	0	0	0	0	0	0	0	0	0	0	0	0	0	0	0	0.0	0	0	0	0	0	0	0	0	0	0	0	0	0	0	0	0	0	0	0	0	0	0	0	0.0
34069	genc_jiangshi	KING	PET_PAY	MELEE	1	100			0		STUN,SLOW,TERROR	0		0	0	0	0	0	0	0	0	0	0	0	120	3	1	0	0	10	0	4	100	100	0	2000	150	0	0	0	0	0	0	0	0	0	0	0	0	0	0	0	0	0	0	0	0	0	0	0	0	0	0	0	0	0	0	0	0.0	0	0	0	0	0	0	0	0	0	0	0	0	0	0	0	0	0	0	0	0	0	0	0	0.0
34070	kirmizi_elf	KING	PET_PAY	MELEE	1	100			0		STUN,SLOW,TERROR	0		0	0	0	0	0	0	0	0	0	0	0	120	3	1	0	0	10	0	4	100	100	0	2000	150	0	0	0	0	0	0	0	0	0	0	0	0	0	0	0	0	0	0	0	0	0	0	0	0	0	0	0	0	0	0	0	0.0	0	0	0	0	0	0	0	0	0	0	0	0	0	0	0	0	0	0	0	0	0	0	0	0.0
34071	yesil_elf	KING	PET_PAY	MELEE	1	100			0		STUN,SLOW,TERROR	0		0	0	0	0	0	0	0	0	0	0	0	120	3	1	0	0	10	0	4	100	100	0	2000	150	0	0	0	0	0	0	0	0	0	0	0	0	0	0	0	0	0	0	0	0	0	0	0	0	0	0	0	0	0	0	0	0.0	0	0	0	0	0	0	0	0	0	0	0	0	0	0	0	0	0	0	0	0	0	0	0	0.0
34072	yardimci_elf	KING	PET_PAY	MELEE	1	100			0		STUN,SLOW,TERROR	0		0	0	0	0	0	0	0	0	0	0	0	120	3	1	0	0	10	0	4	100	100	0	2000	150	0	0	0	0	0	0	0	0	0	0	0	0	0	0	0	0	0	0	0	0	0	0	0	0	0	0	0	0	0	0	0	0.0	0	0	0	0	0	0	0	0	0	0	0	0	0	0	0	0	0	0	0	0	0	0	0	0.0
34073	azrailcik	KING	PET	MELEE	1	100			0		STUN,SLOW,TERROR	0		0	0	0	0	0	0	0	0	0	0	0	120	3	1	0	0	10	0	4	100	100	0	2000	150	0	0	0	0	0	0	0	0	0	0	0	0	0	0	0	0	0	0	0	0	0	0	0	0	0	0	0	0	0	0	0	0.0	0	0	0	0	0	0	0	0	0	0	0	0	0	0	0	0	0	0	0	0	0	0	0	0.0
34074	azrailcik_(kahraman)	KING	PET	MELEE	1	100			0		STUN,SLOW,TERROR	0		0	0	0	0	0	0	0	0	0	0	0	120	3	1	0	0	10	0	4	100	100	0	2000	150	0	0	0	0	0	0	0	0	0	0	0	0	0	0	0	0	0	0	0	0	0	0	0	0	0	0	0	0	0	0	0	0.0	0	0	0	0	0	0	0	0	0	0	0	0	0	0	0	0	0	0	0	0	0	0	0	0.0
34075	tombik_cellatcik	KING	PET	MELEE	1	100			0		STUN,SLOW,TERROR	0		0	0	0	0	0	0	0	0	0	0	0	120	3	1	0	0	10	0	4	100	100	0	2000	150	0	0	0	0	0	0	0	0	0	0	0	0	0	0	0	0	0	0	0	0	0	0	0	0	0	0	0	0	0	0	0	0.0	0	0	0	0	0	0	0	0	0	0	0	0	0	0	0	0	0	0	0	0	0	0	0	0.0
34076	tombik_cellatcik_(khrmn)	KING	PET	MELEE	1	100			0		STUN,SLOW,TERROR	0		0	0	0	0	0	0	0	0	0	0	0	120	3	1	0	0	10	0	4	100	100	0	2000	150	0	0	0	0	0	0	0	0	0	0	0	0	0	0	0	0	0	0	0	0	0	0	0	0	0	0	0	0	0	0	0	0.0	0	0	0	0	0	0	0	0	0	0	0	0	0	0	0	0	0	0	0	0	0	0	0	0.0
34077	ofkeli_mini_alastor	KING	PET	MELEE	1	100			0		STUN,SLOW,TERROR	0		0	0	0	0	0	0	0	0	0	0	0	120	3	1	0	0	10	0	4	100	100	0	2000	150	0	0	0	0	0	0	0	0	0	0	0	0	0	0	0	0	0	0	0	0	0	0	0	0	0	0	0	0	0	0	0	0.0	0	0	0	0	0	0	0	0	0	0	0	0	0	0	0	0	0	0	0	0	0	0	0	0.0
34078	uyanmis_mini_alastor	KING	PET	MELEE	1	100			0		STUN,SLOW,TERROR	0		0	0	0	0	0	0	0	0	0	0	0	120	3	1	0	0	10	0	4	100	100	0	2000	150	0	0	0	0	0	0	0	0	0	0	0	0	0	0	0	0	0	0	0	0	0	0	0	0	0	0	0	0	0	0	0	0.0	0	0	0	0	0	0	0	0	0	0	0	0	0	0	0	0	0	0	0	0	0	0	0	0.0
34080	baashido_yavrusu	KING	PET	MELEE	1	100			0		STUN,SLOW,TERROR	0		0	0	0	0	0	0	0	0	0	0	0	120	3	1	0	0	10	0	4	100	100	0	2000	150	0	0	0	0	0	0	0	0	0	0	0	0	0	0	0	0	0	0	0	0	0	0	0	0	0	0	0	0	0	0	0	0.0	0	0	0	0	0	0	0	0	0	0	0	0	0	0	0	0	0	0	0	0	0	0	0	0.0
34081	baashido_yavrusu_(khrmn)	KING	PET	MELEE	1	100			0		STUN,SLOW,TERROR	0		0	0	0	0	0	0	0	0	0	0	0	120	3	1	0	0	10	0	4	100	100	0	2000	150	0	0	0	0	0	0	0	0	0	0	0	0	0	0	0	0	0	0	0	0	0	0	0	0	0	0	0	0	0	0	0	0.0	0	0	0	0	0	0	0	0	0	0	0	0	0	0	0	0	0	0	0	0	0	0	0	0.0
34082	nessie	KING	PET	MELEE	1	100			0		STUN,SLOW,TERROR	0		0	0	0	0	0	0	0	0	0	0	0	120	3	1	0	0	10	0	4	100	100	0	2000	150	0	0	0	0	0	0	0	0	0	0	0	0	0	0	0	0	0	0	0	0	0	0	0	0	0	0	0	0	0	0	0	0.0	0	0	0	0	0	0	0	0	0	0	0	0	0	0	0	0	0	0	0	0	0	0	0	0.0
34083	nessie_(kahraman)	KING	PET	MELEE	1	100			0		STUN,SLOW,TERROR	0		0	0	0	0	0	0	0	0	0	0	0	120	3	1	0	0	10	0	4	100	100	0	2000	150	0	0	0	0	0	0	0	0	0	0	0	0	0	0	0	0	0	0	0	0	0	0	0	0	0	0	0	0	0	0	0	0.0	0	0	0	0	0	0	0	0	0	0	0	0	0	0	0	0	0	0	0	0	0	0	0	0.0
34084	donni	KING	PET_PAY	MELEE	1	100			0		STUN,SLOW,TERROR	0		0	0	0	0	0	0	0	0	0	0	0	120	3	1	0	0	10	0	4	100	100	0	2000	150	0	0	0	0	0	0	0	0	0	0	0	0	0	0	0	0	0	0	0	0	0	0	0	0	0	0	0	0	0	0	0	0.0	0	0	0	0	0	0	0	0	0	0	0	0	0	0	0	0	0	0	0	0	0	0	0	0.0
34085	frank	KING	PET_PAY	MELEE	1	100			0		STUN,SLOW,TERROR	0		0	0	0	0	0	0	0	0	0	0	0	120	3	1	0	0	10	0	4	100	100	0	2000	150	0	0	0	0	0	0	0	0	0	0	0	0	0	0	0	0	0	0	0	0	0	0	0	0	0	0	0	0	0	0	0	0.0	0	0	0	0	0	0	0	0	0	0	0	0	0	0	0	0	0	0	0	0	0	0	0	0.0
34086	hui	KING	PET_PAY	MELEE	1	100			0		STUN,SLOW,TERROR	0		0	0	0	0	0	0	0	0	0	0	0	120	3	1	0	0	10	0	4	100	100	0	2000	150	0	0	0	0	0	0	0	0	0	0	0	0	0	0	0	0	0	0	0	0	0	0	0	0	0	0	0	0	0	0	0	0.0	0	0	0	0	0	0	0	0	0	0	0	0	0	0	0	0	0	0	0	0	0	0	0	0.0
34087	buh	KING	PET_PAY	MELEE	1	100			0		STUN,SLOW,TERROR	0		0	0	0	0	0	0	0	0	0	0	0	120	3	1	0	0	10	0	4	100	100	0	2000	150	0	0	0	0	0	0	0	0	0	0	0	0	0	0	0	0	0	0	0	0	0	0	0	0	0	0	0	0	0	0	0	0.0	0	0	0	0	0	0	0	0	0	0	0	0	0	0	0	0	0	0	0	0	0	0	0	0.0
34088	grusella	KING	PET_PAY	MELEE	1	100			0		STUN,SLOW,TERROR	0		0	0	0	0	0	0	0	0	0	0	0	120	3	1	0	0	10	0	4	100	100	0	2000	150	0	0	0	0	0	0	0	0	0	0	0	0	0	0	0	0	0	0	0	0	0	0	0	0	0	0	0	0	0	0	0	0.0	0	0	0	0	0	0	0	0	0	0	0	0	0	0	0	0	0	0	0	0	0	0	0	0.0
34089	minidall	KING	PET_PAY	MELEE	1	100			0		STUN,SLOW,TERROR	0		0	0	0	0	0	0	0	0	0	0	0	120	3	1	0	0	10	0	4	100	100	0	2000	150	0	0	0	0	0	0	0	0	0	0	0	0	0	0	0	0	0	0	0	0	0	0	0	0	0	0	0	0	0	0	0	0.0	0	0	0	0	0	0	0	0	0	0	0	0	0	0	0	0	0	0	0	0	0	0	0	0.0
34090	renkli_fener	KING	PET_PAY	MELEE	1	100			0		STUN,SLOW,TERROR	0		0	0	0	0	0	0	0	0	0	0	0	120	3	1	0	0	10	0	4	100	100	0	2000	150	0	0	0	0	0	0	0	0	0	0	0	0	0	0	0	0	0	0	0	0	0	0	0	0	0	0	0	0	0	0	0	0.0	0	0	0	0	0	0	0	0	0	0	0	0	0	0	0	0	0	0	0	0	0	0	0	0.0
34091	yesil_fener	KING	PET_PAY	MELEE	1	100			0		STUN,SLOW,TERROR	0		0	0	0	0	0	0	0	0	0	0	0	120	3	1	0	0	10	0	4	100	100	0	2000	150	0	0	0	0	0	0	0	0	0	0	0	0	0	0	0	0	0	0	0	0	0	0	0	0	0	0	0	0	0	0	0	0.0	0	0	0	0	0	0	0	0	0	0	0	0	0	0	0	0	0	0	0	0	0	0	0	0.0
34092	osvald_bey	KING	PET_PAY	MELEE	1	100			0		STUN,SLOW,TERROR	0		0	0	0	0	0	0	0	0	0	0	0	120	3	1	0	0	10	0	4	100	100	0	2000	150	0	0	0	0	0	0	0	0	0	0	0	0	0	0	0	0	0	0	0	0	0	0	0	0	0	0	0	0	0	0	0	0.0	0	0	0	0	0	0	0	0	0	0	0	0	0	0	0	0	0	0	0	0	0	0	0	0.0
34093	cobblepot_bey	KING	PET_PAY	MELEE	1	100			0		STUN,SLOW,TERROR	0		0	0	0	0	0	0	0	0	0	0	0	120	3	1	0	0	10	0	4	100	100	0	2000	150	0	0	0	0	0	0	0	0	0	0	0	0	0	0	0	0	0	0	0	0	0	0	0	0	0	0	0	0	0	0	0	0.0	0	0	0	0	0	0	0	0	0	0	0	0	0	0	0	0	0	0	0	0	0	0	0	0.0
34094	chesterfield_bey	KING	PET_PAY	MELEE	1	100			0		STUN,SLOW,TERROR	0		0	0	0	0	0	0	0	0	0	0	0	120	3	1	0	0	10	0	4	100	100	0	2000	150	0	0	0	0	0	0	0	0	0	0	0	0	0	0	0	0	0	0	0	0	0	0	0	0	0	0	0	0	0	0	0	0.0	0	0	0	0	0	0	0	0	0	0	0	0	0	0	0	0	0	0	0	0	0	0	0	0.0
34095	griffy	KING	PET_PAY	MELEE	1	100			0		STUN,SLOW,TERROR	0		0	0	0	0	0	0	0	0	0	0	0	120	3	1	0	0	10	0	4	100	100	0	2000	150	0	0	0	0	0	0	0	0	0	0	0	0	0	0	0	0	0	0	0	0	0	0	0	0	0	0	0	0	0	0	0	0.0	0	0	0	0	0	0	0	0	0	0	0	0	0	0	0	0	0	0	0	0	0	0	0	0.0
34096	nogaj	KING	PET_PAY	MELEE	1	100			0		STUN,SLOW,TERROR	0		0	0	0	0	0	0	0	0	0	0	0	120	3	1	0	0	10	0	4	100	100	0	2000	150	0	0	0	0	0	0	0	0	0	0	0	0	0	0	0	0	0	0	0	0	0	0	0	0	0	0	0	0	0	0	0	0.0	0	0	0	0	0	0	0	0	0	0	0	0	0	0	0	0	0	0	0	0	0	0	0	0.0
34097	astrabell	KING	PET_PAY	MELEE	1	100			0		STUN,SLOW,TERROR	0		0	0	0	0	0	0	0	0	0	0	0	120	3	1	0	0	10	0	4	100	100	0	2000	150	0	0	0	0	0	0	0	0	0	0	0	0	0	0	0	0	0	0	0	0	0	0	0	0	0	0	0	0	0	0	0	0.0	0	0	0	0	0	0	0	0	0	0	0	0	0	0	0	0	0	0	0	0	0	0	0	0.0
34098	helexna	KING	PET_PAY	MELEE	1	100			0		STUN,SLOW,TERROR	0		0	0	0	0	0	0	0	0	0	0	0	120	3	1	0	0	10	0	4	100	100	0	2000	150	0	0	0	0	0	0	0	0	0	0	0	0	0	0	0	0	0	0	0	0	0	0	0	0	0	0	0	0	0	0	0	0.0	0	0	0	0	0	0	0	0	0	0	0	0	0	0	0	0	0	0	0	0	0	0	0	0.0
34099	chaotika	KING	PET_PAY	MELEE	1	100			0		STUN,SLOW,TERROR	0		0	0	0	0	0	0	0	0	0	0	0	120	3	1	0	0	10	0	4	100	100	0	2000	150	0	0	0	0	0	0	0	0	0	0	0	0	0	0	0	0	0	0	0	0	0	0	0	0	0	0	0	0	0	0	0	0.0	0	0	0	0	0	0	0	0	0	0	0	0	0	0	0	0	0	0	0	0	0	0	0	0.0
34100	lycan_maddäus	KING	PET_PAY	MELEE	1	100			0		STUN,SLOW,TERROR	0		0	0	0	0	0	0	0	0	0	0	0	120	3	1	0	0	10	0	4	100	100	0	2000	150	0	0	0	0	0	0	0	0	0	0	0	0	0	0	0	0	0	0	0	0	0	0	0	0	0	0	0	0	0	0	0	0.0	0	0	0	0	0	0	0	0	0	0	0	0	0	0	0	0	0	0	0	0	0	0	0	0.0
34101	lycaninho	KING	PET_PAY	MELEE	1	100			0		STUN,SLOW,TERROR	0		0	0	0	0	0	0	0	0	0	0	0	120	3	1	0	0	10	0	4	100	100	0	2000	150	0	0	0	0	0	0	0	0	0	0	0	0	0	0	0	0	0	0	0	0	0	0	0	0	0	0	0	0	0	0	0	0.0	0	0	0	0	0	0	0	0	0	0	0	0	0	0	0	0	0	0	0	0	0	0	0	0.0
34102	kucuk_catenaccio	KING	PET_PAY	MELEE	1	100			0		STUN,SLOW,TERROR	0		0	0	0	0	0	0	0	0	0	0	0	120	3	1	0	0	10	0	4	100	100	0	2000	150	0	0	0	0	0	0	0	0	0	0	0	0	0	0	0	0	0	0	0	0	0	0	0	0	0	0	0	0	0	0	0	0.0	0	0	0	0	0	0	0	0	0	0	0	0	0	0	0	0	0	0	0	0	0	0	0	0.0
34103	k._mavi_prlk_tavus_kusu	KING	PET_PAY	MELEE	1	100			0		STUN,SLOW,TERROR	0		0	0	0	0	0	0	0	0	0	0	0	120	3	1	0	0	10	0	4	100	100	0	2000	150	0	0	0	0	0	0	0	0	0	0	0	0	0	0	0	0	0	0	0	0	0	0	0	0	0	0	0	0	0	0	0	0.0	0	0	0	0	0	0	0	0	0	0	0	0	0	0	0	0	0	0	0	0	0	0	0	0.0
34104	pembe_parlak_tavus_kusu	KING	PET_PAY	MELEE	1	100			0		STUN,SLOW,TERROR	0		0	0	0	0	0	0	0	0	0	0	0	120	3	1	0	0	10	0	4	100	100	0	2000	150	0	0	0	0	0	0	0	0	0	0	0	0	0	0	0	0	0	0	0	0	0	0	0	0	0	0	0	0	0	0	0	0.0	0	0	0	0	0	0	0	0	0	0	0	0	0	0	0	0	0	0	0	0	0	0	0	0.0
34105	koyu_mavi_tavus_kusu	KING	PET_PAY	MELEE	1	100			0		STUN,SLOW,TERROR	0		0	0	0	0	0	0	0	0	0	0	0	120	3	1	0	0	10	0	4	100	100	0	2000	150	0	0	0	0	0	0	0	0	0	0	0	0	0	0	0	0	0	0	0	0	0	0	0	0	0	0	0	0	0	0	0	0.0	0	0	0	0	0	0	0	0	0	0	0	0	0	0	0	0	0	0	0	0	0	0	0	0.0
34106	firat_findik	KING	PET_PAY	MELEE	1	100			0		STUN,SLOW,TERROR	0		0	0	0	0	0	0	0	0	0	0	0	120	3	1	0	0	10	0	4	100	100	0	2000	150	0	0	0	0	0	0	0	0	0	0	0	0	0	0	0	0	0	0	0	0	0	0	0	0	0	0	0	0	0	0	0	0.0	0	0	0	0	0	0	0	0	0	0	0	0	0	0	0	0	0	0	0	0	0	0	0	0.0
34107	cezmi_ceviz	KING	PET_PAY	MELEE	1	100			0		STUN,SLOW,TERROR	0		0	0	0	0	0	0	0	0	0	0	0	120	3	1	0	0	10	0	4	100	100	0	2000	150	0	0	0	0	0	0	0	0	0	0	0	0	0	0	0	0	0	0	0	0	0	0	0	0	0	0	0	0	0	0	0	0.0	0	0	0	0	0	0	0	0	0	0	0	0	0	0	0	0	0	0	0	0	0	0	0	0.0
34108	bartu_badem	KING	PET_PAY	MELEE	1	100			0		STUN,SLOW,TERROR	0		0	0	0	0	0	0	0	0	0	0	0	120	3	1	0	0	10	0	4	100	100	0	2000	150	0	0	0	0	0	0	0	0	0	0	0	0	0	0	0	0	0	0	0	0	0	0	0	0	0	0	0	0	0	0	0	0.0	0	0	0	0	0	0	0	0	0	0	0	0	0	0	0	0	0	0	0	0	0	0	0	0.0
34109	de_zooka	KING	PET_PAY	MELEE	1	100			0		STUN,SLOW,TERROR	0		0	0	0	0	0	0	0	0	0	0	0	120	3	1	0	0	10	0	4	100	100	0	2000	150	0	0	0	0	0	0	0	0	0	0	0	0	0	0	0	0	0	0	0	0	0	0	0	0	0	0	0	0	0	0	0	0.0	0	0	0	0	0	0	0	0	0	0	0	0	0	0	0	0	0	0	0	0	0	0	0	0.0
34110	toplu_deve	KING	PET_PAY	MELEE	1	100			0		STUN,SLOW,TERROR	0		0	0	0	0	0	0	0	0	0	0	0	120	3	1	0	0	10	0	4	100	100	0	2000	150	0	0	0	0	0	0	0	0	0	0	0	0	0	0	0	0	0	0	0	0	0	0	0	0	0	0	0	0	0	0	0	0.0	0	0	0	0	0	0	0	0	0	0	0	0	0	0	0	0	0	0	0	0	0	0	0	0.0
34111	col_gemicigi	KING	PET_PAY	MELEE	1	100			0		STUN,SLOW,TERROR	0		0	0	0	0	0	0	0	0	0	0	0	120	3	1	0	0	10	0	4	100	100	0	2000	150	0	0	0	0	0	0	0	0	0	0	0	0	0	0	0	0	0	0	0	0	0	0	0	0	0	0	0	0	0	0	0	0.0	0	0	0	0	0	0	0	0	0	0	0	0	0	0	0	0	0	0	0	0	0	0	0	0.0
34112	havali_bocek	KING	PET_PAY	MELEE	1	100			0		STUN,SLOW,TERROR	0		0	0	0	0	0	0	0	0	0	0	0	120	3	1	0	0	10	0	4	100	100	0	2000	150	0	0	0	0	0	0	0	0	0	0	0	0	0	0	0	0	0	0	0	0	0	0	0	0	0	0	0	0	0	0	0	0.0	0	0	0	0	0	0	0	0	0	0	0	0	0	0	0	0	0	0	0	0	0	0	0	0.0
34113	havali_bocek	KING	PET_PAY	MELEE	1	100			0		STUN,SLOW,TERROR	0		0	0	0	0	0	0	0	0	0	0	0	120	3	1	0	0	10	0	4	100	100	0	2000	150	0	0	0	0	0	0	0	0	0	0	0	0	0	0	0	0	0	0	0	0	0	0	0	0	0	0	0	0	0	0	0	0.0	0	0	0	0	0	0	0	0	0	0	0	0	0	0	0	0	0	0	0	0	0	0	0	0.0
34114	falci_ates_kedisi	KING	PET_PAY	MELEE	1	100			0		STUN,SLOW,TERROR	0		0	0	0	0	0	0	0	0	0	0	0	120	3	1	0	0	10	0	4	100	100	0	2000	150	0	0	0	0	0	0	0	0	0	0	0	0	0	0	0	0	0	0	0	0	0	0	0	0	0	0	0	0	0	0	0	0.0	0	0	0	0	0	0	0	0	0	0	0	0	0	0	0	0	0	0	0	0	0	0	0	0.0
34115	falci_buz_kedisi	KING	PET_PAY	MELEE	1	100			0		STUN,SLOW,TERROR	0		0	0	0	0	0	0	0	0	0	0	0	120	3	1	0	0	10	0	4	100	100	0	2000	150	0	0	0	0	0	0	0	0	0	0	0	0	0	0	0	0	0	0	0	0	0	0	0	0	0	0	0	0	0	0	0	0.0	0	0	0	0	0	0	0	0	0	0	0	0	0	0	0	0	0	0	0	0	0	0	0	0.0
34116	uc_gozlu_ates_kedisi	KING	PET_PAY	MELEE	1	100			0		STUN,SLOW,TERROR	0		0	0	0	0	0	0	0	0	0	0	0	120	3	1	0	0	10	0	4	100	100	0	2000	150	0	0	0	0	0	0	0	0	0	0	0	0	0	0	0	0	0	0	0	0	0	0	0	0	0	0	0	0	0	0	0	0.0	0	0	0	0	0	0	0	0	0	0	0	0	0	0	0	0	0	0	0	0	0	0	0	0.0
34117	cuce_burun_(kirmizi)	KING	PET_PAY	MELEE	1	100			0		STUN,SLOW,TERROR	0		0	0	0	0	0	0	0	0	0	0	0	120	3	1	0	0	10	0	4	100	100	0	2000	150	0	0	0	0	0	0	0	0	0	0	0	0	0	0	0	0	0	0	0	0	0	0	0	0	0	0	0	0	0	0	0	0.0	0	0	0	0	0	0	0	0	0	0	0	0	0	0	0	0	0	0	0	0	0	0	0	0.0
34118	cuce_burun_(yesil)	KING	PET_PAY	MELEE	1	100			0		STUN,SLOW,TERROR	0		0	0	0	0	0	0	0	0	0	0	0	120	3	1	0	0	10	0	4	100	100	0	2000	150	0	0	0	0	0	0	0	0	0	0	0	0	0	0	0	0	0	0	0	0	0	0	0	0	0	0	0	0	0	0	0	0.0	0	0	0	0	0	0	0	0	0	0	0	0	0	0	0	0	0	0	0	0	0	0	0	0.0
34119	cuce_burun	KING	PET_PAY	MELEE	1	100			0		STUN,SLOW,TERROR	0		0	0	0	0	0	0	0	0	0	0	0	120	3	1	0	0	10	0	4	100	100	0	2000	150	0	0	0	0	0	0	0	0	0	0	0	0	0	0	0	0	0	0	0	0	0	0	0	0	0	0	0	0	0	0	0	0.0	0	0	0	0	0	0	0	0	0	0	0	0	0	0	0	0	0	0	0	0	0	0	0	0.0
34120	kirmizi_yavru_huashin	KING	PET_PAY	MELEE	1	100			0		STUN,SLOW,TERROR	0		0	0	0	0	0	0	0	0	0	0	0	120	3	1	0	0	10	0	4	100	100	0	2000	150	0	0	0	0	0	0	0	0	0	0	0	0	0	0	0	0	0	0	0	0	0	0	0	0	0	0	0	0	0	0	0	0.0	0	0	0	0	0	0	0	0	0	0	0	0	0	0	0	0	0	0	0	0	0	0	0	0.0
34121	beyaz_yavru_huashin	KING	PET_PAY	MELEE	1	100			0		STUN,SLOW,TERROR	0		0	0	0	0	0	0	0	0	0	0	0	120	3	1	0	0	10	0	4	100	100	0	2000	150	0	0	0	0	0	0	0	0	0	0	0	0	0	0	0	0	0	0	0	0	0	0	0	0	0	0	0	0	0	0	0	0.0	0	0	0	0	0	0	0	0	0	0	0	0	0	0	0	0	0	0	0	0	0	0	0	0.0
34122	bonsai	KING	PET_PAY	MELEE	1	100			0		STUN,SLOW,TERROR	0		0	0	0	0	0	0	0	0	0	0	0	120	3	1	0	0	10	0	4	100	100	0	2000	150	0	0	0	0	0	0	0	0	0	0	0	0	0	0	0	0	0	0	0	0	0	0	0	0	0	0	0	0	0	0	0	0.0	0	0	0	0	0	0	0	0	0	0	0	0	0	0	0	0	0	0	0	0	0	0	0	0.0
34123	bonsai	KING	PET_PAY	MELEE	1	100			0		STUN,SLOW,TERROR	0		0	0	0	0	0	0	0	0	0	0	0	120	3	1	0	0	10	0	4	100	100	0	2000	150	0	0	0	0	0	0	0	0	0	0	0	0	0	0	0	0	0	0	0	0	0	0	0	0	0	0	0	0	0	0	0	0.0	0	0	0	0	0	0	0	0	0	0	0	0	0	0	0	0	0	0	0	0	0	0	0	0.0
34124	kucuk_ates_elementeri	KING	PET_PAY	MELEE	1	100			0		STUN,SLOW,TERROR	0		0	0	0	0	0	0	0	0	0	0	0	120	3	1	0	0	10	0	4	100	100	0	2000	150	0	0	0	0	0	0	0	0	0	0	0	0	0	0	0	0	0	0	0	0	0	0	0	0	0	0	0	0	0	0	0	0.0	0	0	0	0	0	0	0	0	0	0	0	0	0	0	0	0	0	0	0	0	0	0	0	0.0
34125	kucuk_buz_elementeri	KING	PET_PAY	MELEE	1	100			0		STUN,SLOW,TERROR	0		0	0	0	0	0	0	0	0	0	0	0	120	3	1	0	0	10	0	4	100	100	0	2000	150	0	0	0	0	0	0	0	0	0	0	0	0	0	0	0	0	0	0	0	0	0	0	0	0	0	0	0	0	0	0	0	0.0	0	0	0	0	0	0	0	0	0	0	0	0	0	0	0	0	0	0	0	0	0	0	0	0.0
34126	kucuk_simsek_elementeri	KING	PET_PAY	MELEE	1	100			0		STUN,SLOW,TERROR	0		0	0	0	0	0	0	0	0	0	0	0	120	3	1	0	0	10	0	4	100	100	0	2000	150	0	0	0	0	0	0	0	0	0	0	0	0	0	0	0	0	0	0	0	0	0	0	0	0	0	0	0	0	0	0	0	0.0	0	0	0	0	0	0	0	0	0	0	0	0	0	0	0	0	0	0	0	0	0	0	0	0.0
34127	kucuk_ruzgar_elementeri	KING	PET_PAY	MELEE	1	100			0		STUN,SLOW,TERROR	0		0	0	0	0	0	0	0	0	0	0	0	120	3	1	0	0	10	0	4	100	100	0	2000	150	0	0	0	0	0	0	0	0	0	0	0	0	0	0	0	0	0	0	0	0	0	0	0	0	0	0	0	0	0	0	0	0.0	0	0	0	0	0	0	0	0	0	0	0	0	0	0	0	0	0	0	0	0	0	0	0	0.0
34128	kucuk_toprak_elementeri	KING	PET_PAY	MELEE	1	100			0		STUN,SLOW,TERROR	0		0	0	0	0	0	0	0	0	0	0	0	120	3	1	0	0	10	0	4	100	100	0	2000	150	0	0	0	0	0	0	0	0	0	0	0	0	0	0	0	0	0	0	0	0	0	0	0	0	0	0	0	0	0	0	0	0.0	0	0	0	0	0	0	0	0	0	0	0	0	0	0	0	0	0	0	0	0	0	0	0	0.0
34129	kucuk_karanlk_elementeri	KING	PET_PAY	MELEE	1	100			0		STUN,SLOW,TERROR	0		0	0	0	0	0	0	0	0	0	0	0	120	3	1	0	0	10	0	4	100	100	0	2000	150	0	0	0	0	0	0	0	0	0	0	0	0	0	0	0	0	0	0	0	0	0	0	0	0	0	0	0	0	0	0	0	0.0	0	0	0	0	0	0	0	0	0	0	0	0	0	0	0	0	0	0	0	0	0	0	0	0.0
34130	oyunbaz_ask_elcisi	KING	PET_PAY	MELEE	1	100			0		STUN,SLOW,TERROR	0		0	0	0	0	0	0	0	0	0	0	0	120	3	1	0	0	10	0	4	100	100	0	2000	150	0	0	0	0	0	0	0	0	0	0	0	0	0	0	0	0	0	0	0	0	0	0	0	0	0	0	0	0	0	0	0	0.0	0	0	0	0	0	0	0	0	0	0	0	0	0	0	0	0	0	0	0	0	0	0	0	0.0
34131	sakar_ask_elcisi	KING	PET_PAY	MELEE	1	100			0		STUN,SLOW,TERROR	0		0	0	0	0	0	0	0	0	0	0	0	120	3	1	0	0	10	0	4	100	100	0	2000	150	0	0	0	0	0	0	0	0	0	0	0	0	0	0	0	0	0	0	0	0	0	0	0	0	0	0	0	0	0	0	0	0.0	0	0	0	0	0	0	0	0	0	0	0	0	0	0	0	0	0	0	0	0	0	0	0	0.0
34132	kucuk_ask_elcisi	KING	PET_PAY	MELEE	1	100			0		STUN,SLOW,TERROR	0		0	0	0	0	0	0	0	0	0	0	0	120	3	1	0	0	10	0	4	100	100	0	2000	150	0	0	0	0	0	0	0	0	0	0	0	0	0	0	0	0	0	0	0	0	0	0	0	0	0	0	0	0	0	0	0	0.0	0	0	0	0	0	0	0	0	0	0	0	0	0	0	0	0	0	0	0	0	0	0	0	0.0
34133	mini_yengec_savascisi	KING	PET_PAY	MELEE	1	100			0		STUN,SLOW,TERROR	0		0	0	0	0	0	0	0	0	0	0	0	120	3	1	0	0	10	0	4	100	100	0	2000	150	0	0	0	0	0	0	0	0	0	0	0	0	0	0	0	0	0	0	0	0	0	0	0	0	0	0	0	0	0	0	0	0.0	0	0	0	0	0	0	0	0	0	0	0	0	0	0	0	0	0	0	0	0	0	0	0	0.0
34134	mini_yengec	KING	PET_PAY	MELEE	1	100			0		STUN,SLOW,TERROR	0		0	0	0	0	0	0	0	0	0	0	0	120	3	1	0	0	10	0	4	100	100	0	2000	150	0	0	0	0	0	0	0	0	0	0	0	0	0	0	0	0	0	0	0	0	0	0	0	0	0	0	0	0	0	0	0	0.0	0	0	0	0	0	0	0	0	0	0	0	0	0	0	0	0	0	0	0	0	0	0	0	0.0
34135	oynak_mumya	KING	PET_PAY	MELEE	1	100			0		STUN,SLOW,TERROR	0		0	0	0	0	0	0	0	0	0	0	0	120	3	1	0	0	10	0	4	100	100	0	2000	150	0	0	0	0	0	0	0	0	0	0	0	0	0	0	0	0	0	0	0	0	0	0	0	0	0	0	0	0	0	0	0	0.0	0	0	0	0	0	0	0	0	0	0	0	0	0	0	0	0	0	0	0	0	0	0	0	0.0
34136	titrek_mumya	KING	PET_PAY	MELEE	1	100			0		STUN,SLOW,TERROR	0		0	0	0	0	0	0	0	0	0	0	0	120	3	1	0	0	10	0	4	100	100	0	2000	150	0	0	0	0	0	0	0	0	0	0	0	0	0	0	0	0	0	0	0	0	0	0	0	0	0	0	0	0	0	0	0	0.0	0	0	0	0	0	0	0	0	0	0	0	0	0	0	0	0	0	0	0	0	0	0	0	0.0
34137	sarsak_mumya	KING	PET_PAY	MELEE	1	100			0		STUN,SLOW,TERROR	0		0	0	0	0	0	0	0	0	0	0	0	120	3	1	0	0	10	0	4	100	100	0	2000	150	0	0	0	0	0	0	0	0	0	0	0	0	0	0	0	0	0	0	0	0	0	0	0	0	0	0	0	0	0	0	0	0.0	0	0	0	0	0	0	0	0	0	0	0	0	0	0	0	0	0	0	0	0	0	0	0	0.0
34138	yesil_yilbasi_agaci	KING	PET_PAY	MELEE	1	100			0		STUN,SLOW,TERROR	0		0	0	0	0	0	0	0	0	0	0	0	120	3	1	0	0	10	0	4	100	100	0	2000	150	0	0	0	0	0	0	0	0	0	0	0	0	0	0	0	0	0	0	0	0	0	0	0	0	0	0	0	0	0	0	0	0.0	0	0	0	0	0	0	0	0	0	0	0	0	0	0	0	0	0	0	0	0	0	0	0	0.0
34139	budakli_yilbasi_agaci	KING	PET_PAY	MELEE	1	100			0		STUN,SLOW,TERROR	0		0	0	0	0	0	0	0	0	0	0	0	120	3	1	0	0	10	0	4	100	100	0	2000	150	0	0	0	0	0	0	0	0	0	0	0	0	0	0	0	0	0	0	0	0	0	0	0	0	0	0	0	0	0	0	0	0.0	0	0	0	0	0	0	0	0	0	0	0	0	0	0	0	0	0	0	0	0	0	0	0	0.0
34140	kucuk_yilbasi_agaci	KING	PET_PAY	MELEE	1	100			0		STUN,SLOW,TERROR	0		0	0	0	0	0	0	0	0	0	0	0	120	3	1	0	0	10	0	4	100	100	0	2000	150	0	0	0	0	0	0	0	0	0	0	0	0	0	0	0	0	0	0	0	0	0	0	0	0	0	0	0	0	0	0	0	0.0	0	0	0	0	0	0	0	0	0	0	0	0	0	0	0	0	0	0	0	0	0	0	0	0.0
34141	gece_mavisi_anubis	KING	PET_PAY	MELEE	1	100			0		STUN,SLOW,TERROR	0		0	0	0	0	0	0	0	0	0	0	0	120	3	1	0	0	10	0	4	100	100	0	2000	150	0	0	0	0	0	0	0	0	0	0	0	0	0	0	0	0	0	0	0	0	0	0	0	0	0	0	0	0	0	0	0	0.0	0	0	0	0	0	0	0	0	0	0	0	0	0	0	0	0	0	0	0	0	0	0	0	0.0
34142	kankirmizi_anubis	KING	PET_PAY	MELEE	1	100			0		STUN,SLOW,TERROR	0		0	0	0	0	0	0	0	0	0	0	0	120	3	1	0	0	10	0	4	100	100	0	2000	150	0	0	0	0	0	0	0	0	0	0	0	0	0	0	0	0	0	0	0	0	0	0	0	0	0	0	0	0	0	0	0	0.0	0	0	0	0	0	0	0	0	0	0	0	0	0	0	0	0	0	0	0	0	0	0	0	0.0
34143	kucuk_anubis	KING	PET_PAY	MELEE	1	100			0		STUN,SLOW,TERROR	0		0	0	0	0	0	0	0	0	0	0	0	120	3	1	0	0	10	0	4	100	100	0	2000	150	0	0	0	0	0	0	0	0	0	0	0	0	0	0	0	0	0	0	0	0	0	0	0	0	0	0	0	0	0	0	0	0.0	0	0	0	0	0	0	0	0	0	0	0	0	0	0	0	0	0	0	0	0	0	0	0	0.0
34145	guclu_katil_buz_balinasi	KING	PET_PAY	MELEE	1	100			0		STUN,SLOW,TERROR	0		0	0	0	0	0	0	0	0	0	0	0	120	3	1	0	0	10	0	4	100	100	0	2000	150	0	0	0	0	0	0	0	0	0	0	0	0	0	0	0	0	0	0	0	0	0	0	0	0	0	0	0	0	0	0	0	0.0	0	0	0	0	0	0	0	0	0	0	0	0	0	0	0	0	0	0	0	0	0	0	0	0.0
34146	uysal_katil_buz_balinasi	KING	PET_PAY	MELEE	1	100			0		STUN,SLOW,TERROR	0		0	0	0	0	0	0	0	0	0	0	0	120	3	1	0	0	10	0	4	100	100	0	2000	150	0	0	0	0	0	0	0	0	0	0	0	0	0	0	0	0	0	0	0	0	0	0	0	0	0	0	0	0	0	0	0	0.0	0	0	0	0	0	0	0	0	0	0	0	0	0	0	0	0	0	0	0	0	0	0	0	0.0
34147	kar_leonidas	KING	PET_PAY	MELEE	1	100			0		STUN,SLOW,TERROR	0		0	0	0	0	0	0	0	0	0	0	0	120	3	1	0	0	10	0	4	100	100	0	2000	150	0	0	0	0	0	0	0	0	0	0	0	0	0	0	0	0	0	0	0	0	0	0	0	0	0	0	0	0	0	0	0	0.0	0	0	0	0	0	0	0	0	0	0	0	0	0	0	0	0	0	0	0	0	0	0	0	0.0
34148	astrabell	KING	PET_PAY	MELEE	1	100			0		STUN,SLOW,TERROR	0		0	0	0	0	0	0	0	0	0	0	0	120	3	1	0	0	10	0	4	100	100	0	2000	150	0	0	0	0	0	0	0	0	0	0	0	0	0	0	0	0	0	0	0	0	0	0	0	0	0	0	0	0	0	0	0	0.0	0	0	0	0	0	0	0	0	0	0	0	0	0	0	0	0	0	0	0	0	0	0	0	0.0
34149	ates_ankasi	KING	PET_PAY	MELEE	1	100			0		STUN,SLOW,TERROR	0		0	0	0	0	0	0	0	0	0	0	0	120	3	1	0	0	10	0	4	100	100	0	2000	150	0	0	0	0	0	0	0	0	0	0	0	0	0	0	0	0	0	0	0	0	0	0	0	0	0	0	0	0	0	0	0	0.0	0	0	0	0	0	0	0	0	0	0	0	0	0	0	0	0	0	0	0	0	0	0	0	0.0
34150	sogukkanli_huzur_bozucu	KING	PET_PAY	MELEE	1	100			0		STUN,SLOW,TERROR	0		0	0	0	0	0	0	0	0	0	0	0	120	3	1	0	0	10	0	4	100	100	0	2000	150	0	0	0	0	0	0	0	0	0	0	0	0	0	0	0	0	0	0	0	0	0	0	0	0	0	0	0	0	0	0	0	0.0	0	0	0	0	0	0	0	0	0	0	0	0	0	0	0	0	0	0	0	0	0	0	0	0.0
34151	zehirli_huzur_bozucu	KING	PET_PAY	MELEE	1	100			0		STUN,SLOW,TERROR	0		0	0	0	0	0	0	0	0	0	0	0	120	3	1	0	0	10	0	4	100	100	0	2000	150	0	0	0	0	0	0	0	0	0	0	0	0	0	0	0	0	0	0	0	0	0	0	0	0	0	0	0	0	0	0	0	0.0	0	0	0	0	0	0	0	0	0	0	0	0	0	0	0	0	0	0	0	0	0	0	0	0.0
34152	kucuk_huzur_bozucu	KING	PET_PAY	MELEE	1	100			0		STUN,SLOW,TERROR	0		0	0	0	0	0	0	0	0	0	0	0	120	3	1	0	0	10	0	4	100	100	0	2000	150	0	0	0	0	0	0	0	0	0	0	0	0	0	0	0	0	0	0	0	0	0	0	0	0	0	0	0	0	0	0	0	0.0	0	0	0	0	0	0	0	0	0	0	0	0	0	0	0	0	0	0	0	0	0	0	0	0.0
34153	lapa	KING	PET_PAY	MELEE	1	100			0		STUN,SLOW,TERROR	0		0	0	0	0	0	0	0	0	0	0	0	120	3	1	0	0	10	0	4	100	100	0	2000	150	0	0	0	0	0	0	0	0	0	0	0	0	0	0	0	0	0	0	0	0	0	0	0	0	0	0	0	0	0	0	0	0.0	0	0	0	0	0	0	0	0	0	0	0	0	0	0	0	0	0	0	0	0	0	0	0	0.0
34154	yapagi	KING	PET_PAY	MELEE	1	100			0		STUN,SLOW,TERROR	0		0	0	0	0	0	0	0	0	0	0	0	120	3	1	0	0	10	0	4	100	100	0	2000	150	0	0	0	0	0	0	0	0	0	0	0	0	0	0	0	0	0	0	0	0	0	0	0	0	0	0	0	0	0	0	0	0.0	0	0	0	0	0	0	0	0	0	0	0	0	0	0	0	0	0	0	0	0	0	0	0	0.0
34155	kucuk_lapa	KING	PET_PAY	MELEE	1	100			0		STUN,SLOW,TERROR	0		0	0	0	0	0	0	0	0	0	0	0	120	3	1	0	0	10	0	4	100	100	0	2000	150	0	0	0	0	0	0	0	0	0	0	0	0	0	0	0	0	0	0	0	0	0	0	0	0	0	0	0	0	0	0	0	0.0	0	0	0	0	0	0	0	0	0	0	0	0	0	0	0	0	0	0	0	0	0	0	0	0.0
34156	buz_gibi_urkutucu_tabut	KING	PET_PAY	MELEE	1	100			0		STUN,SLOW,TERROR	0		0	0	0	0	0	0	0	0	0	0	0	120	3	1	0	0	10	0	4	100	100	0	2000	150	0	0	0	0	0	0	0	0	0	0	0	0	0	0	0	0	0	0	0	0	0	0	0	0	0	0	0	0	0	0	0	0.0	0	0	0	0	0	0	0	0	0	0	0	0	0	0	0	0	0	0	0	0	0	0	0	0.0
34157	kan_kirm._urkutucu_tabut	KING	PET_PAY	MELEE	1	100			0		STUN,SLOW,TERROR	0		0	0	0	0	0	0	0	0	0	0	0	120	3	1	0	0	10	0	4	100	100	0	2000	150	0	0	0	0	0	0	0	0	0	0	0	0	0	0	0	0	0	0	0	0	0	0	0	0	0	0	0	0	0	0	0	0.0	0	0	0	0	0	0	0	0	0	0	0	0	0	0	0	0	0	0	0	0	0	0	0	0.0
34158	kucuk_urkutucu_tabut	KING	PET_PAY	MELEE	1	100			0		STUN,SLOW,TERROR	0		0	0	0	0	0	0	0	0	0	0	0	120	3	1	0	0	10	0	4	100	100	0	2000	150	0	0	0	0	0	0	0	0	0	0	0	0	0	0	0	0	0	0	0	0	0	0	0	0	0	0	0	0	0	0	0	0.0	0	0	0	0	0	0	0	0	0	0	0	0	0	0	0	0	0	0	0	0	0	0	0	0.0
34159	corek_dasher	KING	PET_PAY	MELEE	1	100			0		STUN,SLOW,TERROR	0		0	0	0	0	0	0	0	0	0	0	0	120	3	1	0	0	10	0	4	100	100	0	2000	150	0	0	0	0	0	0	0	0	0	0	0	0	0	0	0	0	0	0	0	0	0	0	0	0	0	0	0	0	0	0	0	0.0	0	0	0	0	0	0	0	0	0	0	0	0	0	0	0	0	0	0	0	0	0	0	0	0.0
34160	corek_rudolf	KING	PET_PAY	MELEE	1	100			0		STUN,SLOW,TERROR	0		0	0	0	0	0	0	0	0	0	0	0	120	3	1	0	0	10	0	4	100	100	0	2000	150	0	0	0	0	0	0	0	0	0	0	0	0	0	0	0	0	0	0	0	0	0	0	0	0	0	0	0	0	0	0	0	0.0	0	0	0	0	0	0	0	0	0	0	0	0	0	0	0	0	0	0	0	0	0	0	0	0.0
34161	kucuk_corek_dasher	KING	PET_PAY	MELEE	1	100			0		STUN,SLOW,TERROR	0		0	0	0	0	0	0	0	0	0	0	0	120	3	1	0	0	10	0	4	100	100	0	2000	150	0	0	0	0	0	0	0	0	0	0	0	0	0	0	0	0	0	0	0	0	0	0	0	0	0	0	0	0	0	0	0	0.0	0	0	0	0	0	0	0	0	0	0	0	0	0	0	0	0	0	0	0	0	0	0	0	0.0
34162	sevimli_ask_ejderhasi	KING	PET_PAY	MELEE	1	100			0		STUN,SLOW,TERROR	0		0	0	0	0	0	0	0	0	0	0	0	120	3	1	0	0	10	0	4	100	100	0	2000	150	0	0	0	0	0	0	0	0	0	0	0	0	0	0	0	0	0	0	0	0	0	0	0	0	0	0	0	0	0	0	0	0.0	0	0	0	0	0	0	0	0	0	0	0	0	0	0	0	0	0	0	0	0	0	0	0	0.0
34163	oyunbaz_ask_ejderhasi	KING	PET_PAY	MELEE	1	100			0		STUN,SLOW,TERROR	0		0	0	0	0	0	0	0	0	0	0	0	120	3	1	0	0	10	0	4	100	100	0	2000	150	0	0	0	0	0	0	0	0	0	0	0	0	0	0	0	0	0	0	0	0	0	0	0	0	0	0	0	0	0	0	0	0.0	0	0	0	0	0	0	0	0	0	0	0	0	0	0	0	0	0	0	0	0	0	0	0	0.0
34164	kucuk_ask_ejderhasi	KING	PET_PAY	MELEE	1	100			0		STUN,SLOW,TERROR	0		0	0	0	0	0	0	0	0	0	0	0	120	3	1	0	0	10	0	4	100	100	0	2000	150	0	0	0	0	0	0	0	0	0	0	0	0	0	0	0	0	0	0	0	0	0	0	0	0	0	0	0	0	0	0	0	0.0	0	0	0	0	0	0	0	0	0	0	0	0	0	0	0	0	0	0	0	0	0	0	0	0.0
34165	bebek_kumandan	KING	PET	MELEE	1	100			0		STUN,SLOW,TERROR	0		0	0	0	0	0	0	0	0	0	0	0	120	3	1	0	0	10	0	4	100	100	0	2000	150	0	0	0	0	0	0	0	0	0	0	0	0	0	0	0	0	0	0	0	0	0	0	0	0	0	0	0	0	0	0	0	0.0	0	0	0	0	0	0	0	0	0	0	0	0	0	0	0	0	0	0	0	0	0	0	0	0.0
34166	bebek_kumandan_(kahramn)	KING	PET	MELEE	1	100			0		STUN,SLOW,TERROR	0		0	0	0	0	0	0	0	0	0	0	0	120	3	1	0	0	10	0	4	100	100	0	2000	150	0	0	0	0	0	0	0	0	0	0	0	0	0	0	0	0	0	0	0	0	0	0	0	0	0	0	0	0	0	0	0	0.0	0	0	0	0	0	0	0	0	0	0	0	0	0	0	0	0	0	0	0	0	0	0	0	0.0
34167	minik_ates_kumandan	KING	PET_PAY	MELEE	1	100			0		STUN,SLOW,TERROR	0		0	0	0	0	0	0	0	0	0	0	0	120	3	1	0	0	10	0	4	100	100	0	2000	150	0	0	0	0	0	0	0	0	0	0	0	0	0	0	0	0	0	0	0	0	0	0	0	0	0	0	0	0	0	0	0	0.0	0	0	0	0	0	0	0	0	0	0	0	0	0	0	0	0	0	0	0	0	0	0	0	0.0
34168	minik_buz_kumandan	KING	PET_PAY	MELEE	1	100			0		STUN,SLOW,TERROR	0		0	0	0	0	0	0	0	0	0	0	0	120	3	1	0	0	10	0	4	100	100	0	2000	150	0	0	0	0	0	0	0	0	0	0	0	0	0	0	0	0	0	0	0	0	0	0	0	0	0	0	0	0	0	0	0	0.0	0	0	0	0	0	0	0	0	0	0	0	0	0	0	0	0	0	0	0	0	0	0	0	0.0
34169	minik_simsek_kumandan	KING	PET_PAY	MELEE	1	100			0		STUN,SLOW,TERROR	0		0	0	0	0	0	0	0	0	0	0	0	120	3	1	0	0	10	0	4	100	100	0	2000	150	0	0	0	0	0	0	0	0	0	0	0	0	0	0	0	0	0	0	0	0	0	0	0	0	0	0	0	0	0	0	0	0.0	0	0	0	0	0	0	0	0	0	0	0	0	0	0	0	0	0	0	0	0	0	0	0	0.0
34170	minik_ruzgar_kumandan	KING	PET_PAY	MELEE	1	100			0		STUN,SLOW,TERROR	0		0	0	0	0	0	0	0	0	0	0	0	120	3	1	0	0	10	0	4	100	100	0	2000	150	0	0	0	0	0	0	0	0	0	0	0	0	0	0	0	0	0	0	0	0	0	0	0	0	0	0	0	0	0	0	0	0.0	0	0	0	0	0	0	0	0	0	0	0	0	0	0	0	0	0	0	0	0	0	0	0	0.0
34171	minik_toprak_kumandan	KING	PET_PAY	MELEE	1	100			0		STUN,SLOW,TERROR	0		0	0	0	0	0	0	0	0	0	0	0	120	3	1	0	0	10	0	4	100	100	0	2000	150	0	0	0	0	0	0	0	0	0	0	0	0	0	0	0	0	0	0	0	0	0	0	0	0	0	0	0	0	0	0	0	0.0	0	0	0	0	0	0	0	0	0	0	0	0	0	0	0	0	0	0	0	0	0	0	0	0.0
34172	minik_karanlik_kumandan	KING	PET_PAY	MELEE	1	100			0		STUN,SLOW,TERROR	0		0	0	0	0	0	0	0	0	0	0	0	120	3	1	0	0	10	0	4	100	100	0	2000	150	0	0	0	0	0	0	0	0	0	0	0	0	0	0	0	0	0	0	0	0	0	0	0	0	0	0	0	0	0	0	0	0.0	0	0	0	0	0	0	0	0	0	0	0	0	0	0	0	0	0	0	0	0	0	0	0	0.0
34173	minik_kumandan	KING	PET_PAY	MELEE	1	100			0		STUN,SLOW,TERROR	0		0	0	0	0	0	0	0	0	0	0	0	120	3	1	0	0	10	0	4	100	100	0	2000	150	0	0	0	0	0	0	0	0	0	0	0	0	0	0	0	0	0	0	0	0	0	0	0	0	0	0	0	0	0	0	0	0.0	0	0	0	0	0	0	0	0	0	0	0	0	0	0	0	0	0	0	0	0	0	0	0	0.0
34174	beyaz_angora_kedisi	KING	PET_PAY	MELEE	1	100			0		STUN,SLOW,TERROR	0		0	0	0	0	0	0	0	0	0	0	0	120	3	1	0	0	10	0	4	100	100	0	2000	150	0	0	0	0	0	0	0	0	0	0	0	0	0	0	0	0	0	0	0	0	0	0	0	0	0	0	0	0	0	0	0	0.0	0	0	0	0	0	0	0	0	0	0	0	0	0	0	0	0	0	0	0	0	0	0	0	0.0
34175	kahverengi_angora_kedisi	KING	PET_PAY	MELEE	1	100			0		STUN,SLOW,TERROR	0		0	0	0	0	0	0	0	0	0	0	0	120	3	1	0	0	10	0	4	100	100	0	2000	150	0	0	0	0	0	0	0	0	0	0	0	0	0	0	0	0	0	0	0	0	0	0	0	0	0	0	0	0	0	0	0	0.0	0	0	0	0	0	0	0	0	0	0	0	0	0	0	0	0	0	0	0	0	0	0	0	0.0
34176	angora_kedicigi	KING	PET_PAY	MELEE	1	100			0		STUN,SLOW,TERROR	0		0	0	0	0	0	0	0	0	0	0	0	120	3	1	0	0	10	0	4	100	100	0	2000	150	0	0	0	0	0	0	0	0	0	0	0	0	0	0	0	0	0	0	0	0	0	0	0	0	0	0	0	0	0	0	0	0.0	0	0	0	0	0	0	0	0	0	0	0	0	0	0	0	0	0	0	0	0	0	0	0	0.0
34177	sampiyon_topu	KING	PET_PAY	MELEE	1	100			0		STUN,SLOW,TERROR	0		0	0	0	0	0	0	0	0	0	0	0	120	3	1	0	0	10	0	4	100	100	0	2000	150	0	0	0	0	0	0	0	0	0	0	0	0	0	0	0	0	0	0	0	0	0	0	0	0	0	0	0	0	0	0	0	0.0	0	0	0	0	0	0	0	0	0	0	0	0	0	0	0	0	0	0	0	0	0	0	0	0.0
34178	kar_tanesi_bambi	KING	PET_PAY	MELEE	1	100			0		STUN,SLOW,TERROR	0		0	0	0	0	0	0	0	0	0	0	0	120	3	1	0	0	10	0	4	100	100	0	2000	150	0	0	0	0	0	0	0	0	0	0	0	0	0	0	0	0	0	0	0	0	0	0	0	0	0	0	0	0	0	0	0	0.0	0	0	0	0	0	0	0	0	0	0	0	0	0	0	0	0	0	0	0	0	0	0	0	0.0
34180	whistle	KING	PET_PAY	MELEE	1	100			0		STUN,SLOW,TERROR	0		0	0	0	0	0	0	0	0	0	0	0	120	3	1	0	0	10	0	4	100	100	0	2000	150	0	0	0	0	0	0	0	0	0	0	0	0	0	0	0	0	0	0	0	0	0	0	0	0	0	0	0	0	0	0	0	0.0	0	0	0	0	0	0	0	0	0	0	0	0	0	0	0	0	0	0	0	0	0	0	0	0.0
34181	wrench	KING	PET_PAY	MELEE	1	100			0		STUN,SLOW,TERROR	0		0	0	0	0	0	0	0	0	0	0	0	120	3	1	0	0	10	0	4	100	100	0	2000	150	0	0	0	0	0	0	0	0	0	0	0	0	0	0	0	0	0	0	0	0	0	0	0	0	0	0	0	0	0	0	0	0.0	0	0	0	0	0	0	0	0	0	0	0	0	0	0	0	0	0	0	0	0	0	0	0	0.0
34182	mini_whistle	KING	PET_PAY	MELEE	1	100			0		STUN,SLOW,TERROR	0		0	0	0	0	0	0	0	0	0	0	0	120	3	1	0	0	10	0	4	100	100	0	2000	150	0	0	0	0	0	0	0	0	0	0	0	0	0	0	0	0	0	0	0	0	0	0	0	0	0	0	0	0	0	0	0	0.0	0	0	0	0	0	0	0	0	0	0	0	0	0	0	0	0	0	0	0	0	0	0	0	0.0
34183	aaa	KING	PET_PAY	MELEE	1	100			0		STUN,SLOW,TERROR	0		0	0	0	0	0	0	0	0	0	0	0	120	3	1	0	0	10	0	4	100	100	0	2000	150	0	0	0	0	0	0	0	0	0	0	0	0	0	0	0	0	0	0	0	0	0	0	0	0	0	0	0	0	0	0	0	0.0	0	0	0	0	0	0	0	0	0	0	0	0	0	0	0	0	0	0	0	0	0	0	0	0.0
34184	aaa	KING	PET_PAY	MELEE	1	100			0		STUN,SLOW,TERROR	0		0	0	0	0	0	0	0	0	0	0	0	120	3	1	0	0	10	0	4	100	100	0	2000	150	0	0	0	0	0	0	0	0	0	0	0	0	0	0	0	0	0	0	0	0	0	0	0	0	0	0	0	0	0	0	0	0.0	0	0	0	0	0	0	0	0	0	0	0	0	0	0	0	0	0	0	0	0	0	0	0	0.0
34185	aaa	KING	PET_PAY	MELEE	1	100			0		STUN,SLOW,TERROR	0		0	0	0	0	0	0	0	0	0	0	0	120	3	1	0	0	10	0	4	100	100	0	2000	150	0	0	0	0	0	0	0	0	0	0	0	0	0	0	0	0	0	0	0	0	0	0	0	0	0	0	0	0	0	0	0	0.0	0	0	0	0	0	0	0	0	0	0	0	0	0	0	0	0	0	0	0	0	0	0	0	0.0
34186	aaa	KING	PET_PAY	MELEE	1	100			0		STUN,SLOW,TERROR	0		0	0	0	0	0	0	0	0	0	0	0	120	3	1	0	0	10	0	4	100	100	0	2000	150	0	0	0	0	0	0	0	0	0	0	0	0	0	0	0	0	0	0	0	0	0	0	0	0	0	0	0	0	0	0	0	0.0	0	0	0	0	0	0	0	0	0	0	0	0	0	0	0	0	0	0	0	0	0	0	0	0.0
34187	aaa	KING	PET_PAY	MELEE	1	100			0		STUN,SLOW,TERROR	0		0	0	0	0	0	0	0	0	0	0	0	120	3	1	0	0	10	0	4	100	100	0	2000	150	0	0	0	0	0	0	0	0	0	0	0	0	0	0	0	0	0	0	0	0	0	0	0	0	0	0	0	0	0	0	0	0.0	0	0	0	0	0	0	0	0	0	0	0	0	0	0	0	0	0	0	0	0	0	0	0	0.0
34188	aaa	KING	PET_PAY	MELEE	1	100			0		STUN,SLOW,TERROR	0		0	0	0	0	0	0	0	0	0	0	0	120	3	1	0	0	10	0	4	100	100	0	2000	150	0	0	0	0	0	0	0	0	0	0	0	0	0	0	0	0	0	0	0	0	0	0	0	0	0	0	0	0	0	0	0	0.0	0	0	0	0	0	0	0	0	0	0	0	0	0	0	0	0	0	0	0	0	0	0	0	0.0
34189	aaa	KING	PET_PAY	MELEE	1	100			0		STUN,SLOW,TERROR	0		0	0	0	0	0	0	0	0	0	0	0	120	3	1	0	0	10	0	4	100	100	0	2000	150	0	0	0	0	0	0	0	0	0	0	0	0	0	0	0	0	0	0	0	0	0	0	0	0	0	0	0	0	0	0	0	0.0	0	0	0	0	0	0	0	0	0	0	0	0	0	0	0	0	0	0	0	0	0	0	0	0.0
34190	aaa	KING	PET_PAY	MELEE	1	100			0		STUN,SLOW,TERROR	0		0	0	0	0	0	0	0	0	0	0	0	120	3	1	0	0	10	0	4	100	100	0	2000	150	0	0	0	0	0	0	0	0	0	0	0	0	0	0	0	0	0	0	0	0	0	0	0	0	0	0	0	0	0	0	0	0.0	0	0	0	0	0	0	0	0	0	0	0	0	0	0	0	0	0	0	0	0	0	0	0	0.0
34191	aaa	KING	PET_PAY	MELEE	1	100			0		STUN,SLOW,TERROR	0		0	0	0	0	0	0	0	0	0	0	0	120	3	1	0	0	10	0	4	100	100	0	2000	150	0	0	0	0	0	0	0	0	0	0	0	0	0	0	0	0	0	0	0	0	0	0	0	0	0	0	0	0	0	0	0	0.0	0	0	0	0	0	0	0	0	0	0	0	0	0	0	0	0	0	0	0	0	0	0	0	0.0
34192	aaa	KING	PET_PAY	MELEE	1	100			0		STUN,SLOW,TERROR	0		0	0	0	0	0	0	0	0	0	0	0	120	3	1	0	0	10	0	4	100	100	0	2000	150	0	0	0	0	0	0	0	0	0	0	0	0	0	0	0	0	0	0	0	0	0	0	0	0	0	0	0	0	0	0	0	0.0	0	0	0	0	0	0	0	0	0	0	0	0	0	0	0	0	0	0	0	0	0	0	0	0.0
34193	aaa	KING	PET_PAY	MELEE	1	100			0		STUN,SLOW,TERROR	0		0	0	0	0	0	0	0	0	0	0	0	120	3	1	0	0	10	0	4	100	100	0	2000	150	0	0	0	0	0	0	0	0	0	0	0	0	0	0	0	0	0	0	0	0	0	0	0	0	0	0	0	0	0	0	0	0.0	0	0	0	0	0	0	0	0	0	0	0	0	0	0	0	0	0	0	0	0	0	0	0	0.0
34194	aaa	KING	PET_PAY	MELEE	1	100			0		STUN,SLOW,TERROR	0		0	0	0	0	0	0	0	0	0	0	0	120	3	1	0	0	10	0	4	100	100	0	2000	150	0	0	0	0	0	0	0	0	0	0	0	0	0	0	0	0	0	0	0	0	0	0	0	0	0	0	0	0	0	0	0	0.0	0	0	0	0	0	0	0	0	0	0	0	0	0	0	0	0	0	0	0	0	0	0	0	0.0
34195	aaa	KING	PET_PAY	MELEE	1	100			0		STUN,SLOW,TERROR	0		0	0	0	0	0	0	0	0	0	0	0	120	3	1	0	0	10	0	4	100	100	0	2000	150	0	0	0	0	0	0	0	0	0	0	0	0	0	0	0	0	0	0	0	0	0	0	0	0	0	0	0	0	0	0	0	0.0	0	0	0	0	0	0	0	0	0	0	0	0	0	0	0	0	0	0	0	0	0	0	0	0.0
34197	aaa	KING	PET_PAY	MELEE	1	100			0		STUN,SLOW,TERROR	0		0	0	0	0	0	0	0	0	0	0	0	120	3	1	0	0	10	0	4	100	100	0	2000	150	0	0	0	0	0	0	0	0	0	0	0	0	0	0	0	0	0	0	0	0	0	0	0	0	0	0	0	0	0	0	0	0.0	0	0	0	0	0	0	0	0	0	0	0	0	0	0	0	0	0	0	0	0	0	0	0	0.0
34198	aaa	KING	PET_PAY	MELEE	1	100			0		STUN,SLOW,TERROR	0		0	0	0	0	0	0	0	0	0	0	0	120	3	1	0	0	10	0	4	100	100	0	2000	150	0	0	0	0	0	0	0	0	0	0	0	0	0	0	0	0	0	0	0	0	0	0	0	0	0	0	0	0	0	0	0	0.0	0	0	0	0	0	0	0	0	0	0	0	0	0	0	0	0	0	0	0	0	0	0	0	0.0
34199	aaa	KING	PET_PAY	MELEE	1	100			0		STUN,SLOW,TERROR	0		0	0	0	0	0	0	0	0	0	0	0	120	3	1	0	0	10	0	4	100	100	0	2000	150	0	0	0	0	0	0	0	0	0	0	0	0	0	0	0	0	0	0	0	0	0	0	0	0	0	0	0	0	0	0	0	0.0	0	0	0	0	0	0	0	0	0	0	0	0	0	0	0	0	0	0	0	0	0	0	0	0.0
34200	aaa	KING	PET_PAY	MELEE	1	100			0		STUN,SLOW,TERROR	0		0	0	0	0	0	0	0	0	0	0	0	120	3	1	0	0	10	0	4	100	100	0	2000	150	0	0	0	0	0	0	0	0	0	0	0	0	0	0	0	0	0	0	0	0	0	0	0	0	0	0	0	0	0	0	0	0.0	0	0	0	0	0	0	0	0	0	0	0	0	0	0	0	0	0	0	0	0	0	0	0	0.0
34201	aaa	KING	PET_PAY	MELEE	1	100			0		STUN,SLOW,TERROR	0		0	0	0	0	0	0	0	0	0	0	0	120	3	1	0	0	10	0	4	100	100	0	2000	150	0	0	0	0	0	0	0	0	0	0	0	0	0	0	0	0	0	0	0	0	0	0	0	0	0	0	0	0	0	0	0	0.0	0	0	0	0	0	0	0	0	0	0	0	0	0	0	0	0	0	0	0	0	0	0	0	0.0
34202	aaa	KING	PET_PAY	MELEE	1	100			0		STUN,SLOW,TERROR	0		0	0	0	0	0	0	0	0	0	0	0	120	3	1	0	0	10	0	4	100	100	0	2000	150	0	0	0	0	0	0	0	0	0	0	0	0	0	0	0	0	0	0	0	0	0	0	0	0	0	0	0	0	0	0	0	0.0	0	0	0	0	0	0	0	0	0	0	0	0	0	0	0	0	0	0	0	0	0	0	0	0.0
34203	aaa	KING	PET_PAY	MELEE	1	100			0		STUN,SLOW,TERROR	0		0	0	0	0	0	0	0	0	0	0	0	120	3	1	0	0	10	0	4	100	100	0	2000	150	0	0	0	0	0	0	0	0	0	0	0	0	0	0	0	0	0	0	0	0	0	0	0	0	0	0	0	0	0	0	0	0.0	0	0	0	0	0	0	0	0	0	0	0	0	0	0	0	0	0	0	0	0	0	0	0	0.0
34204	aaa	KING	PET_PAY	MELEE	1	100			0		STUN,SLOW,TERROR	0		0	0	0	0	0	0	0	0	0	0	0	120	3	1	0	0	10	0	4	100	100	0	2000	150	0	0	0	0	0	0	0	0	0	0	0	0	0	0	0	0	0	0	0	0	0	0	0	0	0	0	0	0	0	0	0	0.0	0	0	0	0	0	0	0	0	0	0	0	0	0	0	0	0	0	0	0	0	0	0	0	0.0
34205	aaa	KING	PET_PAY	MELEE	1	100			0		STUN,SLOW,TERROR	0		0	0	0	0	0	0	0	0	0	0	0	120	3	1	0	0	10	0	4	100	100	0	2000	150	0	0	0	0	0	0	0	0	0	0	0	0	0	0	0	0	0	0	0	0	0	0	0	0	0	0	0	0	0	0	0	0.0	0	0	0	0	0	0	0	0	0	0	0	0	0	0	0	0	0	0	0	0	0	0	0	0.0
34206	aaa	KING	PET_PAY	MELEE	1	100			0		STUN,SLOW,TERROR	0		0	0	0	0	0	0	0	0	0	0	0	120	3	1	0	0	10	0	4	100	100	0	2000	150	0	0	0	0	0	0	0	0	0	0	0	0	0	0	0	0	0	0	0	0	0	0	0	0	0	0	0	0	0	0	0	0.0	0	0	0	0	0	0	0	0	0	0	0	0	0	0	0	0	0	0	0	0	0	0	0	0.0
34207	aaa	KING	PET_PAY	MELEE	1	100			0		STUN,SLOW,TERROR	0		0	0	0	0	0	0	0	0	0	0	0	120	3	1	0	0	10	0	4	100	100	0	2000	150	0	0	0	0	0	0	0	0	0	0	0	0	0	0	0	0	0	0	0	0	0	0	0	0	0	0	0	0	0	0	0	0.0	0	0	0	0	0	0	0	0	0	0	0	0	0	0	0	0	0	0	0	0	0	0	0	0.0
34208	aaa	KING	PET_PAY	MELEE	1	100			0		STUN,SLOW,TERROR	0		0	0	0	0	0	0	0	0	0	0	0	120	3	1	0	0	10	0	4	100	100	0	2000	150	0	0	0	0	0	0	0	0	0	0	0	0	0	0	0	0	0	0	0	0	0	0	0	0	0	0	0	0	0	0	0	0.0	0	0	0	0	0	0	0	0	0	0	0	0	0	0	0	0	0	0	0	0	0	0	0	0.0
34209	aaa	KING	PET_PAY	MELEE	1	100			0		STUN,SLOW,TERROR	0		0	0	0	0	0	0	0	0	0	0	0	120	3	1	0	0	10	0	4	100	100	0	2000	150	0	0	0	0	0	0	0	0	0	0	0	0	0	0	0	0	0	0	0	0	0	0	0	0	0	0	0	0	0	0	0	0.0	0	0	0	0	0	0	0	0	0	0	0	0	0	0	0	0	0	0	0	0	0	0	0	0.0
34210	aaa	KING	PET_PAY	MELEE	1	100			0		STUN,SLOW,TERROR	0		0	0	0	0	0	0	0	0	0	0	0	120	3	1	0	0	10	0	4	100	100	0	2000	150	0	0	0	0	0	0	0	0	0	0	0	0	0	0	0	0	0	0	0	0	0	0	0	0	0	0	0	0	0	0	0	0.0	0	0	0	0	0	0	0	0	0	0	0	0	0	0	0	0	0	0	0	0	0	0	0	0.0
34211	aaa	KING	PET_PAY	MELEE	1	100			0		STUN,SLOW,TERROR	0		0	0	0	0	0	0	0	0	0	0	0	120	3	1	0	0	10	0	4	100	100	0	2000	150	0	0	0	0	0	0	0	0	0	0	0	0	0	0	0	0	0	0	0	0	0	0	0	0	0	0	0	0	0	0	0	0.0	0	0	0	0	0	0	0	0	0	0	0	0	0	0	0	0	0	0	0	0	0	0	0	0.0
34212	aaa	KING	PET_PAY	MELEE	1	100			0		STUN,SLOW,TERROR	0		0	0	0	0	0	0	0	0	0	0	0	120	3	1	0	0	10	0	4	100	100	0	2000	150	0	0	0	0	0	0	0	0	0	0	0	0	0	0	0	0	0	0	0	0	0	0	0	0	0	0	0	0	0	0	0	0.0	0	0	0	0	0	0	0	0	0	0	0	0	0	0	0	0	0	0	0	0	0	0	0	0.0
34213	aaa	KING	PET_PAY	MELEE	1	100			0		STUN,SLOW,TERROR	0		0	0	0	0	0	0	0	0	0	0	0	120	3	1	0	0	10	0	4	100	100	0	2000	150	0	0	0	0	0	0	0	0	0	0	0	0	0	0	0	0	0	0	0	0	0	0	0	0	0	0	0	0	0	0	0	0.0	0	0	0	0	0	0	0	0	0	0	0	0	0	0	0	0	0	0	0	0	0	0	0	0.0
34214	aaa	KING	PET_PAY	MELEE	1	100			0		STUN,SLOW,TERROR	0		0	0	0	0	0	0	0	0	0	0	0	120	3	1	0	0	10	0	4	100	100	0	2000	150	0	0	0	0	0	0	0	0	0	0	0	0	0	0	0	0	0	0	0	0	0	0	0	0	0	0	0	0	0	0	0	0.0	0	0	0	0	0	0	0	0	0	0	0	0	0	0	0	0	0	0	0	0	0	0	0	0.0
34215	aaa	KING	PET_PAY	MELEE	1	100			0		STUN,SLOW,TERROR	0		0	0	0	0	0	0	0	0	0	0	0	120	3	1	0	0	10	0	4	100	100	0	2000	150	0	0	0	0	0	0	0	0	0	0	0	0	0	0	0	0	0	0	0	0	0	0	0	0	0	0	0	0	0	0	0	0.0	0	0	0	0	0	0	0	0	0	0	0	0	0	0	0	0	0	0	0	0	0	0	0	0.0
34216	aaa	KING	PET	MELEE	1	100			0		STUN,SLOW,TERROR	0		0	0	0	0	0	0	0	0	0	0	0	120	3	1	0	0	10	0	4	100	100	0	2000	150	0	0	0	0	0	0	0	0	0	0	0	0	0	0	0	0	0	0	0	0	0	0	0	0	0	0	0	0	0	0	0	0.0	0	0	0	0	0	0	0	0	0	0	0	0	0	0	0	0	0	0	0	0	0	0	0	0.0
34217	aaa	KING	PET	MELEE	1	100			0		STUN,SLOW,TERROR	0		0	0	0	0	0	0	0	0	0	0	0	120	3	1	0	0	10	0	4	100	100	0	2000	150	0	0	0	0	0	0	0	0	0	0	0	0	0	0	0	0	0	0	0	0	0	0	0	0	0	0	0	0	0	0	0	0.0	0	0	0	0	0	0	0	0	0	0	0	0	0	0	0	0	0	0	0	0	0	0	0	0.0
34218	aaa	KING	PET	MELEE	1	100			0		STUN,SLOW,TERROR	0		0	0	0	0	0	0	0	0	0	0	0	120	3	1	0	0	10	0	4	100	100	0	2000	150	0	0	0	0	0	0	0	0	0	0	0	0	0	0	0	0	0	0	0	0	0	0	0	0	0	0	0	0	0	0	0	0.0	0	0	0	0	0	0	0	0	0	0	0	0	0	0	0	0	0	0	0	0	0	0	0	0.0
34219	aaa	KING	PET	MELEE	1	100			0		STUN,SLOW,TERROR	0		0	0	0	0	0	0	0	0	0	0	0	120	3	1	0	0	10	0	4	100	100	0	2000	150	0	0	0	0	0	0	0	0	0	0	0	0	0	0	0	0	0	0	0	0	0	0	0	0	0	0	0	0	0	0	0	0.0	0	0	0	0	0	0	0	0	0	0	0	0	0	0	0	0	0	0	0	0	0	0	0	0.0
34220	aaa	KING	PET	MELEE	1	100			0		STUN,SLOW,TERROR	0		0	0	0	0	0	0	0	0	0	0	0	120	3	1	0	0	10	0	4	100	100	0	2000	150	0	0	0	0	0	0	0	0	0	0	0	0	0	0	0	0	0	0	0	0	0	0	0	0	0	0	0	0	0	0	0	0.0	0	0	0	0	0	0	0	0	0	0	0	0	0	0	0	0	0	0	0	0	0	0	0	0.0
34221	aaa	KING	PET	MELEE	1	100			0		STUN,SLOW,TERROR	0		0	0	0	0	0	0	0	0	0	0	0	120	3	1	0	0	10	0	4	100	100	0	2000	150	0	0	0	0	0	0	0	0	0	0	0	0	0	0	0	0	0	0	0	0	0	0	0	0	0	0	0	0	0	0	0	0.0	0	0	0	0	0	0	0	0	0	0	0	0	0	0	0	0	0	0	0	0	0	0	0	0.0
34222	aaa	KING	PET	MELEE	1	100			0		STUN,SLOW,TERROR	0		0	0	0	0	0	0	0	0	0	0	0	120	3	1	0	0	10	0	4	100	100	0	2000	150	0	0	0	0	0	0	0	0	0	0	0	0	0	0	0	0	0	0	0	0	0	0	0	0	0	0	0	0	0	0	0	0.0	0	0	0	0	0	0	0	0	0	0	0	0	0	0	0	0	0	0	0	0	0	0	0	0.0
34223	aaa	KING	PET	MELEE	1	100			0		STUN,SLOW,TERROR	0		0	0	0	0	0	0	0	0	0	0	0	120	3	1	0	0	10	0	4	100	100	0	2000	150	0	0	0	0	0	0	0	0	0	0	0	0	0	0	0	0	0	0	0	0	0	0	0	0	0	0	0	0	0	0	0	0.0	0	0	0	0	0	0	0	0	0	0	0	0	0	0	0	0	0	0	0	0	0	0	0	0.0
34224	aaa	KING	PET	MELEE	1	100			0		STUN,SLOW,TERROR	0		0	0	0	0	0	0	0	0	0	0	0	120	3	1	0	0	10	0	4	100	100	0	2000	150	0	0	0	0	0	0	0	0	0	0	0	0	0	0	0	0	0	0	0	0	0	0	0	0	0	0	0	0	0	0	0	0.0	0	0	0	0	0	0	0	0	0	0	0	0	0	0	0	0	0	0	0	0	0	0	0	0.0
34225	aaa	KING	PET	MELEE	1	100			0		STUN,SLOW,TERROR	0		0	0	0	0	0	0	0	0	0	0	0	120	3	1	0	0	10	0	4	100	100	0	2000	150	0	0	0	0	0	0	0	0	0	0	0	0	0	0	0	0	0	0	0	0	0	0	0	0	0	0	0	0	0	0	0	0.0	0	0	0	0	0	0	0	0	0	0	0	0	0	0	0	0	0	0	0	0	0	0	0	0.0
34226	aaa	KING	PET	MELEE	1	100			0		STUN,SLOW,TERROR	0		0	0	0	0	0	0	0	0	0	0	0	120	3	1	0	0	10	0	4	100	100	0	2000	150	0	0	0	0	0	0	0	0	0	0	0	0	0	0	0	0	0	0	0	0	0	0	0	0	0	0	0	0	0	0	0	0.0	0	0	0	0	0	0	0	0	0	0	0	0	0	0	0	0	0	0	0	0	0	0	0	0.0
34227	aaa	KING	PET	MELEE	1	100			0		STUN,SLOW,TERROR	0		0	0	0	0	0	0	0	0	0	0	0	120	3	1	0	0	10	0	4	100	100	0	2000	150	0	0	0	0	0	0	0	0	0	0	0	0	0	0	0	0	0	0	0	0	0	0	0	0	0	0	0	0	0	0	0	0.0	0	0	0	0	0	0	0	0	0	0	0	0	0	0	0	0	0	0	0	0	0	0	0	0.0
34228	aaa	KING	PET	MELEE	1	100			0		STUN,SLOW,TERROR	0		0	0	0	0	0	0	0	0	0	0	0	120	3	1	0	0	10	0	4	100	100	0	2000	150	0	0	0	0	0	0	0	0	0	0	0	0	0	0	0	0	0	0	0	0	0	0	0	0	0	0	0	0	0	0	0	0.0	0	0	0	0	0	0	0	0	0	0	0	0	0	0	0	0	0	0	0	0	0	0	0	0.0
34229	aaa	KING	PET	MELEE	1	100			0		STUN,SLOW,TERROR	0		0	0	0	0	0	0	0	0	0	0	0	120	3	1	0	0	10	0	4	100	100	0	2000	150	0	0	0	0	0	0	0	0	0	0	0	0	0	0	0	0	0	0	0	0	0	0	0	0	0	0	0	0	0	0	0	0.0	0	0	0	0	0	0	0	0	0	0	0	0	0	0	0	0	0	0	0	0	0	0	0	0.0
34230	aaa	KING	PET	MELEE	1	100			0		STUN,SLOW,TERROR	0		0	0	0	0	0	0	0	0	0	0	0	120	3	1	0	0	10	0	4	100	100	0	2000	150	0	0	0	0	0	0	0	0	0	0	0	0	0	0	0	0	0	0	0	0	0	0	0	0	0	0	0	0	0	0	0	0.0	0	0	0	0	0	0	0	0	0	0	0	0	0	0	0	0	0	0	0	0	0	0	0	0.0
34231	aaa	KING	PET	MELEE	1	100			0		STUN,SLOW,TERROR	0		0	0	0	0	0	0	0	0	0	0	0	120	3	1	0	0	10	0	4	100	100	0	2000	150	0	0	0	0	0	0	0	0	0	0	0	0	0	0	0	0	0	0	0	0	0	0	0	0	0	0	0	0	0	0	0	0.0	0	0	0	0	0	0	0	0	0	0	0	0	0	0	0	0	0	0	0	0	0	0	0	0.0
36000	aaa	KNIGHT	HORSE	MELEE	1	100			0		STUN,SLOW,TERROR	0		0	0	0	0	0	0	0	0	0	0	0	120	3	1	0	0	10	0	4	100	100	0	2000	150	0	0	0	0	0	0	0	0	0	0	0	0	0	0	0	0	0	0	0	0	0	0	0	0	0	0	0	0	0	0	0	0.0	0	0	0	0	0	0	0	0	0	0	0	0	0	0	0	0	0	0	0	0	0	0	0	0.0
36001	aaa	KNIGHT	HORSE	MELEE	1	100			0		STUN,SLOW,TERROR	0	halloween_2024_skeleton	0	0	0	0	0	0	0	0	0	0	0	120	3	1	0	0	10	0	4	100	100	0	2000	150	0	0	0	0	0	0	0	0	0	0	0	0	0	0	0	0	0	0	0	0	0	0	0	0	0	0	0	0	0	0	0	0.0	0	0	0	0	0	0	0	0	0	0	0	0	0	0	0	0	0	0	0	0	0	0	0	0.0
36005	aaa	KNIGHT	HORSE	MELEE	1	100			0		STUN,SLOW,TERROR	0		0	0	0	0	0	0	0	0	0	0	0	120	3	1	0	0	10	0	4	100	100	0	2000	150	0	0	0	0	0	0	0	0	0	0	0	0	0	0	0	0	0	0	0	0	0	0	0	0	0	0	0	0	0	0	0	0.0	0	0	0	0	0	0	0	0	0	0	0	0	0	0	0	0	0	0	0	0	0	0	0	0.0
36006	aaa	KNIGHT	HORSE	MELEE	1	100			0		STUN,SLOW,TERROR	0	guild_whitedragon_mount	0	0	0	0	0	0	0	0	0	0	0	120	3	1	0	0	10	0	4	100	100	0	2000	150	0	0	0	0	0	0	0	0	0	0	0	0	0	0	0	0	0	0	0	0	0	0	0	0	0	0	0	0	0	0	0	0.0	0	0	0	0	0	0	0	0	0	0	0	0	0	0	0	0	0	0	0	0	0	0	0	0.0
36007	aaa	KNIGHT	HORSE	MELEE	1	100			0		STUN,SLOW,TERROR	0		0	0	0	0	0	0	0	0	0	0	0	120	3	1	0	0	10	0	4	100	100	0	2000	150	0	0	0	0	0	0	0	0	0	0	0	0	0	0	0	0	0	0	0	0	0	0	0	0	0	0	0	0	0	0	0	0.0	0	0	0	0	0	0	0	0	0	0	0	0	0	0	0	0	0	0	0	0	0	0	0	0.0
36008	aaa	KNIGHT	HORSE	MELEE	1	100			0		STUN,SLOW,TERROR	0	halloween_2025_tiger	0	0	0	0	0	0	0	0	0	0	0	120	3	1	0	0	10	0	4	100	100	0	2000	150	0	0	0	0	0	0	0	0	0	0	0	0	0	0	0	0	0	0	0	0	0	0	0	0	0	0	0	0	0	0	0	0.0	0	0	0	0	0	0	0	0	0	0	0	0	0	0	0	0	0	0	0	0	0	0	0	0.0
36009	aaa	KNIGHT	HORSE	MELEE	1	100			0		STUN,SLOW,TERROR	0		0	0	0	0	0	0	0	0	0	0	0	120	3	1	0	0	10	0	4	100	100	0	2000	150	0	0	0	0	0	0	0	0	0	0	0	0	0	0	0	0	0	0	0	0	0	0	0	0	0	0	0	0	0	0	0	0.0	0	0	0	0	0	0	0	0	0	0	0	0	0	0	0	0	0	0	0	0	0	0	0	0.0
36010	aaa	KNIGHT	HORSE	MELEE	1	100			0		STUN,SLOW,TERROR	0	christmas_2025_goat	0	0	0	0	0	0	0	0	0	0	0	120	3	1	0	0	10	0	4	100	100	0	2000	150	0	0	0	0	0	0	0	0	0	0	0	0	0	0	0	0	0	0	0	0	0	0	0	0	0	0	0	0	0	0	0	0.0	0	0	0	0	0	0	0	0	0	0	0	0	0	0	0	0	0	0	0	0	0	0	0	0.0
40003	aaa	KNIGHT	HORSE	MELEE	1	100			0		STUN,SLOW,TERROR	0		0	0	0	0	0	0	0	0	0	0	0	120	3	1	0	0	10	0	4	100	100	0	2000	150	0	0	0	0	0	0	0	0	0	0	0	0	0	0	0	0	0	0	0	0	0	0	0	0	0	0	0	0	0	0	0	0.0	0	0	0	0	0	0	0	0	0	0	0	0	0	0	0	0	0	0	0	0	0	0	0	0.0
40004	aaa	KNIGHT	HORSE	MELEE	1	100			0		STUN,SLOW,TERROR	0		0	0	0	0	0	0	0	0	0	0	0	120	3	1	0	0	10	0	4	100	100	0	2000	150	0	0	0	0	0	0	0	0	0	0	0	0	0	0	0	0	0	0	0	0	0	0	0	0	0	0	0	0	0	0	0	0.0	0	0	0	0	0	0	0	0	0	0	0	0	0	0	0	0	0	0	0	0	0	0	0	0.0
40005	aaa	KNIGHT	HORSE	MELEE	1	100			0		STUN,SLOW,TERROR	0	christmas_2024_cloud	0	0	0	0	0	0	0	0	0	0	0	120	3	1	0	0	10	0	4	100	100	0	2000	150	0	0	0	0	0	0	0	0	0	0	0	0	0	0	0	0	0	0	0	0	0	0	0	0	0	0	0	0	0	0	0	0.0	0	0	0	0	0	0	0	0	0	0	0	0	0	0	0	0	0	0	0	0	0	0	0	0.0
60000	lonca_yoneticisi	KNIGHT	NPC	MELEE	70	100		NOMOVE	0		STUN,SLOW,TERROR	0		2	0	0	0	0	0	0	0	0	0	0	3954	3	1	0	0	562	0	79	100	100	0	2000	150	0	0	0	0	0	0	0	0	0	0	0	0	0	0	0	0	0	0	0	0	0	0	0	0	0	0	0	0	0	0	0	0.0	0	0	0	0	0	0	0	0	0	0	0	0	0	0	0	0	0	0	0	0	0	0	0	0.0
60001	lonca_yoneticisi	KNIGHT	NPC	MELEE	70	100		NOMOVE	0		STUN,SLOW,TERROR	0		2	0	0	0	0	0	0	0	0	0	0	3954	3	1	0	0	562	0	79	100	100	0	2000	150	0	0	0	0	0	0	0	0	0	0	0	0	0	0	0	0	0	0	0	0	0	0	0	0	0	0	0	0	0	0	0	0.0	0	0	0	0	0	0	0	0	0	0	0	0	0	0	0	0	0	0	0	0	0	0	0	0.0
60002	lonca_yoneticisi	KNIGHT	NPC	MELEE	70	100		NOMOVE	0		STUN,SLOW,TERROR	0		2	0	0	0	0	0	0	0	0	0	0	3954	3	1	0	0	562	0	79	100	100	0	2000	150	0	0	0	0	0	0	0	0	0	0	0	0	0	0	0	0	0	0	0	0	0	0	0	0	0	0	0	0	0	0	0	0.0	0	0	0	0	0	0	0	0	0	0	0	0	0	0	0	0	0	0	0	0	0	0	0	0.0
60003	teovahdan	KNIGHT	NPC	MELEE	70	100		NOMOVE	0		STUN,SLOW,CURSE,TERROR	0		2	0	0	0	0	0	0	0	0	0	0	3954	3	1	0	0	562	0	79	100	100	0	2000	150	0	0	0	0	0	0	0	0	0	0	0	0	0	0	0	0	0	0	0	0	0	0	0	0	0	0	0	0	0	0	0	0.0	0	0	0	0	0	0	0	0	0	0	0	0	0	0	0	0	0	0	0	0	0	0	0	0.0
